{
  "CO": [
    1.0982362031936646,
    -1.2917675971984863,
    0.3951912522315979,
    -0.3623811602592468,
    0.8938168883323669,
    -0.4379781484603882,
    0.06169618293642998,
    -0.4515344500541687,
    -0.6978216767311096,
    -1.1629208326339722,
    1.7405182123184204,
    -0.6379432678222656,
    0.7113003730773926,
    0.8592694401741028,
    -1.9233143329620361,
    1.1985937356948853
  ],
  "OCCO": [
    1.2513256072998047,
    -1.2333675622940063,
    0.45941048860549927,
    -0.1052645668387413,
    1.3248467445373535,
    -0.5489921569824219,
    -0.18680864572525024,
    -0.27280622720718384,
    -0.8042787313461304,
    -0.8636228442192078,
    1.497220516204834,
    -0.8778634071350098,
    0.4993661344051361,
    0.6869035363197327,
    -2.0093307495117188,
    1.1745145320892334
  ],
  "C(C(F)(F)F)(C(F)(F)F)O": [
    0.7707083225250244,
    -0.9428765773773193,
    0.19894583523273468,
    -1.2376601696014404,
    -0.40325695276260376,
    -0.31309744715690613,
    1.2994440793991089,
    0.38538652658462524,
    -0.056455884128808975,
    -1.8427759408950806,
    1.152123212814331,
    -0.7459773421287537,
    0.3244609832763672,
    1.0804603099822998,
    -1.2919867038726807,
    1.6244994401931763
  ],
  "O1C(C)CCC1": [
    1.1981154680252075,
    -0.5499438643455505,
    0.5773993134498596,
    -0.4002578556537628,
    0.1220095083117485,
    0.14627216756343842,
    1.0974332094192505,
    -0.19840404391288757,
    -1.8745290040969849,
    -0.5330532789230347,
    1.2451889514923096,
    -1.524631142616272,
    0.10017648339271545,
    1.3609052896499634,
    -1.5476291179656982,
    0.7769107818603516
  ],
  "C1CCCCC1": [
    1.0230966806411743,
    -0.3222706615924835,
    -0.18556557595729828,
    -0.9233174920082092,
    -0.5907468199729919,
    -0.49492233991622925,
    1.7102562189102173,
    0.13860052824020386,
    -1.4914121627807617,
    -0.2820305824279785,
    1.016697883605957,
    -1.3161097764968872,
    -0.33557066321372986,
    2.1611344814300537,
    -0.606280505657196,
    0.5021457672119141
  ],
  "CC(O)C": [
    1.2387484312057495,
    -0.8180853128433228,
    0.698968231678009,
    -0.34194234013557434,
    0.7358990907669067,
    -0.07640384882688522,
    0.4532132148742676,
    -0.43799567222595215,
    -1.321872591972351,
    -1.107189655303955,
    1.4483065605163574,
    -1.1450109481811523,
    0.4769148528575897,
    1.0843523740768433,
    -1.8779557943344116,
    0.9831773638725281
  ],
  "O.CC#N": [
    1.0631654262542725,
    -1.4792304039001465,
    0.3469044864177704,
    -0.27635616064071655,
    0.9618469476699829,
    -0.6170015335083008,
    -0.1731499284505844,
    0.005823384039103985,
    -0.8457185626029968,
    -0.9010201692581177,
    1.723624348640442,
    -0.8210810422897339,
    0.7079786062240601,
    0.7451298236846924,
    -1.7782119512557983,
    1.3300607204437256
  ],
  "CC#N": [
    1.2707096338272095,
    -1.0072925090789795,
    0.7472429871559143,
    -0.4121968746185303,
    0.7396297454833984,
    -0.09201277792453766,
    0.17841430008411407,
    -0.34833961725234985,
    -0.8644140958786011,
    -1.1745604276657104,
    1.506311297416687,
    -1.0984588861465454,
    0.5845492482185364,
    0.7574639320373535,
    -1.9980851411819458,
    1.2032527923583984
  ],
  "CC#N.CC(=O)O": [
    1.1993670463562012,
    -1.0888066291809082,
    0.5794678926467896,
    -0.2914581894874573,
    0.8086778521537781,
    -0.04790348559617996,
    0.05315013229846954,
    -0.3994789123535156,
    -0.8011232018470764,
    -1.2064672708511353,
    1.680548906326294,
    -0.9777173399925232,
    0.5465245246887207,
    0.7989665269851685,
    -2.0076494216918945,
    1.1460617780685425
  ],
  "CCOCC": [
    1.0799248218536377,
    -0.5686772465705872,
    0.2964630722999573,
    -0.4340701699256897,
    -0.18123358488082886,
    0.024422399699687958,
    1.471969723701477,
    -0.1270938664674759,
    -1.9026226997375488,
    -0.3742459714412689,
    1.2647695541381836,
    -1.4977680444717407,
    -0.035557810217142105,
    1.5957170724868774,
    -1.2359931468963623,
    0.6225826144218445
  ],
  "OCC(F)(F)F": [
    1.1188437938690186,
    -1.1242303848266602,
    0.4269440472126007,
    -0.66822749376297,
    0.658663272857666,
    -0.5337607264518738,
    0.24592754244804382,
    -0.2763930857181549,
    -0.7639095187187195,
    -1.374233365058899,
    1.6991779804229736,
    -0.649695873260498,
    0.7693740129470825,
    0.9001402258872986,
    -1.756270170211792,
    1.3218753337860107
  ],
  "O.OCC(F)(F)F": [
    0.9561826586723328,
    -1.3640912771224976,
    0.27414670586586,
    -0.7570778727531433,
    0.7980332374572754,
    -0.6165638566017151,
    0.1656220257282257,
    0.02562764845788479,
    -0.5923282504081726,
    -1.3488165140151978,
    1.7536083459854126,
    -0.5657098293304443,
    0.7788211107254028,
    0.7812769412994385,
    -1.6821448802947998,
    1.3885337114334106
  ],
  "CN(C)C(C)=O": [
    1.2938207387924194,
    -0.7241642475128174,
    0.8882176876068115,
    -0.4208059310913086,
    0.7908831834793091,
    0.019644098356366158,
    0.34038418531417847,
    -0.4353215992450714,
    -1.4481275081634521,
    -1.015273094177246,
    1.4280506372451782,
    -1.3458648920059204,
    0.4080362021923065,
    1.068450689315796,
    -1.7090550661087036,
    0.8538833856582642
  ],
  "CCCCCCCCCCO": [
    1.2513748407363892,
    -0.490774929523468,
    0.36664947867393494,
    -0.7907024621963501,
    0.28560906648635864,
    0.18306870758533478,
    0.9580708742141724,
    -0.2139720618724823,
    -1.940194845199585,
    -0.45121848583221436,
    1.4321985244750977,
    -1.2765672206878662,
    -0.04788229987025261,
    1.569636344909668,
    -1.401490569114685,
    0.563370406627655
  ],
  "OCC": [
    1.2628968954086304,
    -1.032647728919983,
    0.6380485892295837,
    -0.37144342064857483,
    0.9649710059165955,
    -0.17310373485088348,
    0.11170153319835663,
    -0.42091667652130127,
    -0.9285353422164917,
    -1.171962857246399,
    1.5337705612182617,
    -0.8948819041252136,
    0.5180268883705139,
    0.8692962527275085,
    -2.0115880966186523,
    1.0987780094146729
  ],
  "C1CCOC1": [
    1.1832056045532227,
    -0.7374706268310547,
    0.5836815237998962,
    -0.38499024510383606,
    0.18390493094921112,
    0.243679016828537,
    1.0893433094024658,
    -0.1780472993850708,
    -1.7362852096557617,
    -0.5091238617897034,
    1.351630449295044,
    -1.6199342012405396,
    0.021921614184975624,
    1.3573765754699707,
    -1.514449119567871,
    0.6617692708969116
  ],
  "[C@H]12CCC([C@H](OC1)O2)=O": [
    1.414718508720398,
    -0.9448158740997314,
    0.9402244687080383,
    -0.38911673426628113,
    1.0314016342163086,
    -0.08295214176177979,
    -0.07091671228408813,
    -0.5427466630935669,
    -1.0040920972824097,
    -1.0642637014389038,
    1.474090576171875,
    -1.197452187538147,
    0.5114314556121826,
    0.8058971762657166,
    -1.799479603767395,
    0.9094096422195435
  ],
  "O=C(OCC)C": [
    1.079660177230835,
    -0.6057533025741577,
    0.40975478291511536,
    -0.29628223180770874,
    0.05730656534433365,
    0.14602458477020264,
    1.2749786376953125,
    -0.16061246395111084,
    -1.873268485069275,
    -0.49819567799568176,
    1.3527487516403198,
    -1.4564752578735352,
    -0.00017651350935921073,
    1.453038215637207,
    -1.5315167903900146,
    0.6457709074020386
  ],
  "CC(C)(C)OC": [
    1.1775263547897339,
    -0.5536831617355347,
    0.30103957653045654,
    -0.639735996723175,
    -0.26411768794059753,
    -0.2138480544090271,
    1.580910086631775,
    0.09089574217796326,
    -1.7677265405654907,
    -0.44671013951301575,
    1.3088040351867676,
    -1.443520188331604,
    0.06634989380836487,
    1.484531044960022,
    -1.2541338205337524,
    0.5726809501647949
  ],