{
  "CO": [
    1.9726228713989258,
    -0.38057443499565125,
    -0.03793987259268761,
    0.08595161885023117,
    0.3525541126728058,
    -1.5579395294189453,
    0.5156906843185425,
    -0.3519589900970459,
    0.24123845994472504,
    -1.592389464378357,
    0.4950946271419525,
    -0.8974999189376831,
    0.10767971724271774,
    0.7896595001220703,
    -1.3901240825653076,
    1.6606181859970093
  ],
  "OCCO": [
    1.9526503086090088,
    -0.5370810627937317,
    0.09832267463207245,
    0.3560631275177002,
    0.7643570899963379,
    -1.5258822441101074,
    0.629969596862793,
    -0.2969125807285309,
    -0.2159051150083542,
    -1.3948826789855957,
    0.45421090722084045,
    -1.196359634399414,
    0.03764345869421959,
    0.6564621329307556,
    -1.3442453145980835,
    1.5735914707183838
  ],
  "C(C(F)(F)F)(C(F)(F)F)O": [
    1.6917614936828613,
    -0.33474767208099365,
    -0.08451079577207565,
    -0.25370198488235474,
    -0.06676917523145676,
    -1.6055959463119507,
    0.4291236102581024,
    -0.052523355931043625,
    0.3765128552913666,
    -2.0569987297058105,
    0.7191357016563416,
    -0.9370684623718262,
    0.4538039267063141,
    0.622996985912323,
    -0.689946174621582,
    1.8007681369781494
  ],
  "O1C(C)CCC1": [
    2.023560047149658,
    0.6058433055877686,
    0.2585953176021576,
    -0.22906892001628876,
    -0.43917593359947205,
    -0.5396271347999573,
    1.4990886449813843,
    -0.49804651737213135,
    -0.30207324028015137,
    -1.0635836124420166,
    0.44719305634498596,
    -1.9281635284423828,
    -0.55428546667099,
    0.8306427001953125,
    -1.146946668624878,
    1.0506598949432373
  ],
  "C1CCCCC1": [
    1.9128257036209106,
    0.5054801106452942,
    0.15834280848503113,
    -0.32039308547973633,
    -0.9184836745262146,
    -0.9476420283317566,
    1.4033193588256836,
    -0.14687713980674744,
    -0.2173480987548828,
    -0.9068006873130798,
    0.8276214599609375,
    -1.9879440069198608,
    -0.3013741374015808,
    0.8785611987113953,
    -0.9546764492988586,
    1.0274288654327393
  ],
  "CC(O)C": [
    2.0936195850372314,
    0.3071852922439575,
    0.24291177093982697,
    -0.049282461404800415,
    0.08033426851034164,
    -0.99614018201828,
    1.1102659702301025,
    -0.4816828966140747,
    -0.11486227810382843,
    -1.5108675956726074,
    0.5775613784790039,
    -1.5043482780456543,
    -0.33775991201400757,
    0.7237878441810608,
    -1.3862967491149902,
    1.2618298530578613
  ],
  "O.CC#N": [
    1.914595127105713,
    -0.718847930431366,
    -0.03691660612821579,
    0.17309261858463287,
    0.39557209610939026,
    -1.6890754699707031,
    0.42196083068847656,
    -0.1500202864408493,
    0.010810143314301968,
    -1.4575341939926147,
    0.5086547136306763,
    -1.0050369501113892,
    0.23133131861686707,
    0.728715181350708,
    -1.1258183717727661,
    1.8078495264053345
  ],
  "CC#N": [
    2.1675100326538086,
    0.10758554190397263,
    0.2514474093914032,
    -0.015390627086162567,
    0.06138010695576668,
    -1.0062752962112427,
    1.050262451171875,
    -0.429104745388031,
    0.031035978347063065,
    -1.4755216836929321,
    0.5574212074279785,
    -1.5033615827560425,
    -0.22246365249156952,
    0.5529966950416565,
    -1.444982647895813,
    1.3311518430709839
  ],
  "CC#N.CC(=O)O": [
    2.0655322074890137,
    0.013081890530884266,
    0.16311581432819366,
    0.036240629851818085,
    0.038732826709747314,
    -1.089889407157898,
    1.0060575008392334,
    -0.4535788595676422,
    0.09556493908166885,
    -1.5593148469924927,
    0.7158069610595703,
    -1.473802924156189,
    -0.1642564982175827,
    0.6374849081039429,
    -1.380972981452942,
    1.3639625310897827
  ],
  "CCOCC": [
    1.7587177753448486,
    0.7232964634895325,
    -0.011685546487569809,
    -0.14408668875694275,
    -0.8126006126403809,
    -0.5120172500610352,
    1.711384892463684,
    -0.5413704514503479,
    -0.4846956729888916,
    -0.9647296667098999,
    0.5730504989624023,
    -1.9471957683563232,
    -0.6140009164810181,
    1.060625672340393,
    -0.7667906880378723,
    0.9884188175201416
  ],
  "OCC(F)(F)F": [
    1.8002351522445679,
    -0.3364830017089844,
    0.0254618339240551,
    -0.06544866412878036,
    -0.03827034682035446,
    -1.6597990989685059,
    0.7761523723602295,
    -0.3012799918651581,
    0.03817271441221237,
    -1.7631630897521973,
    0.8197861313819885,
    -1.0668890476226807,
    0.3740467131137848,
    0.810543417930603,
    -0.9725655913352966,
    1.5749521255493164
  ],
  "O.OCC(F)(F)F": [
    1.5629104375839233,
    -0.836980402469635,
    -0.0911589190363884,
    0.10103257745504379,
    0.4101996421813965,
    -1.9424020051956177,
    0.47494077682495117,
    0.03990568593144417,
    -0.17301222681999207,
    -1.548452377319336,
    0.6130849719047546,
    -0.8173530101776123,
    0.48190248012542725,
    0.8072422742843628,
    -0.9110067486763,
    1.8413188457489014
  ],
  "CN(C)C(C)=O": [
    2.051480770111084,
    0.4862161874771118,
    0.4900567829608917,
    -0.18481922149658203,
    -0.01852034218609333,
    -0.7836884260177612,
    1.1929781436920166,
    -0.5317919254302979,
    -0.3067508041858673,
    -1.301121711730957,
    0.47323912382125854,
    -1.835593342781067,
    -0.3802264332771301,
    0.7791642546653748,
    -1.2632099390029907,
    1.1467831134796143
  ],
  "CCCCCCCCCCO": [
    1.9538490772247314,
    0.6350514888763428,
    0.1725793182849884,
    -0.4312213957309723,
    -0.3926684856414795,
    -0.4442628026008606,
    1.3812296390533447,
    -0.5936473608016968,
    -0.5551714301109314,
    -1.0333075523376465,
    0.7094974517822266,
    -1.9028995037078857,
    -0.605851948261261,
    1.1206564903259277,
    -0.9847468137741089,
    0.9854487180709839
  ],
  "OCC": [
    2.0781352519989014,
    0.031070685014128685,
    0.20038750767707825,
    -0.010133263655006886,
    0.19208642840385437,
    -1.1318118572235107,
    1.065268874168396,
    -0.4256439507007599,
    -0.058642033487558365,
    -1.528314232826233,
    0.5490956902503967,
    -1.3712999820709229,
    -0.19750191271305084,
    0.6811535954475403,
    -1.4448707103729248,
    1.3869249820709229
  ],
  "C1CCOC1": [
    1.9810585975646973,
    0.5371061563491821,
    0.26216569542884827,
    -0.19520466029644012,
    -0.4241325855255127,
    -0.5115048289299011,
    1.4787007570266724,
    -0.450264573097229,
    -0.2323480099439621,
    -1.053002119064331,
    0.566555917263031,
    -1.997868537902832,
    -0.5957551598548889,
    0.8338544368743896,
    -1.194264531135559,
    1.0088744163513184
  ],
  "[C@H]12CCC([C@H](OC1)O2)=O": [
    2.194779634475708,
    -0.024425165727734566,
    0.3816763460636139,
    0.021370384842157364,
    0.3470914959907532,
    -1.0704052448272705,
    0.891510009765625,
    -0.5260940790176392,
    -0.1440013200044632,
    -1.4208277463912964,
    0.4866674542427063,
    -1.5459036827087402,
    -0.20198823511600494,
    0.6493953466415405,
    -1.3557651042938232,
    1.3300650119781494
  ],
  "O=C(OCC)C": [
    1.8889083862304688,
    0.7451450824737549,
    0.1507643759250641,
    -0.11868766695261002,
    -0.5817353129386902,
    -0.5641636252403259,
    1.5691165924072266,
    -0.49246442317962646,
    -0.38596311211586,
    -1.0130283832550049,
    0.5855549573898315,
    -1.9681288003921509,
    -0.6115422248840332,
    0.8840654492378235,
    -1.0497674942016602,
    0.9768362045288086
  ],
  "CC(C)(C)OC": [
    1.6207852363586426,
    0.7397051453590393,
    -0.15810997784137726,
    -0.3249759078025818,
    -0.9749956130981445,
    -0.5604538917541504,
    1.7820703983306885,
    -0.5485377907752991,
    -0.44305023550987244,
    -0.9260196685791016,
    0.6310825943946838,
    -1.845578670501709,
    -0.6272956132888794,
    1.340852975845337,
    -0.5484583377838135,
    0.8629776239395142
  ],