{
  "CO": [
    1.7469607591629028,
    -0.4581261873245239,
    0.056436728686094284,
    0.00832140538841486,
    0.2517077922821045,
    -1.4635157585144043,
    0.9448716044425964,
    -0.4590015709400177,
    0.08960700035095215,
    -1.6338595151901245,
    0.7415933609008789,
    -1.2589764595031738,
    0.36555150151252747,
    0.6916584968566895,
    -1.2065136432647705,
    1.5915226936340332
  ],
  "OCCO": [
    1.8857513666152954,
    -0.5886738300323486,
    0.09639096260070801,
    0.36933913826942444,
    0.9013135433197021,
    -1.4200294017791748,
    0.682773768901825,
    -0.3521743416786194,
    -0.34393641352653503,
    -1.374827265739441,
    0.5262993574142456,
    -1.2537498474121094,
    0.1992039978504181,
    0.5183576345443726,
    -1.3944919109344482,
    1.5537997484207153
  ],
  "C(C(F)(F)F)(C(F)(F)F)O": [
    1.592009425163269,
    -0.2506568431854248,
    -0.04864688590168953,
    -0.16938111186027527,
    -0.23410072922706604,
    -1.4306166172027588,
    0.9928105473518372,
    -0.34123945236206055,
    0.11579936742782593,
    -2.0524516105651855,
    0.852429986000061,
    -1.0966472625732422,
    0.5551723837852478,
    0.5688084959983826,
    -0.7195325493812561,
    1.6768161058425903
  ],
  "O1C(C)CCC1": [
    1.9749056100845337,
    0.5962527990341187,
    0.26786836981773376,
    -0.10814478248357773,
    -0.33884185552597046,
    -0.600135862827301,
    1.55134916305542,
    -0.48910650610923767,
    -0.49594154953956604,
    -1.0695068836212158,
    0.5009064078330994,
    -2.027095317840576,
    -0.3967265486717224,
    0.71612548828125,
    -1.0921012163162231,
    1.0194458961486816
  ],
  "C1CCCCC1": [
    1.575088620185852,
    0.653770387172699,
    -0.3101101815700531,
    -0.4493844211101532,
    -1.0284442901611328,
    -0.8519745469093323,
    1.6535050868988037,
    -0.35772934556007385,
    -0.42324408888816833,
    -0.9013977646827698,
    0.6490104794502258,
    -1.8177731037139893,
    -0.5553602576255798,
    1.5743852853775024,
    -0.2328486442565918,
    0.8396613597869873
  ],
  "CC(O)C": [
    2.0939228534698486,
    0.22491636872291565,
    0.2795381546020508,
    -0.06878206878900528,
    0.16499227285385132,
    -0.9548421502113342,
    1.0872771739959717,
    -0.5354868769645691,
    -0.1602102816104889,
    -1.5524578094482422,
    0.599377453327179,
    -1.5793180465698242,
    -0.15633322298526764,
    0.6482999920845032,
    -1.3409738540649414,
    1.2593752145767212
  ],
  "O.CC#N": [
    1.7894285917282104,
    -0.7053551077842712,
    -0.07516931742429733,
    0.19539695978164673,
    0.5195766687393188,
    -1.6095300912857056,
    0.6395511627197266,
    -0.24202100932598114,
    -0.28096869587898254,
    -1.4593106508255005,
    0.7232239246368408,
    -1.1098747253417969,
    0.4320122003555298,
    0.557442307472229,
    -1.13878333568573,
    1.7687759399414062
  ],
  "CC#N": [
    2.0625977516174316,
    0.015661058947443962,
    0.19488543272018433,
    0.10675793141126633,
    0.12460536509752274,
    -0.9435745477676392,
    1.1162545680999756,
    -0.4578975439071655,
    -0.12143363058567047,
    -1.4975154399871826,
    0.6349659562110901,
    -1.6853208541870117,
    0.0012719954829663038,
    0.4550943076610565,
    -1.35480535030365,
    1.3547112941741943
  ],
  "CC#N.CC(=O)O": [
    2.0646634101867676,
    -0.09416303783655167,
    0.1889382302761078,
    0.017611263319849968,
    0.15735924243927002,
    -1.0566134452819824,
    1.0168358087539673,
    -0.5033208131790161,
    0.030782153829932213,
    -1.5527464151382446,
    0.6616390347480774,
    -1.4570070505142212,
    0.014379662461578846,
    0.5214995741844177,
    -1.4233585596084595,
    1.420567512512207
  ],
  "CCOCC": [
    1.87459135055542,
    0.634418249130249,
    0.06871327757835388,
    -0.1489611566066742,
    -0.49104663729667664,
    -0.6092208623886108,
    1.7046711444854736,
    -0.43816691637039185,
    -0.48463261127471924,
    -1.0884370803833008,
    0.5633987188339233,
    -1.9742802381515503,
    -0.4768720269203186,
    0.8325021862983704,
    -0.9540074467658997,
    0.9992894530296326
  ],
  "OCC(F)(F)F": [
    1.925670862197876,
    -0.2892938256263733,
    -0.012679852545261383,
    -0.1505347341299057,
    0.18742360174655914,
    -1.4420428276062012,
    0.7038857340812683,
    -0.39448076486587524,
    0.12954047322273254,
    -1.8857367038726807,
    0.7475742697715759,
    -0.9253832101821899,
    0.3608945906162262,
    0.5196991562843323,
    -1.1187437772750854,
    1.6528164148330688
  ],
  "O.OCC(F)(F)F": [
    1.5632706880569458,
    -0.9161806106567383,
    -0.1323545128107071,
    0.14622953534126282,
    0.5050477981567383,
    -1.800174355506897,
    0.5775899291038513,
    -0.020942257717251778,
    -0.31386706233024597,
    -1.4638667106628418,
    0.6875701546669006,
    -0.9123141169548035,
    0.5369521975517273,
    0.7100993394851685,
    -1.0105465650558472,
    1.849597692489624
  ],
  "CN(C)C(C)=O": [
    2.040029525756836,
    0.4128270745277405,
    0.47557759284973145,
    -0.11457937210798264,
    0.07194846868515015,
    -0.7437654137611389,
    1.2213263511657715,
    -0.572437047958374,
    -0.4135158360004425,
    -1.3186206817626953,
    0.46284812688827515,
    -1.9075489044189453,
    -0.23182439804077148,
    0.6737196445465088,
    -1.2194280624389648,
    1.1711149215698242
  ],
  "CCCCCCCCCCO": [
    1.8777843713760376,
    0.5962510108947754,
    0.12609940767288208,
    -0.34738171100616455,
    -0.40645071864128113,
    -0.4105289578437805,
    1.5546698570251465,
    -0.6224894523620605,
    -0.7202159762382507,
    -1.0064891576766968,
    0.677323579788208,
    -2.0135836601257324,
    -0.4847521185874939,
    1.1056389808654785,
    -0.8105068802833557,
    0.8957048058509827
  ],
  "OCC": [
    2.050772190093994,
    -0.019327295944094658,
    0.19291983544826508,
    0.034994181245565414,
    0.30526429414749146,
    -1.0905579328536987,
    1.0628414154052734,
    -0.5188668966293335,
    -0.2022937685251236,
    -1.5725977420806885,
    0.6223411560058594,
    -1.4250953197479248,
    0.009813674725592136,
    0.5979236364364624,
    -1.400155782699585,
    1.361146330833435
  ],
  "C1CCOC1": [
    1.96465265750885,
    0.4512402415275574,
    0.24625001847743988,
    -0.1117556095123291,
    -0.3289507329463959,
    -0.46408793330192566,
    1.5495535135269165,
    -0.448224276304245,
    -0.3532288670539856,
    -1.0827349424362183,
    0.5823718309402466,
    -2.0748937129974365,
    -0.4909668266773224,
    0.7539812922477722,
    -1.1610342264175415,
    0.9770215153694153
  ],
  "[C@H]12CCC([C@H](OC1)O2)=O": [
    2.1482012271881104,
    -0.07945417612791061,
    0.3887753486633301,
    0.1181761845946312,
    0.4584612250328064,
    -1.0187773704528809,
    0.8804029226303101,
    -0.566310703754425,
    -0.26457613706588745,
    -1.4174472093582153,
    0.523331344127655,
    -1.6646080017089844,
    -0.022710591554641724,
    0.5200871825218201,
    -1.3244134187698364,
    1.3263078927993774
  ],
  "O=C(OCC)C": [
    1.8161683082580566,
    0.6893748641014099,
    0.07049822062253952,
    0.012284877710044384,
    -0.5534601807594299,
    -0.47955378890037537,
    1.6950746774673462,
    -0.5344318151473999,
    -0.5439830422401428,
    -1.035089373588562,
    0.5956141352653503,
    -1.9999191761016846,
    -0.554248571395874,
    0.8771277070045471,
    -0.9834606051445007,
    0.9391504526138306
  ],
  "CC(C)(C)OC": [
    1.6091338396072388,
    0.7049058079719543,
    -0.18972347676753998,
    -0.1876368671655655,
    -0.9314216375350952,
    -0.5988464951515198,
    1.90720796585083,
    -0.48077714443206787,
    -0.5786422491073608,
    -0.934373140335083,
    0.641380250453949,
    -1.8724654912948608,
    -0.5320987701416016,
    1.2178956270217896,
    -0.572580099105835,
    0.8142913579940796
  ],