{
  "CO": [
    1.8584554195404053,
    -0.34757521748542786,
    0.018403567373752594,
    0.12002440541982651,
    0.22537441551685333,
    -1.2788902521133423,
    0.9733210802078247,
    -0.6610022187232971,
    0.06461571156978607,
    -1.6239811182022095,
    0.8349687457084656,
    -1.218230128288269,
    0.22563673555850983,
    0.6178244948387146,
    -1.3278982639312744,
    1.525132656097412
  ],
  "OCCO": [
    1.9470973014831543,
    -0.5532678961753845,
    0.13706232607364655,
    0.3480728566646576,
    0.9371512532234192,
    -1.309082269668579,
    0.6633734107017517,
    -0.4604954123497009,
    -0.3335394859313965,
    -1.2922520637512207,
    0.5964409112930298,
    -1.290907382965088,
    0.16317011415958405,
    0.42982906103134155,
    -1.492066502571106,
    1.5117188692092896
  ],
  "C(C(F)(F)F)(C(F)(F)F)O": [
    1.5465714931488037,
    -0.27101990580558777,
    0.059957049787044525,
    -0.4107603132724762,
    -0.41005200147628784,
    -1.170974850654602,
    1.1382237672805786,
    -0.2424328774213791,
    0.2637140154838562,
    -2.120429754257202,
    0.8075951337814331,
    -1.107561469078064,
    0.553587019443512,
    0.36515572667121887,
    -0.7279443740844727,
    1.735500454902649
  ],
  "O1C(C)CCC1": [
    1.913374662399292,
    0.5972646474838257,
    0.19364388287067413,
    -0.11891058087348938,
    -0.4737296402454376,
    -0.3407314717769623,
    1.6894757747650146,
    -0.5696912407875061,
    -0.48318737745285034,
    -0.9638159871101379,
    0.48354074358940125,
    -2.0110182762145996,
    -0.5557928085327148,
    0.7709916234016418,
    -1.1073614358901978,
    0.984032392501831
  ],
  "C1CCCCC1": [
    1.577010154724121,
    0.6525698304176331,
    -0.3220207691192627,
    -0.44629672169685364,
    -1.0765761137008667,
    -0.7465108633041382,
    1.7170261144638062,
    -0.3441961109638214,
    -0.4389961063861847,
    -0.8028568625450134,
    0.6971935033798218,
    -1.8535242080688477,
    -0.6492428183555603,
    1.4779369831085205,
    -0.2585010528564453,
    0.8318278193473816
  ],
  "CC(O)C": [
    1.9513676166534424,
    0.25534385442733765,
    0.2547512352466583,
    -0.011436457745730877,
    0.018774744123220444,
    -0.784950315952301,
    1.4218462705612183,
    -0.5768397450447083,
    -0.11148668080568314,
    -1.4311323165893555,
    0.4655460715293884,
    -1.7342537641525269,
    -0.18728432059288025,
    0.5867774486541748,
    -1.3772670030593872,
    1.2681643962860107
  ],
  "O.CC#N": [
    1.7593790292739868,
    -0.7283126711845398,
    -0.03571946546435356,
    0.1660732924938202,
    0.48933032155036926,
    -1.5763506889343262,
    0.7029286026954651,
    -0.2303890883922577,
    -0.27066099643707275,
    -1.4058550596237183,
    0.7919526696205139,
    -1.196925163269043,
    0.43028736114501953,
    0.5386062264442444,
    -1.1819947957992554,
    1.7504713535308838
  ],
  "CC#N": [
    2.0776689052581787,
    0.04144015163183212,
    0.23301269114017487,
    0.11826241761445999,
    0.16503995656967163,
    -0.7550875544548035,
    1.1243656873703003,
    -0.46423715353012085,
    -0.07820320874452591,
    -1.445588231086731,
    0.6485178470611572,
    -1.7165794372558594,
    -0.12091690301895142,
    0.3563082814216614,
    -1.4997005462646484,
    1.3192760944366455
  ],
  "CC#N.CC(=O)O": [
    2.084303617477417,
    -0.06163126230239868,
    0.1810321807861328,
    0.03549795597791672,
    0.1628231555223465,
    -0.8288834095001221,
    1.0694081783294678,
    -0.5408267974853516,
    0.012490089051425457,
    -1.4789496660232544,
    0.7361077070236206,
    -1.5601085424423218,
    -0.06731384247541428,
    0.42389044165611267,
    -1.523037314414978,
    1.3591417074203491
  ],
  "CCOCC": [
    1.6921131610870361,
    0.6635570526123047,
    -0.04966556280851364,
    -0.19123134016990662,
    -0.8099262118339539,
    -0.3180047273635864,
    1.8978259563446045,
    -0.539350688457489,
    -0.5626319646835327,
    -0.9005534052848816,
    0.531514585018158,
    -1.9693413972854614,
    -0.6086184978485107,
    1.0357428789138794,
    -0.7682406306266785,
    0.9084343314170837
  ],
  "OCC(F)(F)F": [
    1.6705029010772705,
    -0.3151787519454956,
    0.15405529737472534,
    -0.263984352350235,
    -0.17051982879638672,
    -1.332250952720642,
    1.085516333580017,
    -0.29599305987358093,
    0.31789344549179077,
    -1.787530541419983,
    0.4603812098503113,
    -1.2495858669281006,
    0.37357035279273987,
    0.5817770957946777,
    -1.0380949974060059,
    1.8166667222976685
  ],
  "O.OCC(F)(F)F": [
    1.6086232662200928,
    -0.9125481843948364,
    -0.10895349085330963,
    0.12047510594129562,
    0.5706238746643066,
    -1.7108064889907837,
    0.5031000375747681,
    -0.10563678294420242,
    -0.24822409451007843,
    -1.3922518491744995,
    0.722844123840332,
    -0.9064870476722717,
    0.470887154340744,
    0.6914923787117004,
    -1.1816699504852295,
    1.8815888166427612
  ],
  "CN(C)C(C)=O": [
    2.111485242843628,
    0.38272881507873535,
    0.4617682993412018,
    -0.163768008351326,
    0.1735014021396637,
    -0.6077699065208435,
    1.159637212753296,
    -0.5758540630340576,
    -0.2944185137748718,
    -1.3600349426269531,
    0.5897957682609558,
    -1.8628928661346436,
    -0.3288252055644989,
    0.5603345632553101,
    -1.3352378606796265,
    1.095259189605713
  ],
  "CCCCCCCCCCO": [
    1.8925135135650635,
    0.6586359143257141,
    0.09654489904642105,
    -0.29791024327278137,
    -0.379288911819458,
    -0.3242444396018982,
    1.5748862028121948,
    -0.670281171798706,
    -0.7805482149124146,
    -0.9168199300765991,
    0.7916985154151917,
    -1.9585320949554443,
    -0.6094101071357727,
    1.0508246421813965,
    -0.9062663912773132,
    0.7878740429878235
  ],
  "OCC": [
    1.9811478853225708,
    -0.004708579741418362,
    0.18091970682144165,
    0.0942530557513237,
    0.2716900706291199,
    -0.901807427406311,
    1.1549296379089355,
    -0.5126935243606567,
    -0.15848472714424133,
    -1.5431625843048096,
    0.7195717096328735,
    -1.6021474599838257,
    -0.07053577154874802,
    0.5501327514648438,
    -1.4529386758804321,
    1.3003219366073608
  ],
  "C1CCOC1": [
    1.9491047859191895,
    0.4763219952583313,
    0.23949110507965088,
    -0.16585099697113037,
    -0.3662061393260956,
    -0.33665740489959717,
    1.619680643081665,
    -0.4768976867198944,
    -0.3351277709007263,
    -0.9832412600517273,
    0.6130477786064148,
    -2.060176372528076,
    -0.5641812682151794,
    0.6805145144462585,
    -1.2359070777893066,
    0.9531568884849548
  ],
  "[C@H]12CCC([C@H](OC1)O2)=O": [
    2.1680750846862793,
    -0.05346854031085968,
    0.41955408453941345,
    0.04837293177843094,
    0.45429059863090515,
    -0.8500828146934509,
    0.9137410521507263,
    -0.636069118976593,
    -0.22555486857891083,
    -1.3622053861618042,
    0.569123387336731,
    -1.6852670907974243,
    -0.08485909551382065,
    0.4940418004989624,
    -1.4374847412109375,
    1.2710009813308716
  ],
  "O=C(OCC)C": [
    1.7296684980392456,
    0.6556971073150635,
    -0.00021270441357046366,
    -0.011874287389218807,
    -0.6787152290344238,
    -0.2935056984424591,
    1.8576635122299194,
    -0.5460405349731445,
    -0.4707152843475342,
    -0.9104940891265869,
    0.5955007672309875,
    -2.040412187576294,
    -0.6788458228111267,
    0.878692090511322,
    -0.9375420808792114,
    0.8614157438278198
  ],
  "CC(C)(C)OC": [
    1.7664539813995361,
    0.6509401798248291,
    -0.04157310351729393,
    -0.24504762887954712,
    -0.8292074203491211,
    -0.5300017595291138,
    1.9388762712478638,
    -0.40214186906814575,
    -0.46207472681999207,
    -0.8749539256095886,
    0.7008154988288879,
    -1.9397213459014893,
    -0.5553776621818542,
    0.8431980609893799,
    -0.838594913482666,
    0.8307717442512512
  ],