{
  "CO": [
    1.8462350368499756,
    -0.5371465682983398,
    0.007956136018037796,
    0.12325412034988403,
    0.5081586241722107,
    -1.4304131269454956,
    0.6089602708816528,
    -0.35767215490341187,
    -0.022551514208316803,
    -1.4010124206542969,
    0.6501451134681702,
    -1.05810546875,
    0.2538464665412903,
    0.6054098010063171,
    -1.5571978092193604,
    1.7617906332015991
  ],
  "OCCO": [
    1.9064650535583496,
    -0.5551555752754211,
    0.12340837717056274,
    0.3552175462245941,
    0.9112942814826965,
    -1.3387293815612793,
    0.6809682846069336,
    -0.4267786741256714,
    -0.319063276052475,
    -1.2906187772750854,
    0.6092948913574219,
    -1.3149970769882202,
    0.15188318490982056,
    0.46101897954940796,
    -1.4843331575393677,
    1.5323162078857422
  ],
  "C(C(F)(F)F)(C(F)(F)F)O": [
    1.6908823251724243,
    -0.3252248466014862,
    -0.1210237368941307,
    -0.2796038091182709,
    0.05204039439558983,
    -1.3801357746124268,
    0.6109168529510498,
    -0.1932966262102127,
    0.3861059546470642,
    -2.0886600017547607,
    0.8290405869483948,
    -1.0076332092285156,
    0.4448499083518982,
    0.476167768239975,
    -0.8681902885437012,
    1.7795134782791138
  ],
  "O1C(C)CCC1": [
    1.8861675262451172,
    0.632025957107544,
    0.15704594552516937,
    -0.07999052107334137,
    -0.4704226851463318,
    -0.3291226327419281,
    1.6858055591583252,
    -0.5941376090049744,
    -0.526732861995697,
    -0.9641048908233643,
    0.5353541970252991,
    -2.0119407176971436,
    -0.5672465562820435,
    0.7825421690940857,
    -1.0957187414169312,
    0.968260645866394
  ],
  "C1CCCCC1": [
    1.9025046825408936,
    0.44054946303367615,
    0.13541769981384277,
    -0.27639615535736084,
    -0.8747214674949646,
    -0.7105334997177124,
    1.5755157470703125,
    -0.1446995735168457,
    -0.3343942165374756,
    -0.8175207376480103,
    0.8122814297676086,
    -2.079836130142212,
    -0.3207699954509735,
    0.7342379689216614,
    -1.0252325534820557,
    0.9894853830337524
  ],
  "CC(O)C": [
    2.0767993927001953,
    0.32422947883605957,
    0.26101991534233093,
    -0.07661549001932144,
    0.1423109918832779,
    -0.8053126335144043,
    1.2225755453109741,
    -0.6018310785293579,
    -0.23217187821865082,
    -1.4428486824035645,
    0.622032880783081,
    -1.6462805271148682,
    -0.2167687565088272,
    0.5338355302810669,
    -1.394540548324585,
    1.2400603294372559
  ],
  "O.CC#N": [
    1.80511474609375,
    -0.7241809368133545,
    -0.031135542318224907,
    0.23578503727912903,
    0.5265070796012878,
    -1.5597662925720215,
    0.6531130075454712,
    -0.2193053662776947,
    -0.35127517580986023,
    -1.3309595584869385,
    0.8198665380477905,
    -1.2503843307495117,
    0.3888709545135498,
    0.4893110394477844,
    -1.1879634857177734,
    1.7378097772598267
  ],
  "CC#N": [
    2.1385111808776855,
    -0.003999638371169567,
    0.2435283213853836,
    -0.007479244843125343,
    0.16955487430095673,
    -0.8677910566329956,
    1.0733911991119385,
    -0.5274593234062195,
    -0.01580764725804329,
    -1.4234048128128052,
    0.6326907873153687,
    -1.5921651124954224,
    -0.045550212264060974,
    0.3800710141658783,
    -1.5046026706695557,
    1.3540807962417603
  ],
  "CC#N.CC(=O)O": [
    2.056077241897583,
    -0.0958319827914238,
    0.12436622381210327,
    0.09355462342500687,
    0.2035762518644333,
    -0.8282678723335266,
    1.0346789360046387,
    -0.5586926341056824,
    0.022143632173538208,
    -1.5129574537277222,
    0.783332109451294,
    -1.5632448196411133,
    -0.045855939388275146,
    0.442868173122406,
    -1.5106374025344849,
    1.3583667278289795
  ],
  "CCOCC": [
    1.7264974117279053,
    0.6677370071411133,
    -0.06537315249443054,
    -0.1535739153623581,
    -0.7212642431259155,
    -0.39351755380630493,
    1.89875328540802,
    -0.5429142117500305,
    -0.5424435138702393,
    -0.9670588374137878,
    0.606981635093689,
    -1.9617005586624146,
    -0.5645344257354736,
    0.9236559271812439,
    -0.8112694025039673,
    0.9114542603492737
  ],
  "OCC(F)(F)F": [
    1.905792474746704,
    -0.33855870366096497,
    0.0009320753742940724,
    -0.06558039784431458,
    0.18040482699871063,
    -1.4168833494186401,
    0.8226993680000305,
    -0.5147956609725952,
    -0.0869310274720192,
    -1.6743229627609253,
    0.8523756861686707,
    -0.9902669191360474,
    0.3825375437736511,
    0.5867934226989746,
    -1.263564109802246,
    1.6253260374069214
  ],
  "O.OCC(F)(F)F": [
    1.5933096408843994,
    -0.8857078552246094,
    -0.10576647520065308,
    0.15846829116344452,
    0.525129497051239,
    -1.7282205820083618,
    0.6223236322402954,
    -0.09690887480974197,
    -0.33322539925575256,
    -1.406240463256836,
    0.7985168695449829,
    -0.9810069799423218,
    0.5093260407447815,
    0.6265389323234558,
    -1.1197413206100464,
    1.8269565105438232
  ],
  "CN(C)C(C)=O": [
    2.113365888595581,
    0.40226149559020996,
    0.46392449736595154,
    -0.16226881742477417,
    0.1836053431034088,
    -0.6153228878974915,
    1.162857174873352,
    -0.5851295590400696,
    -0.2981724441051483,
    -1.3324947357177734,
    0.5521703958511353,
    -1.8449723720550537,
    -0.32770097255706787,
    0.5437829494476318,
    -1.3694483041763306,
    1.118730902671814
  ],
  "CCCCCCCCCCO": [
    1.901794672012329,
    0.6344940066337585,
    0.10997756570577621,
    -0.3863946497440338,
    -0.3417692184448242,
    -0.33982956409454346,
    1.5470761060714722,
    -0.594495952129364,
    -0.6656458973884583,
    -0.9827945828437805,
    0.7977004051208496,
    -1.9479739665985107,
    -0.6035684943199158,
    1.018226146697998,
    -0.9926368594169617,
    0.8549618124961853
  ],
  "OCC": [
    2.016859531402588,
    0.050010114908218384,
    0.20955818891525269,
    0.025436222553253174,
    0.2485833317041397,
    -0.9064288139343262,
    1.1580474376678467,
    -0.5358009934425354,
    -0.1581529974937439,
    -1.536603569984436,
    0.6816456317901611,
    -1.5954591035842896,
    -0.06816790997982025,
    0.5416163802146912,
    -1.4268290996551514,
    1.3020546436309814
  ],
  "C1CCOC1": [
    1.9118038415908813,
    0.5273729562759399,
    0.2167024463415146,
    -0.11457031220197678,
    -0.41396063566207886,
    -0.3362641930580139,
    1.641106128692627,
    -0.5078287124633789,
    -0.39507582783699036,
    -0.9426320195198059,
    0.6049536466598511,
    -2.1070022583007812,
    -0.5726453065872192,
    0.6787298321723938,
    -1.15125572681427,
    0.9669995307922363
  ],
  "[C@H]12CCC([C@H](OC1)O2)=O": [
    2.1662685871124268,
    -0.12939245998859406,
    0.37442272901535034,
    0.07838141173124313,
    0.5530717372894287,
    -0.8955795168876648,
    0.8355345129966736,
    -0.5968360900878906,
    -0.22202251851558685,
    -1.2937482595443726,
    0.5848842859268188,
    -1.6210929155349731,
    -0.09745270013809204,
    0.44725501537323,
    -1.5245754718780518,
    1.3425369262695312
  ],
  "O=C(OCC)C": [
    1.7717992067337036,
    0.6568508148193359,
    0.038765814155340195,
    -0.033249370753765106,
    -0.5790088176727295,
    -0.31653594970703125,
    1.8444584608078003,
    -0.5540136098861694,
    -0.4817913770675659,
    -0.928428590297699,
    0.5736733078956604,
    -2.0025217533111572,
    -0.6586928367614746,
    0.8337829113006592,
    -1.0380719900131226,
    0.8829678893089294
  ],
  "CC(C)(C)OC": [
    1.5785491466522217,
    0.6831666231155396,
    -0.21737408638000488,
    -0.31739306449890137,
    -0.9595169425010681,
    -0.4119934141635895,
    1.997501015663147,
    -0.5274321436882019,
    -0.5100612640380859,
    -0.8705063462257385,
    0.6043426990509033,
    -1.858086347579956,
    -0.6557369232177734,
    1.2410070896148682,
    -0.5301427245140076,
    0.7690528035163879
  ],