{
  "CO": [
    0.6602492928504944,
    -2.1179378032684326,
    0.822381317615509,
    0.04259162023663521,
    0.8051444292068481,
    -0.12661410868167877,
    -0.6293779015541077,
    0.29870349168777466,
    -0.4935179650783539,
    -1.043512225151062,
    1.2553590536117554,
    -0.09777987748384476,
    0.5967665910720825,
    0.7758199572563171,
    -1.9704045057296753,
    1.2214605808258057
  ],
  "OCCO": [
    0.8713555932044983,
    -1.9848390817642212,
    0.8727472424507141,
    0.12959635257720947,
    1.2359364032745361,
    -0.1847890168428421,
    -0.7360926866531372,
    0.25318020582199097,
    -0.5905804634094238,
    -0.8360773921012878,
    1.21365225315094,
    -0.37551864981651306,
    0.46537843346595764,
    0.6511660814285278,
    -2.0040979385375977,
    1.018004059791565
  ],
  "C(C(F)(F)F)(C(F)(F)F)O": [
    0.5947336554527283,
    -1.8253597021102905,
    0.7107782959938049,
    -0.7094238996505737,
    -0.3205471336841583,
    -0.05155486613512039,
    0.27590057253837585,
    0.771480917930603,
    -0.3786713778972626,
    -2.0309247970581055,
    1.4834038019180298,
    0.018982449546456337,
    0.6961045861244202,
    0.7184624671936035,
    -1.212965965270996,
    1.2599323987960815
  ],
  "O1C(C)CCC1": [
    0.8730658292770386,
    -1.695848822593689,
    1.2404705286026,
    0.024173978716135025,
    0.03912290558218956,
    0.4311046302318573,
    0.44522833824157715,
    0.7148483991622925,
    -1.8496695756912231,
    -0.7187376022338867,
    0.9702773690223694,
    -1.1211596727371216,
    0.2737705707550049,
    1.280019760131836,
    -1.3661479949951172,
    0.45989754796028137
  ],
  "C1CCCCC1": [
    0.7988808751106262,
    -1.736463189125061,
    0.8895025849342346,
    -0.22086195647716522,
    -0.5791130065917969,
    -0.17788387835025787,
    0.7598654627799988,
    1.2069051265716553,
    -1.618741750717163,
    -0.5060425400733948,
    1.2001491785049438,
    -1.2900102138519287,
    0.3486747145652771,
    1.3395235538482666,
    -0.9567890167236328,
    0.5432816743850708
  ],
  "CC(O)C": [
    0.7055251598358154,
    -1.8321356773376465,
    1.2452733516693115,
    0.15331070125102997,
    0.5502033233642578,
    0.3337152898311615,
    -0.21827635169029236,
    0.36923670768737793,
    -1.330140471458435,
    -1.2046496868133545,
    1.2029316425323486,
    -0.6490969061851501,
    0.5031486749649048,
    1.137624979019165,
    -1.6814876794815063,
    0.7145566940307617
  ],
  "O.CC#N": [
    0.7650502324104309,
    -2.111299514770508,
    0.7392014861106873,
    -0.06617624312639236,
    0.8671855330467224,
    -0.16166073083877563,
    -0.7803263068199158,
    0.6424826979637146,
    -0.6030986905097961,
    -0.5175162553787231,
    1.1677016019821167,
    -0.35712331533432007,
    0.4264681339263916,
    0.7143276333808899,
    -2.0255050659179688,
    1.2996234893798828
  ],
  "CC#N": [
    0.7942377328872681,
    -1.9124541282653809,
    1.166304588317871,
    0.06464596092700958,
    0.5171712040901184,
    0.3647119402885437,
    -0.4877869188785553,
    0.29106682538986206,
    -0.7974904775619507,
    -1.246339201927185,
    1.3311454057693481,
    -0.6568558812141418,
    0.6411042213439941,
    0.764906108379364,
    -1.811638355255127,
    0.9765474200248718
  ],
  "CC#N.CC(=O)O": [
    0.8124321103096008,
    -1.9721795320510864,
    1.0435923337936401,
    0.06644132733345032,
    0.6140486001968384,
    0.30636629462242126,
    -0.49083223938941956,
    0.26602864265441895,
    -0.6666206121444702,
    -1.2855936288833618,
    1.4035954475402832,
    -0.4501537084579468,
    0.5457556843757629,
    0.7482592463493347,
    -1.8857465982437134,
    0.9439067244529724
  ],
  "CCOCC": [
    0.726783275604248,
    -1.7445214986801147,
    0.9989282488822937,
    0.11684352159500122,
    -0.015768438577651978,
    0.3140920400619507,
    0.7962028384208679,
    0.8670757412910461,
    -1.9788143634796143,
    -0.5482385158538818,
    1.0071256160736084,
    -1.0230194330215454,
    0.1458686888217926,
    1.3936527967453003,
    -1.281522512435913,
    0.22616109251976013
  ],
  "OCC(F)(F)F": [
    0.9856756925582886,
    -1.8254189491271973,
    0.5839681625366211,
    -0.3895566463470459,
    0.6877729892730713,
    -0.27224627137184143,
    -0.5280483365058899,
    0.22489286959171295,
    -0.25377410650253296,
    -1.609696388244629,
    1.4505116939544678,
    0.05890904739499092,
    0.6121188402175903,
    0.7575249075889587,
    -1.7414549589157104,
    1.2581658363342285
  ],
  "O.OCC(F)(F)F": [
    0.48873838782310486,
    -2.2049291133880615,
    0.6509115695953369,
    -0.37172266840934753,
    0.7718828916549683,
    -0.3353290855884552,
    -0.6154462099075317,
    0.7751865983009338,
    -0.42776697874069214,
    -1.0810506343841553,
    1.3876737356185913,
    -0.015832457691431046,
    0.6393417119979858,
    0.7361176609992981,
    -1.6723121404647827,
    1.2742482423782349
  ],
  "CN(C)C(C)=O": [
    0.8912194967269897,
    -1.6592494249343872,
    1.4693316221237183,
    0.012592887505888939,
    0.6064196825027466,
    0.3561452031135559,
    -0.28378963470458984,
    0.30671998858451843,
    -1.4479622840881348,
    -1.1107686758041382,
    1.083541750907898,
    -0.9375994205474854,
    0.4921095371246338,
    1.1097131967544556,
    -1.5337480306625366,
    0.644930899143219
  ],
  "CCCCCCCCCCO": [
    0.8740952014923096,
    -1.4482277631759644,
    0.8371948599815369,
    -0.38469982147216797,
    -0.1295565813779831,
    0.6176864504814148,
    0.6697386503219604,
    0.5889829397201538,
    -2.279827833175659,
    -0.3709396719932556,
    1.0486260652542114,
    -0.9072491526603699,
    0.036482855677604675,
    1.7095454931259155,
    -0.9527440071105957,
    0.09204048663377762
  ],
  "OCC": [
    0.7960038781166077,
    -1.9275413751602173,
    1.0449532270431519,
    0.13203898072242737,
    0.829511284828186,
    0.19662022590637207,
    -0.5373824238777161,
    0.22881819307804108,
    -0.8304771184921265,
    -1.2237681150436401,
    1.2815728187561035,
    -0.39758574962615967,
    0.5296744704246521,
    0.8411732316017151,
    -1.9022502899169922,
    0.9379351139068604
  ],
  "C1CCOC1": [
    0.8416184186935425,
    -1.8747047185897827,
    1.2962143421173096,
    -0.008584755472838879,
    0.20426733791828156,
    0.4742601811885834,
    0.37148910760879517,
    0.7731485962867737,
    -1.606886386871338,
    -0.68629390001297,
    1.0247732400894165,
    -1.1465626955032349,
    0.18516530096530914,
    1.1909306049346924,
    -1.4374302625656128,
    0.39894893765449524
  ],
  "[C@H]12CCC([C@H](OC1)O2)=O": [
    1.0300397872924805,
    -1.8433729410171509,
    1.3849983215332031,
    0.033286698162555695,
    0.8833224177360535,
    0.24227549135684967,
    -0.74164879322052,
    0.06428864598274231,
    -0.8447108268737793,
    -1.1226789951324463,
    1.2619167566299438,
    -0.7370859384536743,
    0.5281658172607422,
    0.7935061454772949,
    -1.644529104232788,
    0.7113007307052612
  ],
  "O=C(OCC)C": [
    0.8065165281295776,
    -1.7889339923858643,
    1.1585594415664673,
    0.17624734342098236,
    0.06002754718065262,
    0.4671056270599365,
    0.5035404562950134,
    0.7669939994812012,
    -1.753757357597351,
    -0.6672282814979553,
    1.0557447671890259,
    -1.0449103116989136,
    0.11937619745731354,
    1.2484123706817627,
    -1.502509593963623,
    0.395272821187973
  ],
  "CC(C)(C)OC": [
    0.6885032057762146,
    -1.6586298942565918,
    0.7302963733673096,
    -0.12398455291986465,
    -0.40436843037605286,
    0.26316457986831665,
    1.2792537212371826,
    1.0373369455337524,
    -1.971795916557312,
    -0.4405352771282196,
    0.8976107239723206,
    -1.0093382596969604,
    0.008596586994826794,
    1.550235629081726,
    -0.9778718948364258,
    0.13300089538097382
  ],