{
  "CO": [
    1.5908474922180176,
    -0.6943613290786743,
    0.18296849727630615,
    -0.012461344711482525,
    0.7915133833885193,
    -1.0602507591247559,
    0.37761321663856506,
    -0.5690456628799438,
    -0.17538994550704956,
    -1.3163816928863525,
    1.0672458410263062,
    -1.1803514957427979,
    0.4374382495880127,
    0.634416401386261,
    -1.7529098987579346,
    1.670081615447998
  ],
  "OCCO": [
    1.6236283779144287,
    -0.7168739438056946,
    0.33419370651245117,
    0.20286987721920013,
    1.099743127822876,
    -1.0570366382598877,
    0.4800829291343689,
    -0.6733996272087097,
    -0.5174476504325867,
    -1.191401720046997,
    1.1259279251098633,
    -1.4719356298446655,
    0.4002755284309387,
    0.4970857799053192,
    -1.5179613828659058,
    1.3731765747070312
  ],
  "C(C(F)(F)F)(C(F)(F)F)O": [
    1.3682581186294556,
    -0.16019725799560547,
    -0.030261799693107605,
    -0.612185001373291,
    -0.6160323023796082,
    -0.8229494690895081,
    1.369850516319275,
    -0.3507946729660034,
    0.19903384149074554,
    -2.054980754852295,
    1.0443495512008667,
    -1.1935985088348389,
    0.42008525133132935,
    0.6130974292755127,
    -0.8109290599822998,
    1.640671730041504
  ],
  "O1C(C)CCC1": [
    1.7368489503860474,
    0.3712124824523926,
    0.37565305829048157,
    -0.2882472276687622,
    -0.1647627055644989,
    -0.2990044057369232,
    1.4781255722045898,
    -0.6305516362190247,
    -0.6943848729133606,
    -0.8046749830245972,
    0.8639182448387146,
    -2.0337188243865967,
    -0.38480257987976074,
    0.766171395778656,
    -1.4200396537780762,
    1.1240496635437012
  ],
  "C1CCCCC1": [
    1.387305498123169,
    0.49949613213539124,
    -0.1628316342830658,
    -0.35414400696754456,
    -0.9568369388580322,
    -0.7348899841308594,
    1.78815758228302,
    -0.45212674140930176,
    -0.7923383116722107,
    -0.45269840955734253,
    0.970726728439331,
    -1.8915067911148071,
    -0.6351193785667419,
    1.4178043603897095,
    -0.5504506826400757,
    0.9240079522132874
  ],
  "CC(O)C": [
    1.66649329662323,
    0.10459063202142715,
    0.4387699067592621,
    -0.12416499108076096,
    0.21548663079738617,
    -0.5391792058944702,
    1.2627850770950317,
    -0.7678021788597107,
    -0.49456557631492615,
    -1.182260513305664,
    0.8998112082481384,
    -1.8535890579223633,
    -0.05530410632491112,
    0.6996666789054871,
    -1.5785447359085083,
    1.3022669553756714
  ],
  "O.CC#N": [
    1.4908849000930786,
    -0.9164549112319946,
    0.19748005270957947,
    -0.023484542965888977,
    0.7077012062072754,
    -1.221221685409546,
    0.48741745948791504,
    -0.3828752636909485,
    -0.39440682530403137,
    -1.3022918701171875,
    1.1723418235778809,
    -1.3495326042175293,
    0.6469679474830627,
    0.5471264719963074,
    -1.3679858446121216,
    1.7002880573272705
  ],
  "CC#N": [
    1.7842541933059692,
    -0.19010156393051147,
    0.41824471950531006,
    -0.10753457248210907,
    0.4734169840812683,
    -0.6162005066871643,
    0.8221365213394165,
    -0.7492098808288574,
    -0.2982209622859955,
    -1.298816204071045,
    1.075136661529541,
    -1.6611276865005493,
    0.16623468697071075,
    0.46787115931510925,
    -1.7012107372283936,
    1.4060879945755005
  ],
  "CC#N.CC(=O)O": [
    1.7395751476287842,
    -0.28850072622299194,
    0.3301292955875397,
    -0.07667114585638046,
    0.46633291244506836,
    -0.6146211624145508,
    0.782877504825592,
    -0.7359839081764221,
    -0.20000189542770386,
    -1.384403109550476,
    1.185611605644226,
    -1.5867902040481567,
    0.17803631722927094,
    0.5195276737213135,
    -1.7177352905273438,
    1.394131064414978
  ],
  "CCOCC": [
    1.4354394674301147,
    0.4877009987831116,
    0.04754585400223732,
    -0.2513171136379242,
    -0.6148220896720886,
    -0.2828761041164398,
    1.8227125406265259,
    -0.6426094174385071,
    -0.8752230405807495,
    -0.6484489440917969,
    0.9063122272491455,
    -2.029536485671997,
    -0.5354718565940857,
    1.1156924962997437,
    -0.9420316815376282,
    1.0076748132705688
  ],
  "OCC(F)(F)F": [
    1.585540771484375,
    -0.40937843918800354,
    0.1921960413455963,
    -0.31638848781585693,
    0.3579115569591522,
    -1.0999736785888672,
    0.9110231399536133,
    -0.6512104272842407,
    -0.23295561969280243,
    -1.547534704208374,
    1.1766941547393799,
    -1.2502148151397705,
    0.5343194007873535,
    0.5796706080436707,
    -1.4304229021072388,
    1.5961353778839111
  ],
  "O.OCC(F)(F)F": [
    1.3451019525527954,
    -1.0056623220443726,
    -0.009756325744092464,
    -0.051365502178668976,
    0.8003444671630859,
    -1.4459047317504883,
    0.4454571306705475,
    -0.3102067708969116,
    -0.4645993709564209,
    -1.3571778535842896,
    1.247441053390503,
    -1.0443309545516968,
    0.7129668593406677,
    0.6578786373138428,
    -1.242800235748291,
    1.7172995805740356
  ],
  "CN(C)C(C)=O": [
    1.8131721019744873,
    0.15458595752716064,
    0.6626387238502502,
    -0.3009563684463501,
    0.4534197449684143,
    -0.4687470495700836,
    0.9472290873527527,
    -0.7469925284385681,
    -0.5277878642082214,
    -1.157457947731018,
    0.9607160687446594,
    -1.9012428522109985,
    -0.126271054148674,
    0.6250348091125488,
    -1.5605740547180176,
    1.1659079790115356
  ],
  "CCCCCCCCCCO": [
    1.6601604223251343,
    0.47035375237464905,
    0.1985488086938858,
    -0.44981998205184937,
    -0.13822776079177856,
    -0.1878444254398346,
    1.4423232078552246,
    -0.7620807886123657,
    -1.0100822448730469,
    -0.6217541098594666,
    1.0955623388290405,
    -1.9808225631713867,
    -0.5423054695129395,
    1.0431195497512817,
    -1.1664332151412964,
    0.9464085698127747
  ],
  "OCC": [
    1.759308099746704,
    -0.1985117644071579,
    0.3611920177936554,
    -0.13695016503334045,
    0.6063864231109619,
    -0.6905322670936584,
    0.8433788418769836,
    -0.7842687368392944,
    -0.3902907967567444,
    -1.3902817964553833,
    1.1202362775802612,
    -1.5380069017410278,
    0.15207184851169586,
    0.5914136171340942,
    -1.651163101196289,
    1.3390659093856812
  ],
  "C1CCOC1": [
    1.6374636888504028,
    0.342021644115448,
    0.37426474690437317,
    -0.19729961454868317,
    -0.17008456587791443,
    -0.2647247910499573,
    1.4893463850021362,
    -0.6175658106803894,
    -0.7279619574546814,
    -0.7118374109268188,
    1.0022945404052734,
    -2.1657886505126953,
    -0.4422184228897095,
    0.7546737194061279,
    -1.3560117483139038,
    1.0486549139022827
  ],
  "[C@H]12CCC([C@H](OC1)O2)=O": [
    1.835377812385559,
    -0.32479146122932434,
    0.5612428784370422,
    -0.09042646735906601,
    0.801266074180603,
    -0.6551325917243958,
    0.5703235268592834,
    -0.810208797454834,
    -0.41828930377960205,
    -1.2041535377502441,
    1.0578793287277222,
    -1.6764326095581055,
    0.17741551995277405,
    0.5147136449813843,
    -1.6394985914230347,
    1.2905594110488892
  ],
  "O=C(OCC)C": [
    1.6515687704086304,
    0.38063618540763855,
    0.2841784656047821,
    -0.16622938215732574,
    -0.16838082671165466,
    -0.3011472225189209,
    1.5359151363372803,
    -0.6064244508743286,
    -0.665391206741333,
    -0.8071408867835999,
    1.021010160446167,
    -2.0403127670288086,
    -0.44761133193969727,
    0.7771133184432983,
    -1.4659600257873535,
    1.0146597623825073
  ],
  "CC(C)(C)OC": [
    1.3229179382324219,
    0.5190209150314331,
    -0.13589298725128174,
    -0.43983030319213867,
    -0.7921193242073059,
    -0.3516659438610077,
    1.9818693399429321,
    -0.5573298931121826,
    -0.7809295654296875,
    -0.6115624904632568,
    0.867353618144989,
    -1.8834915161132812,
    -0.6282406449317932,
    1.301624059677124,
    -0.771588921546936,
    0.9644790887832642
  ],