{
  "CO": [
    1.6765410900115967,
    -0.5488950610160828,
    0.17436397075653076,
    -0.013264181092381477,
    0.6281283497810364,
    -1.1153314113616943,
    0.6052805185317993,
    -0.7340492606163025,
    -0.0794406533241272,
    -1.4196629524230957,
    1.0362608432769775,
    -1.0944478511810303,
    0.3776847720146179,
    0.5379917621612549,
    -1.6916148662567139,
    1.6545337438583374
  ],
  "OCCO": [
    1.731825351715088,
    -0.6204708218574524,
    0.30057579278945923,
    0.21335534751415253,
    1.0107849836349487,
    -1.0861068964004517,
    0.5597642064094543,
    -0.7033703327178955,
    -0.4167243242263794,
    -1.2888880968093872,
    0.9984527230262756,
    -1.4147230386734009,
    0.31865137815475464,
    0.49007055163383484,
    -1.5190738439559937,
    1.4193389415740967
  ],
  "C(C(F)(F)F)(C(F)(F)F)O": [
    1.1937618255615234,
    -0.3952910304069519,
    0.12961626052856445,
    -0.46946585178375244,
    -0.18753521144390106,
    -1.2141038179397583,
    1.073288917541504,
    -0.2259122133255005,
    0.3427218198776245,
    -1.861311674118042,
    0.6833720207214355,
    -1.2090022563934326,
    0.5209255814552307,
    0.5078601837158203,
    -0.9921013712882996,
    2.1033267974853516
  ],
  "O1C(C)CCC1": [
    1.789949655532837,
    0.3750280439853668,
    0.35619598627090454,
    -0.2184460163116455,
    -0.1802171915769577,
    -0.33917340636253357,
    1.5518006086349487,
    -0.5971006155014038,
    -0.586337149143219,
    -0.8939809799194336,
    0.7446906566619873,
    -2.03749680519104,
    -0.415388286113739,
    0.7590388059616089,
    -1.3859680891036987,
    1.0761770009994507
  ],
  "C1CCCCC1": [
    1.6994073390960693,
    0.32710129022598267,
    0.1529366374015808,
    -0.31407469511032104,
    -0.7377115488052368,
    -0.6654201745986938,
    1.5776891708374023,
    -0.25319522619247437,
    -0.520403265953064,
    -0.7603839635848999,
    1.0019702911376953,
    -2.120643138885498,
    -0.2693127393722534,
    0.8525821566581726,
    -1.056934118270874,
    1.0863274335861206
  ],
  "CC(O)C": [
    1.8279449939727783,
    0.07977594435214996,
    0.36812904477119446,
    -0.08479570597410202,
    0.43017667531967163,
    -0.6355167627334595,
    0.9694093465805054,
    -0.7248375415802002,
    -0.39272046089172363,
    -1.3768233060836792,
    1.009962558746338,
    -1.6542476415634155,
    -0.06872547417879105,
    0.6028884649276733,
    -1.6400797367095947,
    1.284976601600647
  ],
  "O.CC#N": [
    1.5614733695983887,
    -0.9077732563018799,
    0.13396918773651123,
    0.048686180263757706,
    0.6443835496902466,
    -1.2386445999145508,
    0.5162057876586914,
    -0.3830837309360504,
    -0.40790867805480957,
    -1.3069474697113037,
    1.145283579826355,
    -1.3690192699432373,
    0.6483239531517029,
    0.5032657980918884,
    -1.3038923740386963,
    1.708734393119812
  ],
  "CC#N": [
    1.7739810943603516,
    -0.1861891895532608,
    0.43392637372016907,
    -0.017955223098397255,
    0.3806900382041931,
    -0.6682812571525574,
    0.9257472157478333,
    -0.5976859331130981,
    -0.23503638803958893,
    -1.350298523902893,
    0.9456893801689148,
    -1.7395423650741577,
    0.13310590386390686,
    0.41212233901023865,
    -1.6686174869537354,
    1.4515835046768188
  ],
  "CC#N.CC(=O)O": [
    1.7764461040496826,
    -0.2778039872646332,
    0.28532466292381287,
    0.011163651011884212,
    0.42397135496139526,
    -0.6553046703338623,
    0.8360693454742432,
    -0.6986137628555298,
    -0.13374975323677063,
    -1.4404250383377075,
    1.069952130317688,
    -1.5788933038711548,
    0.1443673074245453,
    0.5002650618553162,
    -1.6991980075836182,
    1.4300578832626343
  ],
  "CCOCC": [
    1.6767569780349731,
    0.4523215889930725,
    0.13587090373039246,
    -0.2772608995437622,
    -0.3985668122768402,
    -0.3803154230117798,
    1.7690740823745728,
    -0.559097170829773,
    -0.5703207850456238,
    -0.8709943890571594,
    0.7744665145874023,
    -1.9868074655532837,
    -0.5026309490203857,
    0.874539315700531,
    -1.2076313495635986,
    1.0722870826721191
  ],
  "OCC(F)(F)F": [
    1.7130405902862549,
    -0.39966896176338196,
    0.22142700850963593,
    -0.26461488008499146,
    0.3727932870388031,
    -1.1997926235198975,
    0.7590757012367249,
    -0.6797383427619934,
    -0.14925286173820496,
    -1.6172243356704712,
    1.1038531064987183,
    -1.1067728996276855,
    0.5017805099487305,
    0.5329601764678955,
    -1.4015626907348633,
    1.6105910539627075
  ],
  "O.OCC(F)(F)F": [
    1.5456159114837646,
    -1.0038987398147583,
    -0.1352776736021042,
    -0.0032391627319157124,
    0.6657707691192627,
    -1.4660253524780273,
    0.28426647186279297,
    -0.23054826259613037,
    -0.2516782581806183,
    -1.339015007019043,
    1.082651972770691,
    -0.9866673350334167,
    0.5109702348709106,
    0.7517462372779846,
    -1.2708206176757812,
    1.841431975364685
  ],
  "CN(C)C(C)=O": [
    1.773922324180603,
    0.24206888675689697,
    0.557700514793396,
    -0.14719276130199432,
    0.2801148295402527,
    -0.4899059236049652,
    1.1225513219833374,
    -0.7691784501075745,
    -0.5678011178970337,
    -1.204556941986084,
    0.9035096168518066,
    -1.9824330806732178,
    -0.1362905204296112,
    0.7062531113624573,
    -1.4305037260055542,
    1.1374303102493286
  ],
  "CCCCCCCCCCO": [
    1.77208411693573,
    0.4799523651599884,
    0.19706270098686218,
    -0.48979824781417847,
    -0.19314120709896088,
    -0.24635274708271027,
    1.466498613357544,
    -0.6701041460037231,
    -0.838264524936676,
    -0.8055346012115479,
    0.9456899762153625,
    -1.9169635772705078,
    -0.5287693738937378,
    1.0711321830749512,
    -1.2118819952011108,
    0.9686148762702942
  ],
  "OCC": [
    1.791464924812317,
    -0.16074059903621674,
    0.3367163836956024,
    -0.03471917659044266,
    0.5241349339485168,
    -0.7255159616470337,
    0.9408571124076843,
    -0.729456901550293,
    -0.3591790795326233,
    -1.4202158451080322,
    1.0105022192001343,
    -1.5554131269454956,
    0.10282466560602188,
    0.5495314598083496,
    -1.6452422142028809,
    1.3698052167892456
  ],
  "C1CCOC1": [
    1.6233323812484741,
    0.36809176206588745,
    0.24995598196983337,
    -0.08256445080041885,
    -0.31326255202293396,
    -0.1996869593858719,
    1.6370155811309814,
    -0.6594967842102051,
    -0.6424315571784973,
    -0.7883567810058594,
    0.8543425798416138,
    -2.1743357181549072,
    -0.5244934558868408,
    0.855933427810669,
    -1.2217671871185303,
    1.0165435075759888
  ],
  "[C@H]12CCC([C@H](OC1)O2)=O": [
    1.9255967140197754,
    -0.18325495719909668,
    0.5662841200828552,
    -6.40969374217093e-05,
    0.6570645570755005,
    -0.6804136037826538,
    0.6818762421607971,
    -0.8304939270019531,
    -0.4098212420940399,
    -1.2904846668243408,
    0.9248103499412537,
    -1.7720316648483276,
    0.12844063341617584,
    0.5243484973907471,
    -1.5019268989562988,
    1.2524763345718384
  ],
  "O=C(OCC)C": [
    1.6964550018310547,
    0.4391331672668457,
    0.2504560947418213,
    -0.12902601063251495,
    -0.25292378664016724,
    -0.4237462878227234,
    1.6234383583068848,
    -0.5612269043922424,
    -0.6022791266441345,
    -0.8786832690238953,
    0.8979668021202087,
    -2.050713300704956,
    -0.40469205379486084,
    0.7319329380989075,
    -1.3652167320251465,
    1.0283520221710205
  ],
  "CC(C)(C)OC": [
    1.4001364707946777,
    0.5292401313781738,
    -0.14228612184524536,
    -0.33169248700141907,
    -0.8201577663421631,
    -0.4825935959815979,
    1.9970762729644775,
    -0.5155867338180542,
    -0.7192772030830383,
    -0.7045940160751343,
    0.8087359070777893,
    -1.9132776260375977,
    -0.6035953760147095,
    1.2885024547576904,
    -0.6715473532676697,
    0.8883392810821533
  ],