{
  "CO": [
    1.9227646589279175,
    -0.40954187512397766,
    -0.011397387832403183,
    0.13648346066474915,
    0.3464849293231964,
    -1.5478583574295044,
    0.6312475204467773,
    -0.284061998128891,
    0.08913642168045044,
    -1.4987117052078247,
    0.5920109748840332,
    -0.9903260469436646,
    0.09605209529399872,
    0.7189204096794128,
    -1.463599443435669,
    1.6831748485565186
  ],
  "OCCO": [
    2.0006158351898193,
    -0.4591808617115021,
    0.1627333164215088,
    0.3033798336982727,
    0.7180856466293335,
    -1.471189022064209,
    0.8024130463600159,
    -0.3920101821422577,
    -0.21851621568202972,
    -1.424439787864685,
    0.47364887595176697,
    -1.247241735458374,
    0.02752414345741272,
    0.5740222334861755,
    -1.3300906419754028,
    1.4934351444244385
  ],
  "C(C(F)(F)F)(C(F)(F)F)O": [
    1.5957856178283691,
    -0.24311043322086334,
    0.018781524151563644,
    -0.24615108966827393,
    -0.372419536113739,
    -1.4937888383865356,
    0.8811315894126892,
    -0.24592994153499603,
    0.30660107731819153,
    -2.029811143875122,
    0.7839609980583191,
    -1.0194863080978394,
    0.4582524299621582,
    0.5881549119949341,
    -0.7278766632080078,
    1.7598875761032104
  ],
  "O1C(C)CCC1": [
    2.0062484741210938,
    0.672667920589447,
    0.2638222575187683,
    -0.1913776695728302,
    -0.45077118277549744,
    -0.5795111656188965,
    1.5531953573226929,
    -0.4844602346420288,
    -0.34970104694366455,
    -0.9980167150497437,
    0.48165252804756165,
    -1.9456404447555542,
    -0.5627964735031128,
    0.7506065964698792,
    -1.1544097661972046,
    1.002454161643982
  ],
  "C1CCCCC1": [
    1.6410213708877563,
    0.6999772191047668,
    -0.24413517117500305,
    -0.46992284059524536,
    -1.0985865592956543,
    -0.8809576630592346,
    1.564811110496521,
    -0.3895348906517029,
    -0.35921984910964966,
    -0.8277062177658081,
    0.7151192426681519,
    -1.7991909980773926,
    -0.5532811880111694,
    1.5029720067977905,
    -0.3795807659626007,
    0.8965356349945068
  ],
  "CC(O)C": [
    2.0798752307891846,
    0.3648546636104584,
    0.22337675094604492,
    -0.022727444767951965,
    0.060693737119436264,
    -0.9665421843528748,
    1.2128958702087402,
    -0.46445131301879883,
    -0.1544172316789627,
    -1.481742262840271,
    0.5762414932250977,
    -1.5676511526107788,
    -0.35832229256629944,
    0.660643994808197,
    -1.3655693531036377,
    1.2187312841415405
  ],
  "O.CC#N": [
    1.8521976470947266,
    -0.6751209497451782,
    -0.04147457331418991,
    0.19386768341064453,
    0.4165862202644348,
    -1.6949814558029175,
    0.6628870964050293,
    -0.12881463766098022,
    -0.1950674057006836,
    -1.4297584295272827,
    0.6393636465072632,
    -1.1151055097579956,
    0.26883798837661743,
    0.6226338744163513,
    -1.119760274887085,
    1.7535929679870605
  ],
  "CC#N": [
    2.1250228881835938,
    0.13724729418754578,
    0.2234349101781845,
    0.020561520010232925,
    -0.016117915511131287,
    -0.9126295447349548,
    1.1813240051269531,
    -0.39188987016677856,
    0.0280646663159132,
    -1.467649221420288,
    0.6188148856163025,
    -1.6196855306625366,
    -0.26143619418144226,
    0.4715169072151184,
    -1.4086620807647705,
    1.2850146293640137
  ],
  "CC#N.CC(=O)O": [
    2.1426589488983154,
    0.031309306621551514,
    0.1550677865743637,
    0.03303471952676773,
    0.024540400132536888,
    -1.0195010900497437,
    1.0460566282272339,
    -0.4592895209789276,
    0.17865082621574402,
    -1.5322962999343872,
    0.624951958656311,
    -1.4234538078308105,
    -0.22369997203350067,
    0.5706683397293091,
    -1.4623658657073975,
    1.3271881341934204
  ],
  "CCOCC": [
    1.9036792516708374,
    0.6767331957817078,
    0.0875815898180008,
    -0.2829434275627136,
    -0.6434326767921448,
    -0.5210447907447815,
    1.6778322458267212,
    -0.46331462264060974,
    -0.26132556796073914,
    -1.0308703184127808,
    0.5027990937232971,
    -1.870146632194519,
    -0.6325732469558716,
    0.9136924743652344,
    -1.0510743856430054,
    1.0105794668197632
  ],
  "OCC(F)(F)F": [
    1.671181082725525,
    -0.23861581087112427,
    0.1134013757109642,
    -0.23201565444469452,
    -0.23588743805885315,
    -1.5580339431762695,
    0.9624180793762207,
    -0.18948975205421448,
    0.3527543544769287,
    -1.833884835243225,
    0.4358364939689636,
    -1.1117730140686035,
    0.2860788106918335,
    0.7156916260719299,
    -0.9200884103775024,
    1.7973830699920654
  ],
  "O.OCC(F)(F)F": [
    1.5386425256729126,
    -0.8283042311668396,
    -0.10131662338972092,
    0.019724125042557716,
    0.33929696679115295,
    -1.8099497556686401,
    0.5441334843635559,
    0.10473176836967468,
    -0.048827819526195526,
    -1.6951714754104614,
    0.5734243988990784,
    -0.8263165354728699,
    0.4776492118835449,
    0.7622434496879578,
    -0.9298617243766785,
    1.891925573348999
  ],
  "CN(C)C(C)=O": [
    2.0591509342193604,
    0.5357580780982971,
    0.4140452742576599,
    -0.09246382862329483,
    0.007336564362049103,
    -0.7232657670974731,
    1.2241300344467163,
    -0.5368515849113464,
    -0.32548338174819946,
    -1.3427963256835938,
    0.5574589371681213,
    -1.8291374444961548,
    -0.46106281876564026,
    0.734699547290802,
    -1.271587610244751,
    1.064454436302185
  ],
  "CCCCCCCCCCO": [
    1.9904497861862183,
    0.6489801406860352,
    0.14671282470226288,
    -0.5037856101989746,
    -0.3727622330188751,
    -0.40007859468460083,
    1.432161569595337,
    -0.5309266448020935,
    -0.4723334014415741,
    -1.0516592264175415,
    0.6602814793586731,
    -1.864485502243042,
    -0.6657752990722656,
    1.0543535947799683,
    -1.034135341644287,
    0.9778397679328918
  ],
  "OCC": [
    2.038222312927246,
    0.1023174449801445,
    0.16304032504558563,
    0.07850395888090134,
    0.13984788954257965,
    -1.0341017246246338,
    1.1737288236618042,
    -0.4440948963165283,
    -0.03042970784008503,
    -1.5841550827026367,
    0.5985495448112488,
    -1.488051176071167,
    -0.23940689861774445,
    0.6652371883392334,
    -1.401501178741455,
    1.2784953117370605
  ],
  "C1CCOC1": [
    1.897855520248413,
    0.6252560019493103,
    0.16372071206569672,
    -0.12040035426616669,
    -0.5155136585235596,
    -0.4007044732570648,
    1.6010799407958984,
    -0.522329568862915,
    -0.273936927318573,
    -1.0050219297409058,
    0.5615876913070679,
    -2.044072389602661,
    -0.6899473667144775,
    0.8667970895767212,
    -1.0702762603759766,
    0.9400166273117065
  ],
  "[C@H]12CCC([C@H](OC1)O2)=O": [
    2.205644130706787,
    0.02324691042304039,
    0.4024733901023865,
    0.05662665516138077,
    0.3261006474494934,
    -1.0387413501739502,
    0.9574961066246033,
    -0.5379108190536499,
    -0.12822692096233368,
    -1.393067479133606,
    0.4603806436061859,
    -1.5791667699813843,
    -0.2497531920671463,
    0.597028911113739,
    -1.3747323751449585,
    1.285406231880188
  ],
  "O=C(OCC)C": [
    1.8848884105682373,
    0.7562602162361145,
    0.09358660131692886,
    -0.11461761593818665,
    -0.58357173204422,
    -0.5269545912742615,
    1.6422148942947388,
    -0.4855416417121887,
    -0.3302122950553894,
    -0.9913606643676758,
    0.5884343981742859,
    -1.9224342107772827,
    -0.6695341467857361,
    0.8401076793670654,
    -1.1149646043777466,
    0.9487166404724121
  ],
  "CC(C)(C)OC": [
    1.680140733718872,
    0.775806725025177,
    -0.15909503400325775,
    -0.2064383625984192,
    -0.8961307406425476,
    -0.5854299664497375,
    1.8767223358154297,
    -0.4833865165710449,
    -0.44791677594184875,
    -0.8564256429672241,
    0.6745421290397644,
    -1.8219218254089355,
    -0.6750627756118774,
    1.0761547088623047,
    -0.8110620379447937,
    0.8778900504112244
  ],