{
  "CO": [
    1.191577672958374,
    -1.0053987503051758,
    0.36911216378211975,
    -0.42923474311828613,
    0.8302425742149353,
    -0.41595718264579773,
    0.3689403533935547,
    -0.6488479971885681,
    -0.8145841360092163,
    -1.1975454092025757,
    1.8064234256744385,
    -0.8669813275337219,
    0.5751016139984131,
    0.8551093935966492,
    -1.8109301328659058,
    1.1842471361160278
  ],
  "OCCO": [
    1.304600477218628,
    -1.0931059122085571,
    0.46859878301620483,
    -0.08709730952978134,
    1.346090316772461,
    -0.5617291927337646,
    -0.016028033569455147,
    -0.4335751235485077,
    -0.9050325751304626,
    -0.8431520462036133,
    1.6054569482803345,
    -1.1020026206970215,
    0.4681341052055359,
    0.6057274341583252,
    -1.8642898797988892,
    1.0962154865264893
  ],
  "C(C(F)(F)F)(C(F)(F)F)O": [
    0.9137732982635498,
    -0.7394570112228394,
    0.3502582609653473,
    -1.0592989921569824,
    0.04344798997044563,
    -0.5765457153320312,
    0.964909017086029,
    -0.02632073499262333,
    -0.31503841280937195,
    -1.557045817375183,
    1.3725581169128418,
    -0.8254882097244263,
    0.5112297534942627,
    0.9164047241210938,
    -1.7119152545928955,
    1.7352886199951172
  ],
  "O1C(C)CCC1": [
    1.4531339406967163,
    -0.3974354863166809,
    0.564136266708374,
    -0.5913683772087097,
    0.3239745497703552,
    0.057096950709819794,
    1.1190464496612549,
    -0.3361058533191681,
    -1.486507773399353,
    -0.6177241802215576,
    1.2306272983551025,
    -1.5877485275268555,
    0.005030123516917229,
    1.1070469617843628,
    -1.7349053621292114,
    0.8853110074996948
  ],
  "C1CCCCC1": [
    1.2542734146118164,
    -0.2719268798828125,
    0.05401693284511566,
    -0.5326775908470154,
    -0.47328129410743713,
    -0.44743114709854126,
    1.5901422500610352,
    0.0032926588319242,
    -1.5125160217285156,
    -0.3021601140499115,
    1.3792076110839844,
    -1.6166203022003174,
    -0.09526799619197845,
    1.4709291458129883,
    -1.245729923248291,
    0.7437719702720642
  ],
  "CC(O)C": [
    1.369333267211914,
    -0.5728675127029419,
    0.6263889074325562,
    -0.4675576984882355,
    0.8482921719551086,
    -0.22776781022548676,
    0.4234010577201843,
    -0.6049734950065613,
    -1.1858017444610596,
    -1.0285825729370117,
    1.5643755197525024,
    -1.2032161951065063,
    0.39847832918167114,
    0.8651599287986755,
    -1.8754017353057861,
    1.060878038406372
  ],
  "O.CC#N": [
    1.1720799207687378,
    -1.2504850625991821,
    0.22057665884494781,
    -0.31772762537002563,
    1.0081130266189575,
    -0.6849555969238281,
    -0.030463900417089462,
    -0.17183127999305725,
    -0.7781763076782227,
    -0.8700171709060669,
    1.7126407623291016,
    -0.8680131435394287,
    0.5269103050231934,
    0.6923100352287292,
    -1.849541187286377,
    1.479145884513855
  ],
  "CC#N": [
    1.3025568723678589,
    -0.8184561729431152,
    0.5408974885940552,
    -0.27312999963760376,
    0.8250471949577332,
    0.023062298074364662,
    0.23531056940555573,
    -0.4912146329879761,
    -0.9318265318870544,
    -1.1250790357589722,
    1.631998896598816,
    -1.2419935464859009,
    0.46402251720428467,
    0.7053343653678894,
    -1.994264841079712,
    1.1373109817504883
  ],
  "CC#N.CC(=O)O": [
    1.3088804483413696,
    -0.8705971837043762,
    0.4704287648200989,
    -0.3281528055667877,
    0.8051754236221313,
    -0.08040755987167358,
    0.23418854176998138,
    -0.5562355518341064,
    -0.7692248225212097,
    -1.163283348083496,
    1.7083005905151367,
    -1.073011040687561,
    0.469165176153183,
    0.7130314707756042,
    -2.0335938930511475,
    1.1552625894546509
  ],
  "CCOCC": [
    1.1954741477966309,
    -0.284339964389801,
    0.20893524587154388,
    -0.49884673953056335,
    -0.0784817561507225,
    -0.06621789187192917,
    1.5215808153152466,
    -0.3322926163673401,
    -1.7977138757705688,
    -0.42971715331077576,
    1.344117283821106,
    -1.5531195402145386,
    -0.052058473229408264,
    1.3738141059875488,
    -1.3127084970474243,
    0.7579416036605835
  ],
  "OCC(F)(F)F": [
    1.138190507888794,
    -0.9567081332206726,
    0.41082528233528137,
    -0.7564446926116943,
    0.5061023235321045,
    -0.5198248624801636,
    0.5536963939666748,
    -0.4184472858905792,
    -0.667544960975647,
    -1.3176946640014648,
    1.6744939088821411,
    -0.8103542923927307,
    0.7219057083129883,
    0.9048609733581543,
    -1.8118031024932861,
    1.341967225074768
  ],
  "O.OCC(F)(F)F": [
    1.2077029943466187,
    -1.199459195137024,
    0.06919708102941513,
    -0.474934458732605,
    1.0107840299606323,
    -0.8681415319442749,
    0.11428861320018768,
    -0.21070481836795807,
    -0.7001031637191772,
    -0.9893537759780884,
    1.7140464782714844,
    -0.6670491099357605,
    0.5918473601341248,
    0.7168307900428772,
    -1.7875697612762451,
    1.464342713356018
  ],
  "CN(C)C(C)=O": [
    1.4036281108856201,
    -0.4459528923034668,
    0.8083617687225342,
    -0.46080151200294495,
    0.7892829775810242,
    -0.03590046614408493,
    0.48188698291778564,
    -0.5894385576248169,
    -1.4102481603622437,
    -0.8815115690231323,
    1.416502594947815,
    -1.4800024032592773,
    0.261151522397995,
    0.9201117157936096,
    -1.7387632131576538,
    0.9518330097198486
  ],
  "CCCCCCCCCCO": [
    1.2192234992980957,
    -0.2689797282218933,
    0.28698986768722534,
    -0.8657853603363037,
    0.1535257250070572,
    0.15188811719417572,
    1.1766971349716187,
    -0.40642857551574707,
    -1.832255482673645,
    -0.3801722824573517,
    1.453080654144287,
    -1.433112621307373,
    -0.08874188363552094,
    1.4832441806793213,
    -1.3216252326965332,
    0.6684609055519104
  ],
  "OCC": [
    1.358523964881897,
    -0.8072954416275024,
    0.5210018157958984,
    -0.3615536391735077,
    0.9961092472076416,
    -0.23166251182556152,
    0.23237405717372894,
    -0.5564737915992737,
    -0.9027913808822632,
    -1.0832483768463135,
    1.5618094205856323,
    -0.9910301566123962,
    0.41766759753227234,
    0.7581236958503723,
    -2.064185857772827,
    1.142525553703308
  ],
  "C1CCOC1": [
    1.3311920166015625,
    -0.4628126323223114,
    0.5823403000831604,
    -0.47586554288864136,
    0.2846689820289612,
    0.08888483792543411,
    1.0992571115493774,
    -0.3295804560184479,
    -1.5644187927246094,
    -0.47905007004737854,
    1.4016709327697754,
    -1.7316714525222778,
    -0.018337983638048172,
    1.067322850227356,
    -1.624664306640625,
    0.8242397308349609
  ],
  "[C@H]12CCC([C@H](OC1)O2)=O": [
    1.445521354675293,
    -0.7795364856719971,
    0.7791013717651367,
    -0.3309873044490814,
    1.0615531206130981,
    -0.2161141335964203,
    0.023328157141804695,
    -0.6244703531265259,
    -0.9595544934272766,
    -0.9719228744506836,
    1.5557279586791992,
    -1.3496452569961548,
    0.4510113000869751,
    0.7062572240829468,
    -1.8017414808273315,
    0.9999828934669495
  ],
  "O=C(OCC)C": [
    1.2445813417434692,
    -0.3524980843067169,
    0.3201766610145569,
    -0.4940800070762634,
    0.01809662953019142,
    0.032585613429546356,
    1.4689991474151611,
    -0.305345743894577,
    -1.644923210144043,
    -0.5222862958908081,
    1.3246983289718628,
    -1.5601781606674194,
    -0.03851219266653061,
    1.2947331666946411,
    -1.5422933101654053,
    0.7520066499710083
  ],
  "CC(C)(C)OC": [
    1.104600429534912,
    -0.1935490071773529,
    -0.06430013477802277,
    -0.657811164855957,
    -0.37602412700653076,
    -0.1643095463514328,
    1.854223608970642,
    -0.19288617372512817,
    -1.6863963603973389,
    -0.32413920760154724,
    1.191727638244629,
    -1.4005446434020996,
    -0.24545522034168243,
    1.6466020345687866,
    -1.112798810005188,
    0.62120521068573
  ],