{
  "CO": [
    1.6855754852294922,
    -0.6102914214134216,
    0.12440783530473709,
    0.08225693553686142,
    0.6014264822006226,
    -1.199783444404602,
    0.6319097876548767,
    -0.5620647072792053,
    -0.041918277740478516,
    -1.3941024541854858,
    0.8421477675437927,
    -1.1300528049468994,
    0.35290494561195374,
    0.5774326920509338,
    -1.6935755014419556,
    1.7296781539916992
  ],
  "OCCO": [
    1.7839561700820923,
    -0.6568946838378906,
    0.2056514173746109,
    0.26076993346214294,
    1.0341628789901733,
    -1.14698326587677,
    0.5384328365325928,
    -0.5189870595932007,
    -0.3158402740955353,
    -1.2734683752059937,
    0.7908185124397278,
    -1.326542615890503,
    0.2748327851295471,
    0.45836737751960754,
    -1.629451870918274,
    1.516374945640564
  ],
  "C(C(F)(F)F)(C(F)(F)F)O": [
    1.231111764907837,
    -0.33583366870880127,
    0.1664869338274002,
    -0.48873674869537354,
    -0.4736747741699219,
    -1.1274958848953247,
    1.1923891305923462,
    -0.03871501237154007,
    0.43870192766189575,
    -1.9483466148376465,
    0.4280717670917511,
    -1.2503297328948975,
    0.3969011604785919,
    0.5952548384666443,
    -0.8350419998168945,
    2.0534253120422363
  ],
  "O1C(C)CCC1": [
    1.7501556873321533,
    0.4893375337123871,
    0.2577205002307892,
    -0.16917090117931366,
    -0.39782485365867615,
    -0.2793738543987274,
    1.727540373802185,
    -0.5893946886062622,
    -0.5739196538925171,
    -0.8740533590316772,
    0.573901355266571,
    -2.050708770751953,
    -0.5052400231361389,
    0.7990956902503967,
    -1.222535490989685,
    1.066664695739746
  ],
  "C1CCCCC1": [
    1.6776561737060547,
    0.4078111946582794,
    0.05495356768369675,
    -0.21119894087314606,
    -0.7720011472702026,
    -0.7322419881820679,
    1.685869574546814,
    -0.20044253766536713,
    -0.47266432642936707,
    -0.8063716888427734,
    0.9530054926872253,
    -2.126236915588379,
    -0.3887595236301422,
    0.9091418981552124,
    -0.9337064027786255,
    0.9592593908309937
  ],
  "CC(O)C": [
    1.9127142429351807,
    0.13833796977996826,
    0.336893230676651,
    -0.09339021891355515,
    0.3162911534309387,
    -0.7278629541397095,
    1.0572351217269897,
    -0.633961021900177,
    -0.2946043312549591,
    -1.4188827276229858,
    0.8962494730949402,
    -1.668988823890686,
    -0.11722198128700256,
    0.5753504633903503,
    -1.5605329275131226,
    1.2810019254684448
  ],
  "O.CC#N": [
    1.611508846282959,
    -0.8398683667182922,
    0.09622213244438171,
    0.14808183908462524,
    0.6204218864440918,
    -1.3639198541641235,
    0.5470679402351379,
    -0.2884063124656677,
    -0.3605804443359375,
    -1.3034192323684692,
    0.9994348883628845,
    -1.3012639284133911,
    0.4708685278892517,
    0.5352586507797241,
    -1.3548036813735962,
    1.778676986694336
  ],
  "CC#N": [
    1.9116966724395752,
    -0.10921395570039749,
    0.34326308965682983,
    -0.016982851549983025,
    0.29758405685424805,
    -0.7364556789398193,
    0.9969702363014221,
    -0.5958353281021118,
    -0.1518782675266266,
    -1.3907679319381714,
    0.8580224514007568,
    -1.6835068464279175,
    0.07443585991859436,
    0.3958328366279602,
    -1.61139976978302,
    1.4143728017807007
  ],
  "CC#N.CC(=O)O": [
    1.8476406335830688,
    -0.21315553784370422,
    0.25567856431007385,
    0.023903731256723404,
    0.3195166289806366,
    -0.7256796956062317,
    0.9374427199363708,
    -0.5941001176834106,
    -0.058158036321401596,
    -1.4684993028640747,
    0.9415758848190308,
    -1.6147700548171997,
    0.09092948585748672,
    0.4539940059185028,
    -1.644330382347107,
    1.444196105003357
  ],
  "CCOCC": [
    1.700439691543579,
    0.5546084046363831,
    0.13053108751773834,
    -0.18908455967903137,
    -0.47999221086502075,
    -0.4838367998600006,
    1.8111488819122314,
    -0.5114443898200989,
    -0.6093927025794983,
    -0.8681711554527283,
    0.7580451965332031,
    -2.0260009765625,
    -0.4779554307460785,
    0.7791820168495178,
    -1.0956474542617798,
    1.0114341974258423
  ],
  "OCC(F)(F)F": [
    1.7216914892196655,
    -0.3892059624195099,
    0.19004307687282562,
    -0.2716352641582489,
    0.15301565825939178,
    -1.1895990371704102,
    0.9761865139007568,
    -0.6465113759040833,
    -0.02040351741015911,
    -1.7074480056762695,
    0.981202244758606,
    -1.1998374462127686,
    0.5232860445976257,
    0.6061499118804932,
    -1.2727631330490112,
    1.5468865633010864
  ],
  "O.OCC(F)(F)F": [
    1.478369951248169,
    -0.95883709192276,
    0.007475387305021286,
    0.08266764879226685,
    0.567903995513916,
    -1.5544302463531494,
    0.5336617827415466,
    -0.18472608923912048,
    -0.370535284280777,
    -1.465973138809204,
    1.0352524518966675,
    -1.0576682090759277,
    0.6454259753227234,
    0.5772416591644287,
    -1.1436930894851685,
    1.806203842163086
  ],
  "CN(C)C(C)=O": [
    1.9719706773757935,
    0.26561662554740906,
    0.5623314380645752,
    -0.23010726273059845,
    0.25524836778640747,
    -0.4827888309955597,
    1.1285268068313599,
    -0.6592235565185547,
    -0.3446580469608307,
    -1.2439404726028442,
    0.6873937249183655,
    -1.8902006149291992,
    -0.24233341217041016,
    0.5833073258399963,
    -1.5174221992492676,
    1.1542937755584717
  ],
  "CCCCCCCCCCO": [
    1.7358105182647705,
    0.53804612159729,
    0.15165181457996368,
    -0.4443027377128601,
    -0.2999310791492462,
    -0.2610595226287842,
    1.595441222190857,
    -0.6548699736595154,
    -0.7755570411682129,
    -0.8427198529243469,
    0.8986444473266602,
    -1.9675673246383667,
    -0.5911790728569031,
    1.085329532623291,
    -1.0633323192596436,
    0.89923095703125
  ],
  "OCC": [
    1.8999799489974976,
    -0.1265486776828766,
    0.302229642868042,
    -0.050789088010787964,
    0.4522802233695984,
    -0.8243023157119751,
    0.9737917184829712,
    -0.6776705384254456,
    -0.20985054969787598,
    -1.4386086463928223,
    0.8454196453094482,
    -1.4653382301330566,
    0.0486617274582386,
    0.5247343182563782,
    -1.6685190200805664,
    1.4125139713287354
  ],
  "C1CCOC1": [
    1.779710054397583,
    0.4178301990032196,
    0.32971784472465515,
    -0.1626749187707901,
    -0.3033387362957001,
    -0.3248980939388275,
    1.631682276725769,
    -0.5146350264549255,
    -0.49026256799697876,
    -0.8632816672325134,
    0.7485238909721375,
    -2.1586759090423584,
    -0.5035905241966248,
    0.6761783361434937,
    -1.2637046575546265,
    1.002174735069275
  ],
  "[C@H]12CCC([C@H](OC1)O2)=O": [
    1.9935355186462402,
    -0.1607842743396759,
    0.5431047081947327,
    0.03832242265343666,
    0.5923740863800049,
    -0.7873746752738953,
    0.7829996943473816,
    -0.7275863289833069,
    -0.30037322640419006,
    -1.2932190895080566,
    0.7681391835212708,
    -1.763074517250061,
    0.06173808127641678,
    0.4473873972892761,
    -1.5070176124572754,
    1.3066747188568115
  ],
  "O=C(OCC)C": [
    1.58916175365448,
    0.5316280722618103,
    0.07790731638669968,
    -0.06419724971055984,
    -0.552952766418457,
    -0.2488962858915329,
    1.8851706981658936,
    -0.5682573914527893,
    -0.5291944146156311,
    -0.8603767156600952,
    0.7082525491714478,
    -2.0621490478515625,
    -0.6485646367073059,
    0.9258176684379578,
    -1.089125156402588,
    0.9107955694198608
  ],
  "CC(C)(C)OC": [
    1.5604853630065918,
    0.5828294157981873,
    -0.05127665400505066,
    -0.285262793302536,
    -0.8057377934455872,
    -0.5414259433746338,
    1.9859369993209839,
    -0.45862680673599243,
    -0.5947133302688599,
    -0.8007119297981262,
    0.7611074447631836,
    -1.9212369918823242,
    -0.5365272164344788,
    1.058655858039856,
    -0.8380175232887268,
    0.8927748203277588
  ],