{
  "CO": [
    1.8737467527389526,
    -0.4532904028892517,
    -0.002453794004395604,
    0.14337043464183807,
    0.4793761074542999,
    -1.2670410871505737,
    0.7955707311630249,
    -0.5359582901000977,
    -0.08527088910341263,
    -1.4544906616210938,
    0.7711178064346313,
    -1.165952444076538,
    0.25325897336006165,
    0.5454941987991333,
    -1.5391252040863037,
    1.6433824300765991
  ],
  "OCCO": [
    2.0242226123809814,
    -0.47240209579467773,
    0.1754855364561081,
    0.3127959966659546,
    0.8776218295097351,
    -1.2418620586395264,
    0.6439385414123535,
    -0.5961703658103943,
    -0.35888147354125977,
    -1.3176078796386719,
    0.6847255229949951,
    -1.4046435356140137,
    0.15494304895401,
    0.4980827271938324,
    -1.3873244524002075,
    1.4080921411514282
  ],
  "C(C(F)(F)F)(C(F)(F)F)O": [
    1.6511077880859375,
    -0.4396626353263855,
    -0.0981413945555687,
    -0.22994248569011688,
    0.17106984555721283,
    -1.3722628355026245,
    0.7820708751678467,
    -0.3110799193382263,
    0.16778403520584106,
    -1.959777593612671,
    0.7885622978210449,
    -0.9230210185050964,
    0.5079566240310669,
    0.520386815071106,
    -1.0727771520614624,
    1.8232872486114502
  ],
  "O1C(C)CCC1": [
    1.8418400287628174,
    0.568903923034668,
    0.22208046913146973,
    -0.125102236866951,
    -0.400797575712204,
    -0.36688199639320374,
    1.6935174465179443,
    -0.5657435059547424,
    -0.5300593972206116,
    -0.9581482410430908,
    0.5410504937171936,
    -2.0642426013946533,
    -0.4995964765548706,
    0.7629883289337158,
    -1.122031807899475,
    1.0085930824279785
  ],
  "C1CCCCC1": [
    1.8163317441940308,
    0.41914910078048706,
    0.13490933179855347,
    -0.26821693778038025,
    -0.8260571360588074,
    -0.8117038011550903,
    1.5669208765029907,
    -0.16205109655857086,
    -0.32299357652664185,
    -0.9178940057754517,
    0.8601394891738892,
    -2.0994367599487305,
    -0.1891009658575058,
    0.7550247311592102,
    -0.9804720282554626,
    1.0308728218078613
  ],
  "CC(O)C": [
    2.051945209503174,
    0.1807253658771515,
    0.26338163018226624,
    -0.07083406299352646,
    0.23083509504795074,
    -0.7900476455688477,
    1.105309009552002,
    -0.6018105745315552,
    -0.1566065102815628,
    -1.4966017007827759,
    0.7070127129554749,
    -1.6084357500076294,
    -0.17939428985118866,
    0.5889891982078552,
    -1.4741870164871216,
    1.2543457746505737
  ],
  "O.CC#N": [
    1.6776399612426758,
    -0.7690088748931885,
    0.1478738784790039,
    -0.009800076484680176,
    0.3923470377922058,
    -1.3505165576934814,
    0.7522320747375488,
    -0.149663507938385,
    -0.12359968572854996,
    -1.494163990020752,
    0.5930971503257751,
    -1.2879959344863892,
    0.530963659286499,
    0.5071694254875183,
    -1.291202425956726,
    1.875257968902588
  ],
  "CC#N": [
    2.0684473514556885,
    -0.006850797683000565,
    0.22346264123916626,
    0.049863655120134354,
    0.22669477760791779,
    -0.7652469873428345,
    1.088409662246704,
    -0.5476325750350952,
    -0.09601011872291565,
    -1.4351595640182495,
    0.685567319393158,
    -1.6494234800338745,
    -0.042495060712099075,
    0.3724294602870941,
    -1.5318100452423096,
    1.3615518808364868
  ],
  "CC#N.CC(=O)O": [
    2.047305107116699,
    -0.10897993296384811,
    0.17753803730010986,
    0.03673359379172325,
    0.22205211222171783,
    -0.8220950961112976,
    1.023474097251892,
    -0.5970356464385986,
    0.002415222581475973,
    -1.4807097911834717,
    0.7531177997589111,
    -1.5381029844284058,
    -0.002400340512394905,
    0.4497258961200714,
    -1.5530387163162231,
    1.3919916152954102
  ],
  "CCOCC": [
    1.8010896444320679,
    0.6270875930786133,
    0.016240021213889122,
    -0.15091200172901154,
    -0.52861487865448,
    -0.41491058468818665,
    1.8134450912475586,
    -0.5118036270141602,
    -0.5377705693244934,
    -0.9587067365646362,
    0.6215588450431824,
    -1.9804507493972778,
    -0.5641798377037048,
    0.8094286322593689,
    -1.0098536014556885,
    0.9770486950874329
  ],
  "OCC(F)(F)F": [
    1.905947208404541,
    -0.3559584617614746,
    -0.032687488943338394,
    -0.1809016317129135,
    0.26858997344970703,
    -1.3191020488739014,
    0.7350754737854004,
    -0.4525899887084961,
    0.15374824404716492,
    -1.78010094165802,
    0.742175281047821,
    -1.0139092206954956,
    0.3735685646533966,
    0.5373134016990662,
    -1.2606244087219238,
    1.6837528944015503
  ],
  "O.OCC(F)(F)F": [
    1.6207934617996216,
    -0.8919485211372375,
    -0.09713072329759598,
    0.13141748309135437,
    0.5191476941108704,
    -1.686071753501892,
    0.49075525999069214,
    -0.13310955464839935,
    -0.3097497224807739,
    -1.468711256980896,
    0.8384842872619629,
    -1.0025718212127686,
    0.5910298228263855,
    0.6114413142204285,
    -1.0435669422149658,
    1.831567406654358
  ],
  "CN(C)C(C)=O": [
    2.0461666584014893,
    0.4021422863006592,
    0.4994884729385376,
    -0.128997340798378,
    0.14547644555568695,
    -0.5939428806304932,
    1.2168437242507935,
    -0.6378479599952698,
    -0.42860257625579834,
    -1.2148207426071167,
    0.5456679463386536,
    -1.922523856163025,
    -0.2691199481487274,
    0.5689351558685303,
    -1.3651440143585205,
    1.1392501592636108
  ],
  "CCCCCCCCCCO": [
    1.8465209007263184,
    0.6093378067016602,
    0.0921981930732727,
    -0.34161147475242615,
    -0.3352675437927246,
    -0.29402920603752136,
    1.6010662317276,
    -0.6944851875305176,
    -0.7677146196365356,
    -0.9081655740737915,
    0.7879990935325623,
    -1.9700862169265747,
    -0.5912599563598633,
    1.070410966873169,
    -0.9295644164085388,
    0.832892119884491
  ],
  "OCC": [
    2.0601537227630615,
    -0.030673647299408913,
    0.19506892561912537,
    0.017680801451206207,
    0.3906104862689972,
    -0.891755998134613,
    1.0487229824066162,
    -0.6131702065467834,
    -0.19040553271770477,
    -1.4699629545211792,
    0.6613788604736328,
    -1.4721930027008057,
    -0.025301871821284294,
    0.5148862600326538,
    -1.5535997152328491,
    1.3622750043869019
  ],
  "C1CCOC1": [
    1.8815313577651978,
    0.4844900369644165,
    0.19436237215995789,
    -0.1280345767736435,
    -0.38018232583999634,
    -0.27024295926094055,
    1.6846919059753418,
    -0.5540856122970581,
    -0.3982448875904083,
    -0.9567825794219971,
    0.5684585571289062,
    -2.0907623767852783,
    -0.5719091892242432,
    0.7382785081863403,
    -1.1643004417419434,
    0.9688790440559387
  ],
  "[C@H]12CCC([C@H](OC1)O2)=O": [
    2.12539005279541,
    -0.11438606679439545,
    0.3810346722602844,
    0.08224792778491974,
    0.5461698174476624,
    -0.8436458706855774,
    0.8764476180076599,
    -0.6642948985099792,
    -0.2510056793689728,
    -1.3389403820037842,
    0.611749529838562,
    -1.6602941751480103,
    -0.03645052760839462,
    0.45765286684036255,
    -1.4883300065994263,
    1.3174163103103638
  ],
  "O=C(OCC)C": [
    1.8448772430419922,
    0.6063832640647888,
    0.13678514957427979,
    -0.09432098269462585,
    -0.46259260177612305,
    -0.42267027497291565,
    1.7399488687515259,
    -0.5030681490898132,
    -0.4628697335720062,
    -0.9541751742362976,
    0.6213089823722839,
    -2.020857095718384,
    -0.5310537815093994,
    0.7106722593307495,
    -1.1617971658706665,
    0.9605952501296997
  ],
  "CC(C)(C)OC": [
    1.7496830224990845,
    0.5872191190719604,
    -0.02250833250582218,
    -0.30807435512542725,
    -0.7987536787986755,
    -0.5342939496040344,
    1.963476538658142,
    -0.39140430092811584,
    -0.43585261702537537,
    -0.9273852705955505,
    0.6465615630149841,
    -1.9122921228408813,
    -0.48306775093078613,
    0.8477779030799866,
    -0.8856972455978394,
    0.9159879684448242
  ],