{
  "CO": [
    1.0901129245758057,
    -1.0576543807983398,
    0.8242411613464355,
    -0.9602577686309814,
    0.5188929438591003,
    -0.13929568231105804,
    0.5054528713226318,
    -0.15916189551353455,
    -0.2866850197315216,
    -1.1202435493469238,
    1.1847319602966309,
    -1.0653607845306396,
    0.4045948386192322,
    0.9585226774215698,
    -2.1333839893341064,
    1.429600477218628
  ],
  "OCCO": [
    1.4075970649719238,
    -0.992043137550354,
    0.4923692047595978,
    -0.2607136368751526,
    1.3121750354766846,
    -0.5025972723960876,
    -0.017366040498018265,
    -0.5603097081184387,
    -0.8744829893112183,
    -0.9601232409477234,
    1.595842957496643,
    -0.9818345308303833,
    0.5013570785522461,
    0.6373270750045776,
    -1.8666950464248657,
    1.0588045120239258
  ],
  "C(C(F)(F)F)(C(F)(F)F)O": [
    1.035355806350708,
    -0.7048482298851013,
    0.16503995656967163,
    -1.2616692781448364,
    -0.5409120917320251,
    -0.3997897207736969,
    1.1275817155838013,
    0.07890588790178299,
    -0.3779630959033966,
    -1.7012615203857422,
    1.5353879928588867,
    -0.734717607498169,
    0.585422694683075,
    1.12663733959198,
    -1.299232840538025,
    1.3661937713623047
  ],
  "O1C(C)CCC1": [
    1.4575977325439453,
    -0.3789040446281433,
    0.551062822341919,
    -0.5992286801338196,
    0.3101673424243927,
    0.08124829828739166,
    1.0723680257797241,
    -0.3194105923175812,
    -1.5053211450576782,
    -0.6361550092697144,
    1.2480367422103882,
    -1.6090320348739624,
    0.024828268215060234,
    1.0886693000793457,
    -1.7098448276519775,
    0.9174855947494507
  ],
  "C1CCCCC1": [
    1.0927149057388306,
    -0.04740191623568535,
    -0.4568871557712555,
    -1.0068475008010864,
    -0.614233672618866,
    -0.51060950756073,
    1.6129554510116577,
    -0.06247884780168533,
    -1.3279393911361694,
    -0.09716273099184036,
    0.8636739253997803,
    -1.3478115797042847,
    -0.5448079705238342,
    2.293015480041504,
    -0.41657015681266785,
    0.5746117234230042
  ],
  "CC(O)C": [
    1.265533208847046,
    -0.6801707744598389,
    0.6557855606079102,
    -0.36613163352012634,
    0.7191046476364136,
    -0.07488807290792465,
    0.681739091873169,
    -0.5852459669113159,
    -1.2119327783584595,
    -0.9484683871269226,
    1.3987432718276978,
    -1.2789373397827148,
    0.35575464367866516,
    0.9817367792129517,
    -1.9791593551635742,
    1.0578746795654297
  ],
  "O.CC#N": [
    1.2214654684066772,
    -1.2720375061035156,
    0.29864102602005005,
    -0.3352942168712616,
    1.0313185453414917,
    -0.6529917120933533,
    -0.03757880628108978,
    -0.2407393455505371,
    -0.8138234615325928,
    -0.8760614991188049,
    1.7142945528030396,
    -0.8560065627098083,
    0.6195041537284851,
    0.6182604432106018,
    -1.8260966539382935,
    1.3976483345031738
  ],
  "CC#N": [
    1.4098094701766968,
    -0.8209496736526489,
    0.5824681520462036,
    -0.3956643342971802,
    0.8341387510299683,
    -0.10999177396297455,
    0.21080446243286133,
    -0.5070416927337646,
    -0.820502758026123,
    -1.1164802312850952,
    1.5248808860778809,
    -1.1435402631759644,
    0.5098505020141602,
    0.6833351254463196,
    -2.0418314933776855,
    1.1906381845474243
  ],
  "CC#N.CC(=O)O": [
    1.338459849357605,
    -0.8976650834083557,
    0.5046873092651367,
    -0.35777804255485535,
    0.8228698968887329,
    -0.10321201384067535,
    0.17857828736305237,
    -0.5392844676971436,
    -0.7601655125617981,
    -1.1395901441574097,
    1.647635579109192,
    -1.0268797874450684,
    0.4620186686515808,
    0.7155843377113342,
    -2.0559418201446533,
    1.2008507251739502
  ],
  "CCOCC": [
    1.137306809425354,
    -0.33063116669654846,
    0.21886378526687622,
    -0.48418763279914856,
    -0.1395643949508667,
    -0.04106070101261139,
    1.5179847478866577,
    -0.3051699697971344,
    -1.8759360313415527,
    -0.36390215158462524,
    1.3160736560821533,
    -1.4996832609176636,
    -0.048687808215618134,
    1.4622845649719238,
    -1.2888062000274658,
    0.7220962047576904
  ],
  "OCC(F)(F)F": [
    1.2876585721969604,
    -0.9372172355651855,
    0.24538832902908325,
    -0.6746213436126709,
    0.8400693535804749,
    -0.5967797636985779,
    0.2618318796157837,
    -0.4348086416721344,
    -0.5385119915008545,
    -1.3572443723678589,
    1.5903221368789673,
    -0.5506033897399902,
    0.6043094992637634,
    0.7710744142532349,
    -1.9313427209854126,
    1.412935733795166
  ],
  "O.OCC(F)(F)F": [
    1.0323230028152466,
    -1.2756977081298828,
    0.1908469945192337,
    -0.6367900371551514,
    0.9112686514854431,
    -0.8004540801048279,
    0.2560705542564392,
    -0.16131727397441864,
    -0.742845892906189,
    -1.1330941915512085,
    1.7855323553085327,
    -0.5753623247146606,
    0.71145099401474,
    0.7335326671600342,
    -1.7116488218307495,
    1.4093897342681885
  ],
  "CN(C)C(C)=O": [
    1.3794066905975342,
    -0.5246703624725342,
    0.819882869720459,
    -0.47589853405952454,
    0.8051320910453796,
    -0.03174872696399689,
    0.48622041940689087,
    -0.5609279870986938,
    -1.380265474319458,
    -0.9066731929779053,
    1.392435908317566,
    -1.437347650527954,
    0.28250613808631897,
    0.9659633636474609,
    -1.7685855627059937,
    0.9453325867652893
  ],
  "CCCCCCCCCCO": [
    1.350945234298706,
    -0.29725217819213867,
    0.2848588824272156,
    -0.9251065850257874,
    0.29859328269958496,
    0.20171143114566803,
    1.0886465311050415,
    -0.3295164704322815,
    -1.7246410846710205,
    -0.45236533880233765,
    1.421716570854187,
    -1.3792259693145752,
    -0.17854619026184082,
    1.444096565246582,
    -1.4602817296981812,
    0.6523827314376831
  ],
  "OCC": [
    1.3594192266464233,
    -0.8205323219299316,
    0.5474404692649841,
    -0.38705167174339294,
    1.003400444984436,
    -0.22856411337852478,
    0.22966013848781586,
    -0.5748801827430725,
    -0.9186726212501526,
    -1.1224080324172974,
    1.5454041957855225,
    -0.9756521582603455,
    0.4484122097492218,
    0.7752413749694824,
    -2.0228934288024902,
    1.1319618225097656
  ],
  "C1CCOC1": [
    1.3073770999908447,
    -0.5075534582138062,
    0.5757212042808533,
    -0.48241767287254333,
    0.2958235442638397,
    0.1094077080488205,
    1.119032621383667,
    -0.301309198141098,
    -1.58285391330719,
    -0.47625410556793213,
    1.3691864013671875,
    -1.7079510688781738,
    -0.014242864213883877,
    1.1041910648345947,
    -1.6332249641418457,
    0.8187510967254639
  ],
  "[C@H]12CCC([C@H](OC1)O2)=O": [
    1.4583989381790161,
    -0.8102834224700928,
    0.8302866816520691,
    -0.37122923135757446,
    1.0530978441238403,
    -0.14177246391773224,
    0.014744197949767113,
    -0.6286632418632507,
    -0.9547490477561951,
    -0.9762043356895447,
    1.5162407159805298,
    -1.3261924982070923,
    0.4551270604133606,
    0.7288742065429688,
    -1.8199670314788818,
    0.9613321423530579
  ],
  "O=C(OCC)C": [
    1.3505045175552368,
    -0.4695015251636505,
    0.4936652183532715,
    -0.4330976605415344,
    0.30472537875175476,
    0.01877795346081257,
    1.136430263519287,
    -0.29903411865234375,
    -1.525012493133545,
    -0.5867524147033691,
    1.425097942352295,
    -1.5535619258880615,
    0.0026663069147616625,
    1.0975046157836914,
    -1.7721107006072998,
    0.8033753037452698
  ],
  "CC(C)(C)OC": [
    1.0661439895629883,
    -0.21412768959999084,
    -0.05432988703250885,
    -0.5821081399917603,
    -0.3622140884399414,
    -0.2093448042869568,
    1.800012469291687,
    -0.16857248544692993,
    -1.7853381633758545,
    -0.3014841675758362,
    1.220091462135315,
    -1.3898481130599976,
    -0.20396102964878082,
    1.6783645153045654,
    -1.0879191160202026,
    0.5945834517478943
  ],