{
  "CO": [
    1.9771387577056885,
    -0.33479565382003784,
    -0.04105763882398605,
    0.13658010959625244,
    0.2873368263244629,
    -1.4236044883728027,
    0.8785924911499023,
    -0.4793646037578583,
    0.027445858344435692,
    -1.5204859972000122,
    0.658341109752655,
    -1.0261300802230835,
    0.13899023830890656,
    0.5840939879417419,
    -1.453799843788147,
    1.6004325151443481
  ],
  "OCCO": [
    1.9404304027557373,
    -0.5512951016426086,
    0.09717246890068054,
    0.4001860022544861,
    0.7780566215515137,
    -1.483847975730896,
    0.7815600037574768,
    -0.3086289167404175,
    -0.31801337003707886,
    -1.3792531490325928,
    0.5232499241828918,
    -1.2918972969055176,
    0.12012500315904617,
    0.5112523436546326,
    -1.3198329210281372,
    1.5096772909164429
  ],
  "C(C(F)(F)F)(C(F)(F)F)O": [
    1.7411012649536133,
    -0.3306264877319336,
    -0.09018473327159882,
    -0.24900726974010468,
    -0.09863979369401932,
    -1.4820939302444458,
    0.7151272296905518,
    -0.15533232688903809,
    0.26312780380249023,
    -2.10526442527771,
    0.7210059762001038,
    -0.8555693030357361,
    0.46747636795043945,
    0.5059149861335754,
    -0.7964062690734863,
    1.7611565589904785
  ],
  "O1C(C)CCC1": [
    1.9156352281570435,
    0.679527997970581,
    0.18640249967575073,
    -0.09428983181715012,
    -0.48478278517723083,
    -0.4912882447242737,
    1.6684880256652832,
    -0.5139744877815247,
    -0.48753032088279724,
    -0.979880154132843,
    0.47637686133384705,
    -1.964448094367981,
    -0.5691131949424744,
    0.8102229833602905,
    -1.107147455215454,
    0.9683425426483154
  ],
  "C1CCCCC1": [
    1.8183348178863525,
    0.6369789242744446,
    -0.15161889791488647,
    -0.2011043131351471,
    -0.9901130795478821,
    -0.8835625052452087,
    1.7246077060699463,
    -0.2628924548625946,
    -0.36536505818367004,
    -0.824130117893219,
    0.7892473340034485,
    -1.903597116470337,
    -0.46109259128570557,
    1.023728847503662,
    -0.7507642507553101,
    0.8164278268814087
  ],
  "CC(O)C": [
    2.005483627319336,
    0.3509622812271118,
    0.18613331019878387,
    0.03461795300245285,
    -0.07789915800094604,
    -0.8764662742614746,
    1.4454506635665894,
    -0.5021732449531555,
    -0.15408490598201752,
    -1.4485538005828857,
    0.4098461866378784,
    -1.6599525213241577,
    -0.25974181294441223,
    0.6480671167373657,
    -1.3169723749160767,
    1.2291160821914673
  ],
  "O.CC#N": [
    1.7561402320861816,
    -0.7612802982330322,
    -0.07232662290334702,
    0.13284911215305328,
    0.41313695907592773,
    -1.692651391029358,
    0.7288420796394348,
    -0.06993238627910614,
    -0.26528358459472656,
    -1.4733027219772339,
    0.6618980765342712,
    -1.123796820640564,
    0.494520366191864,
    0.5954363942146301,
    -1.058144211769104,
    1.7417359352111816
  ],
  "CC#N": [
    2.1098756790161133,
    0.07986428588628769,
    0.16838055849075317,
    0.07437990605831146,
    0.04495200142264366,
    -0.9231141805648804,
    1.181025505065918,
    -0.41714000701904297,
    -0.07196630537509918,
    -1.4729301929473877,
    0.6419491767883301,
    -1.6123250722885132,
    -0.1305060237646103,
    0.42939841747283936,
    -1.4142462015151978,
    1.3218353986740112
  ],
  "CC#N.CC(=O)O": [
    2.122612476348877,
    -0.018586447462439537,
    0.1432553082704544,
    0.030546478927135468,
    0.08236783742904663,
    -1.0091161727905273,
    1.0778565406799316,
    -0.4483151137828827,
    0.08561943471431732,
    -1.5237733125686646,
    0.6158894896507263,
    -1.4001480340957642,
    -0.13942494988441467,
    0.502213180065155,
    -1.499361276626587,
    1.3884782791137695
  ],
  "CCOCC": [
    1.7565011978149414,
    0.741894543170929,
    -0.06532146781682968,
    -0.0753946602344513,
    -0.7626302242279053,
    -0.4903056025505066,
    1.8383198976516724,
    -0.5289575457572937,
    -0.5637722611427307,
    -0.9253239631652832,
    0.6105269193649292,
    -1.9235516786575317,
    -0.6120045185089111,
    0.9571470618247986,
    -0.8289251923561096,
    0.8867189884185791
  ],
  "OCC(F)(F)F": [
    1.7879127264022827,
    -0.34692734479904175,
    0.044628143310546875,
    -0.1228126659989357,
    -0.047566913068294525,
    -1.5805692672729492,
    0.9326632022857666,
    -0.33529794216156006,
    0.028195548802614212,
    -1.7579702138900757,
    0.7979293465614319,
    -1.060835599899292,
    0.4033850431442261,
    0.6749017834663391,
    -1.0253140926361084,
    1.6198124885559082
  ],
  "O.OCC(F)(F)F": [
    1.6011180877685547,
    -0.8140085339546204,
    -0.11805514246225357,
    0.06812998652458191,
    0.3698015809059143,
    -1.8222365379333496,
    0.6717779636383057,
    0.050512172281742096,
    -0.20900578796863556,
    -1.6262083053588867,
    0.6472483277320862,
    -0.8657988905906677,
    0.5215931534767151,
    0.641348659992218,
    -0.9363088011741638,
    1.8301961421966553
  ],
  "CN(C)C(C)=O": [
    2.078346014022827,
    0.46260425448417664,
    0.38570117950439453,
    -0.09540560841560364,
    0.008593758568167686,
    -0.719105064868927,
    1.302191138267517,
    -0.5516559481620789,
    -0.313726007938385,
    -1.3274739980697632,
    0.46235376596450806,
    -1.829606056213379,
    -0.3516314625740051,
    0.6744828820228577,
    -1.2830779552459717,
    1.109053134918213
  ],
  "CCCCCCCCCCO": [
    1.9469351768493652,
    0.6595855951309204,
    0.05850851535797119,
    -0.36513882875442505,
    -0.44199028611183167,
    -0.3449189364910126,
    1.60939359664917,
    -0.6441166996955872,
    -0.6747455596923828,
    -0.9337371587753296,
    0.6345331072807312,
    -1.8951016664505005,
    -0.60035640001297,
    1.0578638315200806,
    -0.9324730038642883,
    0.8792542815208435
  ],
  "OCC": [
    2.1040351390838623,
    -0.004050285555422306,
    0.13186685740947723,
    0.018169337883591652,
    0.24909263849258423,
    -1.051574468612671,
    1.1467626094818115,
    -0.43660101294517517,
    -0.09092088788747787,
    -1.535904049873352,
    0.5554522275924683,
    -1.3427233695983887,
    -0.159923255443573,
    0.5896490216255188,
    -1.5037308931350708,
    1.3432244062423706
  ],
  "C1CCOC1": [
    2.0104658603668213,
    0.5128135085105896,
    0.2286301553249359,
    -0.13163219392299652,
    -0.3768545985221863,
    -0.4864012598991394,
    1.5954614877700806,
    -0.4277571439743042,
    -0.27404606342315674,
    -1.0151162147521973,
    0.5588096380233765,
    -1.9801220893859863,
    -0.5611485242843628,
    0.7068975567817688,
    -1.2761274576187134,
    0.9280361533164978
  ],
  "[C@H]12CCC([C@H](OC1)O2)=O": [
    2.191514492034912,
    -0.01361091248691082,
    0.35294848680496216,
    0.12165215611457825,
    0.3964656591415405,
    -1.0430768728256226,
    0.9420353174209595,
    -0.5238996148109436,
    -0.2278527021408081,
    -1.396843433380127,
    0.5064818263053894,
    -1.5954365730285645,
    -0.15204748511314392,
    0.525729238986969,
    -1.3764244318008423,
    1.301379919052124
  ],
  "O=C(OCC)C": [
    1.8426192998886108,
    0.725471019744873,
    0.03972272202372551,
    -0.02255651168525219,
    -0.6135277152061462,
    -0.45162642002105713,
    1.7714791297912598,
    -0.5097044706344604,
    -0.43440425395965576,
    -0.970709502696991,
    0.5547319054603577,
    -1.928125023841858,
    -0.6491134166717529,
    0.8156999945640564,
    -1.0719659328460693,
    0.9156794548034668
  ],
  "CC(C)(C)OC": [
    1.6011922359466553,
    0.691342830657959,
    -0.22863152623176575,
    -0.3563584089279175,
    -0.9751100540161133,
    -0.5011059045791626,
    1.9623676538467407,
    -0.47352665662765503,
    -0.3691571056842804,
    -0.942203164100647,
    0.5427242517471313,
    -1.8096197843551636,
    -0.6198633909225464,
    1.2165130376815796,
    -0.6178703308105469,
    0.8976447582244873
  ],