{
  "CO": [
    1.8525984287261963,
    -0.5123463273048401,
    -0.04062919318675995,
    0.13386642932891846,
    0.4371005594730377,
    -1.5472157001495361,
    0.6365026831626892,
    -0.2387259304523468,
    -0.013711468316614628,
    -1.4826529026031494,
    0.5750502347946167,
    -0.976607084274292,
    0.21655142307281494,
    0.6806883811950684,
    -1.4642704725265503,
    1.7508233785629272
  ],
  "OCCO": [
    1.9665882587432861,
    -0.524168848991394,
    0.11330100893974304,
    0.3590099811553955,
    0.7767102122306824,
    -1.4689750671386719,
    0.7762071490287781,
    -0.33352071046829224,
    -0.3009824752807617,
    -1.391200065612793,
    0.4920401871204376,
    -1.2881362438201904,
    0.11174733191728592,
    0.529673159122467,
    -1.3188750743865967,
    1.5093507766723633
  ],
  "C(C(F)(F)F)(C(F)(F)F)O": [
    1.5096282958984375,
    -0.35417354106903076,
    -0.01865064911544323,
    -0.23435859382152557,
    -0.29405391216278076,
    -1.533474326133728,
    0.9719971418380737,
    -0.21996918320655823,
    0.16023068130016327,
    -2.0311272144317627,
    0.8786464929580688,
    -1.0164798498153687,
    0.5566776394844055,
    0.6720144748687744,
    -0.7132448554039001,
    1.6794425249099731
  ],
  "O1C(C)CCC1": [
    2.0292506217956543,
    0.617489218711853,
    0.22709544003009796,
    -0.17391932010650635,
    -0.42407047748565674,
    -0.5238550305366516,
    1.62615966796875,
    -0.4635593593120575,
    -0.3953469395637512,
    -1.0100061893463135,
    0.39361509680747986,
    -1.932613492012024,
    -0.5177549719810486,
    0.7122374176979065,
    -1.1656819581985474,
    1.0128921270370483
  ],
  "C1CCCCC1": [
    1.596442699432373,
    0.5455307960510254,
    -0.4318992495536804,
    -0.7032529711723328,
    -0.9887306094169617,
    -0.7535339593887329,
    1.474442481994629,
    -0.37929949164390564,
    -0.11215135455131531,
    -0.8407975435256958,
    0.5028266906738281,
    -1.8653981685638428,
    -0.6302126049995422,
    1.7545396089553833,
    -0.04285605996847153,
    0.8914965987205505
  ],
  "CC(O)C": [
    1.9783867597579956,
    0.3371235132217407,
    0.2077476680278778,
    0.06492536514997482,
    -0.020667463541030884,
    -0.9122398495674133,
    1.3811662197113037,
    -0.48590055108070374,
    -0.21358373761177063,
    -1.4738960266113281,
    0.5173506140708923,
    -1.6968679428100586,
    -0.23060066998004913,
    0.6431275606155396,
    -1.3033703565597534,
    1.2200759649276733
  ],
  "O.CC#N": [
    1.7493932247161865,
    -0.7546187043190002,
    -0.06539200246334076,
    0.2081822007894516,
    0.45754289627075195,
    -1.6655313968658447,
    0.713515043258667,
    -0.04995088279247284,
    -0.29483553767204285,
    -1.4400132894515991,
    0.6778964400291443,
    -1.1290004253387451,
    0.38930726051330566,
    0.5806200504302979,
    -1.1345329284667969,
    1.7643511295318604
  ],
  "CC#N": [
    2.1587107181549072,
    0.07826977223157883,
    0.18989920616149902,
    0.04927899315953255,
    0.11738331615924835,
    -0.9345089793205261,
    1.141989827156067,
    -0.4473596215248108,
    -0.0517972856760025,
    -1.4634281396865845,
    0.5391132235527039,
    -1.5331627130508423,
    -0.13131754100322723,
    0.43839356303215027,
    -1.4756476879119873,
    1.3335598707199097
  ],
  "CC#N.CC(=O)O": [
    2.0687243938446045,
    -0.05034372955560684,
    0.13615167140960693,
    0.0603107325732708,
    0.0809512808918953,
    -1.0503170490264893,
    1.1046116352081299,
    -0.4521046578884125,
    0.07560116052627563,
    -1.5561527013778687,
    0.6429755687713623,
    -1.4626178741455078,
    -0.029763374477624893,
    0.5039264559745789,
    -1.437710165977478,
    1.3755732774734497
  ],
  "CCOCC": [
    1.8871089220046997,
    0.7072897553443909,
    0.03690353035926819,
    -0.16842663288116455,
    -0.6238915920257568,
    -0.6260606050491333,
    1.7694664001464844,
    -0.4509392976760864,
    -0.46537426114082336,
    -0.9991347193717957,
    0.5543035268783569,
    -1.9241729974746704,
    -0.4964892268180847,
    0.7946462035179138,
    -0.9444615244865417,
    0.9631365537643433
  ],
  "OCC(F)(F)F": [
    1.8821568489074707,
    -0.30532050132751465,
    0.012804592959582806,
    -0.11062145978212357,
    0.13501541316509247,
    -1.5845379829406738,
    0.8292858004570007,
    -0.3652617335319519,
    -0.03689912334084511,
    -1.7354787588119507,
    0.7458721995353699,
    -0.9478832483291626,
    0.36001402139663696,
    0.6321525573730469,
    -1.1356531381607056,
    1.635664463043213
  ],
  "O.OCC(F)(F)F": [
    1.6181632280349731,
    -0.8770017623901367,
    -0.13296844065189362,
    0.17517781257629395,
    0.4197714328765869,
    -1.8349599838256836,
    0.5988039374351501,
    0.011586541309952736,
    -0.3344438374042511,
    -1.4855815172195435,
    0.6906026005744934,
    -0.8626249432563782,
    0.5178767442703247,
    0.6589967608451843,
    -0.990176796913147,
    1.8346985578536987
  ],
  "CN(C)C(C)=O": [
    2.0621097087860107,
    0.49231278896331787,
    0.40280941128730774,
    -0.05288631096482277,
    0.07341090589761734,
    -0.731202244758606,
    1.2316739559173584,
    -0.5241438150405884,
    -0.40548282861709595,
    -1.3764188289642334,
    0.5482895374298096,
    -1.8492950201034546,
    -0.3519149124622345,
    0.6594786643981934,
    -1.2534971237182617,
    1.0857439041137695
  ],
  "CCCCCCCCCCO": [
    2.0162503719329834,
    0.6237540245056152,
    0.12722091376781464,
    -0.46298766136169434,
    -0.3901199996471405,
    -0.33292630314826965,
    1.5133904218673706,
    -0.5480470657348633,
    -0.5996357798576355,
    -0.9616703391075134,
    0.5731606483459473,
    -1.8433054685592651,
    -0.6246252059936523,
    1.0314961671829224,
    -1.080640196800232,
    0.9708210229873657
  ],
  "OCC": [
    2.113689422607422,
    -0.011761855334043503,
    0.14914055168628693,
    0.035076361149549484,
    0.26273030042648315,
    -1.0136973857879639,
    1.1243380308151245,
    -0.4388491213321686,
    -0.1354205459356308,
    -1.5157419443130493,
    0.5465881824493408,
    -1.3863524198532104,
    -0.15759845077991486,
    0.5835851430892944,
    -1.5004009008407593,
    1.356240153312683
  ],
  "C1CCOC1": [
    1.9108093976974487,
    0.5568739175796509,
    0.14148640632629395,
    -0.10116009414196014,
    -0.5214846730232239,
    -0.3529341518878937,
    1.7152140140533447,
    -0.4929068386554718,
    -0.36367467045783997,
    -0.9847651720046997,
    0.4875072240829468,
    -2.021569013595581,
    -0.6339105367660522,
    0.8265528082847595,
    -1.0858848094940186,
    0.9323550462722778
  ],
  "[C@H]12CCC([C@H](OC1)O2)=O": [
    2.211773633956909,
    -0.09591726213693619,
    0.3420284688472748,
    0.06261511892080307,
    0.4753921329975128,
    -1.0293636322021484,
    0.909051239490509,
    -0.51447993516922,
    -0.19582463800907135,
    -1.3722658157348633,
    0.457527220249176,
    -1.516040563583374,
    -0.12101320177316666,
    0.5056389570236206,
    -1.4579100608825684,
    1.3469572067260742
  ],
  "O=C(OCC)C": [
    1.806399941444397,
    0.6883431077003479,
    0.01425552275031805,
    -0.10676015168428421,
    -0.7251334190368652,
    -0.3572453558444977,
    1.8483420610427856,
    -0.4824035167694092,
    -0.3545610010623932,
    -0.9743973016738892,
    0.39958247542381287,
    -1.9481534957885742,
    -0.6469548940658569,
    0.8883694410324097,
    -0.979087233543396,
    0.943572461605072
  ],
  "CC(C)(C)OC": [
    1.5755172967910767,
    0.7198873162269592,
    -0.2389342486858368,
    -0.2869143486022949,
    -0.9828594923019409,
    -0.5166873335838318,
    1.9557979106903076,
    -0.49149590730667114,
    -0.5265939235687256,
    -0.8601201772689819,
    0.6053469777107239,
    -1.8248262405395508,
    -0.6450037360191345,
    1.2729500532150269,
    -0.5476107597351074,
    0.809927761554718
  ],