{
  "CO": [
    1.7244700193405151,
    -0.5333998203277588,
    0.03592588007450104,
    0.08306071162223816,
    0.39765700697898865,
    -1.3025635480880737,
    0.8666715025901794,
    -0.5200904607772827,
    -0.042327869683504105,
    -1.4921965599060059,
    0.8348910212516785,
    -1.3189091682434082,
    0.40505096316337585,
    0.6095488667488098,
    -1.3946045637130737,
    1.6475703716278076
  ],
  "OCCO": [
    1.8516936302185059,
    -0.587977945804596,
    0.1553909182548523,
    0.29848712682724,
    0.900078535079956,
    -1.273455262184143,
    0.6906996965408325,
    -0.4986380636692047,
    -0.3352367579936981,
    -1.3108035326004028,
    0.6486982107162476,
    -1.388167142868042,
    0.27978795766830444,
    0.5099532604217529,
    -1.461958646774292,
    1.520871639251709
  ],
  "C(C(F)(F)F)(C(F)(F)F)O": [
    1.7302982807159424,
    -0.28565627336502075,
    -0.10153695940971375,
    -0.2306574136018753,
    0.003285866929218173,
    -1.2569937705993652,
    0.7071906924247742,
    -0.2962063252925873,
    0.3058187961578369,
    -2.1065549850463867,
    0.8263382315635681,
    -1.0277245044708252,
    0.45862001180648804,
    0.46718549728393555,
    -0.9394359588623047,
    1.7501544952392578
  ],
  "O1C(C)CCC1": [
    1.8174059391021729,
    0.5877042412757874,
    0.17608816921710968,
    -0.09387218207120895,
    -0.38977327942848206,
    -0.36696162819862366,
    1.6822210550308228,
    -0.5735170245170593,
    -0.5848185420036316,
    -0.9255771040916443,
    0.5679939985275269,
    -2.082988977432251,
    -0.49806883931159973,
    0.7502052783966064,
    -1.1063059568405151,
    1.044756531715393
  ],
  "C1CCCCC1": [
    1.4735677242279053,
    0.5410867929458618,
    -0.2862906754016876,
    -0.3987886905670166,
    -1.0291451215744019,
    -0.7807238101959229,
    1.8054912090301514,
    -0.3708190321922302,
    -0.4486955404281616,
    -0.7639613151550293,
    0.7092462182044983,
    -1.9183142185211182,
    -0.5818538069725037,
    1.4554506540298462,
    -0.30541861057281494,
    0.9116090536117554
  ],
  "CC(O)C": [
    1.9541094303131104,
    0.20350059866905212,
    0.2481166124343872,
    0.005344493314623833,
    0.28135740756988525,
    -0.7979410886764526,
    1.1656635999679565,
    -0.5966446995735168,
    -0.3356660306453705,
    -1.4444150924682617,
    0.7512162327766418,
    -1.6777158975601196,
    -0.1256033480167389,
    0.5725436210632324,
    -1.4727911949157715,
    1.2716995477676392
  ],
  "O.CC#N": [
    1.6893571615219116,
    -0.8508204817771912,
    -0.020073765888810158,
    0.17533768713474274,
    0.5750068426132202,
    -1.4828112125396729,
    0.4928542375564575,
    -0.2646411657333374,
    -0.18877293169498444,
    -1.3634426593780518,
    0.73028165102005,
    -1.1218230724334717,
    0.4814950227737427,
    0.605204164981842,
    -1.3241817951202393,
    1.865174651145935
  ],
  "CC#N": [
    1.9768575429916382,
    -0.014272813685238361,
    0.23438218235969543,
    0.0843362957239151,
    0.2097443789243698,
    -0.7000005841255188,
    1.0845710039138794,
    -0.5184555053710938,
    -0.16698816418647766,
    -1.4490021467208862,
    0.7551989555358887,
    -1.741417407989502,
    -0.002836813684552908,
    0.388124018907547,
    -1.521668791770935,
    1.3810722827911377
  ],
  "CC#N.CC(=O)O": [
    2.029602289199829,
    -0.14663131535053253,
    0.20373186469078064,
    -0.0015198772307485342,
    0.2626563012599945,
    -0.864322304725647,
    0.9515332579612732,
    -0.6290688514709473,
    -0.02806863933801651,
    -1.453296422958374,
    0.7735549807548523,
    -1.5018545389175415,
    0.06278276443481445,
    0.4820334017276764,
    -1.5746177434921265,
    1.4334415197372437
  ],
  "CCOCC": [
    1.6369181871414185,
    0.612744927406311,
    -0.036158282309770584,
    -0.11510463804006577,
    -0.6492809057235718,
    -0.40466439723968506,
    1.9104143381118774,
    -0.5617641806602478,
    -0.6517865657806396,
    -0.8983489871025085,
    0.6338174939155579,
    -1.990842342376709,
    -0.5532978773117065,
    0.9666284918785095,
    -0.8581030964851379,
    0.967553436756134
  ],
  "OCC(F)(F)F": [
    1.8318511247634888,
    -0.3699614107608795,
    0.04128764197230339,
    -0.13709911704063416,
    0.2299785017967224,
    -1.3019846677780151,
    0.8935423493385315,
    -0.5769923329353333,
    -0.10294268280267715,
    -1.6638363599777222,
    0.8724144101142883,
    -1.0669023990631104,
    0.48074594140052795,
    0.5497176051139832,
    -1.3105108737945557,
    1.6336932182312012
  ],
  "O.OCC(F)(F)F": [
    1.5352822542190552,
    -0.9591872096061707,
    -0.12209797650575638,
    0.09537418186664581,
    0.5743991136550903,
    -1.6497068405151367,
    0.4111520051956177,
    -0.1644638031721115,
    -0.236735537648201,
    -1.3804134130477905,
    0.762967586517334,
    -0.8943895697593689,
    0.5598499774932861,
    0.7216581702232361,
    -1.1990938186645508,
    1.9450465440750122
  ],
  "CN(C)C(C)=O": [
    2.0317137241363525,
    0.3339565098285675,
    0.486280232667923,
    -0.1739809364080429,
    0.22877752780914307,
    -0.595492959022522,
    1.1419299840927124,
    -0.6133966445922852,
    -0.34653982520103455,
    -1.3235447406768799,
    0.6101827025413513,
    -1.867255687713623,
    -0.24110980331897736,
    0.5757982730865479,
    -1.413382649421692,
    1.1677545309066772
  ],
  "CCCCCCCCCCO": [
    1.790284276008606,
    0.5687963962554932,
    0.10806574672460556,
    -0.44608262181282043,
    -0.4157995581626892,
    -0.2709251642227173,
    1.6225730180740356,
    -0.6452133655548096,
    -0.7405480146408081,
    -0.9079007506370544,
    0.7724849581718445,
    -1.9971075057983398,
    -0.5173676609992981,
    1.0919005870819092,
    -0.915601372718811,
    0.9090349078178406
  ],
  "OCC": [
    1.9273920059204102,
    -0.08132750540971756,
    0.25906074047088623,
    0.037149302661418915,
    0.30558308959007263,
    -0.8368316888809204,
    1.195091962814331,
    -0.6262916326522827,
    -0.08276031911373138,
    -1.477583408355713,
    0.5676600933074951,
    -1.5640249252319336,
    0.031486183404922485,
    0.534694492816925,
    -1.5740197896957397,
    1.3874825239181519
  ],
  "C1CCOC1": [
    1.7880910634994507,
    0.5055113434791565,
    0.13266173005104065,
    -0.10373568534851074,
    -0.39629605412483215,
    -0.2633877992630005,
    1.7149748802185059,
    -0.5549936294555664,
    -0.4245193302631378,
    -0.986732542514801,
    0.6104252338409424,
    -2.1414735317230225,
    -0.575532078742981,
    0.8028150200843811,
    -1.0697335004806519,
    0.967415988445282
  ],
  "[C@H]12CCC([C@H](OC1)O2)=O": [
    2.0904767513275146,
    -0.1184520274400711,
    0.46015650033950806,
    0.03786176070570946,
    0.5113736987113953,
    -0.8258921504020691,
    0.8818839192390442,
    -0.6908134818077087,
    -0.28000882267951965,
    -1.3348160982131958,
    0.5973042845726013,
    -1.7072882652282715,
    0.04189995303750038,
    0.47238096594810486,
    -1.4628252983093262,
    1.3257931470870972
  ],
  "O=C(OCC)C": [
    1.7587709426879883,
    0.603890061378479,
    0.06277865171432495,
    -0.09525477141141891,
    -0.5367151498794556,
    -0.3795176148414612,
    1.826205849647522,
    -0.5267508029937744,
    -0.5055873394012451,
    -0.9586585164070129,
    0.6011846661567688,
    -2.0069332122802734,
    -0.5357696413993835,
    0.8061450123786926,
    -1.0789530277252197,
    0.9723109006881714
  ],
  "CC(C)(C)OC": [
    1.483951449394226,
    0.6366877555847168,
    -0.23204725980758667,
    -0.2609899938106537,
    -0.9369036555290222,
    -0.4536973536014557,
    2.0071158409118652,
    -0.5005130171775818,
    -0.6447862982749939,
    -0.8068121075630188,
    0.7095531821250916,
    -1.9016467332839966,
    -0.5942447185516357,
    1.2437231540679932,
    -0.5475963354110718,
    0.810731053352356
  ],