{
  "CO": [
    1.7777388095855713,
    -0.4255068004131317,
    0.044408898800611496,
    0.09914562851190567,
    0.2885848581790924,
    -1.2279787063598633,
    0.9668511152267456,
    -0.6740710139274597,
    0.07575979828834534,
    -1.595697045326233,
    0.8294901847839355,
    -1.2580971717834473,
    0.2996974289417267,
    0.6222279071807861,
    -1.3856079578399658,
    1.56672203540802
  ],
  "OCCO": [
    1.9757016897201538,
    -0.4565303325653076,
    0.21182601153850555,
    0.255369633436203,
    0.8474214673042297,
    -1.1905382871627808,
    0.7308613657951355,
    -0.591566264629364,
    -0.3360457420349121,
    -1.3642319440841675,
    0.6462807655334473,
    -1.4111292362213135,
    0.1807270348072052,
    0.49957773089408875,
    -1.4323066473007202,
    1.4359478950500488
  ],
  "C(C(F)(F)F)(C(F)(F)F)O": [
    1.5328943729400635,
    -0.34383562207221985,
    0.009482916444540024,
    -0.3397752344608307,
    -0.390339195728302,
    -1.2072829008102417,
    1.089614748954773,
    -0.34614622592926025,
    0.20418427884578705,
    -2.095710277557373,
    0.9071277379989624,
    -1.1245149374008179,
    0.5755031704902649,
    0.6226301789283752,
    -0.7276860475540161,
    1.6425604820251465
  ],
  "O1C(C)CCC1": [
    1.844354510307312,
    0.6342213749885559,
    0.16909737884998322,
    -0.08572964370250702,
    -0.38885298371315,
    -0.3617648184299469,
    1.656384825706482,
    -0.6155550479888916,
    -0.604880154132843,
    -0.958918035030365,
    0.593860924243927,
    -2.053947925567627,
    -0.4997997283935547,
    0.7664176821708679,
    -1.0884062051773071,
    0.999320387840271
  ],
  "C1CCCCC1": [
    1.553497552871704,
    0.6207050681114197,
    -0.34472304582595825,
    -0.425169438123703,
    -1.0117371082305908,
    -0.7567636966705322,
    1.7692711353302002,
    -0.3506127893924713,
    -0.4733974039554596,
    -0.8252254128456116,
    0.6835606694221497,
    -1.842913031578064,
    -0.6219525337219238,
    1.5004011392593384,
    -0.2867121696472168,
    0.8264756798744202
  ],
  "CC(O)C": [
    2.0128164291381836,
    0.2637956738471985,
    0.2948453724384308,
    -0.05025706812739372,
    0.19843226671218872,
    -0.7935634851455688,
    1.1585462093353271,
    -0.6342783570289612,
    -0.33041611313819885,
    -1.4173489809036255,
    0.7402262687683105,
    -1.7018852233886719,
    -0.1350615918636322,
    0.5382746458053589,
    -1.4041790962219238,
    1.2635561227798462
  ],
  "O.CC#N": [
    1.6882045269012451,
    -0.7842283248901367,
    -0.021252823993563652,
    0.1476343721151352,
    0.5913695693016052,
    -1.4975327253341675,
    0.5992617011070251,
    -0.2591993510723114,
    -0.23675233125686646,
    -1.371808648109436,
    0.7130153775215149,
    -1.158820629119873,
    0.4739066958427429,
    0.5699250102043152,
    -1.3044531345367432,
    1.850548505783081
  ],
  "CC#N": [
    2.059270143508911,
    0.0018327670404687524,
    0.24199064075946808,
    0.07518226653337479,
    0.20019254088401794,
    -0.7476977109909058,
    1.1137892007827759,
    -0.5244650840759277,
    -0.11367883533239365,
    -1.4342107772827148,
    0.6612193584442139,
    -1.7048532962799072,
    -0.0133117800578475,
    0.32529541850090027,
    -1.5024892091751099,
    1.3632596731185913
  ],
  "CC#N.CC(=O)O": [
    2.034576654434204,
    -0.11126167327165604,
    0.19695264101028442,
    0.003935566637665033,
    0.21042269468307495,
    -0.8327841758728027,
    1.0269359350204468,
    -0.598499596118927,
    0.010096350684762001,
    -1.4848238229751587,
    0.7582689523696899,
    -1.553824543952942,
    0.024071956053376198,
    0.44699275493621826,
    -1.5306135416030884,
    1.4012846946716309
  ],
  "CCOCC": [
    1.8045704364776611,
    0.6373754739761353,
    0.009528690949082375,
    -0.16026178002357483,
    -0.49533551931381226,
    -0.43650904297828674,
    1.7982224225997925,
    -0.5183577537536621,
    -0.5383371114730835,
    -0.9769152998924255,
    0.6441276669502258,
    -1.9911847114562988,
    -0.5286897420883179,
    0.8040938973426819,
    -1.0090001821517944,
    0.9651342034339905
  ],
  "OCC(F)(F)F": [
    1.7435367107391357,
    -0.3313722610473633,
    0.1311688870191574,
    -0.23226411640644073,
    0.12922972440719604,
    -1.3470335006713867,
    1.003726601600647,
    -0.5364000201225281,
    0.03488067537546158,
    -1.7439260482788086,
    0.8158347606658936,
    -1.1193281412124634,
    0.46154528856277466,
    0.5629986524581909,
    -1.2077208757400513,
    1.6408350467681885
  ],
  "O.OCC(F)(F)F": [
    1.515346646308899,
    -0.9335090517997742,
    -0.08852454274892807,
    0.14258603751659393,
    0.5274780988693237,
    -1.6944248676300049,
    0.6433287858963013,
    -0.10168877243995667,
    -0.3572668433189392,
    -1.4385108947753906,
    0.8203299641609192,
    -1.0064122676849365,
    0.5957524180412292,
    0.631705641746521,
    -1.0874836444854736,
    1.8342318534851074
  ],
  "CN(C)C(C)=O": [
    2.0340960025787354,
    0.4070185422897339,
    0.4557167589664459,
    -0.13621295988559723,
    0.13496343791484833,
    -0.5448379516601562,
    1.2177211046218872,
    -0.6708173155784607,
    -0.4217711389064789,
    -1.2686504125595093,
    0.5858978033065796,
    -1.9287230968475342,
    -0.26525750756263733,
    0.6381871104240417,
    -1.3324202299118042,
    1.0984394550323486
  ],
  "CCCCCCCCCCO": [
    1.9346070289611816,
    0.552457332611084,
    0.13995683193206787,
    -0.515377402305603,
    -0.33555492758750916,
    -0.2344224452972412,
    1.5466728210449219,
    -0.5966582894325256,
    -0.6257238388061523,
    -0.9730566740036011,
    0.6844689249992371,
    -1.897189736366272,
    -0.5665740966796875,
    1.0164963006973267,
    -1.0845856666564941,
    0.9616929888725281
  ],
  "OCC": [
    2.0215108394622803,
    -0.06559566408395767,
    0.19132772088050842,
    0.010895882733166218,
    0.38016992807388306,
    -0.8922552466392517,
    1.0712530612945557,
    -0.5925578474998474,
    -0.16551573574543,
    -1.4693571329116821,
    0.6688910126686096,
    -1.4540703296661377,
    -0.027762584388256073,
    0.5255762338638306,
    -1.587984561920166,
    1.3891159296035767
  ],
  "C1CCOC1": [
    1.8908780813217163,
    0.4885944128036499,
    0.2434336096048355,
    -0.15139953792095184,
    -0.35709285736083984,
    -0.3515825867652893,
    1.6578532457351685,
    -0.5120949745178223,
    -0.42941194772720337,
    -0.9249873757362366,
    0.610528826713562,
    -2.1340043544769287,
    -0.5055602192878723,
    0.6555425524711609,
    -1.1602991819381714,
    0.984679639339447
  ],
  "[C@H]12CCC([C@H](OC1)O2)=O": [
    2.116541862487793,
    -0.07070528715848923,
    0.4538716971874237,
    0.08741582930088043,
    0.5493949055671692,
    -0.8870996832847595,
    0.8383001089096069,
    -0.6705003380775452,
    -0.3069113790988922,
    -1.305345058441162,
    0.6087925434112549,
    -1.7153329849243164,
    -0.02493409812450409,
    0.4506593346595764,
    -1.438429355621338,
    1.3142497539520264
  ],
  "O=C(OCC)C": [
    1.9060336351394653,
    0.5906375050544739,
    0.1495935320854187,
    -0.15472115576267242,
    -0.43202725052833557,
    -0.4185316562652588,
    1.715639352798462,
    -0.49435296654701233,
    -0.39963769912719727,
    -0.9760118126869202,
    0.5752490758895874,
    -1.9907031059265137,
    -0.5176382064819336,
    0.7104393839836121,
    -1.2087006568908691,
    0.9519436359405518
  ],
  "CC(C)(C)OC": [
    1.5195454359054565,
    0.6437884569168091,
    -0.23977993428707123,
    -0.2786700427532196,
    -0.9236561059951782,
    -0.45399168133735657,
    2.0261929035186768,
    -0.4964435398578644,
    -0.5811346769332886,
    -0.855088472366333,
    0.6455954313278198,
    -1.886562466621399,
    -0.6138216257095337,
    1.2246323823928833,
    -0.5321813821792603,
    0.815665066242218
  ],