{
  "CO": [
    1.7626148462295532,
    -0.4781262278556824,
    0.06982873380184174,
    0.023169487714767456,
    0.2423439919948578,
    -1.4041365385055542,
    0.9869306683540344,
    -0.4824039936065674,
    0.09322135895490646,
    -1.5372182130813599,
    0.7617621421813965,
    -1.3197441101074219,
    0.30212533473968506,
    0.6650192141532898,
    -1.279026985168457,
    1.5998305082321167
  ],
  "OCCO": [
    1.9364113807678223,
    -0.5650156736373901,
    0.11291764676570892,
    0.3262057304382324,
    0.9173140525817871,
    -1.3789175748825073,
    0.663989782333374,
    -0.42705458402633667,
    -0.3240492641925812,
    -1.3177067041397095,
    0.587056577205658,
    -1.2912310361862183,
    0.1782132089138031,
    0.5017935633659363,
    -1.4258627891540527,
    1.5095055103302002
  ],
  "C(C(F)(F)F)(C(F)(F)F)O": [
    1.301239013671875,
    -0.2905007302761078,
    0.022752312943339348,
    -0.3960449695587158,
    -0.36630332469940186,
    -1.4252357482910156,
    1.008548378944397,
    0.005296996794641018,
    0.5410124659538269,
    -1.9638254642486572,
    0.3004002273082733,
    -1.1457778215408325,
    0.413277268409729,
    0.6033548712730408,
    -0.6689788103103638,
    2.0688493251800537
  ],
  "O1C(C)CCC1": [
    2.022736072540283,
    0.5944408178329468,
    0.23718036711215973,
    -0.21792815625667572,
    -0.3564264178276062,
    -0.44264689087867737,
    1.5813266038894653,
    -0.5031216740608215,
    -0.3970581889152527,
    -1.0594351291656494,
    0.4887332022190094,
    -2.000155210494995,
    -0.4753779172897339,
    0.6885934472084045,
    -1.1395032405853271,
    0.9869472980499268
  ],
  "C1CCCCC1": [
    1.5491249561309814,
    0.5528604388237,
    -0.46207472681999207,
    -0.6727563738822937,
    -0.9944595694541931,
    -0.693638801574707,
    1.4693293571472168,
    -0.3959091603755951,
    -0.1681172102689743,
    -0.7746438384056091,
    0.5215319395065308,
    -1.910029649734497,
    -0.6776100397109985,
    1.8026623725891113,
    0.03205174580216408,
    0.8362665176391602
  ],
  "CC(O)C": [
    2.050994634628296,
    0.2884853482246399,
    0.25801756978034973,
    -0.037471868097782135,
    0.19997502863407135,
    -0.8963478207588196,
    1.1700618267059326,
    -0.5625181794166565,
    -0.30165091156959534,
    -1.4757267236709595,
    0.7195101976394653,
    -1.6683586835861206,
    -0.17795579135417938,
    0.5794239640235901,
    -1.3395439386367798,
    1.200677514076233
  ],
  "O.CC#N": [
    1.7503597736358643,
    -0.7949021458625793,
    -0.0309908390045166,
    0.17300812900066376,
    0.5097652673721313,
    -1.6027867794036865,
    0.6495031118392944,
    -0.17065303027629852,
    -0.33061736822128296,
    -1.3856052160263062,
    0.8112834692001343,
    -1.2581976652145386,
    0.5154658555984497,
    0.5615790486335754,
    -1.0987545251846313,
    1.7042815685272217
  ],
  "CC#N": [
    2.070309638977051,
    0.033420149236917496,
    0.2584041357040405,
    0.08539552986621857,
    0.1288125216960907,
    -0.8496524095535278,
    1.1518625020980835,
    -0.47635242342948914,
    -0.038985878229141235,
    -1.430216908454895,
    0.5937477946281433,
    -1.7130481004714966,
    -0.06083695590496063,
    0.39428454637527466,
    -1.4677034616470337,
    1.325137972831726
  ],
  "CC#N.CC(=O)O": [
    2.044048309326172,
    -0.08216642588376999,
    0.16187241673469543,
    0.09801390767097473,
    0.19232222437858582,
    -0.8858914375305176,
    1.055273413658142,
    -0.4892426133155823,
    -0.0012184878578409553,
    -1.5187288522720337,
    0.7471102476119995,
    -1.5789941549301147,
    -0.04998736083507538,
    0.4425300061702728,
    -1.4935367107391357,
    1.3632937669754028
  ],
  "CCOCC": [
    1.7076430320739746,
    0.662519633769989,
    -0.032648153603076935,
    -0.1101798415184021,
    -0.7815351486206055,
    -0.4414926767349243,
    1.8780555725097656,
    -0.5295164585113525,
    -0.5438759922981262,
    -0.9265448451042175,
    0.574889600276947,
    -2.006640911102295,
    -0.5744495987892151,
    0.9662867188453674,
    -0.7421104907989502,
    0.9114089012145996
  ],
  "OCC(F)(F)F": [
    1.8388839960098267,
    -0.29912593960762024,
    0.008175023831427097,
    -0.10290160030126572,
    0.03974711894989014,
    -1.4448758363723755,
    0.9700557589530945,
    -0.4715352952480316,
    -0.033833086490631104,
    -1.7637988328933716,
    0.8041893839836121,
    -1.0620027780532837,
    0.43131905794143677,
    0.6332241892814636,
    -1.1231622695922852,
    1.5844651460647583
  ],
  "O.OCC(F)(F)F": [
    1.5363600254058838,
    -0.954092800617218,
    -0.06425341218709946,
    0.04256751760840416,
    0.4440656900405884,
    -1.7400563955307007,
    0.5889036655426025,
    0.0262977946549654,
    -0.2566201090812683,
    -1.5313314199447632,
    0.7492541670799255,
    -0.9755061268806458,
    0.6245125532150269,
    0.6670310497283936,
    -0.9847275614738464,
    1.8327275514602661
  ],
  "CN(C)C(C)=O": [
    2.0828468799591064,
    0.37678244709968567,
    0.49015507102012634,
    -0.15648843348026276,
    0.15470951795578003,
    -0.6905865669250488,
    1.1597900390625,
    -0.5595692992210388,
    -0.3300318717956543,
    -1.3520889282226562,
    0.5756620168685913,
    -1.8527698516845703,
    -0.29546305537223816,
    0.6124458312988281,
    -1.3267433643341064,
    1.1177973747253418
  ],
  "CCCCCCCCCCO": [
    1.9729859828948975,
    0.6363863348960876,
    0.08069474250078201,
    -0.3853399157524109,
    -0.31727299094200134,
    -0.3234267830848694,
    1.5332475900650024,
    -0.6366450786590576,
    -0.6992223858833313,
    -0.958322286605835,
    0.7186140418052673,
    -1.9339520931243896,
    -0.5890274047851562,
    1.0248661041259766,
    -0.9612880945205688,
    0.8474369645118713
  ],
  "OCC": [
    2.0568337440490723,
    -0.016122926026582718,
    0.2052060067653656,
    -0.010132472962141037,
    0.32269933819770813,
    -1.039987325668335,
    1.0749449729919434,
    -0.5470741987228394,
    -0.16411033272743225,
    -1.516541600227356,
    0.6991605758666992,
    -1.4471094608306885,
    -0.03008001670241356,
    0.5412616729736328,
    -1.4597103595733643,
    1.337982416152954
  ],
  "C1CCOC1": [
    1.9685081243515015,
    0.4748535454273224,
    0.24168314039707184,
    -0.15086273849010468,
    -0.3313518464565277,
    -0.39962854981422424,
    1.5838000774383545,
    -0.46280112862586975,
    -0.32699131965637207,
    -1.03439199924469,
    0.6228298544883728,
    -2.0757412910461426,
    -0.53011554479599,
    0.6969570517539978,
    -1.200426697731018,
    0.931561291217804
  ],
  "[C@H]12CCC([C@H](OC1)O2)=O": [
    2.176490545272827,
    -0.114351786673069,
    0.3828646242618561,
    0.043424952775239944,
    0.5359772443771362,
    -0.9594623446464539,
    0.8589563369750977,
    -0.5780391693115234,
    -0.22975388169288635,
    -1.3408262729644775,
    0.5706176161766052,
    -1.5956435203552246,
    -0.05632380396127701,
    0.46852242946624756,
    -1.4772597551345825,
    1.3183358907699585
  ],
  "O=C(OCC)C": [
    1.9321637153625488,
    0.6127423644065857,
    0.140822172164917,
    -0.11670812964439392,
    -0.4551064670085907,
    -0.4722129702568054,
    1.692360520362854,
    -0.4697273373603821,
    -0.3651485741138458,
    -1.012104868888855,
    0.5932819843292236,
    -1.9853870868682861,
    -0.5534947514533997,
    0.7478246092796326,
    -1.1677240133285522,
    0.8883467316627502
  ],
  "CC(C)(C)OC": [
    1.5627950429916382,
    0.6935421228408813,
    -0.2319118231534958,
    -0.2641853392124176,
    -0.9499215483665466,
    -0.5027849674224854,
    1.9497309923171997,
    -0.491410493850708,
    -0.598874568939209,
    -0.8653018474578857,
    0.6993234753608704,
    -1.8812588453292847,
    -0.5983579158782959,
    1.2537591457366943,
    -0.5131928324699402,
    0.7536070942878723
  ],