{
  "CO": [
    1.8726401329040527,
    -0.44199278950691223,
    -0.050264306366443634,
    0.16296681761741638,
    0.4068620204925537,
    -1.544157862663269,
    0.6930268406867981,
    -0.392253577709198,
    -0.03481634706258774,
    -1.5261797904968262,
    0.6497451066970825,
    -0.9753717184066772,
    0.24393035471439362,
    0.6356419920921326,
    -1.4016112089157104,
    1.7090160846710205
  ],
  "OCCO": [
    1.895390272140503,
    -0.5729910135269165,
    0.10485853254795074,
    0.37274786829948425,
    0.8636528253555298,
    -1.4704461097717285,
    0.7143862247467041,
    -0.33660778403282166,
    -0.3432144820690155,
    -1.3807907104492188,
    0.48530712723731995,
    -1.2168121337890625,
    0.16232511401176453,
    0.5386396050453186,
    -1.373010516166687,
    1.5638822317123413
  ],
  "C(C(F)(F)F)(C(F)(F)F)O": [
    1.653364896774292,
    -0.487371563911438,
    -0.0071826959028840065,
    -0.20991262793540955,
    0.08370134979486465,
    -1.6299593448638916,
    0.7241172194480896,
    -0.18906347453594208,
    0.08032824844121933,
    -1.8392252922058105,
    0.623502790927887,
    -0.8848196268081665,
    0.5983245968818665,
    0.6100618839263916,
    -0.9740762114524841,
    1.8571076393127441
  ],
  "O1C(C)CCC1": [
    1.8748124837875366,
    0.5971608757972717,
    0.17850498855113983,
    -0.1190706118941307,
    -0.5163546204566956,
    -0.4147307872772217,
    1.7091695070266724,
    -0.5141822695732117,
    -0.46846744418144226,
    -1.017333984375,
    0.3695419132709503,
    -2.000288724899292,
    -0.5452467203140259,
    0.8731398582458496,
    -1.0299201011657715,
    1.0351282358169556
  ],
  "C1CCCCC1": [
    1.601706862449646,
    0.6464484930038452,
    -0.3059307336807251,
    -0.47714152932167053,
    -1.0119636058807373,
    -0.868821918964386,
    1.6243791580200195,
    -0.3430393636226654,
    -0.3535725176334381,
    -0.9127193093299866,
    0.6461119055747986,
    -1.835691213607788,
    -0.5347743034362793,
    1.566686749458313,
    -0.27174070477485657,
    0.8477523326873779
  ],
  "CC(O)C": [
    2.0670876502990723,
    0.27917835116386414,
    0.23139189183712006,
    0.016781536862254143,
    0.13080504536628723,
    -0.979192316532135,
    1.185921549797058,
    -0.4976128935813904,
    -0.26605647802352905,
    -1.5227267742156982,
    0.5841918587684631,
    -1.6370048522949219,
    -0.15158627927303314,
    0.6108947992324829,
    -1.2876911163330078,
    1.2464888095855713
  ],
  "O.CC#N": [
    1.8761065006256104,
    -0.8130488395690918,
    -0.12994439899921417,
    0.1860632300376892,
    0.4714584946632385,
    -1.6106480360031128,
    0.4627523124217987,
    -0.09046883881092072,
    -0.12280075997114182,
    -1.4224237203598022,
    0.5822121500968933,
    -1.0701490640640259,
    0.28637558221817017,
    0.6594702005386353,
    -1.1074668169021606,
    1.846856713294983
  ],
  "CC#N": [
    2.086315393447876,
    0.03959740325808525,
    0.23990526795387268,
    0.08353427052497864,
    0.12257616221904755,
    -0.9395627379417419,
    1.1109468936920166,
    -0.3483355641365051,
    -0.0942792296409607,
    -1.4906489849090576,
    0.5540342926979065,
    -1.6243259906768799,
    -0.09721700847148895,
    0.4055230915546417,
    -1.4378235340118408,
    1.3973058462142944
  ],
  "CC#N.CC(=O)O": [
    2.113567352294922,
    -0.07690165191888809,
    0.14636747539043427,
    0.07289589196443558,
    0.15080775320529938,
    -1.0065959692001343,
    0.9841798543930054,
    -0.4869917631149292,
    0.04992874339222908,
    -1.558042049407959,
    0.6290900707244873,
    -1.395140528678894,
    -0.07374007254838943,
    0.5190207362174988,
    -1.4851136207580566,
    1.4247939586639404
  ],
  "CCOCC": [
    1.7352715730667114,
    0.6355324983596802,
    -0.016698667779564857,
    -0.1801748424768448,
    -0.8071684837341309,
    -0.47860974073410034,
    1.8744566440582275,
    -0.48876574635505676,
    -0.44008105993270874,
    -1.0109857320785522,
    0.4224281907081604,
    -1.9625765085220337,
    -0.5225143432617188,
    0.9937756061553955,
    -0.7395760416984558,
    1.0001717805862427
  ],
  "OCC(F)(F)F": [
    1.7070282697677612,
    -0.38372233510017395,
    0.0652201697230339,
    -0.14866717159748077,
    0.03477608412504196,
    -1.5616455078125,
    0.9477914571762085,
    -0.2329883873462677,
    0.09699682891368866,
    -1.7322026491165161,
    0.5967805981636047,
    -1.1419156789779663,
    0.4469320774078369,
    0.6259303689002991,
    -1.0665432214736938,
    1.755952000617981
  ],
  "O.OCC(F)(F)F": [
    1.6323970556259155,
    -0.8747947812080383,
    -0.19381923973560333,
    0.020902015268802643,
    0.4682886302471161,
    -1.8156415224075317,
    0.41250309348106384,
    0.07214774191379547,
    -0.06019839271903038,
    -1.5098379850387573,
    0.4938262403011322,
    -0.8317568302154541,
    0.4085703194141388,
    0.8001918196678162,
    -0.9658375978469849,
    1.949703335762024
  ],
  "CN(C)C(C)=O": [
    2.0679519176483154,
    0.45959967374801636,
    0.45140883326530457,
    -0.08873572945594788,
    0.036079663783311844,
    -0.7580503225326538,
    1.2255085706710815,
    -0.552936851978302,
    -0.40555834770202637,
    -1.312800645828247,
    0.46189963817596436,
    -1.8878768682479858,
    -0.2760542333126068,
    0.6530129909515381,
    -1.2211614847183228,
    1.156761884689331
  ],
  "CCCCCCCCCCO": [
    1.9301985502243042,
    0.6453331112861633,
    0.10592235624790192,
    -0.312703400850296,
    -0.37120163440704346,
    -0.44990062713623047,
    1.5127679109573364,
    -0.6005029082298279,
    -0.6942541599273682,
    -0.9933450818061829,
    0.6942139267921448,
    -1.9562207460403442,
    -0.5574553608894348,
    1.0562256574630737,
    -0.9128528833389282,
    0.9155704379081726
  ],
  "OCC": [
    2.0492284297943115,
    -0.052005160599946976,
    0.16768354177474976,
    0.0762779712677002,
    0.3054177463054657,
    -1.0810960531234741,
    1.0969805717468262,
    -0.45347973704338074,
    -0.15736784040927887,
    -1.5221645832061768,
    0.5387423038482666,
    -1.3941413164138794,
    -0.06597207486629486,
    0.5755351185798645,
    -1.4876470565795898,
    1.4141370058059692
  ],
  "C1CCOC1": [
    2.0125136375427246,
    0.510481059551239,
    0.23963677883148193,
    -0.12764529883861542,
    -0.3645041584968567,
    -0.5151981115341187,
    1.560122013092041,
    -0.43327003717422485,
    -0.31674548983573914,
    -1.0650614500045776,
    0.5052689909934998,
    -2.024583101272583,
    -0.49800464510917664,
    0.7144302129745483,
    -1.1771043539047241,
    0.9902251958847046
  ],
  "[C@H]12CCC([C@H](OC1)O2)=O": [
    2.1827588081359863,
    -0.13922633230686188,
    0.3546009361743927,
    0.06464379280805588,
    0.48003843426704407,
    -0.9973477721214294,
    0.8690078258514404,
    -0.509333074092865,
    -0.20081530511379242,
    -1.3953298330307007,
    0.4727553427219391,
    -1.5477746725082397,
    -0.08252517133951187,
    0.5294256210327148,
    -1.4487385749816895,
    1.374592900276184
  ],
  "O=C(OCC)C": [
    1.8646016120910645,
    0.658409833908081,
    0.08570348471403122,
    -0.08391053229570389,
    -0.6134150624275208,
    -0.5034138560295105,
    1.755275845527649,
    -0.47348538041114807,
    -0.41030460596084595,
    -1.0345591306686401,
    0.46866053342819214,
    -1.9494787454605103,
    -0.5452424883842468,
    0.830035924911499,
    -1.0233310461044312,
    0.9873202443122864
  ],
  "CC(C)(C)OC": [
    1.5702452659606934,
    0.7037954330444336,
    -0.22403594851493835,
    -0.19453434646129608,
    -0.9477715492248535,
    -0.5448422431945801,
    1.916017770767212,
    -0.4856094717979431,
    -0.5726420879364014,
    -0.8834342956542969,
    0.6706151366233826,
    -1.884736180305481,
    -0.6105570197105408,
    1.2470636367797852,
    -0.5489188432693481,
    0.8064106702804565
  ],