{
  "CO": [
    1.414808750152588,
    -0.7683489918708801,
    0.17049545049667358,
    -0.35568100214004517,
    1.0258406400680542,
    -0.7274792194366455,
    0.10767581313848495,
    -0.6493261456489563,
    -0.4230472147464752,
    -1.071857213973999,
    1.556776523590088,
    -0.9299193620681763,
    0.46363934874534607,
    0.6791983842849731,
    -1.9631338119506836,
    1.4581354856491089
  ],
  "OCCO": [
    1.3946548700332642,
    -0.8598635196685791,
    0.4197447597980499,
    -0.07311104983091354,
    1.3391841650009155,
    -0.6498987078666687,
    0.2316475212574005,
    -0.6364856958389282,
    -0.891383171081543,
    -0.8361830711364746,
    1.5650526285171509,
    -1.2937405109405518,
    0.4436498284339905,
    0.4717925488948822,
    -1.7787610292434692,
    1.1398755311965942
  ],
  "C(C(F)(F)F)(C(F)(F)F)O": [
    1.0902653932571411,
    -0.6787105202674866,
    0.2157624214887619,
    -0.9194490909576416,
    0.06423095613718033,
    -0.7196207642555237,
    1.1146138906478882,
    -0.40587350726127625,
    -0.34837085008621216,
    -1.6195998191833496,
    1.6522111892700195,
    -1.0187327861785889,
    0.6865253448486328,
    0.658999502658844,
    -1.3228839635849,
    1.5460567474365234
  ],
  "O1C(C)CCC1": [
    1.3578263521194458,
    -0.048005081713199615,
    0.36506789922714233,
    -0.4864150583744049,
    0.11071257293224335,
    0.03628656640648842,
    1.4455121755599976,
    -0.5698540806770325,
    -1.4526954889297485,
    -0.4704277515411377,
    1.1475929021835327,
    -1.8578176498413086,
    -0.16395477950572968,
    1.0607759952545166,
    -1.4810057878494263,
    0.9988080859184265
  ],
  "C1CCCCC1": [
    1.3648180961608887,
    -0.14902113378047943,
    0.28976643085479736,
    -0.6482009887695312,
    -0.3415754735469818,
    -0.5081592202186584,
    1.3121916055679321,
    -0.12539802491664886,
    -1.1967058181762695,
    -0.5032711029052734,
    1.512718915939331,
    -1.9448496103286743,
    0.12281424552202225,
    1.054876685142517,
    -1.2757928371429443,
    1.0294357538223267
  ],
  "CC(O)C": [
    1.350234866142273,
    -0.3292919993400574,
    0.5510222911834717,
    -0.4394885003566742,
    0.5860016345977783,
    -0.16282328963279724,
    1.0512936115264893,
    -0.7535685896873474,
    -0.9804995656013489,
    -0.9633460640907288,
    1.2625517845153809,
    -1.5664485692977905,
    0.21423235535621643,
    0.840481698513031,
    -1.8661525249481201,
    1.1954389810562134
  ],
  "O.CC#N": [
    1.2015727758407593,
    -1.0475633144378662,
    0.2003171592950821,
    -0.2718900740146637,
    1.026991367340088,
    -0.8704729080200195,
    0.2680426239967346,
    -0.3999235928058624,
    -0.8416639566421509,
    -0.8852598071098328,
    1.7290372848510742,
    -1.1523009538650513,
    0.6620392203330994,
    0.5676735639572144,
    -1.638486623764038,
    1.440055251121521
  ],
  "CC#N": [
    1.3912302255630493,
    -0.5420512557029724,
    0.5574107766151428,
    -0.3093942701816559,
    0.7741497159004211,
    -0.16127625107765198,
    0.48277047276496887,
    -0.6270248293876648,
    -0.852599024772644,
    -1.031437873840332,
    1.6143618822097778,
    -1.5229865312576294,
    0.3100441098213196,
    0.5150176882743835,
    -1.8710728883743286,
    1.25962495803833
  ],
  "CC#N.CC(=O)O": [
    1.3830881118774414,
    -0.5976153016090393,
    0.4590681195259094,
    -0.3372079133987427,
    0.76936274766922,
    -0.21081502735614777,
    0.5372524857521057,
    -0.7314696311950684,
    -0.7206971645355225,
    -1.1039197444915771,
    1.6485075950622559,
    -1.4046735763549805,
    0.3564748466014862,
    0.5915160775184631,
    -1.8875758647918701,
    1.23616623878479
  ],
  "CCOCC": [
    1.3512388467788696,
    0.004048459231853485,
    0.23594988882541656,
    -0.5083903074264526,
    0.09988901019096375,
    -0.21240665018558502,
    1.5428158044815063,
    -0.5232151746749878,
    -1.4748798608779907,
    -0.5162168145179749,
    1.311637043952942,
    -1.7876478433609009,
    -0.14166109263896942,
    1.0725892782211304,
    -1.3707448244094849,
    0.9103301763534546
  ],
  "OCC(F)(F)F": [
    1.366585612297058,
    -0.6878762245178223,
    0.3119433522224426,
    -0.656287670135498,
    0.6224821209907532,
    -0.7060641646385193,
    0.6424520611763,
    -0.7375657558441162,
    -0.695520281791687,
    -1.2898937463760376,
    1.7189098596572876,
    -0.9859045147895813,
    0.6827213168144226,
    0.6868530511856079,
    -1.60270094871521,
    1.320347547531128
  ],
  "O.OCC(F)(F)F": [
    1.1566107273101807,
    -1.0836796760559082,
    0.18343593180179596,
    -0.5741398930549622,
    0.8462618589401245,
    -0.9044695496559143,
    0.469504714012146,
    -0.35752958059310913,
    -0.745095431804657,
    -1.1454105377197266,
    1.8167566061019897,
    -0.9914070963859558,
    0.7774984836578369,
    0.6459661722183228,
    -1.480963110923767,
    1.377771019935608
  ],
  "CN(C)C(C)=O": [
    1.4588483572006226,
    -0.20067013800144196,
    0.7396913766860962,
    -0.49449095129966736,
    0.7339741587638855,
    -0.1242116168141365,
    0.7561205625534058,
    -0.7490185499191284,
    -1.2438493967056274,
    -0.8526082038879395,
    1.3353461027145386,
    -1.7018091678619385,
    0.12442199885845184,
    0.8074044585227966,
    -1.6459460258483887,
    1.0449373722076416
  ],
  "CCCCCCCCCCO": [
    1.3279473781585693,
    0.015455060638487339,
    0.27555030584335327,
    -0.6888706088066101,
    0.23159915208816528,
    0.011405105702579021,
    1.2162002325057983,
    -0.6729500889778137,
    -1.6766822338104248,
    -0.3851211667060852,
    1.4753752946853638,
    -1.6710337400436401,
    -0.2128792405128479,
    1.2551206350326538,
    -1.278727412223816,
    0.7702577114105225
  ],
  "OCC": [
    1.3585047721862793,
    -0.5374143123626709,
    0.5022070407867432,
    -0.26126334071159363,
    0.9069353342056274,
    -0.2295844703912735,
    0.6116442084312439,
    -0.7655150294303894,
    -0.9183316826820374,
    -1.0405538082122803,
    1.5295636653900146,
    -1.4100712537765503,
    0.3203916847705841,
    0.6361931562423706,
    -1.898622989654541,
    1.1833062171936035
  ],
  "C1CCOC1": [
    1.3405930995941162,
    -0.16095444560050964,
    0.3909004032611847,
    -0.4747900068759918,
    0.10853661596775055,
    0.09131281077861786,
    1.4346784353256226,
    -0.5604147911071777,
    -1.378158688545227,
    -0.4462258517742157,
    1.2579330205917358,
    -1.9361017942428589,
    -0.19449716806411743,
    1.0630812644958496,
    -1.4438819885253906,
    0.9004780054092407
  ],
  "[C@H]12CCC([C@H](OC1)O2)=O": [
    1.4953255653381348,
    -0.5335862636566162,
    0.6891389489173889,
    -0.2842250168323517,
    1.023363471031189,
    -0.28955715894699097,
    0.2872315049171448,
    -0.801875650882721,
    -0.9021934866905212,
    -0.9394984841346741,
    1.5311070680618286,
    -1.5880974531173706,
    0.3494970202445984,
    0.5695379972457886,
    -1.709991216659546,
    1.0894341468811035
  ],
  "O=C(OCC)C": [
    1.4014828205108643,
    -0.080436110496521,
    0.39430296421051025,
    -0.4489154517650604,
    0.20404069125652313,
    -0.11564810574054718,
    1.3526397943496704,
    -0.515270471572876,
    -1.3620525598526,
    -0.5590961575508118,
    1.3784416913986206,
    -1.8268483877182007,
    -0.06919928640127182,
    0.9121325016021729,
    -1.589154601097107,
    0.9149993658065796
  ],
  "CC(C)(C)OC": [
    1.3029510974884033,
    0.034513410180807114,
    0.014019227586686611,
    -0.6602052450180054,
    -0.1754811406135559,
    -0.2776680290699005,
    1.8161262273788452,
    -0.4088190495967865,
    -1.313395619392395,
    -0.45849502086639404,
    1.2614446878433228,
    -1.7018365859985352,
    -0.30818861722946167,
    1.295725703239441,
    -1.2346627712249756,
    0.8110127449035645
  ],