{
  "CO": [
    1.5571420192718506,
    -0.5184126496315002,
    0.2645663022994995,
    -0.1751934289932251,
    0.6657848358154297,
    -0.7848801016807556,
    0.6628051996231079,
    -1.0135010480880737,
    -0.4402500092983246,
    -1.2323660850524902,
    1.5785059928894043,
    -1.168576717376709,
    0.4265868067741394,
    0.5197004079818726,
    -1.7011500597000122,
    1.346920371055603
  ],
  "OCCO": [
    1.5424535274505615,
    -0.681881844997406,
    0.3868671655654907,
    0.03165629506111145,
    1.1838265657424927,
    -0.8757730722427368,
    0.42871975898742676,
    -0.745968759059906,
    -0.706518828868866,
    -1.010778784751892,
    1.4380781650543213,
    -1.4966806173324585,
    0.39383670687675476,
    0.47938159108161926,
    -1.5803252458572388,
    1.1991515159606934
  ],
  "C(C(F)(F)F)(C(F)(F)F)O": [
    1.4240258932113647,
    -0.5542428493499756,
    0.16500499844551086,
    -0.5571895241737366,
    0.38090652227401733,
    -1.031430959701538,
    0.6765979528427124,
    -0.5450930595397949,
    -0.33256298303604126,
    -1.503836989402771,
    1.4578975439071655,
    -1.0509511232376099,
    0.6855617761611938,
    0.5523593425750732,
    -1.4665427207946777,
    1.690748691558838
  ],
  "O1C(C)CCC1": [
    1.5180394649505615,
    0.3356088697910309,
    0.46125948429107666,
    -0.38519588112831116,
    -0.051087137311697006,
    -0.1817420870065689,
    1.378285527229309,
    -0.7073973417282104,
    -1.0921897888183594,
    -0.5963327288627625,
    1.187666893005371,
    -2.0593037605285645,
    -0.26676902174949646,
    0.8011719584465027,
    -1.384492039680481,
    1.032713532447815
  ],
  "C1CCCCC1": [
    1.3820756673812866,
    0.3587788939476013,
    0.053737930953502655,
    -0.35663366317749023,
    -0.6968404054641724,
    -0.4980633556842804,
    1.6965183019638062,
    -0.41410163044929504,
    -1.0085012912750244,
    -0.39598923921585083,
    1.3014286756515503,
    -2.007800817489624,
    -0.3861187994480133,
    1.0901635885238647,
    -1.0393282175064087,
    0.9163318276405334
  ],
  "CC(O)C": [
    1.5990705490112305,
    0.028846904635429382,
    0.5305158495903015,
    -0.37227511405944824,
    0.5724257230758667,
    -0.4393366873264313,
    0.856364905834198,
    -0.8492286205291748,
    -0.7734225392341614,
    -1.0889190435409546,
    1.4230310916900635,
    -1.7177871465682983,
    0.09293904900550842,
    0.5946260690689087,
    -1.6303236484527588,
    1.1608270406723022
  ],
  "O.CC#N": [
    1.6370633840560913,
    -0.8894814252853394,
    0.022213980555534363,
    -0.18424953520298004,
    0.9055073857307434,
    -1.0187956094741821,
    0.25712668895721436,
    -0.4755775034427643,
    -0.4595683217048645,
    -1.0318074226379395,
    1.499916434288025,
    -1.2480138540267944,
    0.41010984778404236,
    0.5798269510269165,
    -1.5552177429199219,
    1.538329005241394
  ],
  "CC#N": [
    1.6482093334197998,
    -0.22153672575950623,
    0.4881921708583832,
    -0.2953701317310333,
    0.5916167497634888,
    -0.3948403000831604,
    0.7583990097045898,
    -0.8122164011001587,
    -0.5555427670478821,
    -1.1465133428573608,
    1.406620979309082,
    -1.6563037633895874,
    0.22267231345176697,
    0.45767468214035034,
    -1.7538052797317505,
    1.2492549419403076
  ],
  "CC#N.CC(=O)O": [
    1.5605005025863647,
    -0.3083459734916687,
    0.3903445899486542,
    -0.22646738588809967,
    0.5888733863830566,
    -0.37799033522605896,
    0.7245504856109619,
    -0.8371394872665405,
    -0.48954588174819946,
    -1.2153525352478027,
    1.5614596605300903,
    -1.6345303058624268,
    0.22683556377887726,
    0.5153893828392029,
    -1.7215157747268677,
    1.229583501815796
  ],
  "CCOCC": [
    1.2873470783233643,
    0.37490856647491455,
    0.1475631296634674,
    -0.3784028887748718,
    -0.4433744251728058,
    -0.11180482804775238,
    1.7731448411941528,
    -0.6860811114311218,
    -1.1496496200561523,
    -0.44535520672798157,
    1.1072276830673218,
    -2.001568555831909,
    -0.49986985325813293,
    1.1190383434295654,
    -1.0669347047805786,
    0.9690129160881042
  ],
  "OCC(F)(F)F": [
    1.4113523960113525,
    -0.42993637919425964,
    0.43485304713249207,
    -0.7488217949867249,
    -0.02989615499973297,
    -0.7411193251609802,
    1.1720582246780396,
    -0.5110430717468262,
    -0.1274048388004303,
    -1.5108143091201782,
    1.1725611686706543,
    -1.467774510383606,
    0.45851099491119385,
    0.6356877088546753,
    -1.355084776878357,
    1.6309056282043457
  ],
  "O.OCC(F)(F)F": [
    1.6944818496704102,
    -0.9990875124931335,
    -0.11747946590185165,
    -0.40748968720436096,
    0.9624522924423218,
    -0.9950961470603943,
    0.1271888017654419,
    -0.38576507568359375,
    -0.4985438883304596,
    -0.9737992286682129,
    1.43874990940094,
    -1.0460697412490845,
    0.3746544122695923,
    0.7182720303535461,
    -1.5116618871688843,
    1.607955813407898
  ],
  "CN(C)C(C)=O": [
    1.5945162773132324,
    0.16319496929645538,
    0.7020942568778992,
    -0.37551212310791016,
    0.4820054769515991,
    -0.25046077370643616,
    0.8700345158576965,
    -0.8579550981521606,
    -0.9559857845306396,
    -0.9153780341148376,
    1.3085297346115112,
    -1.9377199411392212,
    -0.05321432277560234,
    0.6543458104133606,
    -1.5158292055130005,
    1.0741878747940063
  ],
  "CCCCCCCCCCO": [
    1.438218355178833,
    0.3715408742427826,
    0.29463446140289307,
    -0.5849710702896118,
    -0.026906047016382217,
    -0.06555289775133133,
    1.358280062675476,
    -0.7811937928199768,
    -1.3021581172943115,
    -0.46188926696777344,
    1.342320442199707,
    -1.9033254384994507,
    -0.433232843875885,
    1.0955052375793457,
    -1.2298316955566406,
    0.8807531595230103
  ],
  "OCC": [
    1.6137794256210327,
    -0.2443370819091797,
    0.45597541332244873,
    -0.3207275867462158,
    0.7142353057861328,
    -0.4857383668422699,
    0.7606319785118103,
    -0.8613404035568237,
    -0.6511551737785339,
    -1.169797420501709,
    1.4468013048171997,
    -1.5338804721832275,
    0.21439212560653687,
    0.5720962882041931,
    -1.724564552307129,
    1.2011603116989136
  ],
  "C1CCOC1": [
    1.494390845298767,
    0.2153720110654831,
    0.47432398796081543,
    -0.39330852031707764,
    -0.08078978955745697,
    -0.08081058412790298,
    1.4172050952911377,
    -0.6520038843154907,
    -0.9655958414077759,
    -0.5492441654205322,
    1.2148516178131104,
    -2.1131033897399902,
    -0.35650986433029175,
    0.761169970035553,
    -1.4318746328353882,
    1.0363123416900635
  ],
  "[C@H]12CCC([C@H](OC1)O2)=O": [
    1.6805528402328491,
    -0.2636188566684723,
    0.6869059205055237,
    -0.2145712971687317,
    0.8490785360336304,
    -0.45857423543930054,
    0.5119032263755798,
    -0.9286430478096008,
    -0.6907376050949097,
    -1.028204083442688,
    1.3772345781326294,
    -1.7846547365188599,
    0.2206963747739792,
    0.48958006501197815,
    -1.5720409154891968,
    1.1098796129226685
  ],
  "O=C(OCC)C": [
    1.3912681341171265,
    0.36009469628334045,
    0.29139792919158936,
    -0.28077635169029236,
    -0.23796114325523376,
    -0.11246220022439957,
    1.5926182270050049,
    -0.7082560062408447,
    -1.096483826637268,
    -0.5492328405380249,
    1.217988133430481,
    -2.0077240467071533,
    -0.4249694049358368,
    0.9270825982093811,
    -1.3364498615264893,
    0.9663011431694031
  ],
  "CC(C)(C)OC": [
    1.3288708925247192,
    0.4196797013282776,
    0.06463528424501419,
    -0.47117674350738525,
    -0.5921980142593384,
    -0.35175278782844543,
    1.8507905006408691,
    -0.5663622617721558,
    -1.106921672821045,
    -0.44759315252304077,
    1.1544115543365479,
    -1.8866002559661865,
    -0.4465642273426056,
    1.137109637260437,
    -1.022117257118225,
    0.9328360557556152
  ],