{
  "CO": [
    1.8325153589248657,
    -0.3924131393432617,
    -0.009858516044914722,
    0.015872079879045486,
    0.17449040710926056,
    -1.525036096572876,
    0.9558776617050171,
    -0.40929386019706726,
    0.1639672815799713,
    -1.6163448095321655,
    0.6739112734794617,
    -1.1352558135986328,
    0.26329171657562256,
    0.684873104095459,
    -1.2558073997497559,
    1.5915216207504272
  ],
  "OCCO": [
    1.9271126985549927,
    -0.5489678978919983,
    0.09434138983488083,
    0.36977940797805786,
    0.818661630153656,
    -1.4951326847076416,
    0.7439673542976379,
    -0.32963964343070984,
    -0.25857651233673096,
    -1.413886547088623,
    0.459328293800354,
    -1.183058261871338,
    0.1007363498210907,
    0.5287497639656067,
    -1.363024353981018,
    1.5598481893539429
  ],
  "C(C(F)(F)F)(C(F)(F)F)O": [
    1.3111168146133423,
    -0.33302298188209534,
    0.029565786942839622,
    -0.3371925354003906,
    -0.39289119839668274,
    -1.5715854167938232,
    0.9501200914382935,
    0.012078576721251011,
    0.49244576692581177,
    -1.9571138620376587,
    0.3305496275424957,
    -1.0190069675445557,
    0.45619088411331177,
    0.6897937059402466,
    -0.6702331900596619,
    2.021395444869995
  ],
  "O1C(C)CCC1": [
    1.9231714010238647,
    0.7274832129478455,
    0.11602990329265594,
    -0.08159182220697403,
    -0.5182498097419739,
    -0.4841841757297516,
    1.648126482963562,
    -0.5672484040260315,
    -0.47105342149734497,
    -0.9835323691368103,
    0.513872504234314,
    -1.9328932762145996,
    -0.5813330411911011,
    0.8033453226089478,
    -1.0883550643920898,
    0.9892198443412781
  ],
  "C1CCCCC1": [
    1.8922927379608154,
    0.5691060423851013,
    0.036997612565755844,
    -0.27464210987091064,
    -0.9426568746566772,
    -0.899200439453125,
    1.5626670122146606,
    -0.1800014227628708,
    -0.270505428314209,
    -0.8838041424751282,
    0.8177112340927124,
    -1.9528366327285767,
    -0.3461399972438812,
    0.8531966209411621,
    -0.9284458756446838,
    0.9582458734512329
  ],
  "CC(O)C": [
    2.0995798110961914,
    0.35162752866744995,
    0.22712695598602295,
    -0.029017113149166107,
    0.0783369317650795,
    -0.9802885055541992,
    1.196668028831482,
    -0.5200962424278259,
    -0.18170709908008575,
    -1.4713633060455322,
    0.5623099207878113,
    -1.528306245803833,
    -0.28687822818756104,
    0.5888037085533142,
    -1.3724287748336792,
    1.2786948680877686
  ],
  "O.CC#N": [
    1.7696791887283325,
    -0.7236563563346863,
    -0.07143589109182358,
    0.21997389197349548,
    0.3916643559932709,
    -1.7240458726882935,
    0.6863560080528259,
    -0.09330686926841736,
    -0.26287561655044556,
    -1.4800217151641846,
    0.7044823169708252,
    -1.1073328256607056,
    0.3935655355453491,
    0.6026174426078796,
    -1.042470097541809,
    1.7454158067703247
  ],
  "CC#N": [
    2.1063168048858643,
    0.10954707115888596,
    0.17583347856998444,
    0.06990981847047806,
    -0.0007083219243213534,
    -0.9533368349075317,
    1.1884225606918335,
    -0.39944252371788025,
    -0.01339053176343441,
    -1.4813129901885986,
    0.5943747162818909,
    -1.5961010456085205,
    -0.16372649371623993,
    0.43878600001335144,
    -1.4044578075408936,
    1.3400254249572754
  ],
  "CC#N.CC(=O)O": [
    2.1504688262939453,
    -0.026801766827702522,
    0.1344507485628128,
    0.009574701078236103,
    0.08701534569263458,
    -1.0505646467208862,
    1.0249906778335571,
    -0.48450911045074463,
    0.13612689077854156,
    -1.5380940437316895,
    0.6196880340576172,
    -1.3500959873199463,
    -0.15043072402477264,
    0.5397015810012817,
    -1.4728620052337646,
    1.3827351331710815
  ],
  "CCOCC": [
    1.7555733919143677,
    0.7265023589134216,
    -0.060331422835588455,
    -0.09066080302000046,
    -0.8419399857521057,
    -0.47486037015914917,
    1.8258191347122192,
    -0.5404321551322937,
    -0.49952927231788635,
    -0.8859992623329163,
    0.5644997358322144,
    -1.9167404174804688,
    -0.6373239159584045,
    0.986396312713623,
    -0.8270028233528137,
    0.9309847950935364
  ],
  "OCC(F)(F)F": [
    1.9240260124206543,
    -0.26035040616989136,
    -0.09448504447937012,
    -0.1992994248867035,
    0.12395353615283966,
    -1.5334982872009277,
    0.7106316089630127,
    -0.31482362747192383,
    0.26608288288116455,
    -1.8815587759017944,
    0.6751946806907654,
    -0.8843716382980347,
    0.2965869903564453,
    0.600891649723053,
    -1.0655348300933838,
    1.6494355201721191
  ],
  "O.OCC(F)(F)F": [
    1.5660274028778076,
    -0.919871985912323,
    -0.17144359648227692,
    0.2214096635580063,
    0.39900442957878113,
    -1.9101674556732178,
    0.589539110660553,
    0.06722629070281982,
    -0.2946547567844391,
    -1.4777189493179321,
    0.6756780743598938,
    -0.8566744923591614,
    0.4971987009048462,
    0.7235190868377686,
    -0.9179689288139343,
    1.8187001943588257
  ],
  "CN(C)C(C)=O": [
    2.0695960521698,
    0.4940791130065918,
    0.3762185275554657,
    -0.09603319317102432,
    -0.005055562127381563,
    -0.749254584312439,
    1.2885428667068481,
    -0.5543316006660461,
    -0.30615153908729553,
    -1.3414313793182373,
    0.4926360547542572,
    -1.8164165019989014,
    -0.36869847774505615,
    0.6870372891426086,
    -1.266552209854126,
    1.1085819005966187
  ],
  "CCCCCCCCCCO": [
    1.9287556409835815,
    0.6972283720970154,
    0.06465840339660645,
    -0.3297758996486664,
    -0.4704476594924927,
    -0.38822707533836365,
    1.5783323049545288,
    -0.6669720411300659,
    -0.7092810869216919,
    -0.9083741903305054,
    0.6793254017829895,
    -1.8829984664916992,
    -0.618657112121582,
    1.0982316732406616,
    -0.9153069853782654,
    0.8577145338058472
  ],
  "OCC": [
    2.0705387592315674,
    -0.0037932719569653273,
    0.1220841333270073,
    0.07313581556081772,
    0.24827852845191956,
    -1.100428819656372,
    1.1252137422561646,
    -0.4233037531375885,
    -0.10630826652050018,
    -1.5344129800796509,
    0.6134302616119385,
    -1.3688905239105225,
    -0.16950350999832153,
    0.5783941745758057,
    -1.4735455513000488,
    1.3623958826065063
  ],
  "C1CCOC1": [
    1.9340349435806274,
    0.6073922514915466,
    0.13594716787338257,
    -0.09594789147377014,
    -0.4829697608947754,
    -0.4600535035133362,
    1.6520026922225952,
    -0.5102575421333313,
    -0.33922287821769714,
    -0.9880659580230713,
    0.5814022421836853,
    -1.9980307817459106,
    -0.6169260144233704,
    0.7620739340782166,
    -1.12356436252594,
    0.9549070000648499
  ],
  "[C@H]12CCC([C@H](OC1)O2)=O": [
    2.185033082962036,
    -0.043247900903224945,
    0.37790510058403015,
    0.07332143932580948,
    0.3396744132041931,
    -1.0622907876968384,
    0.974158525466919,
    -0.5195466876029968,
    -0.1362500935792923,
    -1.3991256952285767,
    0.44308462738990784,
    -1.57334303855896,
    -0.14495669305324554,
    0.5209665298461914,
    -1.3749232292175293,
    1.3497161865234375
  ],
  "O=C(OCC)C": [
    1.7774863243103027,
    0.7208655476570129,
    -0.0297736544162035,
    -0.09732087701559067,
    -0.7365624904632568,
    -0.37508755922317505,
    1.8408911228179932,
    -0.5116422176361084,
    -0.35190457105636597,
    -0.9506704807281494,
    0.4763331413269043,
    -1.9225220680236816,
    -0.6913638710975647,
    0.9368126392364502,
    -0.9859151244163513,
    0.915786862373352
  ],
  "CC(C)(C)OC": [
    1.810158610343933,
    0.6869417428970337,
    -0.04842445254325867,
    -0.2907801866531372,
    -0.8664908409118652,
    -0.6506334543228149,
    1.8680044412612915,
    -0.37660372257232666,
    -0.32428932189941406,
    -0.9566264152526855,
    0.6166191697120667,
    -1.8293377161026,
    -0.5588167905807495,
    0.9522766470909119,
    -0.8822044730186462,
    0.8679102063179016
  ],