{
  "CO": [
    1.7361159324645996,
    -0.4831913113594055,
    0.0429120771586895,
    0.05318374186754227,
    0.2723051607608795,
    -1.5131586790084839,
    0.9252368211746216,
    -0.4045119285583496,
    0.030943477526307106,
    -1.5860964059829712,
    0.7355083227157593,
    -1.2658785581588745,
    0.35324981808662415,
    0.7025596499443054,
    -1.207491159439087,
    1.6164629459381104
  ],
  "OCCO": [
    1.893492579460144,
    -0.5776055455207825,
    0.07324568927288055,
    0.3588854670524597,
    0.8807864785194397,
    -1.4487563371658325,
    0.6787890195846558,
    -0.3461020588874817,
    -0.3225136995315552,
    -1.3911833763122559,
    0.5050691366195679,
    -1.2138819694519043,
    0.19966045022010803,
    0.5306463241577148,
    -1.386054515838623,
    1.5714887380599976
  ],
  "C(C(F)(F)F)(C(F)(F)F)O": [
    1.2994874715805054,
    -0.2878114879131317,
    -0.029621127992868423,
    -0.3898889124393463,
    -0.6885174512863159,
    -1.322877287864685,
    1.1148067712783813,
    -0.043950967490673065,
    0.46124333143234253,
    -2.0795083045959473,
    0.482822448015213,
    -1.1630719900131226,
    0.5288465023040771,
    0.8831087350845337,
    -0.515164315700531,
    1.763022541999817
  ],
  "O1C(C)CCC1": [
    1.8743045330047607,
    0.5929045081138611,
    0.16751375794410706,
    -0.06544710695743561,
    -0.48017174005508423,
    -0.4406293034553528,
    1.691540241241455,
    -0.5346145033836365,
    -0.5150735974311829,
    -1.0051449537277222,
    0.39754992723464966,
    -2.0284833908081055,
    -0.5242668390274048,
    0.8485966324806213,
    -1.011170506477356,
    1.0430959463119507
  ],
  "C1CCCCC1": [
    1.8333866596221924,
    0.49674391746520996,
    0.08164114505052567,
    -0.19773074984550476,
    -0.8709493279457092,
    -0.9050562977790833,
    1.5346850156784058,
    -0.156072199344635,
    -0.3622138798236847,
    -0.9331600666046143,
    0.8432570099830627,
    -2.0660240650177,
    -0.25155767798423767,
    0.8344659805297852,
    -0.8715672492980957,
    0.9990434646606445
  ],
  "CC(O)C": [
    1.942115306854248,
    0.2661103904247284,
    0.24639248847961426,
    0.03838522732257843,
    -0.028547246009111404,
    -0.8971265554428101,
    1.382462501525879,
    -0.5184970498085022,
    -0.19884786009788513,
    -1.4783304929733276,
    0.4170692563056946,
    -1.7461977005004883,
    -0.13577879965305328,
    0.6824578642845154,
    -1.2540768384933472,
    1.2929481267929077
  ],
  "O.CC#N": [
    1.909376859664917,
    -0.798477053642273,
    -0.14199121296405792,
    0.17770497500896454,
    0.5013876557350159,
    -1.5857746601104736,
    0.4193103611469269,
    -0.1013169139623642,
    -0.10519202053546906,
    -1.4061341285705566,
    0.6018041968345642,
    -1.0930172204971313,
    0.2988944351673126,
    0.6330539584159851,
    -1.1345560550689697,
    1.8279167413711548
  ],
  "CC#N": [
    2.0611865520477295,
    0.03440617024898529,
    0.17302365601062775,
    0.1541696935892105,
    0.1452867090702057,
    -0.9190415740013123,
    1.1158602237701416,
    -0.44913557171821594,
    -0.11569227278232574,
    -1.5359879732131958,
    0.6442016363143921,
    -1.6820043325424194,
    -0.02695239521563053,
    0.436963826417923,
    -1.3598932027816772,
    1.330510139465332
  ],
  "CC#N.CC(=O)O": [
    2.047752857208252,
    -0.09294304251670837,
    0.13491760194301605,
    0.10178983211517334,
    0.18498697876930237,
    -1.0541276931762695,
    0.9842504262924194,
    -0.4972732961177826,
    -0.012735092081129551,
    -1.5889244079589844,
    0.7302783131599426,
    -1.4671722650527954,
    -0.004922420252114534,
    0.5236285328865051,
    -1.3956159353256226,
    1.4133121967315674
  ],
  "CCOCC": [
    1.8526185750961304,
    0.6348505020141602,
    0.08111608773469925,
    -0.16109970211982727,
    -0.5852499604225159,
    -0.6490648984909058,
    1.7381601333618164,
    -0.43953725695610046,
    -0.4839153289794922,
    -1.0404798984527588,
    0.5317164659500122,
    -1.9621906280517578,
    -0.43373265862464905,
    0.8135586380958557,
    -0.934248685836792,
    1.0492610931396484
  ],
  "OCC(F)(F)F": [
    1.819250464439392,
    -0.32503098249435425,
    0.09246695041656494,
    -0.14316534996032715,
    0.030497297644615173,
    -1.5105955600738525,
    0.8727172017097473,
    -0.4418879449367523,
    -0.04911019280552864,
    -1.815216064453125,
    0.7683416604995728,
    -1.0374250411987305,
    0.4887256324291229,
    0.67475426197052,
    -1.020524501800537,
    1.6063168048858643
  ],
  "O.OCC(F)(F)F": [
    1.5534775257110596,
    -0.9080249071121216,
    -0.08722776174545288,
    0.047244518995285034,
    0.42852142453193665,
    -1.7786377668380737,
    0.5699429512023926,
    0.014506781473755836,
    -0.2793925702571869,
    -1.586775541305542,
    0.7185133695602417,
    -0.9214590191841125,
    0.6554328799247742,
    0.6685619950294495,
    -0.9138055443763733,
    1.8258546590805054
  ],
  "CN(C)C(C)=O": [
    2.095874786376953,
    0.361758828163147,
    0.4613952040672302,
    -0.11978446692228317,
    0.15289205312728882,
    -0.7278188467025757,
    1.1197760105133057,
    -0.528294026851654,
    -0.3075525462627411,
    -1.4354373216629028,
    0.48470377922058105,
    -1.8213862180709839,
    -0.2792988419532776,
    0.6362795233726501,
    -1.2741833925247192,
    1.189286231994629
  ],
  "CCCCCCCCCCO": [
    1.8916525840759277,
    0.6255699396133423,
    0.11623745411634445,
    -0.303947389125824,
    -0.34246203303337097,
    -0.45425376296043396,
    1.511479377746582,
    -0.6182992458343506,
    -0.7326051592826843,
    -0.9819176197052002,
    0.7174074649810791,
    -1.9822956323623657,
    -0.542290985584259,
    1.0715820789337158,
    -0.8935968279838562,
    0.928426206111908
  ],
  "OCC": [
    1.9786635637283325,
    0.002284595975652337,
    0.2068059742450714,
    0.10599369555711746,
    0.24051812291145325,
    -1.0335685014724731,
    1.114637017250061,
    -0.4464384913444519,
    -0.20234546065330505,
    -1.5999819040298462,
    0.6422544121742249,
    -1.5876492261886597,
    -0.02848570980131626,
    0.5975555777549744,
    -1.3334468603134155,
    1.352332592010498
  ],
  "C1CCOC1": [
    1.9667888879776,
    0.4527590572834015,
    0.25485262274742126,
    -0.0945511981844902,
    -0.34022608399391174,
    -0.5002155303955078,
    1.5626877546310425,
    -0.4349810481071472,
    -0.3429965376853943,
    -1.0717867612838745,
    0.5655649304389954,
    -2.0628952980041504,
    -0.48693832755088806,
    0.728721559047699,
    -1.176411747932434,
    0.9891493916511536
  ],
  "[C@H]12CCC([C@H](OC1)O2)=O": [
    2.1361544132232666,
    -0.0813811719417572,
    0.39080438017845154,
    0.1472502052783966,
    0.47961583733558655,
    -1.0344650745391846,
    0.8658183217048645,
    -0.5390139818191528,
    -0.2735050916671753,
    -1.4124739170074463,
    0.52671879529953,
    -1.6574872732162476,
    -0.05593755841255188,
    0.5216081142425537,
    -1.3424257040023804,
    1.3344552516937256
  ],
  "O=C(OCC)C": [
    1.8310035467147827,
    0.6688402891159058,
    0.08115120977163315,
    -0.020482808351516724,
    -0.5722671747207642,
    -0.5049050450325012,
    1.7385238409042358,
    -0.49912652373313904,
    -0.5045847296714783,
    -1.0102500915527344,
    0.5237477421760559,
    -1.981177806854248,
    -0.5640544891357422,
    0.8618548512458801,
    -0.9998661279678345,
    0.9634668827056885
  ],
  "CC(C)(C)OC": [
    1.5988962650299072,
    0.6985903382301331,
    -0.16671060025691986,
    -0.1685333400964737,
    -0.9519940614700317,
    -0.5915486216545105,
    1.9205976724624634,
    -0.4738902151584625,
    -0.5703594088554382,
    -0.911088228225708,
    0.5901834964752197,
    -1.881235957145691,
    -0.5418654084205627,
    1.2125499248504639,
    -0.5907810926437378,
    0.8434019684791565
  ],