{
  "CO": [
    1.6367862224578857,
    -0.6396431922912598,
    0.1585923582315445,
    -0.0037477670703083277,
    0.5891110897064209,
    -1.2579957246780396,
    0.6764745116233826,
    -0.5090251564979553,
    -0.05521051585674286,
    -1.3919614553451538,
    0.8318343758583069,
    -1.2096408605575562,
    0.41658204793930054,
    0.602404773235321,
    -1.5973349809646606,
    1.7490214109420776
  ],
  "OCCO": [
    1.7523717880249023,
    -0.6645577549934387,
    0.26387500762939453,
    0.3045980632305145,
    0.9723960161209106,
    -1.151225209236145,
    0.5939184427261353,
    -0.5530808568000793,
    -0.3745832145214081,
    -1.2755934000015259,
    0.8632383346557617,
    -1.4664514064788818,
    0.3176146447658539,
    0.4602448344230652,
    -1.513871192932129,
    1.466131567955017
  ],
  "C(C(F)(F)F)(C(F)(F)F)O": [
    1.4121129512786865,
    -0.4201750159263611,
    0.11330253630876541,
    -0.3504912257194519,
    -0.31828901171684265,
    -1.1242181062698364,
    1.1489545106887817,
    -0.376198947429657,
    0.19280245900154114,
    -2.0021121501922607,
    0.9628459811210632,
    -1.1751819849014282,
    0.5746840238571167,
    0.5846230983734131,
    -0.9366484880447388,
    1.7179272174835205
  ],
  "O1C(C)CCC1": [
    1.7940163612365723,
    0.49929460883140564,
    0.3155188262462616,
    -0.17312781512737274,
    -0.28020939230918884,
    -0.3841778635978699,
    1.6007425785064697,
    -0.5790418982505798,
    -0.6096462607383728,
    -0.9353371858596802,
    0.7118013501167297,
    -2.0820059776306152,
    -0.4080032706260681,
    0.7359645962715149,
    -1.2372171878814697,
    1.0324244499206543
  ],
  "C1CCCCC1": [
    1.7225606441497803,
    0.37957486510276794,
    0.11366665363311768,
    -0.28007638454437256,
    -0.7950183749198914,
    -0.7277651429176331,
    1.6384168863296509,
    -0.23365934193134308,
    -0.4349857270717621,
    -0.8428981900215149,
    0.9243432879447937,
    -2.1046760082244873,
    -0.27985960245132446,
    0.8314769864082336,
    -0.966088056564331,
    1.0576128959655762
  ],
  "CC(O)C": [
    1.7559832334518433,
    0.1293777972459793,
    0.3742371201515198,
    -0.00019820797024294734,
    0.1513698399066925,
    -0.6639197468757629,
    1.3336783647537231,
    -0.6819462776184082,
    -0.2562446892261505,
    -1.370893120765686,
    0.7272564172744751,
    -1.810004711151123,
    -0.08476325869560242,
    0.6007325649261475,
    -1.515197992324829,
    1.3099839687347412
  ],
  "O.CC#N": [
    1.597652792930603,
    -0.8464422225952148,
    0.20326003432273865,
    -0.01859012246131897,
    0.535977840423584,
    -1.1785963773727417,
    0.636432409286499,
    -0.32804542779922485,
    -0.23862074315547943,
    -1.4505285024642944,
    0.940147340297699,
    -1.3305995464324951,
    0.6113447546958923,
    0.43729761242866516,
    -1.372256875038147,
    1.7967510223388672
  ],
  "CC#N": [
    1.921336054801941,
    -0.10601666569709778,
    0.3591667413711548,
    -0.017127636820077896,
    0.30520790815353394,
    -0.6815798878669739,
    0.9761764407157898,
    -0.6191070675849915,
    -0.14239656925201416,
    -1.4103364944458008,
    0.8450057506561279,
    -1.6820467710494995,
    0.06770114600658417,
    0.3914169371128082,
    -1.6211501359939575,
    1.4095369577407837
  ],
  "CC#N.CC(=O)O": [
    1.852009654045105,
    -0.19021467864513397,
    0.2677784860134125,
    0.02527112513780594,
    0.29862797260284424,
    -0.6564474701881409,
    0.9651503562927246,
    -0.6349208950996399,
    -0.07012956589460373,
    -1.4731980562210083,
    0.9580978155136108,
    -1.6633497476577759,
    0.08441469818353653,
    0.4432617127895355,
    -1.616673469543457,
    1.4063136577606201
  ],
  "CCOCC": [
    1.6000784635543823,
    0.5525368452072144,
    0.05172329023480415,
    -0.19578012824058533,
    -0.6083492040634155,
    -0.4084107577800751,
    1.898492455482483,
    -0.556695282459259,
    -0.6851127743721008,
    -0.847140908241272,
    0.7006674408912659,
    -1.9885029792785645,
    -0.5217221975326538,
    0.9782956838607788,
    -0.958335280418396,
    0.9938275218009949
  ],
  "OCC(F)(F)F": [
    1.7243375778198242,
    -0.4503399729728699,
    0.08661311119794846,
    -0.19509923458099365,
    0.3623097538948059,
    -1.2814769744873047,
    0.6360129714012146,
    -0.5440940260887146,
    0.04556190222501755,
    -1.7178936004638672,
    0.9940946698188782,
    -1.0082011222839355,
    0.4896959960460663,
    0.5895364284515381,
    -1.4006390571594238,
    1.668432354927063
  ],
  "O.OCC(F)(F)F": [
    1.633107304573059,
    -1.1103863716125488,
    -0.16985741257667542,
    -0.053681954741477966,
    0.7021010518074036,
    -1.3948214054107666,
    0.25621652603149414,
    -0.12302199751138687,
    -0.16565640270709991,
    -1.2946412563323975,
    0.8587607741355896,
    -0.9620639085769653,
    0.4755455255508423,
    0.7664189338684082,
    -1.3185491561889648,
    1.8966859579086304
  ],
  "CN(C)C(C)=O": [
    1.909674048423767,
    0.33103522658348083,
    0.5491451025009155,
    -0.13355940580368042,
    0.21636226773262024,
    -0.49166926741600037,
    1.1025668382644653,
    -0.711197018623352,
    -0.5014064908027649,
    -1.2264639139175415,
    0.8010422587394714,
    -1.9806386232376099,
    -0.21487490832805634,
    0.6188136339187622,
    -1.4028902053833008,
    1.1311941146850586
  ],
  "CCCCCCCCCCO": [
    1.850116491317749,
    0.5292220711708069,
    0.1070547103881836,
    -0.4335838258266449,
    -0.2579646110534668,
    -0.22612227499485016,
    1.5637104511260986,
    -0.661985456943512,
    -0.7998871207237244,
    -0.8333266973495483,
    0.8498132824897766,
    -1.9261493682861328,
    -0.5874760150909424,
    1.0230547189712524,
    -1.103610873222351,
    0.9101614356040955
  ],
  "OCC": [
    1.833024501800537,
    -0.10163283348083496,
    0.31196096539497375,
    0.06890957802534103,
    0.42098575830459595,
    -0.7159810066223145,
    1.004729986190796,
    -0.6354397535324097,
    -0.29009801149368286,
    -1.4833126068115234,
    0.9347748160362244,
    -1.6853071451187134,
    0.03888825699687004,
    0.5304361581802368,
    -1.560971975326538,
    1.3265622854232788
  ],
  "C1CCOC1": [
    1.785340666770935,
    0.34979620575904846,
    0.3287416398525238,
    -0.17601986229419708,
    -0.23329174518585205,
    -0.2766144871711731,
    1.5750404596328735,
    -0.5225346088409424,
    -0.4426262080669403,
    -0.9292421936988831,
    0.7910845875740051,
    -2.1222164630889893,
    -0.49595701694488525,
    0.7160672545433044,
    -1.3511544466018677,
    1.0040652751922607
  ],
  "[C@H]12CCC([C@H](OC1)O2)=O": [
    1.9672938585281372,
    -0.16876356303691864,
    0.5386409163475037,
    0.04177251085639,
    0.6356756687164307,
    -0.7795069813728333,
    0.7417988777160645,
    -0.7340293526649475,
    -0.3321533203125,
    -1.3053181171417236,
    0.8130706548690796,
    -1.7435215711593628,
    0.07165728509426117,
    0.4611431360244751,
    -1.5216751098632812,
    1.308370590209961
  ],
  "O=C(OCC)C": [
    1.7580276727676392,
    0.5172342658042908,
    0.20594967901706696,
    -0.12099505960941315,
    -0.37274786829948425,
    -0.3982822000980377,
    1.7100591659545898,
    -0.516200840473175,
    -0.5090882778167725,
    -0.9086772203445435,
    0.7306488752365112,
    -2.0385303497314453,
    -0.5172874927520752,
    0.7411356568336487,
    -1.2760807275772095,
    0.9972927570343018
  ],
  "CC(C)(C)OC": [
    1.492466926574707,
    0.5596908330917358,
    -0.1035471260547638,
    -0.26677602529525757,
    -0.8044102787971497,
    -0.461902379989624,
    2.0145158767700195,
    -0.5029006004333496,
    -0.5903874635696411,
    -0.8477675318717957,
    0.7516842484474182,
    -1.8952021598815918,
    -0.6055344939231873,
    1.1577669382095337,
    -0.7799468040466309,
    0.8913632035255432
  ],