{
  "CO": [
    1.8069766759872437,
    -0.4889732897281647,
    0.20280256867408752,
    -0.030878156423568726,
    0.1616135835647583,
    -1.2870068550109863,
    0.9144787192344666,
    -0.2886040210723877,
    0.2236068695783615,
    -1.4797418117523193,
    0.5149970650672913,
    -1.4283705949783325,
    0.18743938207626343,
    0.6960270404815674,
    -1.3906123638153076,
    1.6904301643371582
  ],
  "OCCO": [
    2.0760040283203125,
    -0.42995068430900574,
    0.1557367593050003,
    0.2785407602787018,
    0.8222402930259705,
    -1.290152907371521,
    0.718261182308197,
    -0.5615456104278564,
    -0.30204030871391296,
    -1.3550053834915161,
    0.6193249821662903,
    -1.367759108543396,
    0.1266988068819046,
    0.4833357632160187,
    -1.3662269115447998,
    1.3965591192245483
  ],
  "C(C(F)(F)F)(C(F)(F)F)O": [
    1.5742425918579102,
    -0.24698901176452637,
    -0.023180130869150162,
    -0.2649659216403961,
    -0.22678808867931366,
    -1.4122016429901123,
    0.9225462675094604,
    -0.36380535364151,
    0.17349253594875336,
    -2.0835986137390137,
    0.966958224773407,
    -1.052337884902954,
    0.5693978667259216,
    0.49441608786582947,
    -0.7016119360923767,
    1.683058738708496
  ],
  "O1C(C)CCC1": [
    1.9675257205963135,
    0.6011440753936768,
    0.22026987373828888,
    -0.12943542003631592,
    -0.36837634444236755,
    -0.4029461145401001,
    1.6168606281280518,
    -0.5343218445777893,
    -0.4561494290828705,
    -1.0061452388763428,
    0.5319632887840271,
    -2.0168092250823975,
    -0.528358519077301,
    0.6894124746322632,
    -1.1574667692184448,
    0.9805082678794861
  ],
  "C1CCCCC1": [
    1.8908052444458008,
    0.49949294328689575,
    0.04379099979996681,
    -0.27999886870384216,
    -0.87665855884552,
    -0.8308399319648743,
    1.6152615547180176,
    -0.1747814565896988,
    -0.3256465494632721,
    -0.9269782304763794,
    0.8175670504570007,
    -2.0317447185516357,
    -0.28612926602363586,
    0.7830358743667603,
    -0.8634506464004517,
    0.9547836780548096
  ],
  "CC(O)C": [
    2.103090524673462,
    0.2642117440700531,
    0.2778455317020416,
    -0.08829402178525925,
    0.1653120517730713,
    -0.83604496717453,
    1.1388083696365356,
    -0.5770831108093262,
    -0.1556551158428192,
    -1.4794921875,
    0.6508628726005554,
    -1.5970652103424072,
    -0.2340904027223587,
    0.5824198722839355,
    -1.430715799331665,
    1.2230231761932373
  ],
  "O.CC#N": [
    1.746304988861084,
    -0.7782061696052551,
    0.0029262343887239695,
    0.17122092843055725,
    0.5592138767242432,
    -1.540913462638855,
    0.673292875289917,
    -0.16195981204509735,
    -0.27329885959625244,
    -1.395494818687439,
    0.7155615091323853,
    -1.22260582447052,
    0.43468254804611206,
    0.5357340574264526,
    -1.2272576093673706,
    1.7632983922958374
  ],
  "CC#N": [
    2.151181697845459,
    0.02653026394546032,
    0.24426735937595367,
    0.0223904587328434,
    0.18640699982643127,
    -0.8191462159156799,
    1.0923815965652466,
    -0.5304725766181946,
    -0.05454964190721512,
    -1.425911784172058,
    0.6225414872169495,
    -1.5858737230300903,
    -0.09360770136117935,
    0.38775208592414856,
    -1.5348643064498901,
    1.3153833150863647
  ],
  "CC#N.CC(=O)O": [
    2.1350979804992676,
    -0.051196739077568054,
    0.17893044650554657,
    0.01566554605960846,
    0.16995754837989807,
    -0.8712348341941833,
    1.0195473432540894,
    -0.5803577303886414,
    0.07339396327733994,
    -1.5089133977890015,
    0.7070775628089905,
    -1.4795130491256714,
    -0.07656244188547134,
    0.45221737027168274,
    -1.5188301801681519,
    1.339506983757019
  ],
  "CCOCC": [
    1.7083847522735596,
    0.7009259462356567,
    -0.03989094868302345,
    -0.07165013998746872,
    -0.6892396807670593,
    -0.42780229449272156,
    1.8613826036453247,
    -0.5642129182815552,
    -0.6313434839248657,
    -0.9130294322967529,
    0.6487972140312195,
    -1.9732152223587036,
    -0.5932633876800537,
    0.9384050965309143,
    -0.8369337320327759,
    0.8938626646995544
  ],
  "OCC(F)(F)F": [
    1.908504605293274,
    -0.33702176809310913,
    -0.0269490797072649,
    -0.14380522072315216,
    0.21601681411266327,
    -1.3848801851272583,
    0.7485910654067993,
    -0.42295312881469727,
    0.1476946473121643,
    -1.806821584701538,
    0.7997695803642273,
    -0.9856387376785278,
    0.33524009585380554,
    0.5348311066627502,
    -1.2199171781539917,
    1.6439207792282104
  ],
  "O.OCC(F)(F)F": [
    1.6348097324371338,
    -0.9035726189613342,
    -0.12114544212818146,
    0.1363128125667572,
    0.5348901152610779,
    -1.7175705432891846,
    0.592948853969574,
    -0.08461284637451172,
    -0.29901906847953796,
    -1.4281560182571411,
    0.7478967308998108,
    -0.9498449563980103,
    0.4930974543094635,
    0.6384300589561462,
    -1.1050307750701904,
    1.8348227739334106
  ],
  "CN(C)C(C)=O": [
    2.074091911315918,
    0.4467366635799408,
    0.4511246383190155,
    -0.1270466148853302,
    0.09173700958490372,
    -0.6135720610618591,
    1.22121000289917,
    -0.6269753575325012,
    -0.403888076543808,
    -1.2940394878387451,
    0.5820682048797607,
    -1.924345850944519,
    -0.30394792556762695,
    0.642420768737793,
    -1.264872431755066,
    1.0553911924362183
  ],
  "CCCCCCCCCCO": [
    1.8954219818115234,
    0.6131815910339355,
    0.14312522113323212,
    -0.41289621591567993,
    -0.3175930380821228,
    -0.35378921031951904,
    1.562619686126709,
    -0.608454704284668,
    -0.626013994216919,
    -0.9885390400886536,
    0.7453563809394836,
    -1.9656692743301392,
    -0.578540563583374,
    0.9647983908653259,
    -0.9974778890609741,
    0.9332960247993469
  ],
  "OCC": [
    2.075784921646118,
    -0.00022938125766813755,
    0.2072698473930359,
    0.02011677622795105,
    0.3297611176967621,
    -0.9860829710960388,
    1.0803790092468262,
    -0.5679348707199097,
    -0.19422411918640137,
    -1.4794589281082153,
    0.6857191324234009,
    -1.4691123962402344,
    -0.06269533932209015,
    0.515442430973053,
    -1.4856312274932861,
    1.33723783493042
  ],
  "C1CCOC1": [
    1.8711345195770264,
    0.5358774065971375,
    0.1657298505306244,
    -0.1002795547246933,
    -0.4720942974090576,
    -0.2781878113746643,
    1.7176034450531006,
    -0.5388492345809937,
    -0.427746444940567,
    -0.9358473420143127,
    0.5695329308509827,
    -2.100982189178467,
    -0.6183439493179321,
    0.7841426730155945,
    -1.071647047996521,
    0.9082831144332886
  ],
  "[C@H]12CCC([C@H](OC1)O2)=O": [
    2.175788640975952,
    -0.07393870502710342,
    0.3688513934612274,
    0.071235790848732,
    0.49776092171669006,
    -0.9259338974952698,
    0.8880637288093567,
    -0.6124553084373474,
    -0.2381729930639267,
    -1.3623578548431396,
    0.6010892987251282,
    -1.646592140197754,
    -0.07536175101995468,
    0.4724653661251068,
    -1.424113154411316,
    1.2871202230453491
  ],
  "O=C(OCC)C": [
    1.8404473066329956,
    0.657058596611023,
    0.05719248577952385,
    -0.0884379968047142,
    -0.5687333345413208,
    -0.3826015293598175,
    1.796083927154541,
    -0.5100504159927368,
    -0.43479928374290466,
    -0.9809881448745728,
    0.5689490437507629,
    -1.979354977607727,
    -0.6139688491821289,
    0.7915869355201721,
    -1.0559102296829224,
    0.913731575012207
  ],
  "CC(C)(C)OC": [
    1.6686333417892456,
    0.7219222784042358,
    -0.15296855568885803,
    -0.1798926442861557,
    -0.8969536423683167,
    -0.47887086868286133,
    1.960099697113037,
    -0.4850347638130188,
    -0.6185402274131775,
    -0.7953193187713623,
    0.6772811412811279,
    -1.9101004600524902,
    -0.6090413331985474,
    1.0193662643432617,
    -0.7068442702293396,
    0.7994034290313721
  ],