{
  "CO": [
    1.4419269561767578,
    -0.6299487352371216,
    0.25036749243736267,
    -0.24114246666431427,
    0.8496191501617432,
    -0.6868431568145752,
    0.5137149691581726,
    -0.9027767777442932,
    -0.5711113810539246,
    -1.1241002082824707,
    1.63736093044281,
    -1.1316970586776733,
    0.45784109830856323,
    0.5431888699531555,
    -1.796102523803711,
    1.3766855001449585
  ],
  "OCCO": [
    1.6127547025680542,
    -0.5906175374984741,
    0.4455268681049347,
    -0.18510496616363525,
    1.2027113437652588,
    -0.6611577272415161,
    0.3592053949832916,
    -0.8860577344894409,
    -0.7857915163040161,
    -1.0050655603408813,
    1.467423677444458,
    -1.3841689825057983,
    0.4330047369003296,
    0.47536787390708923,
    -1.6401256322860718,
    1.1276096105575562
  ],
  "C(C(F)(F)F)(C(F)(F)F)O": [
    0.97686767578125,
    -0.43289780616760254,
    0.20546765625476837,
    -0.9610509872436523,
    -0.3490501046180725,
    -0.7351531982421875,
    1.3643922805786133,
    -0.14336170256137848,
    -0.05436626449227333,
    -1.6866153478622437,
    1.1895889043807983,
    -1.2700443267822266,
    0.4030723571777344,
    0.770917534828186,
    -1.1380860805511475,
    1.8589919805526733
  ],
  "O1C(C)CCC1": [
    1.5328881740570068,
    0.11848469078540802,
    0.4381592869758606,
    -0.5204718708992004,
    0.1732998639345169,
    -0.09563066065311432,
    1.3215233087539673,
    -0.6370254158973694,
    -1.1631474494934082,
    -0.6655773520469666,
    1.1711969375610352,
    -1.964999794960022,
    -0.16158105432987213,
    0.8666208982467651,
    -1.4729596376419067,
    1.049787998199463
  ],
  "C1CCCCC1": [
    1.2184014320373535,
    0.2979643642902374,
    -0.25717318058013916,
    -0.6956803202629089,
    -0.6433651447296143,
    -0.674641489982605,
    1.731431484222412,
    -0.36281365156173706,
    -1.2002218961715698,
    -0.3365825116634369,
    1.1123093366622925,
    -1.7446980476379395,
    -0.47974416613578796,
    1.7207062244415283,
    -0.5109995007514954,
    0.8260841965675354
  ],
  "CC(O)C": [
    1.4845441579818726,
    -0.16404810547828674,
    0.48208731412887573,
    -0.35847917199134827,
    0.7429407835006714,
    -0.37365907430648804,
    0.6975055932998657,
    -0.8163690567016602,
    -0.9267348051071167,
    -1.0665690898895264,
    1.5238245725631714,
    -1.5540231466293335,
    0.20525352656841278,
    0.6992379426956177,
    -1.7426042556762695,
    1.1540814638137817
  ],
  "O.CC#N": [
    1.28307044506073,
    -0.9359958171844482,
    0.1893187016248703,
    -0.29568949341773987,
    0.9560701847076416,
    -0.9117542505264282,
    0.41481295228004456,
    -0.5044663548469543,
    -0.7606558799743652,
    -1.018992304801941,
    1.679390788078308,
    -1.2758649587631226,
    0.6753402352333069,
    0.5267273187637329,
    -1.5027432441711426,
    1.469197392463684
  ],
  "CC#N": [
    1.4534363746643066,
    -0.39422523975372314,
    0.4559316337108612,
    -0.2340119481086731,
    0.6925826668739319,
    -0.23270341753959656,
    0.6588507294654846,
    -0.7744282484054565,
    -0.7620145678520203,
    -1.1509636640548706,
    1.5632245540618896,
    -1.6673122644424438,
    0.3567873537540436,
    0.4869319498538971,
    -1.7102539539337158,
    1.2442071437835693
  ],
  "CC#N.CC(=O)O": [
    1.4429848194122314,
    -0.46560952067375183,
    0.40246039628982544,
    -0.2845637798309326,
    0.7490203380584717,
    -0.3747030794620514,
    0.554704487323761,
    -0.813858687877655,
    -0.641966700553894,
    -1.1585421562194824,
    1.6371984481811523,
    -1.4687345027923584,
    0.34107309579849243,
    0.5804738998413086,
    -1.7843713760375977,
    1.270894169807434
  ],
  "CCOCC": [
    1.2624287605285645,
    0.18054929375648499,
    0.18599365651607513,
    -0.383516401052475,
    -0.18833956122398376,
    -0.2190432995557785,
    1.6326332092285156,
    -0.6593459844589233,
    -1.4188240766525269,
    -0.5042353868484497,
    1.287227749824524,
    -1.9372410774230957,
    -0.21327388286590576,
    1.103237271308899,
    -1.1067273616790771,
    0.9718711376190186
  ],
  "OCC(F)(F)F": [
    1.3230416774749756,
    -0.5656400322914124,
    0.30311721563339233,
    -0.5754084587097168,
    0.4958128333091736,
    -0.7734782695770264,
    0.8310354948043823,
    -0.7348719835281372,
    -0.5927698612213135,
    -1.3223217725753784,
    1.619101881980896,
    -1.1845965385437012,
    0.6556752920150757,
    0.648586094379425,
    -1.567228078842163,
    1.4302160739898682
  ],
  "O.OCC(F)(F)F": [
    1.4568696022033691,
    -0.9752395153045654,
    -0.12338830530643463,
    -0.4473743438720703,
    1.007287859916687,
    -1.0220750570297241,
    0.10051809251308441,
    -0.30658048391342163,
    -0.5172332525253296,
    -0.9184753894805908,
    1.571083903312683,
    -0.9936420917510986,
    0.3606184422969818,
    0.7416031956672668,
    -1.6036043167114258,
    1.6588327884674072
  ],
  "CN(C)C(C)=O": [
    1.4633972644805908,
    -0.049283407628536224,
    0.685157299041748,
    -0.3895273804664612,
    0.6401203870773315,
    -0.2197646200656891,
    0.8221989274024963,
    -0.836905837059021,
    -1.1328920125961304,
    -0.9311501383781433,
    1.371875286102295,
    -1.8502209186553955,
    0.13470548391342163,
    0.7251596450805664,
    -1.5234941244125366,
    1.077552080154419
  ],
  "CCCCCCCCCCO": [
    1.4900643825531006,
    0.2133355587720871,
    0.1930350810289383,
    -0.6959130167961121,
    0.15133625268936157,
    -0.004780738148838282,
    1.304227352142334,
    -0.7216182947158813,
    -1.5118722915649414,
    -0.4612281024456024,
    1.321641206741333,
    -1.769769549369812,
    -0.30883750319480896,
    1.2048555612564087,
    -1.2183961868286133,
    0.8065820336341858
  ],
  "OCC": [
    1.5117672681808472,
    -0.36727309226989746,
    0.482088565826416,
    -0.40627479553222656,
    0.8376826643943787,
    -0.4510148763656616,
    0.6480938196182251,
    -0.8711481690406799,
    -0.7899202704429626,
    -1.1435575485229492,
    1.4942877292633057,
    -1.4122297763824463,
    0.3652579188346863,
    0.6069846749305725,
    -1.7360594272613525,
    1.2184481620788574
  ],
  "C1CCOC1": [
    1.4576706886291504,
    0.004097802564501762,
    0.4924874007701874,
    -0.49498504400253296,
    0.18609540164470673,
    -0.10379578918218613,
    1.2915196418762207,
    -0.5937531590461731,
    -1.145860195159912,
    -0.6145997643470764,
    1.3075814247131348,
    -2.045570135116577,
    -0.14111129939556122,
    0.8403904438018799,
    -1.4508075714111328,
    1.000830054283142
  ],
  "[C@H]12CCC([C@H](OC1)O2)=O": [
    1.5813484191894531,
    -0.4057255685329437,
    0.7082633972167969,
    -0.2813853323459625,
    0.9572263956069946,
    -0.37351667881011963,
    0.4364776015281677,
    -0.8795378804206848,
    -0.81239253282547,
    -0.9743542075157166,
    1.4307678937911987,
    -1.7107977867126465,
    0.30876994132995605,
    0.49646496772766113,
    -1.6179282665252686,
    1.1211413145065308
  ],
  "O=C(OCC)C": [
    1.3194738626480103,
    0.15620872378349304,
    0.2817226052284241,
    -0.38030481338500977,
    -0.12226316332817078,
    -0.1316622942686081,
    1.5833752155303955,
    -0.6352510452270508,
    -1.2988917827606201,
    -0.5314905643463135,
    1.221976399421692,
    -1.9675705432891846,
    -0.22333180904388428,
    1.0483754873275757,
    -1.311323642730713,
    0.9835719466209412
  ],
  "CC(C)(C)OC": [
    1.2771726846694946,
    0.16717033088207245,
    0.08741074800491333,
    -0.4816043972969055,
    -0.21257291734218597,
    -0.3013644516468048,
    1.761742353439331,
    -0.46341776847839355,
    -1.2651764154434204,
    -0.5199207663536072,
    1.3406955003738403,
    -1.8991374969482422,
    -0.31922706961631775,
    1.172086238861084,
    -1.1581132411956787,
    0.8099860548973083
  ],