{
  "CO": [
    1.9122322797775269,
    -0.40562984347343445,
    0.03491608425974846,
    0.06459636241197586,
    0.2324148267507553,
    -1.448388695716858,
    0.9458864331245422,
    -0.4779573678970337,
    0.06816993653774261,
    -1.5543981790542603,
    0.6113455295562744,
    -1.1128734350204468,
    0.25309881567955017,
    0.612116813659668,
    -1.3424854278564453,
    1.6164811849594116
  ],
  "OCCO": [
    1.9516489505767822,
    -0.5331819653511047,
    0.11693645268678665,
    0.3686196804046631,
    0.7889789342880249,
    -1.4764666557312012,
    0.7335847616195679,
    -0.3550158441066742,
    -0.35107865929603577,
    -1.3843938112258911,
    0.5436627268791199,
    -1.297946572303772,
    0.16148211061954498,
    0.5308165550231934,
    -1.2979906797409058,
    1.5079991817474365
  ],
  "C(C(F)(F)F)(C(F)(F)F)O": [
    1.5778663158416748,
    -0.22990930080413818,
    -0.07469332218170166,
    -0.2964063882827759,
    -0.590830385684967,
    -1.3629043102264404,
    0.9761776328086853,
    -0.09223736822605133,
    0.2680830955505371,
    -2.1161062717437744,
    0.6050325632095337,
    -1.0524299144744873,
    0.6078402400016785,
    0.6474428176879883,
    -0.5817666053771973,
    1.7271134853363037
  ],
  "O1C(C)CCC1": [
    1.9110239744186401,
    0.5927793383598328,
    0.19304247200489044,
    -0.09936284273862839,
    -0.5265702605247498,
    -0.41411811113357544,
    1.7027157545089722,
    -0.5307421088218689,
    -0.48029226064682007,
    -0.9907186031341553,
    0.3675662875175476,
    -1.9633407592773438,
    -0.546487033367157,
    0.8698969483375549,
    -1.0823065042495728,
    1.0090582370758057
  ],
  "C1CCCCC1": [
    1.5804812908172607,
    0.5394093990325928,
    -0.4224686324596405,
    -0.7011393308639526,
    -0.9728094935417175,
    -0.7837290167808533,
    1.403767466545105,
    -0.35562750697135925,
    -0.11257433891296387,
    -0.8063144087791443,
    0.4626474976539612,
    -1.8920165300369263,
    -0.6534743905067444,
    1.8290457725524902,
    0.026321696117520332,
    0.8752352595329285
  ],
  "CC(O)C": [
    2.0492522716522217,
    0.2550954520702362,
    0.23099462687969208,
    0.03091423213481903,
    0.1599329262971878,
    -1.0002189874649048,
    1.196552038192749,
    -0.4802854061126709,
    -0.25728827714920044,
    -1.5060652494430542,
    0.572363018989563,
    -1.584366798400879,
    -0.18601983785629272,
    0.6243332624435425,
    -1.3591434955596924,
    1.2654078006744385
  ],
  "O.CC#N": [
    1.901000738143921,
    -0.7408446073532104,
    -0.18166635930538177,
    0.20532047748565674,
    0.43602100014686584,
    -1.6580755710601807,
    0.49906566739082336,
    -0.11789507418870926,
    -0.0964159220457077,
    -1.4575849771499634,
    0.5713552832603455,
    -1.002747654914856,
    0.35036501288414,
    0.6262921690940857,
    -1.1308789253234863,
    1.802140712738037
  ],
  "CC#N": [
    2.12742280960083,
    0.06054338067770004,
    0.1912398785352707,
    0.07559220492839813,
    0.12338508665561676,
    -0.9610896110534668,
    1.113641381263733,
    -0.43901339173316956,
    -0.07176576554775238,
    -1.5220636129379272,
    0.5606403350830078,
    -1.5446099042892456,
    -0.09045158326625824,
    0.4401293694972992,
    -1.4186917543411255,
    1.3639541864395142
  ],
  "CC#N.CC(=O)O": [
    2.1162211894989014,
    -0.045428112149238586,
    0.1476399302482605,
    0.0470842681825161,
    0.09958929568529129,
    -1.0050365924835205,
    1.042643427848816,
    -0.47914546728134155,
    0.08086320012807846,
    -1.5684667825698853,
    0.6138009428977966,
    -1.4200962781906128,
    -0.06832238286733627,
    0.5110649466514587,
    -1.4564112424850464,
    1.3930903673171997
  ],
  "CCOCC": [
    1.8693748712539673,
    0.6732637882232666,
    0.07365570962429047,
    -0.13620443642139435,
    -0.5786641836166382,
    -0.6453589200973511,
    1.7629384994506836,
    -0.44359850883483887,
    -0.4957710802555084,
    -0.9975313544273376,
    0.5464586615562439,
    -1.9501457214355469,
    -0.47722938656806946,
    0.7889907360076904,
    -0.9648818373680115,
    0.987903356552124
  ],
  "OCC(F)(F)F": [
    1.7493635416030884,
    -0.29804837703704834,
    0.09557405859231949,
    -0.23022542893886566,
    -0.20103397965431213,
    -1.4572911262512207,
    1.03301203250885,
    -0.28384387493133545,
    0.11793796718120575,
    -1.8057307004928589,
    0.6003603935241699,
    -1.1533362865447998,
    0.4235335886478424,
    0.7681167721748352,
    -0.9965233206748962,
    1.6502416133880615
  ],
  "O.OCC(F)(F)F": [
    1.5359307527542114,
    -0.8619236350059509,
    -0.08051173388957977,
    0.075281523168087,
    0.40717005729675293,
    -1.8067888021469116,
    0.6531473994255066,
    0.06312951445579529,
    -0.2263142466545105,
    -1.5413398742675781,
    0.5317789316177368,
    -0.852574348449707,
    0.5144734382629395,
    0.7212425470352173,
    -1.0361543893814087,
    1.9119391441345215
  ],
  "CN(C)C(C)=O": [
    2.134232521057129,
    0.38302844762802124,
    0.4673716425895691,
    -0.14744900166988373,
    0.11852020025253296,
    -0.7677162885665894,
    1.1832072734832764,
    -0.5247483849525452,
    -0.2837209105491638,
    -1.3552342653274536,
    0.4295140206813812,
    -1.794333577156067,
    -0.27745959162712097,
    0.6110597848892212,
    -1.3218224048614502,
    1.1553930044174194
  ],
  "CCCCCCCCCCO": [
    1.9005382061004639,
    0.6303842663764954,
    0.1160801351070404,
    -0.3279024362564087,
    -0.4583108723163605,
    -0.4253915250301361,
    1.5647032260894775,
    -0.6183738112449646,
    -0.7121621966362,
    -0.9676975011825562,
    0.6680153608322144,
    -1.953405499458313,
    -0.5215160846710205,
    1.0883591175079346,
    -0.8817687630653381,
    0.9107220768928528
  ],
  "OCC": [
    2.0816192626953125,
    -0.09771566092967987,
    0.13502126932144165,
    0.05824245139956474,
    0.31939199566841125,
    -1.079705834388733,
    1.0800840854644775,
    -0.4287637770175934,
    -0.12858426570892334,
    -1.4915084838867188,
    0.5222445726394653,
    -1.33431875705719,
    -0.06088699772953987,
    0.5801737308502197,
    -1.55628502368927,
    1.411333441734314
  ],
  "C1CCOC1": [
    2.0094258785247803,
    0.48109352588653564,
    0.2434607893228531,
    -0.14740689098834991,
    -0.37791967391967773,
    -0.4769812822341919,
    1.5728281736373901,
    -0.4218125343322754,
    -0.29288533329963684,
    -1.0655369758605957,
    0.5251802802085876,
    -2.0085365772247314,
    -0.5215069055557251,
    0.7354854345321655,
    -1.2114030122756958,
    0.967650830745697
  ],
  "[C@H]12CCC([C@H](OC1)O2)=O": [
    2.1683967113494873,
    -0.06611180305480957,
    0.37957343459129333,
    0.12162883579730988,
    0.4305841624736786,
    -1.0276230573654175,
    0.927506685256958,
    -0.5221498012542725,
    -0.23310336470603943,
    -1.4028053283691406,
    0.4755662977695465,
    -1.6210874319076538,
    -0.10192886739969254,
    0.5171235203742981,
    -1.3693102598190308,
    1.3314011096954346
  ],
  "O=C(OCC)C": [
    1.9642823934555054,
    0.6565355658531189,
    0.1461298167705536,
    -0.08152934163808823,
    -0.44985711574554443,
    -0.5734092593193054,
    1.6440023183822632,
    -0.43420717120170593,
    -0.3922918438911438,
    -1.0619865655899048,
    0.5390013456344604,
    -1.9596365690231323,
    -0.5095274448394775,
    0.7382727265357971,
    -1.1417123079299927,
    0.9284114241600037
  ],
  "CC(C)(C)OC": [
    1.7275999784469604,
    0.6820047497749329,
    -0.09630906581878662,
    -0.23907911777496338,
    -0.9119709730148315,
    -0.6199886798858643,
    1.9158613681793213,
    -0.4337311387062073,
    -0.4777390658855438,
    -0.9236125349998474,
    0.5637760162353516,
    -1.8381892442703247,
    -0.5327311754226685,
    1.0491193532943726,
    -0.7528253793716431,
    0.9042664170265198
  ],