{
  "CO": [
    1.4422335624694824,
    -0.6047426462173462,
    0.5192437767982483,
    -0.43960678577423096,
    0.32759714126586914,
    -0.7349172234535217,
    0.8781430125236511,
    -0.5794569253921509,
    0.08888857811689377,
    -1.3373088836669922,
    0.9688417315483093,
    -1.5271987915039062,
    0.31751760840415955,
    0.7127434611320496,
    -1.7088340520858765,
    1.6691124439239502
  ],
  "OCCO": [
    1.7639437913894653,
    -0.5332489013671875,
    0.36279940605163574,
    0.05263598635792732,
    1.074295997619629,
    -0.8935439586639404,
    0.4894981384277344,
    -0.8415135145187378,
    -0.5345926880836487,
    -1.2011619806289673,
    1.1936262845993042,
    -1.4809260368347168,
    0.3265776038169861,
    0.48804014921188354,
    -1.5323079824447632,
    1.2550833225250244
  ],
  "C(C(F)(F)F)(C(F)(F)F)O": [
    1.1651602983474731,
    -0.3110366761684418,
    0.18957830965518951,
    -0.6417737603187561,
    -0.5621768236160278,
    -0.9261693358421326,
    1.3113816976547241,
    -0.3090173602104187,
    0.13510188460350037,
    -1.80154287815094,
    1.0198683738708496,
    -1.3483842611312866,
    0.48474031686782837,
    0.8270488977432251,
    -0.9939496517181396,
    1.7615090608596802
  ],
  "O1C(C)CCC1": [
    1.5837639570236206,
    0.4021208584308624,
    0.35493507981300354,
    -0.30367913842201233,
    -0.26510143280029297,
    -0.1616056263446808,
    1.556290626525879,
    -0.6746801733970642,
    -0.8654983043670654,
    -0.6401559710502625,
    0.9313061237335205,
    -2.092259645462036,
    -0.4531117081642151,
    0.8526527285575867,
    -1.3170568943023682,
    1.0866011381149292
  ],
  "C1CCCCC1": [
    1.326368808746338,
    0.48144301772117615,
    -0.33243274688720703,
    -0.6741230487823486,
    -0.8812199831008911,
    -0.6042203903198242,
    1.7656904458999634,
    -0.475485622882843,
    -0.5617139339447021,
    -0.5102109313011169,
    0.8294030427932739,
    -1.8451663255691528,
    -0.7818692922592163,
    1.6516931056976318,
    -0.3492383360862732,
    0.9663200378417969
  ],
  "CC(O)C": [
    1.7039406299591064,
    0.054558757692575455,
    0.448702871799469,
    -0.20618374645709991,
    0.5203359723091125,
    -0.5199616551399231,
    0.9146508574485779,
    -0.8250632286071777,
    -0.6102154850959778,
    -1.1899492740631104,
    1.2458972930908203,
    -1.7216520309448242,
    0.002591819502413273,
    0.5908333659172058,
    -1.6448615789413452,
    1.2268577814102173
  ],
  "O.CC#N": [
    1.4317829608917236,
    -0.9031932353973389,
    0.21710340678691864,
    -0.08799323439598083,
    0.739981472492218,
    -1.0814181566238403,
    0.5565440058708191,
    -0.42261138558387756,
    -0.4134312570095062,
    -1.277998447418213,
    1.2685271501541138,
    -1.37684965133667,
    0.5978219509124756,
    0.5162368416786194,
    -1.4574203491210938,
    1.6834896802902222
  ],
  "CC#N": [
    1.690106987953186,
    -0.19757038354873657,
    0.44183576107025146,
    -0.08933205902576447,
    0.47617867588996887,
    -0.5356799364089966,
    0.8469246625900269,
    -0.7191868424415588,
    -0.359462708234787,
    -1.2250796556472778,
    1.1709049940109253,
    -1.7575937509536743,
    0.18315349519252777,
    0.4266813099384308,
    -1.7383960485458374,
    1.3753632307052612
  ],
  "CC#N.CC(=O)O": [
    1.6959670782089233,
    -0.3048589825630188,
    0.33544445037841797,
    -0.12029535323381424,
    0.5296323299407959,
    -0.5671681761741638,
    0.7140017747879028,
    -0.7732228636741638,
    -0.2671877145767212,
    -1.310275673866272,
    1.3162962198257446,
    -1.5581692457199097,
    0.16130955517292023,
    0.5358219742774963,
    -1.7653262615203857,
    1.367486596107483
  ],
  "CCOCC": [
    1.411595344543457,
    0.47512900829315186,
    0.0821671336889267,
    -0.3278942108154297,
    -0.6095583438873291,
    -0.2023726999759674,
    1.7776581048965454,
    -0.6520247459411621,
    -0.9679844975471497,
    -0.5338619947433472,
    0.9888219833374023,
    -2.0350279808044434,
    -0.5342167019844055,
    1.1170991659164429,
    -0.9736457467079163,
    0.9825010895729065
  ],
  "OCC(F)(F)F": [
    1.73667573928833,
    -0.4108765721321106,
    0.046968866139650345,
    -0.38468313217163086,
    0.5414039492607117,
    -1.0312275886535645,
    0.5738582611083984,
    -0.6981880068778992,
    -0.07743747532367706,
    -1.6394387483596802,
    1.3252233266830444,
    -1.0290172100067139,
    0.44257572293281555,
    0.5475318431854248,
    -1.4749523401260376,
    1.5248570442199707
  ],
  "O.OCC(F)(F)F": [
    1.3819236755371094,
    -0.9645513296127319,
    0.0698249340057373,
    -0.19273880124092102,
    0.7520538568496704,
    -1.2929887771606445,
    0.5303486585617065,
    -0.4097074866294861,
    -0.49068546295166016,
    -1.3776497840881348,
    1.381392002105713,
    -1.078559398651123,
    0.7506756782531738,
    0.6025213003158569,
    -1.2904305458068848,
    1.6219464540481567
  ],
  "CN(C)C(C)=O": [
    1.8002535104751587,
    0.18343715369701385,
    0.6512644290924072,
    -0.3701407015323639,
    0.4312433898448944,
    -0.3361474871635437,
    0.9466181397438049,
    -0.7975795269012451,
    -0.5983469486236572,
    -1.0530016422271729,
    1.0269232988357544,
    -1.91728937625885,
    -0.1479952335357666,
    0.5963414907455444,
    -1.5824769735336304,
    1.157227635383606
  ],
  "CCCCCCCCCCO": [
    1.6930007934570312,
    0.46824851632118225,
    0.19696632027626038,
    -0.6087229251861572,
    -0.11511118710041046,
    -0.06404952704906464,
    1.4057049751281738,
    -0.717503011226654,
    -1.0553271770477295,
    -0.5853381752967834,
    1.1041433811187744,
    -1.8791179656982422,
    -0.5640416145324707,
    1.0566697120666504,
    -1.2649842500686646,
    0.925349771976471
  ],
  "OCC": [
    1.682470440864563,
    -0.18383459746837616,
    0.46658244729042053,
    -0.17478005588054657,
    0.5132968425750732,
    -0.5435164570808411,
    1.0154205560684204,
    -0.8347955942153931,
    -0.3434191048145294,
    -1.271895408630371,
    1.0467393398284912,
    -1.6266881227493286,
    0.10941272228956223,
    0.5661517977714539,
    -1.7590276002883911,
    1.3293472528457642
  ],
  "C1CCOC1": [
    1.6375476121902466,
    0.2621506452560425,
    0.41156119108200073,
    -0.30893605947494507,
    -0.0552925169467926,
    -0.1446262151002884,
    1.414939522743225,
    -0.6291852593421936,
    -0.6988628506660461,
    -0.7164809107780457,
    1.121973991394043,
    -2.103505849838257,
    -0.45587998628616333,
    0.7567434310913086,
    -1.4908380508422852,
    0.9921444058418274
  ],
  "[C@H]12CCC([C@H](OC1)O2)=O": [
    1.7590296268463135,
    -0.2782249450683594,
    0.5874243974685669,
    -0.05840170755982399,
    0.8266067504882812,
    -0.6253083348274231,
    0.5598223805427551,
    -0.8646437525749207,
    -0.522276759147644,
    -1.1416503190994263,
    1.2117278575897217,
    -1.7573367357254028,
    0.1536455750465393,
    0.49116432666778564,
    -1.5818612575531006,
    1.2280124425888062
  ],
  "O=C(OCC)C": [
    1.632621169090271,
    0.3988964855670929,
    0.3051866888999939,
    -0.28820231556892395,
    -0.211312398314476,
    -0.273253470659256,
    1.5428062677383423,
    -0.609716534614563,
    -0.7249163389205933,
    -0.7217772006988525,
    1.0736684799194336,
    -2.0224733352661133,
    -0.437799334526062,
    0.7862421274185181,
    -1.459542155265808,
    1.004465103149414
  ],
  "CC(C)(C)OC": [
    1.3551875352859497,
    0.5407232046127319,
    -0.058719512075185776,
    -0.332889199256897,
    -0.7379795908927917,
    -0.36782312393188477,
    1.8977687358856201,
    -0.5836354494094849,
    -0.9733189940452576,
    -0.5145890712738037,
    1.0406944751739502,
    -1.9219437837600708,
    -0.5657291412353516,
    1.214298963546753,
    -0.8524765372276306,
    0.8617228865623474
  ],