{
  "CO": [
    1.8810760974884033,
    -0.4433613717556,
    -0.04935154318809509,
    0.10817532986402512,
    0.4465566873550415,
    -1.4766424894332886,
    0.6983609795570374,
    -0.44340944290161133,
    -0.007533211726695299,
    -1.4968589544296265,
    0.7235942482948303,
    -1.0452024936676025,
    0.2528834044933319,
    0.6170632243156433,
    -1.4353481531143188,
    1.6746004819869995
  ],
  "OCCO": [
    1.895417332649231,
    -0.5908596515655518,
    0.1065131202340126,
    0.4065500795841217,
    0.8644442558288574,
    -1.4317978620529175,
    0.7102986574172974,
    -0.38620302081108093,
    -0.35921940207481384,
    -1.31349515914917,
    0.6554639339447021,
    -1.3922057151794434,
    0.19409692287445068,
    0.5085771083831787,
    -1.3296564817428589,
    1.4661282300949097
  ],
  "C(C(F)(F)F)(C(F)(F)F)O": [
    1.6893692016601562,
    -0.2989400327205658,
    -0.08083823323249817,
    -0.2965696156024933,
    -0.02080320008099079,
    -1.3630235195159912,
    0.7240234017372131,
    -0.1434088796377182,
    0.3297569453716278,
    -2.1441798210144043,
    0.7840600609779358,
    -0.9874586462974548,
    0.5079457759857178,
    0.3945872187614441,
    -0.8399785161018372,
    1.7532559633255005
  ],
  "O1C(C)CCC1": [
    1.9213902950286865,
    0.596830427646637,
    0.23807670176029205,
    -0.1621871292591095,
    -0.47300881147384644,
    -0.42722761631011963,
    1.6449171304702759,
    -0.5124403238296509,
    -0.4779444932937622,
    -0.9980144500732422,
    0.47538456320762634,
    -2.044356107711792,
    -0.49668094515800476,
    0.7725210189819336,
    -1.0595154762268066,
    1.010698676109314
  ],
  "C1CCCCC1": [
    1.8678439855575562,
    0.5153340697288513,
    0.038031205534935,
    -0.24154293537139893,
    -0.8875897526741028,
    -0.8216938376426697,
    1.591529130935669,
    -0.1907065510749817,
    -0.3735584020614624,
    -0.9036641120910645,
    0.8547536134719849,
    -2.047257900238037,
    -0.2933584153652191,
    0.8041028380393982,
    -0.8614531755447388,
    0.9574700593948364
  ],
  "CC(O)C": [
    1.9416745901107788,
    0.29127272963523865,
    0.21724140644073486,
    0.10981307923793793,
    0.09067787975072861,
    -0.8481781482696533,
    1.3388936519622803,
    -0.5580528378486633,
    -0.31769734621047974,
    -1.4610470533370972,
    0.674996018409729,
    -1.8174340724945068,
    -0.15593034029006958,
    0.6166296005249023,
    -1.2664631605148315,
    1.1520984172821045
  ],
  "O.CC#N": [
    1.851924180984497,
    -0.7122018337249756,
    -0.05655970796942711,
    0.16532891988754272,
    0.5673691630363464,
    -1.5613149404525757,
    0.6502804756164551,
    -0.26624414324760437,
    -0.29312652349472046,
    -1.3803369998931885,
    0.745547890663147,
    -1.1741852760314941,
    0.40908196568489075,
    0.5055422186851501,
    -1.181630253791809,
    1.7334010601043701
  ],
  "CC#N": [
    2.0662500858306885,
    0.0349690280854702,
    0.19605965912342072,
    0.07022005319595337,
    0.12357017397880554,
    -0.9122669100761414,
    1.1670604944229126,
    -0.5123115181922913,
    -0.07499686628580093,
    -1.4643245935440063,
    0.6361050009727478,
    -1.6678721904754639,
    -0.0052032978273928165,
    0.42809319496154785,
    -1.4081616401672363,
    1.328283429145813
  ],
  "CC#N.CC(=O)O": [
    2.0829203128814697,
    -0.08346042037010193,
    0.15231217443943024,
    0.04794364795088768,
    0.18847523629665375,
    -0.983270525932312,
    0.9847630858421326,
    -0.5171951055526733,
    0.03298524022102356,
    -1.5272704362869263,
    0.7392997741699219,
    -1.4745439291000366,
    -0.040672436356544495,
    0.4938334822654724,
    -1.4801151752471924,
    1.3892323970794678
  ],
  "CCOCC": [
    1.9004144668579102,
    0.6312538385391235,
    0.05176310986280441,
    -0.2448962777853012,
    -0.5829417705535889,
    -0.47623971104621887,
    1.7597094774246216,
    -0.46007460355758667,
    -0.37888389825820923,
    -1.0276892185211182,
    0.5238490104675293,
    -1.9436604976654053,
    -0.5388861894607544,
    0.8313964605331421,
    -1.002842903137207,
    0.9688264727592468
  ],
  "OCC(F)(F)F": [
    1.8921252489089966,
    -0.3455253839492798,
    0.02469044364988804,
    -0.10469795763492584,
    0.18510662019252777,
    -1.4729924201965332,
    0.8124733567237854,
    -0.47500401735305786,
    -0.04036826267838478,
    -1.7146596908569336,
    0.8167275786399841,
    -1.0010395050048828,
    0.40390223264694214,
    0.5928836464881897,
    -1.1887338161468506,
    1.622451901435852
  ],
  "O.OCC(F)(F)F": [
    1.6164939403533936,
    -0.904360294342041,
    -0.0951731950044632,
    0.08349372446537018,
    0.5601763129234314,
    -1.7471296787261963,
    0.4984286427497864,
    -0.04861724004149437,
    -0.2462080717086792,
    -1.5037319660186768,
    0.7525731325149536,
    -0.9415456652641296,
    0.5817199349403381,
    0.6211539506912231,
    -1.0383654832839966,
    1.815425992012024
  ],
  "CN(C)C(C)=O": [
    2.1350882053375244,
    0.3797101378440857,
    0.4922632873058319,
    -0.16503077745437622,
    0.18188205361366272,
    -0.6710895895957947,
    1.1681768894195557,
    -0.5784016251564026,
    -0.3239573836326599,
    -1.3103351593017578,
    0.5089823603630066,
    -1.8504769802093506,
    -0.2864857614040375,
    0.5907260775566101,
    -1.3476223945617676,
    1.0832226276397705
  ],
  "CCCCCCCCCCO": [
    1.9743523597717285,
    0.6194528341293335,
    0.07231900095939636,
    -0.41475236415863037,
    -0.3060775697231293,
    -0.323222815990448,
    1.5215282440185547,
    -0.6040025949478149,
    -0.6681849360466003,
    -0.9647884964942932,
    0.7207146883010864,
    -1.9501659870147705,
    -0.6011846661567688,
    1.0161983966827393,
    -0.9582447409629822,
    0.8756462335586548
  ],
  "OCC": [
    2.038752555847168,
    0.06222100928425789,
    0.2106654793024063,
    0.02722722850739956,
    0.23704195022583008,
    -0.9573460817337036,
    1.1498774290084839,
    -0.5229191184043884,
    -0.17426951229572296,
    -1.5708526372909546,
    0.6302821636199951,
    -1.564778208732605,
    -0.04587520286440849,
    0.5395150780677795,
    -1.3735207319259644,
    1.3217334747314453
  ],
  "C1CCOC1": [
    1.9400973320007324,
    0.5079800486564636,
    0.2428448498249054,
    -0.12714745104312897,
    -0.4133187234401703,
    -0.44489169120788574,
    1.6376316547393799,
    -0.46550723910331726,
    -0.40931299328804016,
    -0.9678109884262085,
    0.6031128168106079,
    -2.1022789478302,
    -0.5186904072761536,
    0.6733275651931763,
    -1.108721137046814,
    0.9605257511138916
  ],
  "[C@H]12CCC([C@H](OC1)O2)=O": [
    2.1906721591949463,
    -0.04166002944111824,
    0.4173773527145386,
    0.07575977593660355,
    0.461895614862442,
    -0.8976839184761047,
    0.8840130567550659,
    -0.6029180288314819,
    -0.24843913316726685,
    -1.384867548942566,
    0.5708560943603516,
    -1.7196989059448242,
    -0.07529719173908234,
    0.49876299500465393,
    -1.3625320196151733,
    1.2378735542297363
  ],
  "O=C(OCC)C": [
    1.7391009330749512,
    0.6561300754547119,
    0.014496490359306335,
    -0.08025842159986496,
    -0.6900103092193604,
    -0.31471383571624756,
    1.8559457063674927,
    -0.5140852332115173,
    -0.4505314528942108,
    -0.958127498626709,
    0.5283993482589722,
    -2.0415148735046387,
    -0.6234643459320068,
    0.9054222106933594,
    -0.9067904949188232,
    0.8912023305892944
  ],
  "CC(C)(C)OC": [
    1.6557855606079102,
    0.694159746170044,
    -0.14169146120548248,
    -0.19071514904499054,
    -0.8988823294639587,
    -0.5452061891555786,
    1.951442837715149,
    -0.4680737555027008,
    -0.5397209525108337,
    -0.8862828612327576,
    0.665701150894165,
    -1.8858602046966553,
    -0.5720499157905579,
    1.046323537826538,
    -0.716447114944458,
    0.8456062078475952
  ],