{
  "CO": [
    1.5742501020431519,
    -0.4060112535953522,
    0.42850416898727417,
    -0.3781813085079193,
    0.07521499693393707,
    -1.0544480085372925,
    1.0247122049331665,
    -0.3207889795303345,
    0.4517956078052521,
    -1.5909042358398438,
    0.17448042333126068,
    -1.4195066690444946,
    0.36093220114707947,
    0.6096004843711853,
    -1.4020864963531494,
    1.8739454746246338
  ],
  "OCCO": [
    1.872706413269043,
    -0.5756745338439941,
    0.16304561495780945,
    0.3195255696773529,
    0.9189983606338501,
    -1.251362681388855,
    0.7082366943359375,
    -0.5586727857589722,
    -0.3842494487762451,
    -1.3193403482437134,
    0.6997503042221069,
    -1.3546879291534424,
    0.2577674388885498,
    0.4854133725166321,
    -1.4582263231277466,
    1.4767730236053467
  ],
  "C(C(F)(F)F)(C(F)(F)F)O": [
    1.6569454669952393,
    -0.29716023802757263,
    -0.03268067166209221,
    -0.28388121724128723,
    -0.06658012419939041,
    -1.273199200630188,
    0.6999825835227966,
    -0.1904105246067047,
    0.3453426659107208,
    -2.112659215927124,
    0.7819230556488037,
    -1.0715540647506714,
    0.5467056035995483,
    0.3804098963737488,
    -0.8942252397537231,
    1.814460277557373
  ],
  "O1C(C)CCC1": [
    1.824869990348816,
    0.5872695446014404,
    0.1570822149515152,
    -0.10638897866010666,
    -0.3985122740268707,
    -0.3479624390602112,
    1.6982522010803223,
    -0.5974980592727661,
    -0.57750004529953,
    -0.972629725933075,
    0.5883144736289978,
    -2.0395100116729736,
    -0.48796236515045166,
    0.786510705947876,
    -1.112849235534668,
    1.0040380954742432
  ],
  "C1CCCCC1": [
    1.8247627019882202,
    0.4001903831958771,
    0.1059497743844986,
    -0.3101942539215088,
    -0.810355007648468,
    -0.7713716626167297,
    1.6074821949005127,
    -0.17164306342601776,
    -0.3867710530757904,
    -0.8871225118637085,
    0.8313607573509216,
    -2.0877797603607178,
    -0.211127370595932,
    0.7820963263511658,
    -0.9555150270462036,
    1.0450396537780762
  ],
  "CC(O)C": [
    1.8757925033569336,
    0.22553634643554688,
    0.24704845249652863,
    0.008312050253152847,
    0.042928993701934814,
    -0.7328395247459412,
    1.4131615161895752,
    -0.6300901174545288,
    -0.24080771207809448,
    -1.3944592475891113,
    0.5574675798416138,
    -1.802365779876709,
    -0.10264373570680618,
    0.626697838306427,
    -1.3763376474380493,
    1.2867450714111328
  ],
  "O.CC#N": [
    1.69169282913208,
    -0.8597755432128906,
    -0.03169494494795799,
    0.15032517910003662,
    0.5573495626449585,
    -1.4934366941452026,
    0.4906262159347534,
    -0.2516077160835266,
    -0.2037116438150406,
    -1.3601199388504028,
    0.7572531700134277,
    -1.1284981966018677,
    0.4647386372089386,
    0.6163641810417175,
    -1.279052972793579,
    1.8778904676437378
  ],
  "CC#N": [
    1.9738160371780396,
    -0.047537125647068024,
    0.2684432864189148,
    0.08112818747758865,
    0.2155139148235321,
    -0.8010256290435791,
    1.1109262704849243,
    -0.5224793553352356,
    -0.10426664352416992,
    -1.413055181503296,
    0.6570825576782227,
    -1.7275079488754272,
    0.062294598668813705,
    0.37710392475128174,
    -1.5320571660995483,
    1.4016515016555786
  ],
  "CC#N.CC(=O)O": [
    1.9751383066177368,
    -0.1660485416650772,
    0.18688425421714783,
    0.019018270075321198,
    0.23164385557174683,
    -0.8877596855163574,
    0.9765130281448364,
    -0.5741377472877502,
    0.019009266048669815,
    -1.4923012256622314,
    0.7688182592391968,
    -1.5004979372024536,
    0.06571424752473831,
    0.4749683439731598,
    -1.5714598894119263,
    1.4748910665512085
  ],
  "CCOCC": [
    1.6577677726745605,
    0.6541911363601685,
    -0.05647968873381615,
    -0.08373519033193588,
    -0.6636382937431335,
    -0.39593908190727234,
    1.8540211915969849,
    -0.5746797919273376,
    -0.6802694797515869,
    -0.9090895056724548,
    0.7106546759605408,
    -2.015030860900879,
    -0.5518620014190674,
    0.9609336853027344,
    -0.8121244311332703,
    0.9137816429138184
  ],
  "OCC(F)(F)F": [
    1.7802850008010864,
    -0.44611892104148865,
    -0.013640914112329483,
    -0.18417589366436005,
    0.27336570620536804,
    -1.3272072076797485,
    0.753460168838501,
    -0.42430025339126587,
    0.14670225977897644,
    -1.7886767387390137,
    0.7555861473083496,
    -0.9894450902938843,
    0.46607592701911926,
    0.5650345683097839,
    -1.2955937385559082,
    1.7318514585494995
  ],
  "O.OCC(F)(F)F": [
    1.5386446714401245,
    -0.9359062314033508,
    -0.13457147777080536,
    0.12594226002693176,
    0.514089822769165,
    -1.69511878490448,
    0.38862618803977966,
    -0.16814419627189636,
    -0.29205137491226196,
    -1.3949803113937378,
    0.8660842180252075,
    -0.90718013048172,
    0.5636028051376343,
    0.7261449098587036,
    -1.1106058359146118,
    1.9152992963790894
  ],
  "CN(C)C(C)=O": [
    2.028938055038452,
    0.3373914659023285,
    0.4883505702018738,
    -0.18061266839504242,
    0.21584603190422058,
    -0.6039766073226929,
    1.1445248126983643,
    -0.6137919425964355,
    -0.33615654706954956,
    -1.3266016244888306,
    0.6180937886238098,
    -1.8831568956375122,
    -0.2349494993686676,
    0.5785470604896545,
    -1.3917380571365356,
    1.161202311515808
  ],
  "CCCCCCCCCCO": [
    1.9051986932754517,
    0.5732822418212891,
    0.09674053639173508,
    -0.4915773570537567,
    -0.28240013122558594,
    -0.2699429988861084,
    1.5455231666564941,
    -0.5947770476341248,
    -0.6707658767700195,
    -0.9535602927207947,
    0.7225723266601562,
    -1.9100099802017212,
    -0.5936758518218994,
    1.0373613834381104,
    -1.0636478662490845,
    0.9562005400657654
  ],
  "OCC": [
    2.0055131912231445,
    -0.05293922871351242,
    0.22756563127040863,
    -0.02234121784567833,
    0.38104701042175293,
    -0.923199474811554,
    1.0615513324737549,
    -0.6433115601539612,
    -0.19296586513519287,
    -1.497396469116211,
    0.6958738565444946,
    -1.453764796257019,
    0.04222390428185463,
    0.5361844897270203,
    -1.5377072095870972,
    1.3764824867248535
  ],
  "C1CCOC1": [
    1.766616940498352,
    0.5041979551315308,
    0.14571015536785126,
    -0.05599651858210564,
    -0.42647621035575867,
    -0.23990681767463684,
    1.7122113704681396,
    -0.5876699686050415,
    -0.5204506516456604,
    -0.9260472059249878,
    0.6672166585922241,
    -2.1422648429870605,
    -0.5781503319740295,
    0.8076523542404175,
    -1.0741251707077026,
    0.9525901079177856
  ],
  "[C@H]12CCC([C@H](OC1)O2)=O": [
    2.144343137741089,
    -0.08730630576610565,
    0.44265061616897583,
    0.02272883430123329,
    0.49874821305274963,
    -0.7747415900230408,
    0.8586722612380981,
    -0.6836807727813721,
    -0.2624547481536865,
    -1.3454746007919312,
    0.5819813013076782,
    -1.7353724241256714,
    0.018765950575470924,
    0.4808294177055359,
    -1.4445149898529053,
    1.284021258354187
  ],
  "O=C(OCC)C": [
    1.8630200624465942,
    0.5942200422286987,
    0.12929964065551758,
    -0.1188528761267662,
    -0.3979310989379883,
    -0.43067795038223267,
    1.7051496505737305,
    -0.48853451013565063,
    -0.443602591753006,
    -0.9897717833518982,
    0.6301800012588501,
    -1.9966492652893066,
    -0.5108932256698608,
    0.7082578539848328,
    -1.2237635850906372,
    0.9765762090682983
  ],
  "CC(C)(C)OC": [
    1.49503493309021,
    0.6263612508773804,
    -0.21736888587474823,
    -0.2911766469478607,
    -0.9098427891731262,
    -0.4598221778869629,
    2.0237302780151367,
    -0.4955344498157501,
    -0.626318633556366,
    -0.8436086177825928,
    0.6696799993515015,
    -1.8785128593444824,
    -0.5926714539527893,
    1.2463816404342651,
    -0.5646779537200928,
    0.8314939737319946
  ],