{
  "CO": [
    1.602411150932312,
    -0.5748870968818665,
    0.15563488006591797,
    0.030523352324962616,
    0.6256730556488037,
    -1.0867209434509277,
    0.6088448166847229,
    -0.6998788118362427,
    -0.20343999564647675,
    -1.362032413482666,
    1.187047004699707,
    -1.2263966798782349,
    0.4001433849334717,
    0.5667411684989929,
    -1.6543439626693726,
    1.6231647729873657
  ],
  "OCCO": [
    1.6407010555267334,
    -0.7364071011543274,
    0.25866782665252686,
    0.19245915114879608,
    1.1257719993591309,
    -1.0770431756973267,
    0.4285072088241577,
    -0.6193430423736572,
    -0.41210514307022095,
    -1.2086706161499023,
    1.0109059810638428,
    -1.3480095863342285,
    0.38474538922309875,
    0.5055937767028809,
    -1.6273208856582642,
    1.4730026721954346
  ],
  "C(C(F)(F)F)(C(F)(F)F)O": [
    1.4076577425003052,
    -0.35991695523262024,
    0.12498312443494797,
    -0.4418122470378876,
    -0.0024176437873393297,
    -1.0900540351867676,
    1.0472441911697388,
    -0.5423505306243896,
    0.05904724448919296,
    -1.8951165676116943,
    1.223386287689209,
    -1.1921665668487549,
    0.5641496181488037,
    0.504882276058197,
    -1.0898666381835938,
    1.6814608573913574
  ],
  "O1C(C)CCC1": [
    1.7187663316726685,
    0.4415646195411682,
    0.34648197889328003,
    -0.2204139083623886,
    -0.23243850469589233,
    -0.3422851860523224,
    1.5042474269866943,
    -0.647842288017273,
    -0.7445932626724243,
    -0.790360152721405,
    0.8590476512908936,
    -2.0887293815612793,
    -0.3684452176094055,
    0.7722041606903076,
    -1.3100723028182983,
    1.0992937088012695
  ],
  "C1CCCCC1": [
    1.6251814365386963,
    0.32546406984329224,
    0.13663128018379211,
    -0.30257120728492737,
    -0.7094579339027405,
    -0.7503871321678162,
    1.521462321281433,
    -0.2661754786968231,
    -0.5843498110771179,
    -0.7475307583808899,
    1.1479541063308716,
    -2.122163772583008,
    -0.1928115338087082,
    0.862165093421936,
    -1.041867971420288,
    1.09683358669281
  ],
  "CC(O)C": [
    1.7647265195846558,
    0.07038392126560211,
    0.413765013217926,
    -0.12872740626335144,
    0.43154338002204895,
    -0.6641361713409424,
    0.9816316366195679,
    -0.7548667788505554,
    -0.4797506630420685,
    -1.3167539834976196,
    1.0926752090454102,
    -1.7596640586853027,
    0.019946813583374023,
    0.6046984791755676,
    -1.5441938638687134,
    1.2626206874847412
  ],
  "O.CC#N": [
    1.5194876194000244,
    -0.878663182258606,
    0.11045507341623306,
    0.07675236463546753,
    0.7803195714950562,
    -1.267030954360962,
    0.4719310998916626,
    -0.4365457594394684,
    -0.4752190113067627,
    -1.2365261316299438,
    1.1983689069747925,
    -1.2826383113861084,
    0.5496054887771606,
    0.541466236114502,
    -1.3880136013031006,
    1.7084367275238037
  ],
  "CC#N": [
    1.73759925365448,
    -0.2046453058719635,
    0.3661031723022461,
    -0.027307502925395966,
    0.4108983278274536,
    -0.5531782507896423,
    0.9039576649665833,
    -0.686311662197113,
    -0.3006834089756012,
    -1.343832015991211,
    1.1145732402801514,
    -1.773423671722412,
    0.15935945510864258,
    0.4601319432258606,
    -1.6428347826004028,
    1.3714869022369385
  ],
  "CC#N.CC(=O)O": [
    1.7353168725967407,
    -0.2861373722553253,
    0.32773053646087646,
    -0.04612331464886665,
    0.4234358072280884,
    -0.6646876931190491,
    0.8163518309593201,
    -0.7528679966926575,
    -0.19888940453529358,
    -1.3706897497177124,
    1.1739190816879272,
    -1.6120550632476807,
    0.1904427707195282,
    0.5249983072280884,
    -1.6753573417663574,
    1.4067027568817139
  ],
  "CCOCC": [
    1.5312283039093018,
    0.5139846205711365,
    0.08313633501529694,
    -0.15830381214618683,
    -0.4695291519165039,
    -0.3630326986312866,
    1.7548032999038696,
    -0.6711947321891785,
    -0.8349180817604065,
    -0.7603705525398254,
    0.9551358819007874,
    -2.008465051651001,
    -0.5025255680084229,
    0.9753063917160034,
    -1.0630823373794556,
    1.0181084871292114
  ],
  "OCC(F)(F)F": [
    1.7541987895965576,
    -0.41875842213630676,
    0.1705825924873352,
    -0.3175351321697235,
    0.4409698247909546,
    -1.0500661134719849,
    0.6942203044891357,
    -0.6877725720405579,
    -0.029151704162359238,
    -1.6730802059173584,
    1.1317896842956543,
    -1.0309295654296875,
    0.42734238505363464,
    0.5199025273323059,
    -1.5129715204238892,
    1.5771608352661133
  ],
  "O.OCC(F)(F)F": [
    1.3506443500518799,
    -0.9340678453445435,
    0.030449705198407173,
    -0.1328595131635666,
    0.6327572464942932,
    -1.4578806161880493,
    0.6635814905166626,
    -0.32488179206848145,
    -0.35340064764022827,
    -1.4747307300567627,
    1.1512351036071777,
    -1.0436886548995972,
    0.6966975927352905,
    0.6187969446182251,
    -1.2048474550247192,
    1.7790933847427368
  ],
  "CN(C)C(C)=O": [
    1.7849386930465698,
    0.24686241149902344,
    0.6241639256477356,
    -0.22735542058944702,
    0.3179660141468048,
    -0.4536609351634979,
    1.039064884185791,
    -0.7578144073486328,
    -0.6130174398422241,
    -1.1182042360305786,
    0.9153897762298584,
    -1.9674201011657715,
    -0.15218253433704376,
    0.6818715929985046,
    -1.4975366592407227,
    1.1704680919647217
  ],
  "CCCCCCCCCCO": [
    1.605003833770752,
    0.46255210041999817,
    0.15538348257541656,
    -0.46179428696632385,
    -0.242974653840065,
    -0.2022194117307663,
    1.518862247467041,
    -0.7416805624961853,
    -0.9430112242698669,
    -0.6994096040725708,
    1.1010205745697021,
    -2.0026326179504395,
    -0.5282679796218872,
    1.1395069360733032,
    -1.0634403228759766,
    0.9023624062538147
  ],
  "OCC": [
    1.7466943264007568,
    -0.20624467730522156,
    0.3453165590763092,
    -0.0797344297170639,
    0.5894960761070251,
    -0.7219022512435913,
    0.8812189698219299,
    -0.7593598961830139,
    -0.37425196170806885,
    -1.3908665180206299,
    1.09103524684906,
    -1.5187671184539795,
    0.14227667450904846,
    0.5723682641983032,
    -1.6846227645874023,
    1.3612143993377686
  ],
  "C1CCOC1": [
    1.5967756509780884,
    0.3464221954345703,
    0.2950519621372223,
    -0.12860791385173798,
    -0.29151204228401184,
    -0.15045949816703796,
    1.6160145998001099,
    -0.6722598075866699,
    -0.715269148349762,
    -0.7118387818336487,
    0.8893850445747375,
    -2.1460421085357666,
    -0.5678608417510986,
    0.9047586917877197,
    -1.2695341110229492,
    1.0027281045913696
  ],
  "[C@H]12CCC([C@H](OC1)O2)=O": [
    1.894699215888977,
    -0.16608180105686188,
    0.5974579453468323,
    -0.06136997416615486,
    0.6590290665626526,
    -0.6476836204528809,
    0.6842151880264282,
    -0.8628973364830017,
    -0.43851569294929504,
    -1.2573634386062622,
    0.9621959328651428,
    -1.7523574829101562,
    0.1286911815404892,
    0.5272719860076904,
    -1.5366003513336182,
    1.260536551475525
  ],
  "O=C(OCC)C": [
    1.56277596950531,
    0.4876645505428314,
    0.1746014803647995,
    -0.06973271071910858,
    -0.36393460631370544,
    -0.3005967140197754,
    1.6546540260314941,
    -0.6621767282485962,
    -0.7711385488510132,
    -0.7734231352806091,
    0.9657721519470215,
    -2.047302007675171,
    -0.5173214077949524,
    0.8870490193367004,
    -1.2546324729919434,
    1.0261989831924438
  ],
  "CC(C)(C)OC": [
    1.3680446147918701,
    0.5343956351280212,
    -0.1328236311674118,
    -0.2563967704772949,
    -0.7643243074417114,
    -0.4550060033798218,
    1.9710490703582764,
    -0.560206413269043,
    -0.7876157164573669,
    -0.6488193273544312,
    0.9217696189880371,
    -1.9126187562942505,
    -0.6121106743812561,
    1.2293809652328491,
    -0.7961947917938232,
    0.906440794467926
  ],