{
  "CO": [
    1.9714106321334839,
    -0.43943965435028076,
    -0.033731769770383835,
    0.07920137792825699,
    0.48468151688575745,
    -1.3567296266555786,
    0.5576078295707703,
    -0.5106151103973389,
    0.13374508917331696,
    -1.4801170825958252,
    0.6571762561798096,
    -0.9851953983306885,
    0.21303023397922516,
    0.5832526683807373,
    -1.5555859804153442,
    1.6831310987472534
  ],
  "OCCO": [
    1.9820973873138428,
    -0.5189031362533569,
    0.1524534821510315,
    0.3043849766254425,
    0.8520244359970093,
    -1.290004849433899,
    0.742868185043335,
    -0.4926246702671051,
    -0.2843899428844452,
    -1.296081304550171,
    0.5904403328895569,
    -1.393776774406433,
    0.16858796775341034,
    0.4771842062473297,
    -1.447030782699585,
    1.4552377462387085
  ],
  "C(C(F)(F)F)(C(F)(F)F)O": [
    1.2587487697601318,
    -0.2917269170284271,
    0.10312508791685104,
    -0.4356054365634918,
    -0.6249695420265198,
    -1.247822642326355,
    1.1257309913635254,
    0.06321978569030762,
    0.5005286335945129,
    -1.9731320142745972,
    0.34802305698394775,
    -1.2381956577301025,
    0.36750689148902893,
    0.6834014654159546,
    -0.6432642340660095,
    2.012495279312134
  ],
  "O1C(C)CCC1": [
    1.9699170589447021,
    0.6054846048355103,
    0.2544616758823395,
    -0.14559362828731537,
    -0.3436778485774994,
    -0.42727890610694885,
    1.5979281663894653,
    -0.521847665309906,
    -0.48617762327194214,
    -0.9760828018188477,
    0.5529940128326416,
    -2.051330089569092,
    -0.4837934076786041,
    0.6430378556251526,
    -1.1621659994125366,
    0.980446994304657
  ],
  "C1CCCCC1": [
    1.8601561784744263,
    0.4430851638317108,
    0.1341608166694641,
    -0.2681162655353546,
    -0.8486058712005615,
    -0.7845313549041748,
    1.5709666013717651,
    -0.13761074841022491,
    -0.322048544883728,
    -0.875288188457489,
    0.8477986454963684,
    -2.0730209350585938,
    -0.26950427889823914,
    0.7464281320571899,
    -1.0166575908660889,
    0.998863935470581
  ],
  "CC(O)C": [
    1.9303523302078247,
    0.26052290201187134,
    0.2652379870414734,
    -0.032033540308475494,
    -0.021000701934099197,
    -0.7486420273780823,
    1.463424801826477,
    -0.5783935189247131,
    -0.14878204464912415,
    -1.3854097127914429,
    0.4621271789073944,
    -1.7639493942260742,
    -0.19117361307144165,
    0.5946458578109741,
    -1.3763798475265503,
    1.2765594720840454
  ],
  "O.CC#N": [
    1.9286870956420898,
    -0.7876905798912048,
    -0.08188890665769577,
    0.18902958929538727,
    0.5154492259025574,
    -1.4934929609298706,
    0.40876835584640503,
    -0.22843270003795624,
    -0.0757526159286499,
    -1.3282684087753296,
    0.6682327389717102,
    -1.1220660209655762,
    0.29730018973350525,
    0.5556888580322266,
    -1.2791125774383545,
    1.8328238725662231
  ],
  "CC#N": [
    2.1285200119018555,
    0.013228307478129864,
    0.2372322827577591,
    0.028046611696481705,
    0.20750944316387177,
    -0.7674469947814941,
    1.1046288013458252,
    -0.5159022212028503,
    -0.07696253061294556,
    -1.3890987634658813,
    0.622438907623291,
    -1.6257829666137695,
    -0.08608068525791168,
    0.3453744053840637,
    -1.5661908388137817,
    1.3432739973068237
  ],
  "CC#N.CC(=O)O": [
    2.0751307010650635,
    -0.07022575289011002,
    0.17157688736915588,
    0.052129074931144714,
    0.19998939335346222,
    -0.837807834148407,
    1.0467660427093506,
    -0.520511269569397,
    0.014068026095628738,
    -1.4557645320892334,
    0.7066507935523987,
    -1.5301902294158936,
    -0.08271757513284683,
    0.41217538714408875,
    -1.5790101289749146,
    1.400727391242981
  ],
  "CCOCC": [
    1.7716172933578491,
    0.639113187789917,
    -0.01632879674434662,
    -0.19481255114078522,
    -0.6654225587844849,
    -0.3916536271572113,
    1.907594084739685,
    -0.5369115471839905,
    -0.5237969756126404,
    -0.945722758769989,
    0.5203492045402527,
    -1.939108967781067,
    -0.5713443160057068,
    0.8868148922920227,
    -0.8898257613182068,
    0.9603845477104187
  ],
  "OCC(F)(F)F": [
    1.912085771560669,
    -0.3264462947845459,
    -0.02145870216190815,
    -0.22875015437602997,
    0.23239858448505402,
    -1.3362590074539185,
    0.7494110465049744,
    -0.3874458372592926,
    0.19752614200115204,
    -1.7866802215576172,
    0.7274876832962036,
    -1.0452171564102173,
    0.34082454442977905,
    0.5323116183280945,
    -1.2357927560806274,
    1.6812357902526855
  ],
  "O.OCC(F)(F)F": [
    1.5366994142532349,
    -0.882980465888977,
    -0.0754501223564148,
    0.021616250276565552,
    0.42179614305496216,
    -1.7380459308624268,
    0.6433828473091125,
    0.031187711283564568,
    -0.2192637175321579,
    -1.5257768630981445,
    0.7080568075180054,
    -1.0118341445922852,
    0.5850884914398193,
    0.6266751885414124,
    -0.9998700022697449,
    1.883057951927185
  ],
  "CN(C)C(C)=O": [
    2.0700178146362305,
    0.4375218451023102,
    0.4514426589012146,
    -0.1470470428466797,
    0.08553653955459595,
    -0.5749268531799316,
    1.2597695589065552,
    -0.637707531452179,
    -0.38373565673828125,
    -1.2267941236495972,
    0.5277589559555054,
    -1.9101649522781372,
    -0.30505239963531494,
    0.5896865725517273,
    -1.3427897691726685,
    1.1110361814498901
  ],
  "CCCCCCCCCCO": [
    1.9474972486495972,
    0.5974122881889343,
    0.10679455101490021,
    -0.49103033542633057,
    -0.3559556007385254,
    -0.27453869581222534,
    1.5511530637741089,
    -0.5733427405357361,
    -0.5944040417671204,
    -0.9705607891082764,
    0.7177708745002747,
    -1.9166886806488037,
    -0.6132567524909973,
    1.0032236576080322,
    -1.037825345993042,
    0.9122382402420044
  ],
  "OCC": [
    1.9849737882614136,
    -0.040790751576423645,
    0.2729150056838989,
    0.005527718458324671,
    0.2252938151359558,
    -0.8990147709846497,
    1.2443411350250244,
    -0.5813345313072205,
    -0.018600933253765106,
    -1.4413583278656006,
    0.49805498123168945,
    -1.5487663745880127,
    -0.05365559458732605,
    0.5153669118881226,
    -1.5430192947387695,
    1.3858052492141724
  ],
  "C1CCOC1": [
    1.8273677825927734,
    0.5402862429618835,
    0.12626966834068298,
    -0.0633295476436615,
    -0.47264915704727173,
    -0.22829440236091614,
    1.7364981174468994,
    -0.5687052607536316,
    -0.44887402653694153,
    -0.9246838092803955,
    0.6006485819816589,
    -2.102229118347168,
    -0.6547065377235413,
    0.7886648178100586,
    -1.0667691230773926,
    0.9180178642272949
  ],
  "[C@H]12CCC([C@H](OC1)O2)=O": [
    2.17814302444458,
    -0.04777509719133377,
    0.43166157603263855,
    0.03180752694606781,
    0.45945534110069275,
    -0.8436084389686584,
    0.9218818545341492,
    -0.6594364643096924,
    -0.23235046863555908,
    -1.3276327848434448,
    0.5322450995445251,
    -1.6818583011627197,
    -0.06255824118852615,
    0.4482988119125366,
    -1.4458478689193726,
    1.299692988395691
  ],
  "O=C(OCC)C": [
    1.7547675371170044,
    0.634743332862854,
    0.02685360424220562,
    -0.10902998596429825,
    -0.6773415803909302,
    -0.23852142691612244,
    1.9043285846710205,
    -0.5117770433425903,
    -0.3832772970199585,
    -0.9306623339653015,
    0.4484991431236267,
    -1.9940654039382935,
    -0.6695120334625244,
    0.8462996482849121,
    -1.01539146900177,
    0.9241991639137268
  ],
  "CC(C)(C)OC": [
    1.5435993671417236,
    0.6693518161773682,
    -0.23525503277778625,
    -0.2654043734073639,
    -0.95359867811203,
    -0.4030904471874237,
    2.0142264366149902,
    -0.5067535638809204,
    -0.537388265132904,
    -0.8527107834815979,
    0.6676226854324341,
    -1.8773421049118042,
    -0.6722756028175354,
    1.2026991844177246,
    -0.5574002265930176,
    0.7783679366111755
  ],