{
  "CO": [
    1.2175177335739136,
    -1.1188803911209106,
    0.3213174641132355,
    -0.3241574168205261,
    0.9724018573760986,
    -0.5497852563858032,
    0.03625053912401199,
    -0.4899292588233948,
    -0.6863187551498413,
    -1.0774122476577759,
    1.665765404701233,
    -0.6375999450683594,
    0.5900781154632568,
    0.7280632257461548,
    -2.013570785522461,
    1.357529878616333
  ],
  "OCCO": [
    1.3334460258483887,
    -1.0882391929626465,
    0.5016911029815674,
    -0.21676090359687805,
    1.3357648849487305,
    -0.4929831326007843,
    -0.07622627913951874,
    -0.4845711886882782,
    -0.8890802264213562,
    -0.9601056575775146,
    1.585628628730774,
    -0.8997065424919128,
    0.5002166032791138,
    0.6631872653961182,
    -1.8990460634231567,
    1.0770330429077148
  ],
  "C(C(F)(F)F)(C(F)(F)F)O": [
    1.1746429204940796,
    -0.965514063835144,
    0.1963384598493576,
    -0.6488426327705383,
    0.6279445290565491,
    -0.5757349729537964,
    0.18544359505176544,
    -0.2767788767814636,
    -0.6728217601776123,
    -1.4200071096420288,
    1.7192593812942505,
    -0.4787159860134125,
    0.6950033903121948,
    0.7768227458000183,
    -1.84641432762146,
    1.5026881694793701
  ],
  "O1C(C)CCC1": [
    1.2359857559204102,
    -0.5085468292236328,
    0.5408732295036316,
    -0.4784452021121979,
    0.12290050834417343,
    0.14820468425750732,
    1.1889179944992065,
    -0.23375748097896576,
    -1.7401646375656128,
    -0.5164344906806946,
    1.2165067195892334,
    -1.563671588897705,
    0.022362152114510536,
    1.3351836204528809,
    -1.5988346338272095,
    0.8244550228118896
  ],
  "C1CCCCC1": [
    1.1732760667800903,
    -0.32430097460746765,
    -0.04460890591144562,
    -0.6173572540283203,
    -0.5017880797386169,
    -0.604632556438446,
    1.6403326988220215,
    0.12724056839942932,
    -1.568099856376648,
    -0.3437241315841675,
    1.2804241180419922,
    -1.5201655626296997,
    -0.15145596861839294,
    1.7614632844924927,
    -0.9156634211540222,
    0.6095805168151855
  ],
  "CC(O)C": [
    1.342073917388916,
    -0.7496009469032288,
    0.6431699991226196,
    -0.4932366609573364,
    0.9146541953086853,
    -0.20169878005981445,
    0.23470811545848846,
    -0.4764004051685333,
    -0.9922614693641663,
    -1.1844931840896606,
    1.5984950065612793,
    -1.0576179027557373,
    0.4178909659385681,
    0.9521431922912598,
    -1.9361751079559326,
    0.980036735534668
  ],
  "O.CC#N": [
    1.1531322002410889,
    -1.2877150774002075,
    0.23802722990512848,
    -0.345907062292099,
    1.0142725706100464,
    -0.6458268165588379,
    -0.01733875274658203,
    -0.285171777009964,
    -0.8036839365959167,
    -0.9470886588096619,
    1.771948218345642,
    -0.7481172680854797,
    0.6459073424339294,
    0.6731190085411072,
    -1.8120542764663696,
    1.3880006074905396
  ],
  "CC#N": [
    1.280456304550171,
    -0.9263794422149658,
    0.5835562944412231,
    -0.2855699956417084,
    0.811146080493927,
    0.003798715304583311,
    0.15469354391098022,
    -0.46748438477516174,
    -0.9494364857673645,
    -1.1394448280334473,
    1.6355565786361694,
    -1.1491972208023071,
    0.5436956882476807,
    0.731900691986084,
    -1.97255539894104,
    1.1360024213790894
  ],
  "CC#N.CC(=O)O": [
    1.3650994300842285,
    -0.9398597478866577,
    0.5390949845314026,
    -0.36614513397216797,
    0.8228464126586914,
    -0.09988345205783844,
    0.08613131195306778,
    -0.5336936712265015,
    -0.7054265737533569,
    -1.1662275791168213,
    1.6209144592285156,
    -0.9233046770095825,
    0.43790316581726074,
    0.753864586353302,
    -2.0892677307128906,
    1.188961386680603
  ],
  "CCOCC": [
    1.3269788026809692,
    -0.47934067249298096,
    0.36015668511390686,
    -0.6408746838569641,
    0.06891632080078125,
    -0.012368402443826199,
    1.4089939594268799,
    -0.1522495150566101,
    -1.656254768371582,
    -0.5258917212486267,
    1.2375447750091553,
    -1.483147382736206,
    -0.0029318698216229677,
    1.306675910949707,
    -1.5547356605529785,
    0.7952154874801636
  ],
  "OCC(F)(F)F": [
    1.3548681735992432,
    -0.9578152298927307,
    0.2899289131164551,
    -0.6076149344444275,
    0.7618082761764526,
    -0.4787263572216034,
    0.17957812547683716,
    -0.5252870917320251,
    -0.718098521232605,
    -1.3582468032836914,
    1.7337714433670044,
    -0.5003684759140015,
    0.6565883159637451,
    0.7245518565177917,
    -1.8565737009048462,
    1.2941335439682007
  ],
  "O.OCC(F)(F)F": [
    1.1259310245513916,
    -1.2745505571365356,
    0.10218541324138641,
    -0.39431032538414,
    1.014586091041565,
    -0.8391462564468384,
    -0.026907796040177345,
    -0.2186916619539261,
    -0.7757386565208435,
    -1.0002928972244263,
    1.8011057376861572,
    -0.5649709105491638,
    0.5968358516693115,
    0.7634463310241699,
    -1.7423906326293945,
    1.4252915382385254
  ],
  "CN(C)C(C)=O": [
    1.451483964920044,
    -0.6023350954055786,
    0.9022563099861145,
    -0.5214551687240601,
    0.8304740190505981,
    -0.007894542999565601,
    0.39023876190185547,
    -0.5025158524513245,
    -1.2643444538116455,
    -0.9647004008293152,
    1.3352000713348389,
    -1.3987056016921997,
    0.3121599853038788,
    0.9123382568359375,
    -1.8190257549285889,
    0.9382164478302002
  ],
  "CCCCCCCCCCO": [
    1.2074929475784302,
    -0.40573927760124207,
    0.33133912086486816,
    -0.8239787817001343,
    0.19549280405044556,
    0.18770326673984528,
    1.1167337894439697,
    -0.3149140775203705,
    -1.8810901641845703,
    -0.434887170791626,
    1.3970677852630615,
    -1.3079696893692017,
    -0.0675649493932724,
    1.5648587942123413,
    -1.4035223722457886,
    0.6358739137649536
  ],
  "OCC": [
    1.2649991512298584,
    -0.9254754185676575,
    0.6349539756774902,
    -0.35368049144744873,
    0.9314377307891846,
    -0.12041429430246353,
    0.3454727530479431,
    -0.5498275756835938,
    -0.8778833746910095,
    -1.1417044401168823,
    1.4194995164871216,
    -0.9982315301895142,
    0.47714731097221375,
    0.8808017373085022,
    -2.10390043258667,
    1.108436107635498
  ],
  "C1CCOC1": [
    1.2031625509262085,
    -0.611167311668396,
    0.5208925604820251,
    -0.424445241689682,
    0.14535284042358398,
    0.24557146430015564,
    1.1983132362365723,
    -0.26168107986450195,
    -1.688326120376587,
    -0.46342891454696655,
    1.3168809413909912,
    -1.657490611076355,
    -0.03818695247173309,
    1.3234914541244507,
    -1.53860604763031,
    0.7252532243728638
  ],
  "[C@H]12CCC([C@H](OC1)O2)=O": [
    1.4547600746154785,
    -0.9078031182289124,
    0.8065446019172668,
    -0.34855353832244873,
    1.0999672412872314,
    -0.2188243716955185,
    -0.06580554693937302,
    -0.5488703846931458,
    -0.8793299794197083,
    -0.9618949890136719,
    1.4835206270217896,
    -1.2175418138504028,
    0.45917487144470215,
    0.6826709508895874,
    -1.8960319757461548,
    1.0477710962295532
  ],
  "O=C(OCC)C": [
    1.3213027715682983,
    -0.5601950883865356,
    0.5141448974609375,
    -0.4330275058746338,
    0.22817696630954742,
    0.05584649741649628,
    1.1711243391036987,
    -0.21964621543884277,
    -1.6176458597183228,
    -0.5937921404838562,
    1.3620209693908691,
    -1.5087823867797852,
    0.022547338157892227,
    1.1857092380523682,
    -1.7155723571777344,
    0.7827459573745728
  ],
  "CC(C)(C)OC": [
    1.0286494493484497,
    -0.31232860684394836,
    -0.01808198355138302,
    -0.5562299489974976,
    -0.3769393861293793,
    -0.16194963455200195,
    1.760980486869812,
    -0.102353535592556,
    -1.8577187061309814,
    -0.3008485436439514,
    1.2119560241699219,
    -1.3590434789657593,
    -0.1624886393547058,
    1.7360292673110962,
    -1.0626057386398315,
    0.5333452820777893
  ],