{
  "CO": [
    1.2553966045379639,
    -0.780125617980957,
    0.60369873046875,
    -0.7352897524833679,
    0.5056465864181519,
    -0.39133384823799133,
    0.7720041275024414,
    -0.5578066110610962,
    -0.24461552500724792,
    -1.1393808126449585,
    1.3461111783981323,
    -1.4381368160247803,
    0.39424094557762146,
    0.7371849417686462,
    -1.8497234582901,
    1.5126347541809082
  ],
  "OCCO": [
    1.4805442094802856,
    -0.7291924357414246,
    0.4612021744251251,
    -0.15961399674415588,
    1.2890836000442505,
    -0.6350714564323425,
    0.33901384472846985,
    -0.760057806968689,
    -0.8187490105628967,
    -0.9264811277389526,
    1.4883415699005127,
    -1.3604421615600586,
    0.4231469929218292,
    0.47277751564979553,
    -1.7321739196777344,
    1.1535630226135254
  ],
  "C(C(F)(F)F)(C(F)(F)F)O": [
    1.4441885948181152,
    -0.40062642097473145,
    0.01805109530687332,
    -0.7467707991600037,
    0.46286532282829285,
    -0.813962459564209,
    0.5349222421646118,
    -0.4834050238132477,
    -0.14058469235897064,
    -1.8008564710617065,
    1.7309105396270752,
    -0.9485322833061218,
    0.5155839920043945,
    0.49609804153442383,
    -1.3766802549362183,
    1.5011001825332642
  ],
  "O1C(C)CCC1": [
    1.4919475317001343,
    -0.014855130575597286,
    0.4626176059246063,
    -0.4895600378513336,
    0.2387714385986328,
    -0.07471815496683121,
    1.3187586069107056,
    -0.6025990843772888,
    -1.2524012327194214,
    -0.6381117105484009,
    1.2125155925750732,
    -1.9046076536178589,
    -0.1378573179244995,
    0.8994297385215759,
    -1.5260192155838013,
    1.0076056718826294
  ],
  "C1CCCCC1": [
    1.3627383708953857,
    -0.04299115762114525,
    0.24860243499279022,
    -0.5703849792480469,
    -0.38114458322525024,
    -0.5298352241516113,
    1.3714841604232788,
    -0.20240196585655212,
    -1.1371803283691406,
    -0.5318708419799805,
    1.5051344633102417,
    -2.0008115768432617,
    0.04100683704018593,
    1.0319111347198486,
    -1.217218041419983,
    1.0462934970855713
  ],
  "CC(O)C": [
    1.4346716403961182,
    -0.18563006818294525,
    0.5507960319519043,
    -0.4123143255710602,
    0.7236512303352356,
    -0.38267791271209717,
    0.7297438979148865,
    -0.8033590912818909,
    -1.0804204940795898,
    -1.014075756072998,
    1.5472302436828613,
    -1.6043370962142944,
    0.27699825167655945,
    0.6708301305770874,
    -1.6202445030212402,
    1.156265377998352
  ],
  "O.CC#N": [
    1.2645750045776367,
    -1.0126656293869019,
    0.27270442247390747,
    -0.4683470129966736,
    0.9073256254196167,
    -0.7932161688804626,
    0.46383118629455566,
    -0.44231122732162476,
    -0.6369760036468506,
    -1.0295193195343018,
    1.586198329925537,
    -1.2361640930175781,
    0.6950021386146545,
    0.5444455146789551,
    -1.636925458908081,
    1.510846734046936
  ],
  "CC#N": [
    1.398675799369812,
    -0.4805857241153717,
    0.4647802710533142,
    -0.22558826208114624,
    0.7566450834274292,
    -0.1809803694486618,
    0.5867470502853394,
    -0.740688145160675,
    -0.8180462718009949,
    -1.103796124458313,
    1.6018227338790894,
    -1.626029133796692,
    0.3739001154899597,
    0.5439171195030212,
    -1.7681854963302612,
    1.2036998271942139
  ],
  "CC#N.CC(=O)O": [
    1.4904112815856934,
    -0.49175262451171875,
    0.44115063548088074,
    -0.35311776399612427,
    0.7508220076560974,
    -0.3237623870372772,
    0.50011146068573,
    -0.8277450799942017,
    -0.5994437336921692,
    -1.1529268026351929,
    1.6102838516235352,
    -1.3488134145736694,
    0.3037925958633423,
    0.5988973379135132,
    -1.875380039215088,
    1.2644692659378052
  ],
  "CCOCC": [
    1.1985090970993042,
    0.07004109770059586,
    0.1446935385465622,
    -0.41575342416763306,
    -0.2063024789094925,
    -0.16171880066394806,
    1.7087128162384033,
    -0.6001877784729004,
    -1.4289369583129883,
    -0.43407902121543884,
    1.2347909212112427,
    -1.924342393875122,
    -0.23667678236961365,
    1.1644524335861206,
    -1.116883635520935,
    0.9979555010795593
  ],
  "OCC(F)(F)F": [
    1.3062485456466675,
    -0.5780279636383057,
    0.42626458406448364,
    -0.7504624724388123,
    0.33452215790748596,
    -0.6792275905609131,
    0.956066906452179,
    -0.5281934142112732,
    -0.43965083360671997,
    -1.4265098571777344,
    1.3893221616744995,
    -1.2489030361175537,
    0.5726325511932373,
    0.7298436760902405,
    -1.6029729843139648,
    1.5314873456954956
  ],
  "O.OCC(F)(F)F": [
    1.1563990116119385,
    -1.0219694375991821,
    0.16328467428684235,
    -0.3962334394454956,
    0.9278995990753174,
    -1.1099164485931396,
    0.39817652106285095,
    -0.2782091498374939,
    -0.8107198476791382,
    -1.0329922437667847,
    1.713990569114685,
    -1.064708948135376,
    0.6555265784263611,
    0.6498193144798279,
    -1.4769957065582275,
    1.5168201923370361
  ],
  "CN(C)C(C)=O": [
    1.4411115646362305,
    -0.11102558672428131,
    0.7288140654563904,
    -0.4505192041397095,
    0.7047160863876343,
    -0.1817190796136856,
    0.7587124705314636,
    -0.7785071134567261,
    -1.1982426643371582,
    -0.9035335779190063,
    1.3875908851623535,
    -1.8053640127182007,
    0.12548606097698212,
    0.7599228620529175,
    -1.5470645427703857,
    1.0569509267807007
  ],
  "CCCCCCCCCCO": [
    1.3088412284851074,
    0.06359293311834335,
    0.33165442943573,
    -0.6954290270805359,
    0.20628945529460907,
    -0.059100423008203506,
    1.2442682981491089,
    -0.659666895866394,
    -1.550536036491394,
    -0.4847105145454407,
    1.48320734500885,
    -1.8020503520965576,
    -0.19508272409439087,
    1.2076396942138672,
    -1.2231019735336304,
    0.8164458274841309
  ],
  "OCC": [
    1.4147228002548218,
    -0.3933515250682831,
    0.5113506317138672,
    -0.37975063920021057,
    0.7958980202674866,
    -0.33076468110084534,
    0.6926094889640808,
    -0.8058227896690369,
    -0.8772001266479492,
    -1.1461893320083618,
    1.5332469940185547,
    -1.4915764331817627,
    0.3642432391643524,
    0.6392276287078857,
    -1.7327797412872314,
    1.1936211585998535
  ],
  "C1CCOC1": [
    1.3194236755371094,
    -0.061064597219228745,
    0.3849717080593109,
    -0.3891458213329315,
    0.08515233546495438,
    0.0502316877245903,
    1.439544916152954,
    -0.6237499713897705,
    -1.3417061567306519,
    -0.47380128502845764,
    1.266719102859497,
    -2.0123894214630127,
    -0.22449274361133575,
    1.0181374549865723,
    -1.3881779909133911,
    0.9419777989387512
  ],
  "[C@H]12CCC([C@H](OC1)O2)=O": [
    1.562822937965393,
    -0.4495174288749695,
    0.7142113447189331,
    -0.30046266317367554,
    0.9868635535240173,
    -0.3166920840740204,
    0.3943760395050049,
    -0.8692536950111389,
    -0.8808696866035461,
    -0.9505118727684021,
    1.4493508338928223,
    -1.648212194442749,
    0.3339318037033081,
    0.5198562741279602,
    -1.6579492092132568,
    1.0972129106521606
  ],
  "O=C(OCC)C": [
    1.392946481704712,
    0.044870588928461075,
    0.34314435720443726,
    -0.3882935643196106,
    0.16632619500160217,
    -0.09554249793291092,
    1.390602946281433,
    -0.5904099941253662,
    -1.3070383071899414,
    -0.5911580324172974,
    1.3492900133132935,
    -1.8892146348953247,
    -0.17534944415092468,
    0.8994975090026855,
    -1.5278695821762085,
    0.9692131876945496
  ],
  "CC(C)(C)OC": [
    1.1486830711364746,
    0.1802472323179245,
    -0.10616431385278702,
    -0.4889073967933655,
    -0.43519943952560425,
    -0.2969241738319397,
    1.8634148836135864,
    -0.5065147876739502,
    -1.4764052629470825,
    -0.3877754807472229,
    1.2273041009902954,
    -1.7405643463134766,
    -0.30656468868255615,
    1.432186245918274,
    -0.9116712212562561,
    0.8027373552322388
  ],