{
  "CO": [
    1.551065444946289,
    -0.6081579327583313,
    0.20387332141399384,
    -0.18890227377414703,
    0.7939422130584717,
    -0.9349752068519592,
    0.5121901035308838,
    -0.7432156205177307,
    -0.2890016734600067,
    -1.1966086626052856,
    1.384414553642273,
    -1.2286603450775146,
    0.3964841365814209,
    0.5886021852493286,
    -1.7679873704910278,
    1.5152689218521118
  ],
  "OCCO": [
    1.615635633468628,
    -0.6148431301116943,
    0.37387415766716003,
    -0.02233552373945713,
    1.1198022365570068,
    -0.8995365500450134,
    0.47701165080070496,
    -0.7934795618057251,
    -0.5924916863441467,
    -1.1032072305679321,
    1.349273920059204,
    -1.487674355506897,
    0.39603596925735474,
    0.5190197229385376,
    -1.5734941959381104,
    1.2239251136779785
  ],
  "C(C(F)(F)F)(C(F)(F)F)O": [
    1.3292828798294067,
    -0.2594693601131439,
    0.08906389772891998,
    -0.7548730969429016,
    -0.4928893744945526,
    -0.7357898950576782,
    1.3588624000549316,
    -0.44387897849082947,
    0.030265701934695244,
    -1.8793072700500488,
    1.2920604944229126,
    -1.198644757270813,
    0.47062891721725464,
    0.6648371815681458,
    -1.0289307832717896,
    1.558379054069519
  ],
  "O1C(C)CCC1": [
    1.5812973976135254,
    0.3957688510417938,
    0.42546024918556213,
    -0.35541069507598877,
    -0.1062668189406395,
    -0.19160449504852295,
    1.4262421131134033,
    -0.7009319067001343,
    -1.00454580783844,
    -0.6052613258361816,
    1.1259387731552124,
    -2.0512850284576416,
    -0.34447401762008667,
    0.7742447853088379,
    -1.3995201587677002,
    1.021968126296997
  ],
  "C1CCCCC1": [
    1.5320299863815308,
    0.28722697496414185,
    0.20406855642795563,
    -0.4570791721343994,
    -0.6482536792755127,
    -0.5875282883644104,
    1.5150189399719238,
    -0.33158034086227417,
    -0.7806036472320557,
    -0.5677762627601624,
    1.3380687236785889,
    -2.092060089111328,
    -0.21023224294185638,
    0.8852786421775818,
    -1.123175024986267,
    1.031069040298462
  ],
  "CC(O)C": [
    1.6247456073760986,
    0.05131823569536209,
    0.49640777707099915,
    -0.2915944755077362,
    0.5426902770996094,
    -0.5068531036376953,
    0.850277304649353,
    -0.8166821599006653,
    -0.7565131187438965,
    -1.0956467390060425,
    1.4262752532958984,
    -1.7191375494003296,
    0.027098912745714188,
    0.591709554195404,
    -1.6236860752105713,
    1.18793785572052
  ],
  "O.CC#N": [
    1.4289116859436035,
    -0.8342872262001038,
    0.14292269945144653,
    -0.10094892978668213,
    0.8781466484069824,
    -1.0972439050674438,
    0.5077081918716431,
    -0.5477919578552246,
    -0.5971760153770447,
    -1.121227502822876,
    1.5014866590499878,
    -1.3112645149230957,
    0.567484438419342,
    0.5068152546882629,
    -1.4771095514297485,
    1.5421714782714844
  ],
  "CC#N": [
    1.6464178562164307,
    -0.18942677974700928,
    0.44201478362083435,
    -0.1845831573009491,
    0.49766087532043457,
    -0.4065461754798889,
    0.8333932757377625,
    -0.8051546812057495,
    -0.48567989468574524,
    -1.1670928001403809,
    1.3649312257766724,
    -1.7518017292022705,
    0.1852698028087616,
    0.45749276876449585,
    -1.7193015813827515,
    1.2697597742080688
  ],
  "CC#N.CC(=O)O": [
    1.649439811706543,
    -0.29373905062675476,
    0.389190673828125,
    -0.23892156779766083,
    0.5615456104278564,
    -0.4802202582359314,
    0.7195980548858643,
    -0.8686732053756714,
    -0.3422315716743469,
    -1.2171412706375122,
    1.4378974437713623,
    -1.5506774187088013,
    0.17454858124256134,
    0.5468477606773376,
    -1.7836111783981323,
    1.2839926481246948
  ],
  "CCOCC": [
    1.5529601573944092,
    0.3768317997455597,
    0.2474488615989685,
    -0.48919644951820374,
    -0.29238831996917725,
    -0.18736563622951508,
    1.6611721515655518,
    -0.6282178163528442,
    -0.8673816323280334,
    -0.6146668791770935,
    1.096323847770691,
    -1.9672460556030273,
    -0.4782349765300751,
    0.8877568244934082,
    -1.317280650138855,
    1.0144226551055908
  ],
  "OCC(F)(F)F": [
    1.5335052013397217,
    -0.3552095592021942,
    0.24417194724082947,
    -0.5297197699546814,
    0.2866797149181366,
    -0.9075435996055603,
    0.9752910733222961,
    -0.7331586480140686,
    -0.26195159554481506,
    -1.5211114883422852,
    1.3727697134017944,
    -1.2495343685150146,
    0.5192317962646484,
    0.6224316954612732,
    -1.4752085208892822,
    1.4724106788635254
  ],
  "O.OCC(F)(F)F": [
    1.5045669078826904,
    -0.8562392592430115,
    0.048741135746240616,
    -0.2304859310388565,
    0.851999819278717,
    -1.248704195022583,
    0.4054621160030365,
    -0.585128664970398,
    -0.5054149627685547,
    -1.218517541885376,
    1.5011186599731445,
    -1.0227855443954468,
    0.6263916492462158,
    0.5670616626739502,
    -1.4080866575241089,
    1.5601677894592285
  ],
  "CN(C)C(C)=O": [
    1.682586908340454,
    0.18134821951389313,
    0.7040824294090271,
    -0.3968958258628845,
    0.43497857451438904,
    -0.29630282521247864,
    0.9562076926231384,
    -0.8250465393066406,
    -0.7994978427886963,
    -0.9304584264755249,
    1.1616233587265015,
    -1.9174830913543701,
    -0.12775224447250366,
    0.64957594871521,
    -1.5884367227554321,
    1.1001957654953003
  ],
  "CCCCCCCCCCO": [
    1.6150072813034058,
    0.4308124780654907,
    0.23111492395401,
    -0.5932154655456543,
    -0.052500173449516296,
    -0.01916166953742504,
    1.4232228994369507,
    -0.8092588186264038,
    -1.2227156162261963,
    -0.4431755244731903,
    1.1879563331604004,
    -1.890261173248291,
    -0.5120676755905151,
    1.0073859691619873,
    -1.229773759841919,
    0.8701781034469604
  ],
  "OCC": [
    1.6396197080612183,
    -0.12751853466033936,
    0.4461394250392914,
    -0.2667520046234131,
    0.5862919092178345,
    -0.49674955010414124,
    0.8842622637748718,
    -0.8692907691001892,
    -0.5562816262245178,
    -1.2461822032928467,
    1.3371272087097168,
    -1.6288552284240723,
    0.1590549796819687,
    0.5639812350273132,
    -1.6717263460159302,
    1.2358922958374023
  ],
  "C1CCOC1": [
    1.4727251529693604,
    0.3108861446380615,
    0.36928123235702515,
    -0.2940717041492462,
    -0.21822166442871094,
    -0.012732899747788906,
    1.5394411087036133,
    -0.6972358226776123,
    -0.9491183161735535,
    -0.5100898146629333,
    1.1255593299865723,
    -2.1329636573791504,
    -0.5208422541618347,
    0.884004533290863,
    -1.3325225114822388,
    0.958651602268219
  ],
  "[C@H]12CCC([C@H](OC1)O2)=O": [
    1.7647157907485962,
    -0.35945555567741394,
    0.5565941333770752,
    -0.23156702518463135,
    0.8981592655181885,
    -0.5506051182746887,
    0.48264288902282715,
    -0.8765003681182861,
    -0.49847978353500366,
    -1.0432995557785034,
    1.2920020818710327,
    -1.619071125984192,
    0.20153409242630005,
    0.48613712191581726,
    -1.726129174232483,
    1.2094014883041382
  ],
  "O=C(OCC)C": [
    1.5167438983917236,
    0.3788743019104004,
    0.3330332338809967,
    -0.28405678272247314,
    -0.16961705684661865,
    -0.18317094445228577,
    1.5301671028137207,
    -0.6499482989311218,
    -0.933139443397522,
    -0.6048467755317688,
    1.199237585067749,
    -2.026557683944702,
    -0.4388766288757324,
    0.7713963985443115,
    -1.4441601037979126,
    0.9974541664123535
  ],
  "CC(C)(C)OC": [
    1.2451623678207397,
    0.47836461663246155,
    -0.07201541215181351,
    -0.3945547938346863,
    -0.693074643611908,
    -0.34343841671943665,
    1.9187785387039185,
    -0.5855537056922913,
    -1.04360830783844,
    -0.44625717401504517,
    1.1495639085769653,
    -1.8703837394714355,
    -0.5762240290641785,
    1.2594014406204224,
    -0.8869786858558655,
    0.8605477213859558
  ],