{
  "CO": [
    1.8559541702270508,
    -0.46130281686782837,
    0.0413149818778038,
    0.08599302917718887,
    0.39317336678504944,
    -1.330312967300415,
    0.8809645771980286,
    -0.5663679242134094,
    -0.005053770262748003,
    -1.4264358282089233,
    0.6886038184165955,
    -1.1383585929870605,
    0.2745107114315033,
    0.5529561638832092,
    -1.5205461978912354,
    1.6777522563934326
  ],
  "OCCO": [
    1.9621554613113403,
    -0.4863479435443878,
    0.18321937322616577,
    0.24956196546554565,
    0.8503863215446472,
    -1.2498204708099365,
    0.7600919008255005,
    -0.5136861205101013,
    -0.2644261419773102,
    -1.3372373580932617,
    0.5701782703399658,
    -1.3785209655761719,
    0.16160152852535248,
    0.47782042622566223,
    -1.469556450843811,
    1.4868360757827759
  ],
  "C(C(F)(F)F)(C(F)(F)F)O": [
    1.417366862297058,
    -0.15301938354969025,
    -0.10891459882259369,
    -0.3975520431995392,
    -0.8322919011116028,
    -1.061436653137207,
    1.4244589805603027,
    -0.25154101848602295,
    0.34520068764686584,
    -2.0672528743743896,
    0.6770609021186829,
    -1.1569631099700928,
    0.3549078404903412,
    0.8489626049995422,
    -0.6011415719985962,
    1.5756443738937378
  ],
  "O1C(C)CCC1": [
    1.9536864757537842,
    0.5993977189064026,
    0.2645340859889984,
    -0.1441192477941513,
    -0.316559761762619,
    -0.41518694162368774,
    1.6023699045181274,
    -0.535296618938446,
    -0.5002787709236145,
    -0.97838294506073,
    0.5482386946678162,
    -2.0383477210998535,
    -0.4794130027294159,
    0.6527060270309448,
    -1.1960484981536865,
    0.9887345433235168
  ],
  "C1CCCCC1": [
    1.734405279159546,
    0.5620636940002441,
    -0.1001344695687294,
    -0.1775597333908081,
    -0.9646202325820923,
    -0.6862309575080872,
    1.8387562036514282,
    -0.2940739691257477,
    -0.4433148205280304,
    -0.8020171523094177,
    0.7639318704605103,
    -1.9759594202041626,
    -0.4826970398426056,
    0.9844052791595459,
    -0.7996252179145813,
    0.853427529335022
  ],
  "CC(O)C": [
    2.0768752098083496,
    0.17949481308460236,
    0.21755506098270416,
    -0.027088578790426254,
    0.2816448509693146,
    -0.7404283881187439,
    1.1514302492141724,
    -0.5757176280021667,
    -0.1591472029685974,
    -1.502963662147522,
    0.6782001852989197,
    -1.587618112564087,
    -0.25260016322135925,
    0.5586113333702087,
    -1.5058648586273193,
    1.213575839996338
  ],
  "O.CC#N": [
    1.7003034353256226,
    -0.8192205429077148,
    0.031451545655727386,
    0.14095014333724976,
    0.4948907792568207,
    -1.4620821475982666,
    0.6917454600334167,
    -0.18154893815517426,
    -0.25109004974365234,
    -1.4013557434082031,
    0.7518200874328613,
    -1.2726131677627563,
    0.5100823640823364,
    0.5077425837516785,
    -1.2387486696243286,
    1.798372745513916
  ],
  "CC#N": [
    2.0772147178649902,
    0.009409748017787933,
    0.23478931188583374,
    0.027401378378272057,
    0.1854546219110489,
    -0.823554277420044,
    1.1152583360671997,
    -0.5295732617378235,
    -0.05941097065806389,
    -1.424175500869751,
    0.6538617014884949,
    -1.6359235048294067,
    -0.04067498818039894,
    0.36863163113594055,
    -1.5203486680984497,
    1.364328145980835
  ],
  "CC#N.CC(=O)O": [
    2.0459296703338623,
    -0.0878901332616806,
    0.1538379043340683,
    0.07216667383909225,
    0.21454033255577087,
    -0.7862802743911743,
    1.0451022386550903,
    -0.5906060338020325,
    -0.002620762214064598,
    -1.4893431663513184,
    0.7671207785606384,
    -1.5669255256652832,
    -0.035162828862667084,
    0.42791780829429626,
    -1.5417485237121582,
    1.376359462738037
  ],
  "CCOCC": [
    1.72479248046875,
    0.6421903371810913,
    -0.04536498337984085,
    -0.15063343942165375,
    -0.7179030179977417,
    -0.37163257598876953,
    1.8916375637054443,
    -0.5780079364776611,
    -0.5562484264373779,
    -0.90765380859375,
    0.5664259195327759,
    -2.0179409980773926,
    -0.5681040287017822,
    0.9715108275413513,
    -0.7606595158576965,
    0.8882166743278503
  ],
  "OCC(F)(F)F": [
    1.8100416660308838,
    -0.31827738881111145,
    0.05637548118829727,
    -0.12569017708301544,
    0.08692485094070435,
    -1.311668872833252,
    1.0353221893310547,
    -0.4527498483657837,
    0.06686863303184509,
    -1.7193915843963623,
    0.7180227637290955,
    -1.1975656747817993,
    0.40231502056121826,
    0.5269913077354431,
    -1.2263470888137817,
    1.6547086238861084
  ],
  "O.OCC(F)(F)F": [
    1.714201807975769,
    -0.8419188261032104,
    -0.11329791694879532,
    0.08107677102088928,
    0.513677179813385,
    -1.6438721418380737,
    0.46003612875938416,
    -0.22272440791130066,
    -0.19967950880527496,
    -1.4623786211013794,
    0.7550858855247498,
    -0.8554075360298157,
    0.47967520356178284,
    0.6411396861076355,
    -1.1828171014785767,
    1.8792986869812012
  ],
  "CN(C)C(C)=O": [
    2.076305389404297,
    0.3611183166503906,
    0.4853855073451996,
    -0.1764969378709793,
    0.21411310136318207,
    -0.5947774648666382,
    1.1572099924087524,
    -0.5906583666801453,
    -0.29492175579071045,
    -1.3285831212997437,
    0.5817056894302368,
    -1.8751459121704102,
    -0.3082706928253174,
    0.558904230594635,
    -1.3831433057785034,
    1.121400237083435
  ],
  "CCCCCCCCCCO": [
    1.865645170211792,
    0.6239580512046814,
    0.09447022527456284,
    -0.37002333998680115,
    -0.32311341166496277,
    -0.3115750849246979,
    1.5752230882644653,
    -0.6449246406555176,
    -0.6902856230735779,
    -0.9457120299339294,
    0.8036820292472839,
    -1.9835867881774902,
    -0.5865449905395508,
    0.9967347383499146,
    -0.9728737473487854,
    0.8768348097801208
  ],
  "OCC": [
    2.036743402481079,
    -0.0413387231528759,
    0.19808414578437805,
    0.015281633473932743,
    0.37595704197883606,
    -0.9241898059844971,
    1.0899778604507446,
    -0.5855708122253418,
    -0.15412479639053345,
    -1.476794719696045,
    0.6775035262107849,
    -1.466844916343689,
    -0.03939533978700638,
    0.516524076461792,
    -1.5615571737289429,
    1.3446139097213745
  ],
  "C1CCOC1": [
    1.9454246759414673,
    0.4488755762577057,
    0.24066407978534698,
    -0.15526024997234344,
    -0.2756255269050598,
    -0.3204363286495209,
    1.607356309890747,
    -0.4904128611087799,
    -0.35521355271339417,
    -0.9852960705757141,
    0.6265745759010315,
    -2.0771608352661133,
    -0.5501434803009033,
    0.6696908473968506,
    -1.2672828435897827,
    0.9443126916885376
  ],
  "[C@H]12CCC([C@H](OC1)O2)=O": [
    2.1339681148529053,
    -0.08658815920352936,
    0.3931908905506134,
    0.10747065395116806,
    0.5060849189758301,
    -0.8489537835121155,
    0.8666109442710876,
    -0.6513687968254089,
    -0.255802720785141,
    -1.3251283168792725,
    0.6298995018005371,
    -1.7143843173980713,
    -0.047893211245536804,
    0.46035292744636536,
    -1.4595372676849365,
    1.292985439300537
  ],
  "O=C(OCC)C": [
    1.7514771223068237,
    0.6818722486495972,
    0.024138517677783966,
    -0.021370219066739082,
    -0.5784221291542053,
    -0.3155916929244995,
    1.829323649406433,
    -0.5806660056114197,
    -0.5713506937026978,
    -0.8903968930244446,
    0.5930750966072083,
    -2.0032403469085693,
    -0.6398534774780273,
    0.8429964184761047,
    -1.0240880250930786,
    0.9108520746231079
  ],
  "CC(C)(C)OC": [
    1.5829075574874878,
    0.6400125622749329,
    -0.14994682371616364,
    -0.2851167917251587,
    -0.9169321060180664,
    -0.4372878968715668,
    2.0356266498565674,
    -0.48628342151641846,
    -0.47972366213798523,
    -0.9005738496780396,
    0.5788412690162659,
    -1.8590761423110962,
    -0.5923328995704651,
    1.1184672117233276,
    -0.711763322353363,
    0.8769765496253967
  ],