{
  "CO": [
    1.617832064628601,
    -0.5441408753395081,
    0.17765647172927856,
    -0.0727207288146019,
    0.6202755570411682,
    -0.9396092891693115,
    0.6861067414283752,
    -0.9228564500808716,
    -0.25964030623435974,
    -1.3322721719741821,
    1.3714481592178345,
    -1.179826021194458,
    0.4086620807647705,
    0.5739154815673828,
    -1.6660205125808716,
    1.4519413709640503
  ],
  "OCCO": [
    1.6268372535705566,
    -0.6491434574127197,
    0.3157181143760681,
    0.11720050126314163,
    1.1197532415390015,
    -0.98796546459198,
    0.4690781235694885,
    -0.735088586807251,
    -0.5756455659866333,
    -1.1535274982452393,
    1.2662214040756226,
    -1.4830478429794312,
    0.3815993666648865,
    0.4972776472568512,
    -1.5221154689788818,
    1.3018149137496948
  ],
  "C(C(F)(F)F)(C(F)(F)F)O": [
    1.4338574409484863,
    -0.319326788187027,
    0.1080830916762352,
    -0.43619003891944885,
    -0.002450578147545457,
    -0.9889586567878723,
    1.0084030628204346,
    -0.6347370147705078,
    -0.18214893341064453,
    -1.8068543672561646,
    1.5020850896835327,
    -1.221670150756836,
    0.581682562828064,
    0.4797200858592987,
    -1.0914480686187744,
    1.5657538175582886
  ],
  "O1C(C)CCC1": [
    1.534337043762207,
    0.4491434395313263,
    0.3043709993362427,
    -0.2240176796913147,
    -0.2671153247356415,
    -0.13945037126541138,
    1.537123203277588,
    -0.7178645730018616,
    -0.9859504699707031,
    -0.6001409888267517,
    1.0139644145965576,
    -2.089416980743408,
    -0.4869481325149536,
    0.9123537540435791,
    -1.2676036357879639,
    1.0215551853179932
  ],
  "C1CCCCC1": [
    1.5054997205734253,
    0.3999612033367157,
    0.0357060506939888,
    -0.2748800814151764,
    -0.7979838252067566,
    -0.512561023235321,
    1.751957893371582,
    -0.3991710841655731,
    -0.7745077013969421,
    -0.47878050804138184,
    1.1073178052902222,
    -2.04372239112854,
    -0.4802689552307129,
    1.047304630279541,
    -1.0228928327560425,
    0.93564373254776
  ],
  "CC(O)C": [
    1.700779914855957,
    0.08948591351509094,
    0.469433069229126,
    -0.2559819519519806,
    0.48566144704818726,
    -0.5616375803947449,
    0.9077479243278503,
    -0.8071873188018799,
    -0.6110025644302368,
    -1.186441421508789,
    1.2598576545715332,
    -1.7266796827316284,
    0.0154306935146451,
    0.5871988534927368,
    -1.6188420057296753,
    1.2424712181091309
  ],
  "O.CC#N": [
    1.4707835912704468,
    -0.9004504084587097,
    0.1316222995519638,
    -0.041604261845350266,
    0.8039315938949585,
    -1.1598584651947021,
    0.424337238073349,
    -0.4993448853492737,
    -0.540117621421814,
    -1.1849111318588257,
    1.424594759941101,
    -1.3491402864456177,
    0.6569475531578064,
    0.523307740688324,
    -1.3557560443878174,
    1.5851465463638306
  ],
  "CC#N": [
    1.6936548948287964,
    -0.18222129344940186,
    0.39451318979263306,
    -0.0968395471572876,
    0.4668361246585846,
    -0.4538246691226959,
    0.8411604762077332,
    -0.743157684803009,
    -0.42697420716285706,
    -1.2308475971221924,
    1.2678706645965576,
    -1.7802993059158325,
    0.14358437061309814,
    0.45404699444770813,
    -1.6879878044128418,
    1.3291906118392944
  ],
  "CC#N.CC(=O)O": [
    1.7264870405197144,
    -0.2685334384441376,
    0.35106033086776733,
    -0.1547466367483139,
    0.5300323963165283,
    -0.5227184891700745,
    0.7259863615036011,
    -0.8034301996231079,
    -0.2812691032886505,
    -1.3066023588180542,
    1.312832236289978,
    -1.545257329940796,
    0.1315194070339203,
    0.51909339427948,
    -1.7704881429672241,
    1.3454004526138306
  ],
  "CCOCC": [
    1.6195024251937866,
    0.4313642978668213,
    0.1927517205476761,
    -0.4191775619983673,
    -0.3131236732006073,
    -0.2482190728187561,
    1.672693133354187,
    -0.6134495139122009,
    -0.7755839824676514,
    -0.688014566898346,
    1.004127860069275,
    -1.9763635396957397,
    -0.4916665256023407,
    0.8632049560546875,
    -1.3024821281433105,
    1.040924310684204
  ],
  "OCC(F)(F)F": [
    1.565361499786377,
    -0.3954078257083893,
    0.18276049196720123,
    -0.326626718044281,
    0.3608221411705017,
    -1.0573649406433105,
    0.814607560634613,
    -0.8058179616928101,
    -0.37365373969078064,
    -1.5181689262390137,
    1.4782737493515015,
    -1.1764363050460815,
    0.5731289982795715,
    0.5939110517501831,
    -1.379040241241455,
    1.4568804502487183
  ],
  "O.OCC(F)(F)F": [
    1.498905062675476,
    -0.9029038548469543,
    0.0156073197722435,
    -0.1910688579082489,
    0.7892236113548279,
    -1.3034921884536743,
    0.3708072900772095,
    -0.4593503475189209,
    -0.3353666663169861,
    -1.327475905418396,
    1.3197754621505737,
    -1.0140974521636963,
    0.5978909730911255,
    0.6329636573791504,
    -1.3962501287460327,
    1.6967984437942505
  ],
  "CN(C)C(C)=O": [
    1.6762384176254272,
    0.18768464028835297,
    0.6087886691093445,
    -0.2809315025806427,
    0.398395836353302,
    -0.33882877230644226,
    1.0213158130645752,
    -0.8172112703323364,
    -0.7081316113471985,
    -1.043633222579956,
    1.119314432144165,
    -1.9637428522109985,
    -0.11898838728666306,
    0.6854308843612671,
    -1.546791672706604,
    1.111683964729309
  ],
  "CCCCCCCCCCO": [
    1.5323092937469482,
    0.45022252202033997,
    0.288708359003067,
    -0.49390676617622375,
    -0.08667346090078354,
    -0.1773168295621872,
    1.3806205987930298,
    -0.7347020506858826,
    -1.100861668586731,
    -0.619253396987915,
    1.3078455924987793,
    -1.9767802953720093,
    -0.49794015288352966,
    1.056549310684204,
    -1.1933784484863281,
    0.859765350818634
  ],
  "OCC": [
    1.624987244606018,
    -0.2328435331583023,
    0.3952643871307373,
    -0.06518591195344925,
    0.6225162744522095,
    -0.5745609402656555,
    0.8783372640609741,
    -0.7860701084136963,
    -0.4913102090358734,
    -1.2464548349380493,
    1.2386674880981445,
    -1.6289931535720825,
    0.1344819813966751,
    0.5564225316047668,
    -1.7502096891403198,
    1.3150923252105713
  ],
  "C1CCOC1": [
    1.64957594871521,
    0.3109607398509979,
    0.3930603563785553,
    -0.3154147267341614,
    -0.04431310296058655,
    -0.1703892946243286,
    1.3931293487548828,
    -0.6367905735969543,
    -0.7398225665092468,
    -0.7147921919822693,
    1.1368904113769531,
    -2.129002571105957,
    -0.41804933547973633,
    0.723973274230957,
    -1.443424105644226,
    0.9972376227378845
  ],
  "[C@H]12CCC([C@H](OC1)O2)=O": [
    1.8024142980575562,
    -0.22889743745326996,
    0.6112284660339355,
    -0.12402069568634033,
    0.797671914100647,
    -0.5345057249069214,
    0.5510311126708984,
    -0.8604611158370972,
    -0.5369102954864502,
    -1.1662077903747559,
    1.2100558280944824,
    -1.81473708152771,
    0.1526881456375122,
    0.5373297333717346,
    -1.5478732585906982,
    1.1390578746795654
  ],
  "O=C(OCC)C": [
    1.4278870820999146,
    0.42084944248199463,
    0.16953501105308533,
    -0.2175651639699936,
    -0.4624837636947632,
    -0.09751558303833008,
    1.753358244895935,
    -0.6478567719459534,
    -0.8367828726768494,
    -0.6025300621986389,
    1.0088101625442505,
    -2.082819700241089,
    -0.5910760164260864,
    0.9899287223815918,
    -1.1979126930236816,
    0.9631941318511963
  ],
  "CC(C)(C)OC": [
    1.4461965560913086,
    0.48982882499694824,
    0.009705373086035252,
    -0.34545648097991943,
    -0.5331892371177673,
    -0.37880152463912964,
    1.8790723085403442,
    -0.5492687225341797,
    -0.8571199774742126,
    -0.5833792090415955,
    1.1106468439102173,
    -1.9443058967590332,
    -0.5946711301803589,
    1.043569564819336,
    -1.0599381923675537,
    0.8671448230743408
  ],