{
  "CO": [
    1.4961540699005127,
    -0.6004401445388794,
    0.2851521968841553,
    -0.2449588179588318,
    0.6798551678657532,
    -0.8258196711540222,
    0.7411121726036072,
    -0.8672999739646912,
    -0.38221967220306396,
    -1.2154641151428223,
    1.4834426641464233,
    -1.3485270738601685,
    0.4485683739185333,
    0.5795477628707886,
    -1.6460641622543335,
    1.405644178390503
  ],
  "OCCO": [
    1.6679004430770874,
    -0.5168004035949707,
    0.4397273063659668,
    -0.10828228294849396,
    1.0810164213180542,
    -0.8202248811721802,
    0.43805357813835144,
    -0.8669444918632507,
    -0.6562207341194153,
    -1.135581612586975,
    1.433128833770752,
    -1.4926849603652954,
    0.3624991774559021,
    0.5263491868972778,
    -1.5125669240951538,
    1.14750337600708
  ],
  "C(C(F)(F)F)(C(F)(F)F)O": [
    1.192083477973938,
    -0.30041879415512085,
    0.21676835417747498,
    -0.8314406275749207,
    -0.1718483567237854,
    -0.9831424951553345,
    1.1283667087554932,
    -0.19795669615268707,
    0.2346334606409073,
    -1.8335405588150024,
    0.993444561958313,
    -1.3385212421417236,
    0.44191834330558777,
    0.5046194195747375,
    -1.0072193145751953,
    1.9494361877441406
  ],
  "O1C(C)CCC1": [
    1.4804250001907349,
    0.375875324010849,
    0.39044785499572754,
    -0.34607794880867004,
    -0.17679093778133392,
    -0.10182001441717148,
    1.5047358274459839,
    -0.7378208041191101,
    -1.1069419384002686,
    -0.5447779893875122,
    1.0767532587051392,
    -2.0448436737060547,
    -0.3765656650066376,
    0.9113585352897644,
    -1.3338061571121216,
    1.021872639656067
  ],
  "C1CCCCC1": [
    1.5471413135528564,
    0.17099182307720184,
    0.34753379225730896,
    -0.5241658687591553,
    -0.5857617855072021,
    -0.48676228523254395,
    1.4118361473083496,
    -0.2741815745830536,
    -0.7772993445396423,
    -0.5464047789573669,
    1.302973747253418,
    -2.108482599258423,
    -0.15523947775363922,
    0.864230751991272,
    -1.2794082164764404,
    1.0860196352005005
  ],
  "CC(O)C": [
    1.607802152633667,
    0.06340065598487854,
    0.49015650153160095,
    -0.31480130553245544,
    0.5487552285194397,
    -0.4242793321609497,
    0.8888300657272339,
    -0.8704624176025391,
    -0.7905770540237427,
    -1.0967110395431519,
    1.4022670984268188,
    -1.7191756963729858,
    0.06270375847816467,
    0.5818201899528503,
    -1.6232905387878418,
    1.181323766708374
  ],
  "O.CC#N": [
    1.4486026763916016,
    -0.8965246677398682,
    0.18225832283496857,
    -0.10939286649227142,
    0.8979350328445435,
    -1.0433425903320312,
    0.3834301233291626,
    -0.45176705718040466,
    -0.5822393894195557,
    -1.0752276182174683,
    1.4590474367141724,
    -1.289236307144165,
    0.5171230435371399,
    0.5296586751937866,
    -1.5725443363189697,
    1.590024709701538
  ],
  "CC#N": [
    1.6897838115692139,
    -0.23117804527282715,
    0.47976407408714294,
    -0.29216834902763367,
    0.5582049489021301,
    -0.4181402623653412,
    0.7368800044059753,
    -0.8085803389549255,
    -0.46154454350471497,
    -1.190476655960083,
    1.375906229019165,
    -1.6773369312286377,
    0.22076411545276642,
    0.4774124026298523,
    -1.7256568670272827,
    1.2534385919570923
  ],
  "CC#N.CC(=O)O": [
    1.636388897895813,
    -0.29701676964759827,
    0.39312291145324707,
    -0.23121550679206848,
    0.5898593664169312,
    -0.431206077337265,
    0.6920673251152039,
    -0.8309686779975891,
    -0.40037593245506287,
    -1.2300169467926025,
    1.493691086769104,
    -1.5493974685668945,
    0.16881050169467926,
    0.510728120803833,
    -1.788954734802246,
    1.2617912292480469
  ],
  "CCOCC": [
    1.382747769355774,
    0.3808184564113617,
    0.17138153314590454,
    -0.4065260589122772,
    -0.43588918447494507,
    -0.18573516607284546,
    1.7486028671264648,
    -0.6859157085418701,
    -1.0975011587142944,
    -0.5323658585548401,
    1.1009413003921509,
    -1.9558093547821045,
    -0.4330694079399109,
    1.0426806211471558,
    -1.1232383251190186,
    1.0241631269454956
  ],
  "OCC(F)(F)F": [
    1.457037091255188,
    -0.4143621623516083,
    0.44031083583831787,
    -0.6817543506622314,
    0.012111429125070572,
    -0.7895204424858093,
    1.102098822593689,
    -0.5422263741493225,
    -0.18434739112854004,
    -1.4966261386871338,
    1.2055063247680664,
    -1.4509813785552979,
    0.46840256452560425,
    0.6528546810150146,
    -1.3859379291534424,
    1.6011509895324707
  ],
  "O.OCC(F)(F)F": [
    1.3470793962478638,
    -0.8659555315971375,
    0.031424108892679214,
    -0.3399354815483093,
    0.8050739169120789,
    -1.292094111442566,
    0.4968014061450958,
    -0.40315356850624084,
    -0.517234742641449,
    -1.3009629249572754,
    1.5302728414535522,
    -1.0883125066757202,
    0.7253696322441101,
    0.5826176404953003,
    -1.311773419380188,
    1.591927409172058
  ],
  "CN(C)C(C)=O": [
    1.6677623987197876,
    0.10796031355857849,
    0.730388343334198,
    -0.4368399381637573,
    0.545845627784729,
    -0.28759467601776123,
    0.829670786857605,
    -0.81846684217453,
    -0.7630406618118286,
    -1.0119993686676025,
    1.2751102447509766,
    -1.8880994319915771,
    -0.06795191019773483,
    0.6053746342658997,
    -1.5800790786743164,
    1.0796908140182495
  ],
  "CCCCCCCCCCO": [
    1.4703065156936646,
    0.41333016753196716,
    0.23849843442440033,
    -0.573774516582489,
    -0.09141238778829575,
    -0.025386517867445946,
    1.3713616132736206,
    -0.8060017824172974,
    -1.2857357263565063,
    -0.4912571609020233,
    1.3671817779541016,
    -1.9034312963485718,
    -0.4675446152687073,
    1.133622407913208,
    -1.1509861946105957,
    0.7945358157157898
  ],
  "OCC": [
    1.614593267440796,
    -0.23286974430084229,
    0.44217821955680847,
    -0.3003787696361542,
    0.699451208114624,
    -0.555284321308136,
    0.768762469291687,
    -0.8805451393127441,
    -0.6288889646530151,
    -1.1969727277755737,
    1.4329646825790405,
    -1.4907243251800537,
    0.2371295988559723,
    0.5632922649383545,
    -1.7189232110977173,
    1.2343069314956665
  ],
  "C1CCOC1": [
    1.468299150466919,
    0.24599872529506683,
    0.3743705451488495,
    -0.3593829572200775,
    -0.1714649349451065,
    0.024318009614944458,
    1.5364147424697876,
    -0.6996626853942871,
    -0.9546997547149658,
    -0.538508415222168,
    1.1390458345413208,
    -2.103320598602295,
    -0.4642147421836853,
    0.8935827016830444,
    -1.3684154748916626,
    0.9700007438659668
  ],
  "[C@H]12CCC([C@H](OC1)O2)=O": [
    1.729752779006958,
    -0.32912713289260864,
    0.6186402440071106,
    -0.23725856840610504,
    0.9064167141914368,
    -0.5082690119743347,
    0.5105441212654114,
    -0.9029417634010315,
    -0.6097855567932129,
    -1.0363799333572388,
    1.3248090744018555,
    -1.6885026693344116,
    0.21623879671096802,
    0.4658817648887634,
    -1.641764521598816,
    1.1672908067703247
  ],
  "O=C(OCC)C": [
    1.552449107170105,
    0.32971563935279846,
    0.3473297655582428,
    -0.3809603452682495,
    -0.11809927225112915,
    -0.15182918310165405,
    1.497114658355713,
    -0.6511775255203247,
    -0.9117042422294617,
    -0.6170739531517029,
    1.197346806526184,
    -2.000762939453125,
    -0.408817321062088,
    0.8173382878303528,
    -1.481231927871704,
    0.9725762009620667
  ],
  "CC(C)(C)OC": [
    1.2636699676513672,
    0.46109578013420105,
    -0.018870390951633453,
    -0.4546107053756714,
    -0.6798237562179565,
    -0.35426533222198486,
    1.9136630296707153,
    -0.5761251449584961,
    -1.0858429670333862,
    -0.45046865940093994,
    1.1097501516342163,
    -1.8590550422668457,
    -0.5185425281524658,
    1.2683196067810059,
    -0.8958517909049988,
    0.8761102557182312
  ],