{
  "CO": [
    1.653968095779419,
    -0.5748361945152283,
    0.13625124096870422,
    0.0017925084102898836,
    0.6931731104850769,
    -1.0947507619857788,
    0.4856695234775543,
    -0.7319076657295227,
    -0.13657738268375397,
    -1.3816766738891602,
    1.1607998609542847,
    -1.1088486909866333,
    0.3863251507282257,
    0.5930414199829102,
    -1.6990454196929932,
    1.6087642908096313
  ],
  "OCCO": [
    1.6770784854888916,
    -0.6615884900093079,
    0.3226112127304077,
    0.1550297886133194,
    1.0520521402359009,
    -1.0387060642242432,
    0.5399083495140076,
    -0.6873086094856262,
    -0.446594774723053,
    -1.2293086051940918,
    1.0545508861541748,
    -1.4849458932876587,
    0.3718806207180023,
    0.5316741466522217,
    -1.5390679836273193,
    1.3744957447052002
  ],
  "C(C(F)(F)F)(C(F)(F)F)O": [
    1.132885456085205,
    -0.29254457354545593,
    0.22161950170993805,
    -0.6300034523010254,
    -0.37321263551712036,
    -1.0814200639724731,
    1.1318823099136353,
    -0.08925099670886993,
    0.3597979247570038,
    -1.8745790719985962,
    0.6360267996788025,
    -1.280627727508545,
    0.39605820178985596,
    0.5613283514976501,
    -0.9444538354873657,
    2.126769781112671
  ],
  "O1C(C)CCC1": [
    1.7243268489837646,
    0.39479514956474304,
    0.3820713460445404,
    -0.2503910958766937,
    -0.14941638708114624,
    -0.34178370237350464,
    1.4707002639770508,
    -0.6285899877548218,
    -0.7064877152442932,
    -0.82928067445755,
    0.8766324520111084,
    -2.0654022693634033,
    -0.36450380086898804,
    0.7635494470596313,
    -1.3839783668518066,
    1.1038463115692139
  ],
  "C1CCCCC1": [
    1.3663926124572754,
    0.5595461130142212,
    -0.2808900773525238,
    -0.5221591591835022,
    -0.9212656021118164,
    -0.7347359657287598,
    1.7359278202056885,
    -0.41743308305740356,
    -0.6769823431968689,
    -0.588036060333252,
    0.8900312185287476,
    -1.8388348817825317,
    -0.6823275685310364,
    1.6131538152694702,
    -0.38944095373153687,
    0.894081175327301
  ],
  "CC(O)C": [
    1.7415950298309326,
    0.06999216973781586,
    0.4014102816581726,
    -0.10602840036153793,
    0.47402024269104004,
    -0.6357030868530273,
    0.9240370392799377,
    -0.7503844499588013,
    -0.5476207137107849,
    -1.2966196537017822,
    1.149361491203308,
    -1.7085442543029785,
    -0.014102007262408733,
    0.6049742698669434,
    -1.6008392572402954,
    1.2875471115112305
  ],
  "O.CC#N": [
    1.4773707389831543,
    -0.8917937278747559,
    0.2507922649383545,
    -0.17075955867767334,
    0.6008099913597107,
    -1.0813839435577393,
    0.6445392370223999,
    -0.42323413491249084,
    -0.26630786061286926,
    -1.4208356142044067,
    1.0716067552566528,
    -1.3246079683303833,
    0.6655667424201965,
    0.5269671082496643,
    -1.4205633401870728,
    1.755020260810852
  ],
  "CC#N": [
    1.7167508602142334,
    -0.21008703112602234,
    0.424838125705719,
    -0.027240963652729988,
    0.4136168658733368,
    -0.6197810173034668,
    0.9003421068191528,
    -0.6706433892250061,
    -0.27364620566368103,
    -1.3174155950546265,
    1.0502678155899048,
    -1.7821354866027832,
    0.19164115190505981,
    0.4432343542575836,
    -1.660125970840454,
    1.4117754697799683
  ],
  "CC#N.CC(=O)O": [
    1.7196266651153564,
    -0.27713221311569214,
    0.3164549171924591,
    -0.04459711164236069,
    0.46004030108451843,
    -0.594362735748291,
    0.8057458400726318,
    -0.7363831400871277,
    -0.21533989906311035,
    -1.3911281824111938,
    1.1929752826690674,
    -1.6193314790725708,
    0.14826948940753937,
    0.5278049111366272,
    -1.6972706317901611,
    1.396462321281433
  ],
  "CCOCC": [
    1.4714033603668213,
    0.48510482907295227,
    0.057631123811006546,
    -0.156194806098938,
    -0.5556206107139587,
    -0.3333228826522827,
    1.7932769060134888,
    -0.6590657830238342,
    -0.8312285542488098,
    -0.6705338358879089,
    0.9391226768493652,
    -2.0547568798065186,
    -0.5579239726066589,
    1.0484648942947388,
    -0.9791198372840881,
    1.0031747817993164
  ],
  "OCC(F)(F)F": [
    1.6973663568496704,
    -0.45746585726737976,
    0.11640321463346481,
    -0.33293917775154114,
    0.442923903465271,
    -1.1607420444488525,
    0.5825806856155396,
    -0.6223698854446411,
    0.0604776032269001,
    -1.6950485706329346,
    1.1436229944229126,
    -1.0411585569381714,
    0.4990525543689728,
    0.5735801458358765,
    -1.4305413961410522,
    1.6196198463439941
  ],
  "O.OCC(F)(F)F": [
    1.5003294944763184,
    -0.9657977223396301,
    0.0051474543288350105,
    -0.06171579658985138,
    0.7444771528244019,
    -1.3791966438293457,
    0.37045446038246155,
    -0.3153417706489563,
    -0.30527690052986145,
    -1.3569265604019165,
    1.1181910037994385,
    -1.0364187955856323,
    0.5872387886047363,
    0.6684419512748718,
    -1.3659560680389404,
    1.7863725423812866
  ],
  "CN(C)C(C)=O": [
    1.7548326253890991,
    0.2532483637332916,
    0.6356862187385559,
    -0.20834600925445557,
    0.33924803137779236,
    -0.4677520990371704,
    0.9870729446411133,
    -0.7639864087104797,
    -0.6710395216941833,
    -1.0987951755523682,
    0.9946413040161133,
    -1.9807196855545044,
    -0.14614301919937134,
    0.6623160243034363,
    -1.4765714406967163,
    1.178890347480774
  ],
  "CCCCCCCCCCO": [
    1.7716481685638428,
    0.44125276803970337,
    0.19159281253814697,
    -0.5943142175674438,
    -0.21389935910701752,
    -0.1094125509262085,
    1.4771697521209717,
    -0.678318440914154,
    -0.9087789058685303,
    -0.6826034188270569,
    0.9363973140716553,
    -1.89374840259552,
    -0.5573765635490417,
    1.0502901077270508,
    -1.2296322584152222,
    0.9981935024261475
  ],
  "OCC": [
    1.7387319803237915,
    -0.25380414724349976,
    0.3341142535209656,
    -0.09293420612812042,
    0.6080472469329834,
    -0.730068027973175,
    0.8358319997787476,
    -0.7410058379173279,
    -0.37125250697135925,
    -1.3714649677276611,
    1.1131954193115234,
    -1.4815856218338013,
    0.1488899439573288,
    0.5902674794197083,
    -1.7178707122802734,
    1.3842546939849854
  ],
  "C1CCOC1": [
    1.642251968383789,
    0.3293987810611725,
    0.34374532103538513,
    -0.21187181770801544,
    -0.21954789757728577,
    -0.2515828609466553,
    1.5431461334228516,
    -0.6215066313743591,
    -0.6836287379264832,
    -0.7521721720695496,
    0.9644085764884949,
    -2.1678154468536377,
    -0.44571009278297424,
    0.7820039987564087,
    -1.3022228479385376,
    1.0474014282226562
  ],
  "[C@H]12CCC([C@H](OC1)O2)=O": [
    1.865544319152832,
    -0.2542763352394104,
    0.6117913722991943,
    -0.09668739140033722,
    0.6856497526168823,
    -0.6155689358711243,
    0.7017602920532227,
    -0.8478593230247498,
    -0.4092016816139221,
    -1.2337443828582764,
    0.957499086856842,
    -1.7540229558944702,
    0.16346122324466705,
    0.5011031627655029,
    -1.5688217878341675,
    1.284150242805481
  ],
  "O=C(OCC)C": [
    1.5916142463684082,
    0.4538874328136444,
    0.22618800401687622,
    -0.13461236655712128,
    -0.2829371392726898,
    -0.3011631965637207,
    1.6159840822219849,
    -0.63328617811203,
    -0.7312238216400146,
    -0.7801211476325989,
    0.9951295852661133,
    -2.0703518390655518,
    -0.4869228005409241,
    0.8329793214797974,
    -1.3162415027618408,
    1.0186574459075928
  ],
  "CC(C)(C)OC": [
    1.3401329517364502,
    0.5364611148834229,
    -0.1520518660545349,
    -0.36046427488327026,
    -0.8222368359565735,
    -0.3986498713493347,
    1.9440845251083374,
    -0.5640079975128174,
    -0.8522969484329224,
    -0.5776864886283875,
    0.9280284643173218,
    -1.8891370296478271,
    -0.6378733515739441,
    1.3449422121047974,
    -0.7012324929237366,
    0.8672266006469727
  ],