{
  "CO": [
    1.4232574701309204,
    -0.696164071559906,
    0.20798802375793457,
    -0.24608787894248962,
    0.9159693121910095,
    -0.7467871904373169,
    0.33847540616989136,
    -0.7802045941352844,
    -0.5193662643432617,
    -1.1034961938858032,
    1.6087934970855713,
    -1.095974087715149,
    0.47631412744522095,
    0.6047196984291077,
    -1.8369700908660889,
    1.4365260601043701
  ],
  "OCCO": [
    1.4330610036849976,
    -0.7639474868774414,
    0.4048556089401245,
    -0.007476470898836851,
    1.2628713846206665,
    -0.7531260848045349,
    0.33067336678504944,
    -0.69939124584198,
    -0.8291066288948059,
    -0.9119938015937805,
    1.5275733470916748,
    -1.4338529109954834,
    0.4216001331806183,
    0.46692585945129395,
    -1.6588393449783325,
    1.1957522630691528
  ],
  "C(C(F)(F)F)(C(F)(F)F)O": [
    1.091288685798645,
    -0.425947904586792,
    0.1377856284379959,
    -0.9198855757713318,
    -0.49041926860809326,
    -0.6503954529762268,
    1.4559693336486816,
    -0.3415769040584564,
    -0.2118072658777237,
    -1.7588140964508057,
    1.3829580545425415,
    -1.1957799196243286,
    0.5288533568382263,
    0.8892865777015686,
    -1.0151560306549072,
    1.523112177848816
  ],
  "O1C(C)CCC1": [
    1.3826699256896973,
    0.08931577205657959,
    0.3903568387031555,
    -0.4576925039291382,
    0.015933718532323837,
    -0.04778814688324928,
    1.459873080253601,
    -0.6465743184089661,
    -1.306265115737915,
    -0.567328691482544,
    1.1486107110977173,
    -1.9765725135803223,
    -0.18284259736537933,
    1.007785439491272,
    -1.3654236793518066,
    1.0477380752563477
  ],
  "C1CCCCC1": [
    1.222890019416809,
    0.28100842237472534,
    -0.25753968954086304,
    -0.7284985780715942,
    -0.6416646242141724,
    -0.6810281872749329,
    1.7397892475128174,
    -0.3762282729148865,
    -1.1673078536987305,
    -0.40392646193504333,
    1.089858889579773,
    -1.7146908044815063,
    -0.4463289678096771,
    1.7633177042007446,
    -0.49519726634025574,
    0.8169867992401123
  ],
  "CC(O)C": [
    1.5168684720993042,
    -0.21617963910102844,
    0.49601131677627563,
    -0.44892969727516174,
    0.7827053070068359,
    -0.3231956362724304,
    0.6747326254844666,
    -0.8079485297203064,
    -0.8122552633285522,
    -1.152510166168213,
    1.5160030126571655,
    -1.52260160446167,
    0.19436348974704742,
    0.7133637070655823,
    -1.7432537078857422,
    1.120527982711792
  ],
  "O.CC#N": [
    1.5462039709091187,
    -1.015064001083374,
    0.06731615960597992,
    -0.30770179629325867,
    0.9499989748001099,
    -0.846306324005127,
    0.13206085562705994,
    -0.40754249691963196,
    -0.583888590335846,
    -0.8854079842567444,
    1.5999447107315063,
    -1.2125191688537598,
    0.39641207456588745,
    0.6377710103988647,
    -1.6204777956008911,
    1.5368937253952026
  ],
  "CC#N": [
    1.4479776620864868,
    -0.3955259919166565,
    0.5163683295249939,
    -0.2400456666946411,
    0.6938915848731995,
    -0.22179368138313293,
    0.6392256021499634,
    -0.713728129863739,
    -0.7505314946174622,
    -1.1097185611724854,
    1.4981415271759033,
    -1.652915358543396,
    0.29683420062065125,
    0.47276732325553894,
    -1.8019113540649414,
    1.307065725326538
  ],
  "CC#N.CC(=O)O": [
    1.429685115814209,
    -0.4793362617492676,
    0.44924676418304443,
    -0.30336102843284607,
    0.6823666095733643,
    -0.3309327960014343,
    0.6113455295562744,
    -0.7994610667228699,
    -0.6299419403076172,
    -1.1489167213439941,
    1.6156224012374878,
    -1.544386625289917,
    0.37045055627822876,
    0.5554452538490295,
    -1.7663508653640747,
    1.2751331329345703
  ],
  "CCOCC": [
    1.2376500368118286,
    0.1455550193786621,
    0.13857680559158325,
    -0.4556109607219696,
    -0.31584006547927856,
    -0.12422145158052444,
    1.7363861799240112,
    -0.6321404576301575,
    -1.3944767713546753,
    -0.4421182870864868,
    1.15969717502594,
    -1.9377492666244507,
    -0.27784138917922974,
    1.2529628276824951,
    -1.0228830575942993,
    0.9273180961608887
  ],
  "OCC(F)(F)F": [
    1.3656355142593384,
    -0.5316612720489502,
    0.3013494312763214,
    -0.5606195330619812,
    0.5970373153686523,
    -0.7962304353713989,
    0.7091245055198669,
    -0.7164167165756226,
    -0.6589083671569824,
    -1.3122676610946655,
    1.6624999046325684,
    -1.213175892829895,
    0.6318337321281433,
    0.623559832572937,
    -1.5218958854675293,
    1.4097117185592651
  ],
  "O.OCC(F)(F)F": [
    1.1529614925384521,
    -0.9829351305961609,
    0.1310753971338272,
    -0.4998585879802704,
    0.8537468910217285,
    -1.055822491645813,
    0.5308871865272522,
    -0.4071406424045563,
    -0.7648047804832458,
    -1.154505968093872,
    1.704102635383606,
    -1.0304138660430908,
    0.7973811030387878,
    0.6632729172706604,
    -1.424511432647705,
    1.4774025678634644
  ],
  "CN(C)C(C)=O": [
    1.499888300895691,
    -0.05071581155061722,
    0.7291416525840759,
    -0.4431992471218109,
    0.6802369952201843,
    -0.22241999208927155,
    0.7718170285224915,
    -0.8018019795417786,
    -1.1464923620224,
    -0.8923402428627014,
    1.336720585823059,
    -1.842232584953308,
    0.11827258765697479,
    0.6944847106933594,
    -1.5378565788269043,
    1.0933483839035034
  ],
  "CCCCCCCCCCO": [
    1.3574081659317017,
    0.1595236212015152,
    0.28491121530532837,
    -0.631347119808197,
    0.15796011686325073,
    -0.07135572284460068,
    1.2903999090194702,
    -0.7282240986824036,
    -1.571993112564087,
    -0.4601995646953583,
    1.4281641244888306,
    -1.8106417655944824,
    -0.23510943353176117,
    1.1922426223754883,
    -1.1776331663131714,
    0.8081243634223938
  ],
  "OCC": [
    1.461480975151062,
    -0.42336469888687134,
    0.4580767750740051,
    -0.3088676333427429,
    0.891025960445404,
    -0.3694387674331665,
    0.6488743424415588,
    -0.8356549143791199,
    -0.8142086267471313,
    -1.1271456480026245,
    1.5032408237457275,
    -1.4256130456924438,
    0.3187451660633087,
    0.5917506217956543,
    -1.798346996307373,
    1.2164942026138306
  ],
  "C1CCOC1": [
    1.4040237665176392,
    0.012713264673948288,
    0.4639913737773895,
    -0.4384503960609436,
    0.10793063044548035,
    -0.06743394583463669,
    1.3371803760528564,
    -0.617217481136322,
    -1.2340915203094482,
    -0.5223131775856018,
    1.2938722372055054,
    -2.0782058238983154,
    -0.17272821068763733,
    0.8615493178367615,
    -1.3858004808425903,
    1.0252572298049927
  ],
  "[C@H]12CCC([C@H](OC1)O2)=O": [
    1.5896694660186768,
    -0.38206177949905396,
    0.7319126725196838,
    -0.3202590346336365,
    0.9318861961364746,
    -0.3699156939983368,
    0.4628587067127228,
    -0.8917422890663147,
    -0.8273023962974548,
    -0.9895312190055847,
    1.397791862487793,
    -1.6879626512527466,
    0.32305002212524414,
    0.5232089757919312,
    -1.6255412101745605,
    1.1191738843917847
  ],
  "O=C(OCC)C": [
    1.4048951864242554,
    0.06839625537395477,
    0.38291966915130615,
    -0.38112568855285645,
    0.15905089676380157,
    -0.11306840181350708,
    1.3755366802215576,
    -0.6038113236427307,
    -1.217645287513733,
    -0.6261848211288452,
    1.3522557020187378,
    -1.9472240209579468,
    -0.162839874625206,
    0.8638918399810791,
    -1.5278531312942505,
    0.9634792804718018
  ],
  "CC(C)(C)OC": [
    1.3040294647216797,
    0.14130273461341858,
    0.12174273282289505,
    -0.5473091006278992,
    -0.34200242161750793,
    -0.3415636718273163,
    1.7746025323867798,
    -0.4653431475162506,
    -1.3253862857818604,
    -0.44001060724258423,
    1.2913219928741455,
    -1.8971443176269531,
    -0.2192356139421463,
    1.1155060529708862,
    -1.0721515417099,
    0.8972843289375305
  ],