{
  "CO": [
    1.7391059398651123,
    -0.3912489414215088,
    0.18445976078510284,
    -0.117377370595932,
    0.03263445571064949,
    -1.4498999118804932,
    0.9682378768920898,
    -0.17855510115623474,
    0.38585200905799866,
    -1.5894064903259277,
    0.293544739484787,
    -1.2543269395828247,
    0.18229851126670837,
    0.7461862564086914,
    -1.2946488857269287,
    1.754723072052002
  ],
  "OCCO": [
    1.9546610116958618,
    -0.5660786628723145,
    0.09218745678663254,
    0.4267987906932831,
    0.7572402954101562,
    -1.4889904260635376,
    0.7826553583145142,
    -0.3144584596157074,
    -0.24062564969062805,
    -1.4079408645629883,
    0.48917657136917114,
    -1.2773109674453735,
    0.09451929479837418,
    0.5229954123497009,
    -1.312005639076233,
    1.4981064796447754
  ],
  "C(C(F)(F)F)(C(F)(F)F)O": [
    1.374485969543457,
    -0.31161269545555115,
    0.038324516266584396,
    -0.23695270717144012,
    -0.3281461298465729,
    -1.7022144794464111,
    0.8176493644714355,
    0.04020973667502403,
    0.3210163414478302,
    -1.9897133111953735,
    0.5801732540130615,
    -1.0046254396438599,
    0.48926886916160583,
    0.6484664082527161,
    -0.6472641229629517,
    1.9232312440872192
  ],
  "O1C(C)CCC1": [
    1.9776577949523926,
    0.6871767640113831,
    0.19021637737751007,
    -0.1494685709476471,
    -0.4616602659225464,
    -0.5596052408218384,
    1.632825493812561,
    -0.5038278102874756,
    -0.38255634903907776,
    -1.0178836584091187,
    0.47081488370895386,
    -1.9114936590194702,
    -0.540351390838623,
    0.7528436779975891,
    -1.1590678691864014,
    0.9881364703178406
  ],
  "C1CCCCC1": [
    1.8938465118408203,
    0.5766414999961853,
    -0.0012788886670023203,
    -0.24402707815170288,
    -0.9580854177474976,
    -0.8581045269966125,
    1.606811761856079,
    -0.19137372076511383,
    -0.2635855972766876,
    -0.8766158819198608,
    0.8032493591308594,
    -1.9384186267852783,
    -0.40234002470970154,
    0.8443067073822021,
    -0.9259922504425049,
    0.9476906061172485
  ],
  "CC(O)C": [
    2.091705083847046,
    0.33152782917022705,
    0.22512774169445038,
    -0.060923125594854355,
    0.04455120116472244,
    -0.9679769277572632,
    1.2397655248641968,
    -0.5110283493995667,
    -0.14308665692806244,
    -1.480075478553772,
    0.5738693475723267,
    -1.5413960218429565,
    -0.2760705351829529,
    0.6087013483047485,
    -1.365910291671753,
    1.2453912496566772
  ],
  "O.CC#N": [
    1.9323598146438599,
    -0.7690821886062622,
    -0.11739354580640793,
    0.20215217769145966,
    0.3933884799480438,
    -1.638479471206665,
    0.4427679777145386,
    -0.10530412942171097,
    0.02001303806900978,
    -1.480567455291748,
    0.5506178140640259,
    -1.0102311372756958,
    0.24018271267414093,
    0.6442877650260925,
    -1.1112197637557983,
    1.8135303258895874
  ],
  "CC#N": [
    2.1367228031158447,
    0.0953400731086731,
    0.1764564961194992,
    0.04069137200713158,
    0.0329061858355999,
    -0.9603121280670166,
    1.1672272682189941,
    -0.3832007944583893,
    0.007148335687816143,
    -1.4825518131256104,
    0.5943279266357422,
    -1.5399279594421387,
    -0.2084883600473404,
    0.4429655373096466,
    -1.4391337633132935,
    1.3314787149429321
  ],
  "CC#N.CC(=O)O": [
    2.1104893684387207,
    -0.01503747794777155,
    0.12048830837011337,
    0.040397852659225464,
    0.0652804747223854,
    -1.0389838218688965,
    1.0814579725265503,
    -0.45029932260513306,
    0.14469468593597412,
    -1.548661708831787,
    0.6306594014167786,
    -1.4072691202163696,
    -0.16221393644809723,
    0.5298051834106445,
    -1.457858920097351,
    1.369147777557373
  ],
  "CCOCC": [
    1.8743137121200562,
    0.7456475496292114,
    0.027407314628362656,
    -0.169547900557518,
    -0.6475948691368103,
    -0.6180860996246338,
    1.7553008794784546,
    -0.4702965021133423,
    -0.4263870120048523,
    -0.9688541889190674,
    0.5754756927490234,
    -1.8929153680801392,
    -0.5664231181144714,
    0.8095184564590454,
    -0.9855290651321411,
    0.9729527831077576
  ],
  "OCC(F)(F)F": [
    1.9046674966812134,
    -0.2713121771812439,
    -0.03521471098065376,
    -0.05828794836997986,
    0.08341380953788757,
    -1.6108473539352417,
    0.7863186597824097,
    -0.37419623136520386,
    -0.0016608433797955513,
    -1.7787227630615234,
    0.7676406502723694,
    -0.8863310217857361,
    0.31876108050346375,
    0.6397954821586609,
    -1.0945225954055786,
    1.6239416599273682
  ],
  "O.OCC(F)(F)F": [
    1.6216373443603516,
    -0.8495368361473083,
    -0.14344440400600433,
    0.10411565750837326,
    0.44270792603492737,
    -1.8478747606277466,
    0.4494442045688629,
    0.01929309219121933,
    -0.1432609111070633,
    -1.5414659976959229,
    0.5971152186393738,
    -0.7545816898345947,
    0.4119240641593933,
    0.744604766368866,
    -1.0107831954956055,
    1.9092398881912231
  ],
  "CN(C)C(C)=O": [
    2.153838872909546,
    0.47020605206489563,
    0.42389270663261414,
    -0.17631521821022034,
    0.005094743333756924,
    -0.7306356430053711,
    1.257353663444519,
    -0.5529541969299316,
    -0.22462913393974304,
    -1.277622103691101,
    0.3921183943748474,
    -1.7609260082244873,
    -0.3796989917755127,
    0.6078618168830872,
    -1.3468917608261108,
    1.1515202522277832
  ],
  "CCCCCCCCCCO": [
    1.9319549798965454,
    0.6772759556770325,
    0.10352938622236252,
    -0.3300859332084656,
    -0.4406183958053589,
    -0.4679943323135376,
    1.5534188747406006,
    -0.611489474773407,
    -0.6276678442955017,
    -0.9502677321434021,
    0.6927141547203064,
    -1.8685593605041504,
    -0.611717164516449,
    1.0540719032287598,
    -1.0077345371246338,
    0.9173532128334045
  ],
  "OCC": [
    2.0894033908843994,
    0.07112444937229156,
    0.16155590116977692,
    0.019565531983971596,
    0.1791021227836609,
    -1.1098060607910156,
    1.159738302230835,
    -0.45698070526123047,
    -0.09576256573200226,
    -1.529931902885437,
    0.5926482677459717,
    -1.39068603515625,
    -0.18125200271606445,
    0.5853490233421326,
    -1.4197477102279663,
    1.33994460105896
  ],
  "C1CCOC1": [
    1.8795642852783203,
    0.6142618656158447,
    0.13546684384346008,
    -0.06954880803823471,
    -0.570848286151886,
    -0.3547520339488983,
    1.6864467859268188,
    -0.5402939915657043,
    -0.35099107027053833,
    -0.9421292543411255,
    0.540730357170105,
    -2.01926326751709,
    -0.6904082298278809,
    0.842194139957428,
    -1.082840919494629,
    0.9354356527328491
  ],
  "[C@H]12CCC([C@H](OC1)O2)=O": [
    2.1830029487609863,
    -0.045210450887680054,
    0.32535260915756226,
    0.104179248213768,
    0.37993043661117554,
    -1.0789622068405151,
    0.9510840177536011,
    -0.520979642868042,
    -0.15045075118541718,
    -1.4230945110321045,
    0.5055438280105591,
    -1.5342092514038086,
    -0.17619818449020386,
    0.539774477481842,
    -1.3822509050369263,
    1.3335083723068237
  ],
  "O=C(OCC)C": [
    1.7922368049621582,
    0.7138094305992126,
    0.015002450905740261,
    -0.0820273905992508,
    -0.7599749565124512,
    -0.3817237615585327,
    1.8324521780014038,
    -0.5353047251701355,
    -0.30963462591171265,
    -0.9302184581756592,
    0.4621274471282959,
    -1.9359716176986694,
    -0.6977847218513489,
    0.9116318821907043,
    -0.9890195727348328,
    0.9097501635551453
  ],
  "CC(C)(C)OC": [
    1.5882108211517334,
    0.7602238059043884,
    -0.25778791308403015,
    -0.263980895280838,
    -1.0266284942626953,
    -0.5396395325660706,
    1.8937650918960571,
    -0.5160629153251648,
    -0.514163613319397,
    -0.8269212245941162,
    0.6818065643310547,
    -1.8136415481567383,
    -0.6432014107704163,
    1.2788851261138916,
    -0.5756052732467651,
    0.7933139801025391
  ],