{
  "CO": [
    1.3378307819366455,
    -0.5436400175094604,
    0.44769400358200073,
    -0.4369092881679535,
    -0.08027603477239609,
    -0.7782431840896606,
    1.1453131437301636,
    -0.24452774226665497,
    0.5531542301177979,
    -1.6994798183441162,
    0.6327417492866516,
    -1.6929129362106323,
    0.25016456842422485,
    0.7848100662231445,
    -1.3172435760498047,
    1.642208456993103
  ],
  "OCCO": [
    1.7296570539474487,
    -0.6703347563743591,
    0.26894333958625793,
    0.2318767011165619,
    1.0591140985488892,
    -1.122174620628357,
    0.5589345693588257,
    -0.5790150761604309,
    -0.3523973524570465,
    -1.2661023139953613,
    0.8282119631767273,
    -1.3444346189498901,
    0.3269349932670593,
    0.43347424268722534,
    -1.6196259260177612,
    1.511361002922058
  ],
  "C(C(F)(F)F)(C(F)(F)F)O": [
    1.3774551153182983,
    -0.27895915508270264,
    0.045682359486818314,
    -0.4214300215244293,
    -0.46877992153167725,
    -0.9846013188362122,
    1.292306661605835,
    -0.32209375500679016,
    0.3247257471084595,
    -2.038687229156494,
    0.7449972033500671,
    -1.1995044946670532,
    0.49797341227531433,
    0.5338918566703796,
    -0.9057793021202087,
    1.8071246147155762
  ],
  "O1C(C)CCC1": [
    1.723889708518982,
    0.49192169308662415,
    0.2706754803657532,
    -0.1318574994802475,
    -0.322580486536026,
    -0.34839025139808655,
    1.6607069969177246,
    -0.62565678358078,
    -0.6494356393814087,
    -0.9015190601348877,
    0.7061546444892883,
    -2.078819513320923,
    -0.44282814860343933,
    0.8008421063423157,
    -1.2013258934020996,
    1.0492640733718872
  ],
  "C1CCCCC1": [
    1.474543809890747,
    0.5267919301986694,
    -0.1969655156135559,
    -0.3831261694431305,
    -0.9948737621307373,
    -0.782137930393219,
    1.8142297267913818,
    -0.39626285433769226,
    -0.6369708180427551,
    -0.6461266875267029,
    0.8229787945747375,
    -1.8923039436340332,
    -0.5987399816513062,
    1.3965697288513184,
    -0.4233590066432953,
    0.9244908094406128
  ],
  "CC(O)C": [
    1.847631812095642,
    0.12098754942417145,
    0.3787086009979248,
    -0.06587672978639603,
    0.35508888959884644,
    -0.6984511613845825,
    1.0485690832138062,
    -0.7128664255142212,
    -0.358595073223114,
    -1.4098265171051025,
    0.9433078765869141,
    -1.7034882307052612,
    -0.06764823198318481,
    0.560450553894043,
    -1.535849928855896,
    1.2951266765594482
  ],
  "O.CC#N": [
    1.5730705261230469,
    -0.8797481656074524,
    0.11062818020582199,
    0.15006861090660095,
    0.7046859860420227,
    -1.2942062616348267,
    0.4856848418712616,
    -0.3145701289176941,
    -0.3391803205013275,
    -1.2947741746902466,
    0.9758538603782654,
    -1.2662503719329834,
    0.46623605489730835,
    0.5359445810317993,
    -1.4339954853057861,
    1.8147286176681519
  ],
  "CC#N": [
    1.8073251247406006,
    -0.14866188168525696,
    0.3566914498806,
    0.08326621353626251,
    0.3355834186077118,
    -0.6249486207962036,
    0.9708784818649292,
    -0.5926340818405151,
    -0.234164297580719,
    -1.393061637878418,
    0.9436295032501221,
    -1.7958027124404907,
    0.07281219214200974,
    0.4110984206199646,
    -1.6038955450057983,
    1.406557321548462
  ],
  "CC#N.CC(=O)O": [
    1.848732590675354,
    -0.23620057106018066,
    0.31592658162117004,
    -0.00962273869663477,
    0.358751118183136,
    -0.706683874130249,
    0.8939871788024902,
    -0.6778535842895508,
    -0.08196122944355011,
    -1.449183464050293,
    0.9633845090866089,
    -1.5451653003692627,
    0.08081629127264023,
    0.4764682650566101,
    -1.68287992477417,
    1.4469891786575317
  ],
  "CCOCC": [
    1.5185816287994385,
    0.5131857395172119,
    0.06477358192205429,
    -0.13639140129089355,
    -0.6715126037597656,
    -0.35288572311401367,
    1.8872411251068115,
    -0.5979686975479126,
    -0.7029416561126709,
    -0.7655561566352844,
    0.7578499913215637,
    -2.0611326694488525,
    -0.5778087377548218,
    1.0418686866760254,
    -0.8818919658660889,
    0.9692621827125549
  ],
  "OCC(F)(F)F": [
    1.7138906717300415,
    -0.4296727180480957,
    0.11266825348138809,
    -0.30578625202178955,
    0.3289361596107483,
    -1.1460025310516357,
    0.813336193561554,
    -0.5190551280975342,
    0.14042137563228607,
    -1.7583286762237549,
    0.9290304183959961,
    -1.0891549587249756,
    0.4335291385650635,
    0.5169848799705505,
    -1.4143486022949219,
    1.672904133796692
  ],
  "O.OCC(F)(F)F": [
    1.5935194492340088,
    -1.029220461845398,
    -0.12353531271219254,
    -0.0020897542126476765,
    0.6652311682701111,
    -1.4520200490951538,
    0.28540921211242676,
    -0.21328720450401306,
    -0.21700380742549896,
    -1.3277065753936768,
    0.9611685872077942,
    -1.002711534500122,
    0.4826982021331787,
    0.7399652004241943,
    -1.2565131187438965,
    1.8919024467468262
  ],
  "CN(C)C(C)=O": [
    1.8658506870269775,
    0.2722606360912323,
    0.6034467220306396,
    -0.18158869445323944,
    0.24588918685913086,
    -0.5329351425170898,
    1.1496014595031738,
    -0.6909794211387634,
    -0.5003775358200073,
    -1.1893278360366821,
    0.7498050332069397,
    -1.9761054515838623,
    -0.17719829082489014,
    0.6049477458000183,
    -1.4323608875274658,
    1.1859065294265747
  ],
  "CCCCCCCCCCO": [
    1.8373435735702515,
    0.48440250754356384,
    0.17250442504882812,
    -0.49670323729515076,
    -0.2523849904537201,
    -0.1930861920118332,
    1.5453835725784302,
    -0.645615816116333,
    -0.7992247343063354,
    -0.8145334124565125,
    0.8190864324569702,
    -1.906856656074524,
    -0.5685881972312927,
    1.0124975442886353,
    -1.1767128705978394,
    0.9844157695770264
  ],
  "OCC": [
    1.8158167600631714,
    -0.22992712259292603,
    0.3105714023113251,
    0.0033323513343930244,
    0.5170091986656189,
    -0.7711020708084106,
    0.9607958793640137,
    -0.6681445240974426,
    -0.2559526264667511,
    -1.416662335395813,
    0.9053918719291687,
    -1.5052578449249268,
    0.07391097396612167,
    0.5374354124069214,
    -1.7016545534133911,
    1.4212665557861328
  ],
  "C1CCOC1": [
    1.7207531929016113,
    0.3893665373325348,
    0.3113420009613037,
    -0.12539954483509064,
    -0.28898143768310547,
    -0.2731546461582184,
    1.6382853984832764,
    -0.5816497802734375,
    -0.5286608338356018,
    -0.8771530985832214,
    0.7526490688323975,
    -2.147928237915039,
    -0.5269839763641357,
    0.7624499201774597,
    -1.2521169185638428,
    1.0276272296905518
  ],
  "[C@H]12CCC([C@H](OC1)O2)=O": [
    1.9330439567565918,
    -0.27436456084251404,
    0.5228002667427063,
    -0.006641737185418606,
    0.6882294416427612,
    -0.740739643573761,
    0.6987448930740356,
    -0.7167567610740662,
    -0.30819547176361084,
    -1.2787673473358154,
    0.8558099865913391,
    -1.697896122932434,
    0.11416512727737427,
    0.44769027829170227,
    -1.5966912508010864,
    1.3529410362243652
  ],
  "O=C(OCC)C": [
    1.5882056951522827,
    0.5245097875595093,
    0.14493513107299805,
    -0.004010964184999466,
    -0.42828866839408875,
    -0.3017658591270447,
    1.8014642000198364,
    -0.6270241737365723,
    -0.6640402674674988,
    -0.8497611284255981,
    0.7776497602462769,
    -2.0511231422424316,
    -0.5875259637832642,
    0.8772460222244263,
    -1.1669808626174927,
    0.9694079756736755
  ],
  "CC(C)(C)OC": [
    1.4591275453567505,
    0.5711406469345093,
    -0.09425859153270721,
    -0.23573200404644012,
    -0.818293035030365,
    -0.5288646221160889,
    1.9943959712982178,
    -0.5100498199462891,
    -0.6665806174278259,
    -0.7778189182281494,
    0.7722412943840027,
    -1.907142996788025,
    -0.58162522315979,
    1.1900255680084229,
    -0.7572956681251526,
    0.8990066051483154
  ],