{
  "CO": [
    1.1933587789535522,
    -0.9679338932037354,
    0.34348979592323303,
    -0.4496135711669922,
    0.8437132239341736,
    -0.4999152719974518,
    0.48949453234672546,
    -0.6662383079528809,
    -0.6842678189277649,
    -1.0875030755996704,
    1.7434229850769043,
    -1.0117796659469604,
    0.5522906184196472,
    0.7983260750770569,
    -1.8633829355239868,
    1.2566996812820435
  ],
  "OCCO": [
    1.3898003101348877,
    -0.9291813373565674,
    0.4595985412597656,
    -0.2429637312889099,
    1.3628286123275757,
    -0.5433709621429443,
    0.1558474898338318,
    -0.5878628492355347,
    -0.8497649431228638,
    -0.8718165755271912,
    1.5247113704681396,
    -1.1288139820098877,
    0.4686110317707062,
    0.5490951538085938,
    -1.8924670219421387,
    1.1234495639801025
  ],
  "C(C(F)(F)F)(C(F)(F)F)O": [
    1.3572328090667725,
    -0.4866654872894287,
    0.15060286223888397,
    -0.960171639919281,
    0.37932100892066956,
    -0.6431683897972107,
    0.5792949199676514,
    -0.2432391345500946,
    -0.08746743947267532,
    -1.802243947982788,
    1.6792213916778564,
    -0.8636223673820496,
    0.5243909358978271,
    0.43627235293388367,
    -1.5551083087921143,
    1.5287569761276245
  ],
  "O1C(C)CCC1": [
    1.4294625520706177,
    -0.1686042994260788,
    0.503876805305481,
    -0.5084595084190369,
    0.27997851371765137,
    -0.02536730468273163,
    1.150412917137146,
    -0.4914056062698364,
    -1.5380386114120483,
    -0.5194249749183655,
    1.3160022497177124,
    -1.7353204488754272,
    -0.014616476371884346,
    0.9865227341651917,
    -1.613509178161621,
    0.9400815367698669
  ],
  "C1CCCCC1": [
    1.1981613636016846,
    0.10324763506650925,
    -0.579542338848114,
    -1.1087573766708374,
    -0.5539159178733826,
    -0.4483708441257477,
    1.516377568244934,
    -0.1839008778333664,
    -1.124998927116394,
    -0.08342644572257996,
    0.8403416275978088,
    -1.4855523109436035,
    -0.6450165510177612,
    2.2816720008850098,
    -0.28808528184890747,
    0.5660573244094849
  ],
  "CC(O)C": [
    1.3987914323806763,
    -0.4009057879447937,
    0.48622986674308777,
    -0.39873865246772766,
    0.7228332757949829,
    -0.12410597503185272,
    0.8000394105911255,
    -0.7358549237251282,
    -1.2396711111068726,
    -0.9835285544395447,
    1.4404510259628296,
    -1.37393319606781,
    0.28073850274086,
    0.8848917484283447,
    -1.8330105543136597,
    1.065533995628357
  ],
  "O.CC#N": [
    1.2369908094406128,
    -1.098689317703247,
    0.17026440799236298,
    -0.3100772202014923,
    0.984753429889679,
    -0.8026295900344849,
    0.20428140461444855,
    -0.37687984108924866,
    -0.8596333265304565,
    -0.9253685474395752,
    1.81268310546875,
    -0.9678367972373962,
    0.6230816841125488,
    0.6117751002311707,
    -1.6949284076690674,
    1.3816112279891968
  ],
  "CC#N": [
    1.376702070236206,
    -0.6839402914047241,
    0.5848996639251709,
    -0.3656896948814392,
    0.7550442814826965,
    -0.1499524563550949,
    0.4712033271789551,
    -0.580180823802948,
    -0.8032262921333313,
    -1.041099190711975,
    1.5142371654510498,
    -1.3839880228042603,
    0.43479663133621216,
    0.6090118288993835,
    -1.9990782737731934,
    1.2496178150177002
  ],
  "CC#N.CC(=O)O": [
    1.379562497138977,
    -0.734298825263977,
    0.46538829803466797,
    -0.4044826924800873,
    0.78731769323349,
    -0.18017128109931946,
    0.38686004281044006,
    -0.6337830424308777,
    -0.7300187945365906,
    -1.1269577741622925,
    1.6640444993972778,
    -1.1929293870925903,
    0.41701093316078186,
    0.6615798473358154,
    -1.9836740493774414,
    1.213337779045105
  ],
  "CCOCC": [
    1.3043322563171387,
    -0.1578180193901062,
    0.23072463274002075,
    -0.5302651524543762,
    0.13623586297035217,
    -0.13732096552848816,
    1.479666829109192,
    -0.4113880395889282,
    -1.618503212928772,
    -0.46938958764076233,
    1.3739746809005737,
    -1.6176098585128784,
    -0.10781168937683105,
    1.1681724786758423,
    -1.4825934171676636,
    0.8338711261749268
  ],
  "OCC(F)(F)F": [
    1.266789197921753,
    -0.7956714034080505,
    0.29659417271614075,
    -0.6459714770317078,
    0.6525313854217529,
    -0.5998983979225159,
    0.5405791401863098,
    -0.5938016176223755,
    -0.702004611492157,
    -1.2819124460220337,
    1.7488219738006592,
    -0.9093728065490723,
    0.7202157974243164,
    0.7095259428024292,
    -1.7450391054153442,
    1.3295302391052246
  ],
  "O.OCC(F)(F)F": [
    1.076546549797058,
    -1.190706729888916,
    0.060576632618904114,
    -0.42384427785873413,
    0.9515358209609985,
    -0.9146143794059753,
    0.20744353532791138,
    -0.1722022294998169,
    -0.8453598022460938,
    -0.968305230140686,
    1.8523656129837036,
    -0.7851815819740295,
    0.6623204946517944,
    0.6856139898300171,
    -1.6536524295806885,
    1.4485480785369873
  ],
  "CN(C)C(C)=O": [
    1.5061488151550293,
    -0.33722984790802,
    0.7709667682647705,
    -0.5592771768569946,
    0.791900098323822,
    -0.10733787715435028,
    0.6025305390357971,
    -0.659713864326477,
    -1.1718779802322388,
    -0.8877692222595215,
    1.3519622087478638,
    -1.561234712600708,
    0.20154812932014465,
    0.7699525356292725,
    -1.7763346433639526,
    1.0546023845672607
  ],
  "CCCCCCCCCCO": [
    1.3990905284881592,
    -0.09264158457517624,
    0.17745597660541534,
    -0.777126133441925,
    0.22168269753456116,
    0.12177081406116486,
    1.2296556234359741,
    -0.5632491111755371,
    -1.8172788619995117,
    -0.30502596497535706,
    1.3763548135757446,
    -1.496288537979126,
    -0.1753411740064621,
    1.3438327312469482,
    -1.3230503797531128,
    0.6746012568473816
  ],
  "OCC": [
    1.39198637008667,
    -0.6508585810661316,
    0.4999605715274811,
    -0.40804818272590637,
    0.965924084186554,
    -0.27658870816230774,
    0.37634968757629395,
    -0.7012669444084167,
    -0.9041426777839661,
    -1.056936264038086,
    1.5634914636611938,
    -1.0878076553344727,
    0.38438090682029724,
    0.7224497199058533,
    -2.0033762454986572,
    1.1731103658676147
  ],
  "C1CCOC1": [
    1.3526502847671509,
    -0.2976933717727661,
    0.4983268976211548,
    -0.48899370431900024,
    0.26139968633651733,
    0.037640511989593506,
    1.174681305885315,
    -0.45124509930610657,
    -1.4629122018814087,
    -0.4732148051261902,
    1.4133777618408203,
    -1.8054577112197876,
    -0.0794278159737587,
    1.0005208253860474,
    -1.597452163696289,
    0.9097046256065369
  ],
  "[C@H]12CCC([C@H](OC1)O2)=O": [
    1.5012543201446533,
    -0.6905583739280701,
    0.6849765777587891,
    -0.34359073638916016,
    1.119025468826294,
    -0.2752193212509155,
    0.1437700390815735,
    -0.7076808214187622,
    -0.8779875636100769,
    -0.910526692867279,
    1.5074121952056885,
    -1.3313932418823242,
    0.3628999590873718,
    0.6083885431289673,
    -1.8857909440994263,
    1.0820828676223755
  ],
  "O=C(OCC)C": [
    1.2623733282089233,
    -0.1704712212085724,
    0.2921801507472992,
    -0.4609416425228119,
    0.0022249030880630016,
    0.0008880857494659722,
    1.5042990446090698,
    -0.4407576024532318,
    -1.5674324035644531,
    -0.45258745551109314,
    1.2953730821609497,
    -1.6575751304626465,
    -0.14170655608177185,
    1.21528160572052,
    -1.5424336194992065,
    0.8556697368621826
  ],
  "CC(C)(C)OC": [
    1.0300332307815552,
    -0.05447789281606674,
    -0.1431518942117691,
    -0.6328436732292175,
    -0.44844669103622437,
    -0.21389086544513702,
    1.8683792352676392,
    -0.31174540519714355,
    -1.631161093711853,
    -0.22061891853809357,
    1.2148672342300415,
    -1.5164583921432495,
    -0.33521947264671326,
    1.6817185878753662,
    -0.9458690881729126,
    0.6588886976242065
  ],