{
  "CO": [
    1.7947146892547607,
    -0.46076780557632446,
    0.1430138796567917,
    -0.027240261435508728,
    0.21898038685321808,
    -1.3080233335494995,
    0.8888375163078308,
    -0.3441019356250763,
    0.23299957811832428,
    -1.5093671083450317,
    0.5063045620918274,
    -1.3426787853240967,
    0.26283448934555054,
    0.6664879322052002,
    -1.4296867847442627,
    1.7114475965499878
  ],
  "OCCO": [
    2.097665786743164,
    -0.3994515836238861,
    0.16536672413349152,
    0.2667335271835327,
    0.8118705153465271,
    -1.2454516887664795,
    0.7191104292869568,
    -0.5959059596061707,
    -0.2931438684463501,
    -1.355664610862732,
    0.612304151058197,
    -1.369078278541565,
    0.1044149175286293,
    0.4749293625354767,
    -1.3859801292419434,
    1.3958144187927246
  ],
  "C(C(F)(F)F)(C(F)(F)F)O": [
    1.3775140047073364,
    -0.27061429619789124,
    0.05341845378279686,
    -0.391299843788147,
    -0.5588135123252869,
    -1.3256971836090088,
    1.0842466354370117,
    -0.07667665928602219,
    0.38783615827560425,
    -2.0040557384490967,
    0.5673198699951172,
    -1.1898114681243896,
    0.4485940933227539,
    0.6554511189460754,
    -0.6506372094154358,
    1.9018120765686035
  ],
  "O1C(C)CCC1": [
    1.8893013000488281,
    0.6710765361785889,
    0.157309889793396,
    -0.06372726708650589,
    -0.4657263159751892,
    -0.3456305265426636,
    1.6577335596084595,
    -0.6087164282798767,
    -0.5798822045326233,
    -0.9455419182777405,
    0.5689069628715515,
    -2.0260653495788574,
    -0.5624292492866516,
    0.7745238542556763,
    -1.0669472217559814,
    0.9533156752586365
  ],
  "C1CCCCC1": [
    1.663613200187683,
    0.5771774649620056,
    -0.21426835656166077,
    -0.255344420671463,
    -0.9794034361839294,
    -0.8296106457710266,
    1.809875249862671,
    -0.3010192811489105,
    -0.353842556476593,
    -0.8898240327835083,
    0.7716667056083679,
    -1.934012532234192,
    -0.5200014710426331,
    1.1522579193115234,
    -0.5494314432144165,
    0.8656235933303833
  ],
  "CC(O)C": [
    2.0543878078460693,
    0.2798944115638733,
    0.2470030039548874,
    0.0007750334916636348,
    0.2038639336824417,
    -0.8147086501121521,
    1.2068523168563843,
    -0.5997614860534668,
    -0.26186320185661316,
    -1.4258912801742554,
    0.6644293069839478,
    -1.664348840713501,
    -0.2130824327468872,
    0.5381919145584106,
    -1.4304081201553345,
    1.2209798097610474
  ],
  "O.CC#N": [
    1.8167037963867188,
    -0.8668364882469177,
    0.03959417715668678,
    0.20077306032180786,
    0.5957135558128357,
    -1.4248340129852295,
    0.46581363677978516,
    -0.0885322242975235,
    -0.20921176671981812,
    -1.2302186489105225,
    0.5596369504928589,
    -1.186281681060791,
    0.33595025539398193,
    0.6270267963409424,
    -1.4643653631210327,
    1.8283358812332153
  ],
  "CC#N": [
    2.0951578617095947,
    0.041563816368579865,
    0.19322311878204346,
    0.08488652855157852,
    0.15175750851631165,
    -0.7525340914726257,
    1.1368439197540283,
    -0.5194352269172668,
    -0.10516394674777985,
    -1.445253610610962,
    0.7169366478919983,
    -1.698270559310913,
    -0.08834429085254669,
    0.3481247127056122,
    -1.4621400833129883,
    1.3061585426330566
  ],
  "CC#N.CC(=O)O": [
    2.0513739585876465,
    -0.09203748404979706,
    0.18918079137802124,
    0.024770736694335938,
    0.11870986223220825,
    -0.8636719584465027,
    1.094404697418213,
    -0.5353346467018127,
    0.08598010987043381,
    -1.4894229173660278,
    0.7074203491210938,
    -1.5604265928268433,
    -0.020130814984440804,
    0.43363821506500244,
    -1.5174401998519897,
    1.3770086765289307
  ],
  "CCOCC": [
    1.6974724531173706,
    0.6616790890693665,
    -0.03642245754599571,
    -0.12312357127666473,
    -0.778658390045166,
    -0.35460373759269714,
    1.9107599258422852,
    -0.5502245426177979,
    -0.5858227610588074,
    -0.8648324012756348,
    0.5770878195762634,
    -1.99635910987854,
    -0.6265622973442078,
    0.9658164978027344,
    -0.7725706100463867,
    0.8876201510429382
  ],
  "OCC(F)(F)F": [
    1.7891396284103394,
    -0.2716068625450134,
    0.09666889160871506,
    -0.22086673974990845,
    -0.022575613111257553,
    -1.3593802452087402,
    1.0324451923370361,
    -0.43051180243492126,
    -0.030738918110728264,
    -1.741499900817871,
    0.795259416103363,
    -1.1837184429168701,
    0.4183611273765564,
    0.6513751745223999,
    -1.1309565305709839,
    1.6162654161453247
  ],
  "O.OCC(F)(F)F": [
    1.617908239364624,
    -0.8616248369216919,
    -0.09484263509511948,
    0.12863194942474365,
    0.5015239715576172,
    -1.7141366004943848,
    0.6277317404747009,
    -0.15946036577224731,
    -0.294968843460083,
    -1.426814317703247,
    0.7588818669319153,
    -0.9410654306411743,
    0.4934884309768677,
    0.6375018358230591,
    -1.1264276504516602,
    1.8576338291168213
  ],
  "CN(C)C(C)=O": [
    2.0977609157562256,
    0.3865351676940918,
    0.4840766191482544,
    -0.17736732959747314,
    0.15894083678722382,
    -0.6226427555084229,
    1.1526496410369873,
    -0.5813325047492981,
    -0.2718149721622467,
    -1.3366056680679321,
    0.5856708884239197,
    -1.8630454540252686,
    -0.3275434672832489,
    0.5682363510131836,
    -1.3589664697647095,
    1.1107048988342285
  ],
  "CCCCCCCCCCO": [
    1.8661490678787231,
    0.5919025540351868,
    0.10379209369421005,
    -0.4360586702823639,
    -0.45277509093284607,
    -0.2602500915527344,
    1.6335647106170654,
    -0.6482914090156555,
    -0.6581612229347229,
    -0.9416711926460266,
    0.729738712310791,
    -1.9882876873016357,
    -0.550054132938385,
    1.037840485572815,
    -0.8878483176231384,
    0.8696285486221313
  ],
  "OCC": [
    2.086723804473877,
    -0.05492456629872322,
    0.15660500526428223,
    0.027306554839015007,
    0.35327959060668945,
    -0.8800496459007263,
    1.0885591506958008,
    -0.5114886164665222,
    -0.13179472088813782,
    -1.4491019248962402,
    0.6450648903846741,
    -1.4527311325073242,
    -0.11169242113828659,
    0.5027294754981995,
    -1.610440969467163,
    1.3475489616394043
  ],
  "C1CCOC1": [
    1.94100821018219,
    0.5041830539703369,
    0.22037066519260406,
    -0.16256865859031677,
    -0.41570451855659485,
    -0.33889445662498474,
    1.6605604887008667,
    -0.484467476606369,
    -0.3535200357437134,
    -0.9709598422050476,
    0.5772332549095154,
    -2.078463077545166,
    -0.5674958825111389,
    0.6879817247390747,
    -1.157874584197998,
    0.9460471868515015
  ],
  "[C@H]12CCC([C@H](OC1)O2)=O": [
    2.1866202354431152,
    -0.03620929643511772,
    0.4316492974758148,
    0.04356713593006134,
    0.4461360275745392,
    -0.8353184461593628,
    0.9248030781745911,
    -0.6339031457901001,
    -0.2163366675376892,
    -1.336642861366272,
    0.5437215566635132,
    -1.7090696096420288,
    -0.09253647178411484,
    0.44271132349967957,
    -1.431862711906433,
    1.2753872871398926
  ],
  "O=C(OCC)C": [
    1.8632298707962036,
    0.6721900105476379,
    0.11358316242694855,
    -0.09050363302230835,
    -0.5285723209381104,
    -0.4042702317237854,
    1.7308140993118286,
    -0.5049761533737183,
    -0.4646477997303009,
    -0.9573689103126526,
    0.6204058527946472,
    -2.0184507369995117,
    -0.5808882117271423,
    0.730479896068573,
    -1.0897880792617798,
    0.9173642992973328
  ],
  "CC(C)(C)OC": [
    1.6529431343078613,
    0.694764256477356,
    -0.16623139381408691,
    -0.170261949300766,
    -0.8678010702133179,
    -0.4581241011619568,
    2.001124858856201,
    -0.481535404920578,
    -0.5638023018836975,
    -0.8225417733192444,
    0.6818631887435913,
    -1.8876614570617676,
    -0.6448304057121277,
    0.9857058525085449,
    -0.764227569103241,
    0.8238382339477539
  ],