{
  "CO": [
    1.7357275485992432,
    -0.5506805777549744,
    0.030716940760612488,
    0.09375278651714325,
    0.5672109127044678,
    -1.266563892364502,
    0.6428424715995789,
    -0.5610775351524353,
    -0.04897846654057503,
    -1.4529759883880615,
    0.8568751811981201,
    -1.0996558666229248,
    0.35909879207611084,
    0.607857346534729,
    -1.6098811626434326,
    1.693548560142517
  ],
  "OCCO": [
    1.825556755065918,
    -0.6171644330024719,
    0.222269207239151,
    0.25404688715934753,
    0.9546862840652466,
    -1.188887119293213,
    0.6288064122200012,
    -0.5362604260444641,
    -0.3216909170150757,
    -1.3045392036437988,
    0.7232586145401001,
    -1.4065825939178467,
    0.32217803597450256,
    0.4739340543746948,
    -1.5237057209014893,
    1.4909801483154297
  ],
  "C(C(F)(F)F)(C(F)(F)F)O": [
    1.608017921447754,
    -0.33179715275764465,
    -0.10214662551879883,
    -0.29672715067863464,
    0.14564751088619232,
    -1.3100241422653198,
    0.6604914665222168,
    -0.30689045786857605,
    0.2613167464733124,
    -2.0740387439727783,
    0.9657443165779114,
    -0.9913456439971924,
    0.5515263676643372,
    0.457344651222229,
    -0.9957690238952637,
    1.7607754468917847
  ],
  "O1C(C)CCC1": [
    1.7377734184265137,
    0.5875715613365173,
    0.17544499039649963,
    -0.07275758683681488,
    -0.3857503831386566,
    -0.3077371120452881,
    1.7013508081436157,
    -0.6011853814125061,
    -0.6593481302261353,
    -0.8791573643684387,
    0.6251643896102905,
    -2.0830013751983643,
    -0.5543016195297241,
    0.863528311252594,
    -1.1252344846725464,
    0.981316328048706
  ],
  "C1CCCCC1": [
    1.4737225770950317,
    0.5678778290748596,
    -0.3312346041202545,
    -0.6004858613014221,
    -0.9896182417869568,
    -0.7351511716842651,
    1.6995015144348145,
    -0.31404292583465576,
    -0.36700764298439026,
    -0.7704012989997864,
    0.6327077746391296,
    -1.8980990648269653,
    -0.6376047134399414,
    1.656140685081482,
    -0.21814288198947906,
    0.8440856337547302
  ],
  "CC(O)C": [
    1.937117576599121,
    0.21494783461093903,
    0.3230409026145935,
    -0.06758219748735428,
    0.29034164547920227,
    -0.7689021825790405,
    1.1042673587799072,
    -0.6442700624465942,
    -0.3324633538722992,
    -1.3936429023742676,
    0.7853982448577881,
    -1.6911362409591675,
    -0.09437553584575653,
    0.548042893409729,
    -1.5162184238433838,
    1.305108904838562
  ],
  "O.CC#N": [
    1.7185759544372559,
    -0.8682377338409424,
    0.005677246022969484,
    0.16072790324687958,
    0.6117632985115051,
    -1.3824584484100342,
    0.370760053396225,
    -0.30974507331848145,
    -0.19406016170978546,
    -1.3300421237945557,
    0.8738115429878235,
    -1.144525408744812,
    0.4493504464626312,
    0.575163722038269,
    -1.3837767839431763,
    1.842246174812317
  ],
  "CC#N": [
    1.9041205644607544,
    -0.10114786773920059,
    0.3233669400215149,
    0.04256724193692207,
    0.2534126043319702,
    -0.7717255353927612,
    1.0374571084976196,
    -0.48178672790527344,
    -0.10026965290307999,
    -1.3958908319473267,
    0.7139831781387329,
    -1.7414451837539673,
    0.07843638956546783,
    0.3909241557121277,
    -1.6050128936767578,
    1.4502830505371094
  ],
  "CC#N.CC(=O)O": [
    1.918898344039917,
    -0.21649274230003357,
    0.20990218222141266,
    0.032523684203624725,
    0.34913840889930725,
    -0.8466119170188904,
    0.8484998345375061,
    -0.5900982022285461,
    -0.024044398218393326,
    -1.4771288633346558,
    0.8753474354743958,
    -1.5195279121398926,
    0.0851285383105278,
    0.5151561498641968,
    -1.632012128829956,
    1.468712329864502
  ],
  "CCOCC": [
    1.7547556161880493,
    0.5812836289405823,
    0.0417134054005146,
    -0.18085190653800964,
    -0.4581538140773773,
    -0.4647487699985504,
    1.8153817653656006,
    -0.4994087219238281,
    -0.562180757522583,
    -0.937811017036438,
    0.6603173017501831,
    -1.977156639099121,
    -0.5336741209030151,
    0.8336174488067627,
    -1.0760695934295654,
    1.008939504623413
  ],
  "OCC(F)(F)F": [
    1.6285406351089478,
    -0.4081230163574219,
    0.09022998064756393,
    -0.1444198489189148,
    0.11157649755477905,
    -1.2986040115356445,
    0.906976580619812,
    -0.5471856594085693,
    -0.0073113772086799145,
    -1.7704812288284302,
    1.01180100440979,
    -1.1764665842056274,
    0.5357204079627991,
    0.6200393438339233,
    -1.1904736757278442,
    1.6399877071380615
  ],
  "O.OCC(F)(F)F": [
    1.6244702339172363,
    -0.7976698875427246,
    -0.0824856236577034,
    0.039159372448921204,
    0.5308458209037781,
    -1.5524004697799683,
    0.5375439524650574,
    -0.3945130407810211,
    -0.2561054229736328,
    -1.6059542894363403,
    1.044220209121704,
    -0.9567965269088745,
    0.6618695855140686,
    0.4972347617149353,
    -1.0503112077713013,
    1.7605329751968384
  ],
  "CN(C)C(C)=O": [
    1.9159518480300903,
    0.36497947573661804,
    0.47700509428977966,
    -0.13028936088085175,
    0.20877331495285034,
    -0.5482938289642334,
    1.1677954196929932,
    -0.6434536576271057,
    -0.4621266722679138,
    -1.2848947048187256,
    0.7322152256965637,
    -1.9649113416671753,
    -0.22674554586410522,
    0.6514447331428528,
    -1.3818464279174805,
    1.1241657733917236
  ],
  "CCCCCCCCCCO": [
    1.7570573091506958,
    0.550377607345581,
    0.09856293350458145,
    -0.43359309434890747,
    -0.3763715922832489,
    -0.23599842190742493,
    1.6349213123321533,
    -0.6601616144180298,
    -0.757034957408905,
    -0.8857069611549377,
    0.8337876796722412,
    -2.0042929649353027,
    -0.5312870144844055,
    1.0936907529830933,
    -0.9531205892562866,
    0.8743166327476501
  ],
  "OCC": [
    1.884024977684021,
    -0.11994669586420059,
    0.30047065019607544,
    0.03513055667281151,
    0.34932971000671387,
    -0.8191626071929932,
    1.148321509361267,
    -0.6098347306251526,
    -0.07491607964038849,
    -1.4715570211410522,
    0.6211700439453125,
    -1.5849469900131226,
    0.035954006016254425,
    0.5382747054100037,
    -1.6200449466705322,
    1.3882944583892822
  ],
  "C1CCOC1": [
    1.8045659065246582,
    0.4468965232372284,
    0.20672614872455597,
    -0.14043551683425903,
    -0.342792809009552,
    -0.27608996629714966,
    1.6916508674621582,
    -0.5362203121185303,
    -0.43977001309394836,
    -0.9181384444236755,
    0.6292157769203186,
    -2.1131820678710938,
    -0.5540156960487366,
    0.7610716819763184,
    -1.2151986360549927,
    0.9988496899604797
  ],
  "[C@H]12CCC([C@H](OC1)O2)=O": [
    2.0160391330718994,
    -0.18143272399902344,
    0.4065520763397217,
    0.07054337114095688,
    0.6370245814323425,
    -0.8165960907936096,
    0.7611029148101807,
    -0.6859492659568787,
    -0.28729861974716187,
    -1.342763066291809,
    0.761340320110321,
    -1.683326005935669,
    0.054850902408361435,
    0.4985225796699524,
    -1.5347164869308472,
    1.3225725889205933
  ],
  "O=C(OCC)C": [
    1.6596999168395996,
    0.5466350317001343,
    0.08445897698402405,
    -0.11950143426656723,
    -0.6126728057861328,
    -0.22024042904376984,
    1.9013605117797852,
    -0.5377106666564941,
    -0.45315009355545044,
    -0.8680426478385925,
    0.5200065970420837,
    -2.0557680130004883,
    -0.623352587223053,
    0.8947005867958069,
    -1.0741450786590576,
    0.9636474847793579
  ],
  "CC(C)(C)OC": [
    1.4683541059494019,
    0.6233521103858948,
    -0.228804349899292,
    -0.3051930367946625,
    -0.8637435436248779,
    -0.42977792024612427,
    2.045057773590088,
    -0.5084989666938782,
    -0.5754378437995911,
    -0.8389574885368347,
    0.6813108921051025,
    -1.8794324398040771,
    -0.643496572971344,
    1.2556511163711548,
    -0.6105413436889648,
    0.8219226002693176
  ],