{
  "CO": [
    1.6430559158325195,
    -0.6404570937156677,
    0.24038773775100708,
    0.0706910490989685,
    0.4912030100822449,
    -1.1591830253601074,
    0.7477638125419617,
    -0.5178055167198181,
    -0.015694012865424156,
    -1.399728775024414,
    0.8649147748947144,
    -1.349843144416809,
    0.37706875801086426,
    0.5842894315719604,
    -1.6156290769577026,
    1.6749202013015747
  ],
  "OCCO": [
    1.8250224590301514,
    -0.539732813835144,
    0.33902743458747864,
    0.18096788227558136,
    0.9133912920951843,
    -1.0795233249664307,
    0.6310226917266846,
    -0.6714807152748108,
    -0.35159656405448914,
    -1.358621597290039,
    0.8780748248100281,
    -1.4721732139587402,
    0.2827851474285126,
    0.48960068821907043,
    -1.4809824228286743,
    1.4097291231155396
  ],
  "C(C(F)(F)F)(C(F)(F)F)O": [
    1.1650782823562622,
    -0.3811614215373993,
    0.22668465971946716,
    -0.4271215796470642,
    -0.3721497654914856,
    -1.2447808980941772,
    1.0957590341567993,
    -0.08420010656118393,
    0.3142811059951782,
    -1.9149168729782104,
    0.6049110889434814,
    -1.2614151239395142,
    0.48156142234802246,
    0.6468746066093445,
    -0.8903238773345947,
    2.043802261352539
  ],
  "O1C(C)CCC1": [
    1.7649554014205933,
    0.4599749743938446,
    0.3126296401023865,
    -0.18672706186771393,
    -0.3653092086315155,
    -0.33192622661590576,
    1.6518464088439941,
    -0.5759578347206116,
    -0.5557278990745544,
    -0.8947433233261108,
    0.6405617594718933,
    -2.0960357189178467,
    -0.44721004366874695,
    0.7373576164245605,
    -1.2158317565917969,
    1.1028491258621216
  ],
  "C1CCCCC1": [
    1.4376766681671143,
    0.5381888747215271,
    -0.23106296360492706,
    -0.3977855443954468,
    -0.9589704871177673,
    -0.8262989521026611,
    1.7829927206039429,
    -0.383656769990921,
    -0.5756480693817139,
    -0.686354398727417,
    0.7973418235778809,
    -1.8678866624832153,
    -0.6529994606971741,
    1.5263677835464478,
    -0.3790675401687622,
    0.8873268961906433
  ],
  "CC(O)C": [
    1.8754574060440063,
    0.027773989364504814,
    0.30945760011672974,
    -0.03802800178527832,
    0.379741907119751,
    -0.6856579780578613,
    1.0314809083938599,
    -0.6384645104408264,
    -0.25168150663375854,
    -1.4763256311416626,
    0.9487735033035278,
    -1.633682370185852,
    -0.10535252094268799,
    0.6114307045936584,
    -1.609095573425293,
    1.252788782119751
  ],
  "O.CC#N": [
    1.6237378120422363,
    -0.8257429599761963,
    0.07072006911039352,
    0.09605447947978973,
    0.7010906338691711,
    -1.298423171043396,
    0.6007587313652039,
    -0.4177989959716797,
    -0.3683725893497467,
    -1.3461507558822632,
    1.011728048324585,
    -1.2698235511779785,
    0.5458623170852661,
    0.475298672914505,
    -1.3448766469955444,
    1.7412151098251343
  ],
  "CC#N": [
    1.8237955570220947,
    -0.13573642075061798,
    0.36750903725624084,
    0.05672956258058548,
    0.32991597056388855,
    -0.6406823396682739,
    0.9891822338104248,
    -0.5584473609924316,
    -0.18357963860034943,
    -1.4126663208007812,
    0.8779619932174683,
    -1.7755917310714722,
    0.06642575562000275,
    0.38595008850097656,
    -1.6203418970108032,
    1.4247621297836304
  ],
  "CC#N.CC(=O)O": [
    1.8075215816497803,
    -0.23931092023849487,
    0.2747401297092438,
    0.06042256951332092,
    0.34744518995285034,
    -0.6554501056671143,
    0.905326247215271,
    -0.6350038647651672,
    -0.11225433647632599,
    -1.4729233980178833,
    1.0094436407089233,
    -1.6440540552139282,
    0.09233468770980835,
    0.45788511633872986,
    -1.6374945640563965,
    1.436648964881897
  ],
  "CCOCC": [
    1.7104766368865967,
    0.4908142685890198,
    0.11862372606992722,
    -0.24608401954174042,
    -0.44755876064300537,
    -0.4062652289867401,
    1.8001149892807007,
    -0.5207942724227905,
    -0.4921897351741791,
    -0.9367226958274841,
    0.7296139001846313,
    -1.9903943538665771,
    -0.5225741267204285,
    0.8238331079483032,
    -1.1552757024765015,
    1.0481778383255005
  ],
  "OCC(F)(F)F": [
    1.5591976642608643,
    -0.3646277189254761,
    0.2627505958080292,
    -0.26981550455093384,
    -0.019416721537709236,
    -1.1862578392028809,
    1.041455864906311,
    -0.43707728385925293,
    0.10678752511739731,
    -1.7574115991592407,
    0.7593469023704529,
    -1.3188624382019043,
    0.46706926822662354,
    0.5677661299705505,
    -1.2022336721420288,
    1.791712999343872
  ],
  "O.OCC(F)(F)F": [
    1.4854035377502441,
    -0.9171828031539917,
    0.02469075471162796,
    0.04349423199892044,
    0.5736162662506104,
    -1.5199962854385376,
    0.5879752039909363,
    -0.31128889322280884,
    -0.41808998584747314,
    -1.4477752447128296,
    1.1014565229415894,
    -1.0598582029342651,
    0.6496734619140625,
    0.6108812689781189,
    -1.1624023914337158,
    1.7576634883880615
  ],
  "CN(C)C(C)=O": [
    1.8421061038970947,
    0.28135719895362854,
    0.5492924451828003,
    -0.10227175056934357,
    0.23184457421302795,
    -0.5117972493171692,
    1.157304286956787,
    -0.7061181664466858,
    -0.4787285625934601,
    -1.2483694553375244,
    0.7904695868492126,
    -1.975764274597168,
    -0.1954074501991272,
    0.6336151957511902,
    -1.4299139976501465,
    1.1597973108291626
  ],
  "CCCCCCCCCCO": [
    1.6769059896469116,
    0.5347283482551575,
    0.17983773350715637,
    -0.3443211615085602,
    -0.28939977288246155,
    -0.2854701280593872,
    1.5609931945800781,
    -0.690498948097229,
    -0.849096953868866,
    -0.8701209425926208,
    1.028355598449707,
    -2.0245940685272217,
    -0.5364576578140259,
    1.0915130376815796,
    -0.9992614388465881,
    0.8199887275695801
  ],
  "OCC": [
    1.7840914726257324,
    -0.17523625493049622,
    0.33507102727890015,
    0.0631934404373169,
    0.43315839767456055,
    -0.7392868399620056,
    1.055187702178955,
    -0.6401799321174622,
    -0.24055278301239014,
    -1.4447503089904785,
    0.8680442571640015,
    -1.6412409543991089,
    0.06640441715717316,
    0.5066345930099487,
    -1.6307086944580078,
    1.3974711894989014
  ],
  "C1CCOC1": [
    1.7171354293823242,
    0.4020548462867737,
    0.3008914887905121,
    -0.11935282498598099,
    -0.3217259347438812,
    -0.24797233939170837,
    1.633946418762207,
    -0.5876581072807312,
    -0.5276482701301575,
    -0.8751152157783508,
    0.7704586386680603,
    -2.1784555912017822,
    -0.5289695262908936,
    0.7707070112228394,
    -1.2096402645111084,
    1.0019032955169678
  ],
  "[C@H]12CCC([C@H](OC1)O2)=O": [
    1.936668872833252,
    -0.22924953699111938,
    0.5351778864860535,
    0.04562250152230263,
    0.632466197013855,
    -0.7682982683181763,
    0.7636503577232361,
    -0.7086519598960876,
    -0.2923119068145752,
    -1.2995811700820923,
    0.8176942467689514,
    -1.7754617929458618,
    0.08985193818807602,
    0.42225396633148193,
    -1.5174733400344849,
    1.3416337966918945
  ],
  "O=C(OCC)C": [
    1.5852587223052979,
    0.5183979272842407,
    0.12593825161457062,
    -0.012889687903225422,
    -0.5283636450767517,
    -0.2705249786376953,
    1.8395756483078003,
    -0.6112019419670105,
    -0.6096926927566528,
    -0.8136456608772278,
    0.7359123826026917,
    -2.0858445167541504,
    -0.6244692206382751,
    0.9071362614631653,
    -1.093057632446289,
    0.9410653114318848
  ],
  "CC(C)(C)OC": [
    1.6362199783325195,
    0.5067002773284912,
    0.05563228949904442,
    -0.2731117606163025,
    -0.6980791687965393,
    -0.5244430899620056,
    1.9387931823730469,
    -0.4311660826206207,
    -0.5812655687332153,
    -0.8126377463340759,
    0.8434752821922302,
    -1.9913827180862427,
    -0.49161064624786377,
    0.8815298676490784,
    -0.9512439966201782,
    0.8987450003623962
  ],