{
  "CO": [
    1.9279628992080688,
    -0.30705174803733826,
    0.012799435295164585,
    0.10601421445608139,
    0.12620988488197327,
    -1.454628825187683,
    0.9744364023208618,
    -0.540675699710846,
    0.15929263830184937,
    -1.637436032295227,
    0.6734727621078491,
    -1.074219822883606,
    0.1189185306429863,
    0.6438156366348267,
    -1.272289514541626,
    1.5577709674835205
  ],
  "OCCO": [
    1.9515819549560547,
    -0.5373923778533936,
    0.0668366476893425,
    0.39908093214035034,
    0.782848596572876,
    -1.5163592100143433,
    0.7037657499313354,
    -0.2825208902359009,
    -0.22863410413265228,
    -1.4020172357559204,
    0.4792539179325104,
    -1.1913410425186157,
    0.01744777336716652,
    0.5731375217437744,
    -1.354946255683899,
    1.5507572889328003
  ],
  "C(C(F)(F)F)(C(F)(F)F)O": [
    1.403318166732788,
    -0.15333126485347748,
    -0.06018052250146866,
    -0.3665873408317566,
    -0.8861331343650818,
    -1.3050860166549683,
    1.1619426012039185,
    -0.12749254703521729,
    0.4102537930011749,
    -2.043487310409546,
    0.68819260597229,
    -1.1180340051651,
    0.32990896701812744,
    1.005161166191101,
    -0.5102442502975464,
    1.5901780128479004
  ],
  "O1C(C)CCC1": [
    1.912056803703308,
    0.7191734910011292,
    0.14653581380844116,
    -0.10012401640415192,
    -0.5027559995651245,
    -0.4763244092464447,
    1.6517024040222168,
    -0.558296263217926,
    -0.41912516951560974,
    -0.978174090385437,
    0.4795280992984772,
    -1.9375674724578857,
    -0.6409357190132141,
    0.8372843861579895,
    -1.1010514497756958,
    0.9824095964431763
  ],
  "C1CCCCC1": [
    1.5906949043273926,
    0.6953588128089905,
    -0.31905123591423035,
    -0.4682953953742981,
    -1.0190588235855103,
    -0.9034241437911987,
    1.5714777708053589,
    -0.3534625768661499,
    -0.2828691601753235,
    -0.8717582821846008,
    0.7127046585083008,
    -1.7992626428604126,
    -0.6298199892044067,
    1.5856326818466187,
    -0.34095296263694763,
    0.8517157435417175
  ],
  "CC(O)C": [
    2.1052863597869873,
    0.3752424418926239,
    0.22641704976558685,
    -0.04232440143823624,
    0.06706102192401886,
    -0.9494595527648926,
    1.211466908454895,
    -0.5043959021568298,
    -0.12963682413101196,
    -1.4758501052856445,
    0.5564789772033691,
    -1.5567258596420288,
    -0.36924660205841064,
    0.6260342001914978,
    -1.3547732830047607,
    1.2296230792999268
  ],
  "O.CC#N": [
    1.9561307430267334,
    -0.7742801904678345,
    -0.1428522914648056,
    0.1991627961397171,
    0.4012641906738281,
    -1.6777085065841675,
    0.4347410500049591,
    -0.02969219535589218,
    -0.02078854851424694,
    -1.408765435218811,
    0.5590581297874451,
    -1.0180058479309082,
    0.19407224655151367,
    0.7046677470207214,
    -1.1379388570785522,
    1.769095540046692
  ],
  "CC#N": [
    2.126192331314087,
    0.14411132037639618,
    0.19644436240196228,
    0.039265226572752,
    -0.008996632881462574,
    -0.9137240648269653,
    1.2075669765472412,
    -0.4237975776195526,
    -0.005764183588325977,
    -1.4635452032089233,
    0.5983381271362305,
    -1.5754690170288086,
    -0.2554701864719391,
    0.4833036959171295,
    -1.4298298358917236,
    1.2942321300506592
  ],
  "CC#N.CC(=O)O": [
    2.1373820304870605,
    0.014103425666689873,
    0.16096001863479614,
    -0.0046692355535924435,
    0.024395644664764404,
    -1.0356926918029785,
    1.0718896389007568,
    -0.46042779088020325,
    0.1812683790922165,
    -1.5284358263015747,
    0.611790120601654,
    -1.3857520818710327,
    -0.20985862612724304,
    0.5468266606330872,
    -1.467994213104248,
    1.3574283123016357
  ],
  "CCOCC": [
    1.9109654426574707,
    0.6960949301719666,
    0.04671459272503853,
    -0.26409289240837097,
    -0.653314471244812,
    -0.5302666425704956,
    1.737281084060669,
    -0.46143728494644165,
    -0.26836445927619934,
    -0.9965561628341675,
    0.468057781457901,
    -1.8559627532958984,
    -0.6252334117889404,
    0.8578431606292725,
    -1.0541653633117676,
    1.0084062814712524
  ],
  "OCC(F)(F)F": [
    1.7599464654922485,
    -0.29607465863227844,
    0.030631566420197487,
    -0.11134257167577744,
    -0.10270288586616516,
    -1.6265347003936768,
    0.8774515390396118,
    -0.23796707391738892,
    0.14449243247509003,
    -1.783041000366211,
    0.6079687476158142,
    -1.0298011302947998,
    0.3459985554218292,
    0.6889919638633728,
    -0.9987318515777588,
    1.7444539070129395
  ],
  "O.OCC(F)(F)F": [
    1.5927364826202393,
    -0.8144619464874268,
    -0.12632732093334198,
    0.09272502362728119,
    0.3217541575431824,
    -1.8860070705413818,
    0.6555418968200684,
    0.053850553929805756,
    -0.21221184730529785,
    -1.5690855979919434,
    0.6558870673179626,
    -0.8733534216880798,
    0.4713723063468933,
    0.724219799041748,
    -0.9019157290458679,
    1.8273732662200928
  ],
  "CN(C)C(C)=O": [
    2.079540252685547,
    0.5392476916313171,
    0.434370756149292,
    -0.12884558737277985,
    -0.046193063259124756,
    -0.7081774473190308,
    1.260604739189148,
    -0.5675503015518188,
    -0.31886520981788635,
    -1.26011061668396,
    0.49412766098976135,
    -1.826995611190796,
    -0.4528577923774719,
    0.7091338038444519,
    -1.2920278310775757,
    1.0977591276168823
  ],
  "CCCCCCCCCCO": [
    2.0178816318511963,
    0.6715508103370667,
    0.10448230057954788,
    -0.44376039505004883,
    -0.3865329325199127,
    -0.36946213245391846,
    1.4780141115188599,
    -0.5849294066429138,
    -0.5682211518287659,
    -0.9729210138320923,
    0.5970679521560669,
    -1.8224493265151978,
    -0.6637900471687317,
    1.0566328763961792,
    -1.0655083656311035,
    0.9663197994232178
  ],
  "OCC": [
    2.1191046237945557,
    0.07691770792007446,
    0.1885007917881012,
    -0.027719367295503616,
    0.160569429397583,
    -1.1064380407333374,
    1.1326649188995361,
    -0.4884127378463745,
    -0.010525069199502468,
    -1.543681263923645,
    0.5550037026405334,
    -1.346331000328064,
    -0.1962948441505432,
    0.6193832159042358,
    -1.436744213104248,
    1.3197264671325684
  ],
  "C1CCOC1": [
    1.8820682764053345,
    0.6188980340957642,
    0.1511547863483429,
    -0.08114965260028839,
    -0.5624160170555115,
    -0.3425879180431366,
    1.6589512825012207,
    -0.551313579082489,
    -0.35350245237350464,
    -0.9239109754562378,
    0.5428094267845154,
    -2.0269992351531982,
    -0.7176550626754761,
    0.8690471053123474,
    -1.0821924209594727,
    0.9322658777236938
  ],
  "[C@H]12CCC([C@H](OC1)O2)=O": [
    2.2082362174987793,
    -0.06575234234333038,
    0.34379443526268005,
    0.04490678757429123,
    0.3989095389842987,
    -1.0373684167861938,
    0.9340335130691528,
    -0.49053141474723816,
    -0.0996328815817833,
    -1.3879438638687134,
    0.4665999710559845,
    -1.494539737701416,
    -0.23426038026809692,
    0.5705430507659912,
    -1.4711666107177734,
    1.3261750936508179
  ],
  "O=C(OCC)C": [
    1.7911670207977295,
    0.7230116724967957,
    0.013664244674146175,
    -0.03714804723858833,
    -0.7007492184638977,
    -0.41439828276634216,
    1.7726134061813354,
    -0.5338823795318604,
    -0.30055755376815796,
    -0.9554816484451294,
    0.5620917081832886,
    -1.9609624147415161,
    -0.7308694124221802,
    0.9087008833885193,
    -1.0059421062469482,
    0.8845162391662598
  ],
  "CC(C)(C)OC": [
    1.786811113357544,
    0.7122524976730347,
    -0.09937868267297745,
    -0.3355328142642975,
    -0.844508945941925,
    -0.5331515073776245,
    1.8456223011016846,
    -0.4477803111076355,
    -0.2384132444858551,
    -0.9728755354881287,
    0.5786367654800415,
    -1.7940948009490967,
    -0.6680180430412292,
    1.0522491931915283,
    -0.9068170189857483,
    0.8839046955108643
  ],