{
  "CO": [
    1.8883470296859741,
    -0.43058618903160095,
    -0.011670857667922974,
    0.13584953546524048,
    0.45719432830810547,
    -1.464360237121582,
    0.7100129127502441,
    -0.5036425590515137,
    -0.04072773456573486,
    -1.5205137729644775,
    0.7043287754058838,
    -0.9931159019470215,
    0.2581954002380371,
    0.599504292011261,
    -1.448925256729126,
    1.6655957698822021
  ],
  "OCCO": [
    1.8969343900680542,
    -0.5733602643013,
    0.08190029859542847,
    0.37361904978752136,
    0.9100332856178284,
    -1.4258477687835693,
    0.6634449362754822,
    -0.3698298931121826,
    -0.3446458876132965,
    -1.355581283569336,
    0.5601031184196472,
    -1.25835120677948,
    0.18152444064617157,
    0.5159891843795776,
    -1.395128607749939,
    1.5438499450683594
  ],
  "C(C(F)(F)F)(C(F)(F)F)O": [
    1.5836011171340942,
    -0.3404064476490021,
    0.01781461574137211,
    -0.20371121168136597,
    -0.2642100155353546,
    -1.4764842987060547,
    0.8915343284606934,
    -0.3170177638530731,
    0.04817559942603111,
    -2.025247812271118,
    0.9912405014038086,
    -1.071280837059021,
    0.6112753748893738,
    0.6287000179290771,
    -0.6927741765975952,
    1.628557801246643
  ],
  "O1C(C)CCC1": [
    2.0106420516967773,
    0.5829713344573975,
    0.24088753759860992,
    -0.1856319159269333,
    -0.3247109353542328,
    -0.5161409378051758,
    1.5407445430755615,
    -0.49211645126342773,
    -0.4148145020008087,
    -1.0972974300384521,
    0.4697389006614685,
    -2.0037200450897217,
    -0.44676926732063293,
    0.7204575538635254,
    -1.1134246587753296,
    1.0380221605300903
  ],
  "C1CCCCC1": [
    1.8651396036148071,
    0.4376989006996155,
    0.10228117555379868,
    -0.24078750610351562,
    -0.8530420064926147,
    -0.907979428768158,
    1.5203802585601807,
    -0.1415759027004242,
    -0.3096350133419037,
    -0.9556357264518738,
    0.8191606998443604,
    -2.0594003200531006,
    -0.21024325489997864,
    0.8219813704490662,
    -0.8985152840614319,
    1.0183109045028687
  ],
  "CC(O)C": [
    2.0637218952178955,
    0.2866322696208954,
    0.2549981474876404,
    0.006835445296019316,
    0.18704842031002045,
    -0.9376115202903748,
    1.1235958337783813,
    -0.5547107458114624,
    -0.3146631717681885,
    -1.4973324537277222,
    0.6660311222076416,
    -1.6638904809951782,
    -0.14645810425281525,
    0.5942494869232178,
    -1.3015118837356567,
    1.240992784500122
  ],
  "O.CC#N": [
    1.7869561910629272,
    -0.7175948023796082,
    -0.02219279296696186,
    0.19016572833061218,
    0.537017285823822,
    -1.5819171667099,
    0.6513472199440002,
    -0.2155381590127945,
    -0.3415646553039551,
    -1.411793828010559,
    0.7468883395195007,
    -1.187263011932373,
    0.4194031059741974,
    0.5256065726280212,
    -1.1430349349975586,
    1.7668300867080688
  ],
  "CC#N": [
    2.077423334121704,
    0.0478227436542511,
    0.18917527794837952,
    0.09031538665294647,
    0.11295845359563828,
    -0.9313942193984985,
    1.128616452217102,
    -0.48308277130126953,
    -0.09162858128547668,
    -1.484817385673523,
    0.6155734658241272,
    -1.673609972000122,
    -0.00481606088578701,
    0.44103583693504333,
    -1.3758256435394287,
    1.3480544090270996
  ],
  "CC#N.CC(=O)O": [
    2.0631766319274902,
    -0.08813948184251785,
    0.146774560213089,
    0.05232376977801323,
    0.1991974413394928,
    -0.9900757670402527,
    1.0053850412368774,
    -0.521711528301239,
    -0.002586725167930126,
    -1.5593948364257812,
    0.7392829060554504,
    -1.5095466375350952,
    0.0035951982717961073,
    0.5326908826828003,
    -1.4281156063079834,
    1.363457202911377
  ],
  "CCOCC": [
    1.8490397930145264,
    0.6558271646499634,
    0.08962482959032059,
    -0.14738419651985168,
    -0.5570517778396606,
    -0.6601969599723816,
    1.7447922229766846,
    -0.470112681388855,
    -0.5480228662490845,
    -1.0030447244644165,
    0.6008428335189819,
    -1.9862315654754639,
    -0.4257912039756775,
    0.8077366948127747,
    -0.9140780568122864,
    0.9752559065818787
  ],
  "OCC(F)(F)F": [
    1.866692304611206,
    -0.26576781272888184,
    0.10762081295251846,
    -0.20127548277378082,
    -0.006428840104490519,
    -1.3760786056518555,
    0.9461373686790466,
    -0.4868312478065491,
    -0.008588964119553566,
    -1.8194668292999268,
    0.7660918235778809,
    -1.0961045026779175,
    0.4294421672821045,
    0.6276416778564453,
    -1.0649157762527466,
    1.5910736322402954
  ],
  "O.OCC(F)(F)F": [
    1.4637912511825562,
    -0.884395956993103,
    -0.025263432413339615,
    -0.09386704862117767,
    0.3368057906627655,
    -1.6873853206634521,
    0.6077812910079956,
    0.09774639457464218,
    -0.1817788928747177,
    -1.6993194818496704,
    0.6672254800796509,
    -0.9497056603431702,
    0.6953445672988892,
    0.6819120049476624,
    -0.9175642132759094,
    1.8950086832046509
  ],
  "CN(C)C(C)=O": [
    2.0368807315826416,
    0.4310552477836609,
    0.48173949122428894,
    -0.11607220023870468,
    0.09511959552764893,
    -0.7479684352874756,
    1.1807557344436646,
    -0.5681953430175781,
    -0.447733998298645,
    -1.320110559463501,
    0.5730956792831421,
    -1.927616834640503,
    -0.2421412467956543,
    0.6630181074142456,
    -1.2094836235046387,
    1.124580979347229
  ],
  "CCCCCCCCCCO": [
    1.8840231895446777,
    0.6524243354797363,
    0.1626661717891693,
    -0.29113027453422546,
    -0.35690081119537354,
    -0.45715248584747314,
    1.4926577806472778,
    -0.6110094785690308,
    -0.7708254456520081,
    -0.9816662073135376,
    0.7868210077285767,
    -2.0022406578063965,
    -0.5390169024467468,
    1.0527626276016235,
    -0.8731995224952698,
    0.8618295192718506
  ],
  "OCC": [
    2.065394163131714,
    -0.013922103680670261,
    0.1722487360239029,
    0.041616637259721756,
    0.3229452967643738,
    -1.0643020868301392,
    1.067833662033081,
    -0.5265031456947327,
    -0.19946053624153137,
    -1.5489170551300049,
    0.6372525095939636,
    -1.4243710041046143,
    -0.018596883863210678,
    0.5894535779953003,
    -1.4344114065170288,
    1.3422958850860596
  ],
  "C1CCOC1": [
    1.8476450443267822,
    0.5542474985122681,
    0.18415693938732147,
    -0.05269673839211464,
    -0.48749253153800964,
    -0.3642072081565857,
    1.6681432723999023,
    -0.5301055908203125,
    -0.5023565888404846,
    -0.9570564031600952,
    0.5720505118370056,
    -2.138150930404663,
    -0.5704580545425415,
    0.8332358002662659,
    -0.9855090379714966,
    0.9375129342079163
  ],
  "[C@H]12CCC([C@H](OC1)O2)=O": [
    2.1745498180389404,
    0.003931174986064434,
    0.4307248294353485,
    0.06563597172498703,
    0.44023558497428894,
    -0.9767636060714722,
    0.8578224778175354,
    -0.6009889841079712,
    -0.30496111512184143,
    -1.4213148355484009,
    0.558883786201477,
    -1.7019169330596924,
    -0.04132842645049095,
    0.5434690117835999,
    -1.288367748260498,
    1.2654058933258057
  ],
  "O=C(OCC)C": [
    1.76225745677948,
    0.6663485765457153,
    0.0467132143676281,
    -0.0025831758975982666,
    -0.5846288204193115,
    -0.4410887062549591,
    1.785190224647522,
    -0.5324100852012634,
    -0.5348045825958252,
    -0.9849509596824646,
    0.5663439035415649,
    -2.01275634765625,
    -0.592035710811615,
    0.9149559736251831,
    -0.9592786431312561,
    0.9142642617225647
  ],
  "CC(C)(C)OC": [
    1.7520971298217773,
    0.6588647961616516,
    -0.1453154981136322,
    -0.2235073298215866,
    -0.7229160666465759,
    -0.5975536704063416,
    1.8821475505828857,
    -0.41496139764785767,
    -0.3658660054206848,
    -1.0286706686019897,
    0.6662563681602478,
    -1.8866885900497437,
    -0.5772736072540283,
    1.0212723016738892,
    -0.8350462913513184,
    0.8324587345123291
  ],