{
  "CO": [
    1.1867313385009766,
    -1.1220887899398804,
    0.47339656949043274,
    -0.4716123342514038,
    0.8993754982948303,
    -0.47443002462387085,
    0.24155686795711517,
    -0.4109897315502167,
    -0.5091473460197449,
    -0.9978390336036682,
    1.5513951778411865,
    -0.9613776206970215,
    0.5193554759025574,
    0.8306032419204712,
    -2.087528944015503,
    1.3234243392944336
  ],
  "OCCO": [
    1.3290754556655884,
    -1.0379329919815063,
    0.3748374581336975,
    -0.1324375867843628,
    1.3492435216903687,
    -0.6158266663551331,
    -0.02418982982635498,
    -0.432634174823761,
    -0.8151670098304749,
    -0.8398483991622925,
    1.5391709804534912,
    -1.008172869682312,
    0.4515892565250397,
    0.6085941791534424,
    -1.9633275270462036,
    1.2055801153182983
  ],
  "C(C(F)(F)F)(C(F)(F)F)O": [
    1.3310866355895996,
    -0.7241986393928528,
    0.1313905268907547,
    -0.9106590747833252,
    0.5629637241363525,
    -0.5754033923149109,
    0.5062136650085449,
    -0.35523074865341187,
    -0.31855446100234985,
    -1.6810970306396484,
    1.7620471715927124,
    -0.5993309617042542,
    0.5922847390174866,
    0.5318241715431213,
    -1.6765798330307007,
    1.4167842864990234
  ],
  "O1C(C)CCC1": [
    1.4922630786895752,
    -0.3046717047691345,
    0.5284221172332764,
    -0.635540246963501,
    0.3024267852306366,
    0.060122352093458176,
    1.1183843612670898,
    -0.37308695912361145,
    -1.4386380910873413,
    -0.6368240714073181,
    1.240400791168213,
    -1.6270257234573364,
    -0.0017991892527788877,
    1.0556427240371704,
    -1.71372389793396,
    0.9267621040344238
  ],
  "C1CCCCC1": [
    1.2979544401168823,
    -0.24010209739208221,
    0.02639678493142128,
    -0.6036601066589355,
    -0.4490419328212738,
    -0.5358209013938904,
    1.563628077507019,
    -0.004854649305343628,
    -1.4768787622451782,
    -0.2911394536495209,
    1.384718418121338,
    -1.6409324407577515,
    -0.09592607617378235,
    1.4935460090637207,
    -1.1664478778839111,
    0.7366073727607727
  ],
  "CC(O)C": [
    1.3995544910430908,
    -0.51388019323349,
    0.6003994941711426,
    -0.45122283697128296,
    0.8781509399414062,
    -0.2074018269777298,
    0.4415869414806366,
    -0.6455335021018982,
    -1.2056095600128174,
    -1.0076017379760742,
    1.5412113666534424,
    -1.240378499031067,
    0.37625089287757874,
    0.826065182685852,
    -1.8675817251205444,
    1.0655558109283447
  ],
  "O.CC#N": [
    1.2526031732559204,
    -1.210290789604187,
    0.16182127594947815,
    -0.2869808077812195,
    0.9960668087005615,
    -0.7139081954956055,
    -0.06176891550421715,
    -0.22333064675331116,
    -0.7010805010795593,
    -0.8491599559783936,
    1.711696982383728,
    -0.8399774432182312,
    0.4793074429035187,
    0.7124369144439697,
    -1.8980194330215454,
    1.4607216119766235
  ],
  "CC#N": [
    1.3680301904678345,
    -0.7506733536720276,
    0.5542091131210327,
    -0.3613871932029724,
    0.7754448056221008,
    -0.08640799671411514,
    0.31924891471862793,
    -0.5616461634635925,
    -0.9154018759727478,
    -1.0946896076202393,
    1.6129733324050903,
    -1.2529751062393188,
    0.4817202389240265,
    0.6609967350959778,
    -1.9568521976470947,
    1.1966021060943604
  ],
  "CC#N.CC(=O)O": [
    1.2926465272903442,
    -0.8355624079704285,
    0.4946460425853729,
    -0.3406118154525757,
    0.8122226595878601,
    -0.1031671017408371,
    0.29517215490341187,
    -0.5532917976379395,
    -0.8092579245567322,
    -1.1090049743652344,
    1.6816985607147217,
    -1.110809564590454,
    0.44409292936325073,
    0.7061299085617065,
    -2.052626132965088,
    1.177316665649414
  ],
  "CCOCC": [
    1.205662488937378,
    -0.2524508833885193,
    0.16593772172927856,
    -0.5375412702560425,
    -0.18801531195640564,
    0.019945314154028893,
    1.5827912092208862,
    -0.3761293888092041,
    -1.7521533966064453,
    -0.30048829317092896,
    1.2519584894180298,
    -1.6122090816497803,
    -0.16739770770072937,
    1.5039687156677246,
    -1.2177109718322754,
    0.6709893941879272
  ],
  "OCC(F)(F)F": [
    1.1901848316192627,
    -0.8560506105422974,
    0.4395267367362976,
    -0.8071642518043518,
    0.4004459083080292,
    -0.5419026613235474,
    0.6579117178916931,
    -0.3487125039100647,
    -0.5162796378135681,
    -1.3845351934432983,
    1.49473237991333,
    -0.9234067797660828,
    0.6631890535354614,
    0.8331112265586853,
    -1.8232910633087158,
    1.5155309438705444
  ],
  "O.OCC(F)(F)F": [
    1.0790754556655884,
    -1.248483419418335,
    0.09740272164344788,
    -0.48577880859375,
    1.047520399093628,
    -0.9073470830917358,
    0.18184325098991394,
    -0.12933695316314697,
    -0.7798410058021545,
    -0.979238748550415,
    1.6387746334075928,
    -0.66205233335495,
    0.6460342407226562,
    0.736752986907959,
    -1.7642582654953003,
    1.5209767818450928
  ],
  "CN(C)C(C)=O": [
    1.4033751487731934,
    -0.4093656837940216,
    0.7994558215141296,
    -0.4709473252296448,
    0.778868556022644,
    -0.044731851667165756,
    0.48084890842437744,
    -0.6028870344161987,
    -1.3993840217590332,
    -0.8653942942619324,
    1.4493179321289062,
    -1.5104364156723022,
    0.2408473789691925,
    0.9029185771942139,
    -1.7216917276382446,
    0.9589115381240845
  ],
  "CCCCCCCCCCO": [
    1.3151352405548096,
    -0.19276857376098633,
    0.2196424901485443,
    -0.8255448937416077,
    0.3209476172924042,
    0.1409582644701004,
    1.0905661582946777,
    -0.42040956020355225,
    -1.7867575883865356,
    -0.42995330691337585,
    1.5075979232788086,
    -1.4010589122772217,
    -0.18459388613700867,
    1.4372121095657349,
    -1.4082038402557373,
    0.6124578714370728
  ],
  "OCC": [
    1.3378453254699707,
    -0.7585511207580566,
    0.5365765690803528,
    -0.39732998609542847,
    0.9665122032165527,
    -0.24214226007461548,
    0.3223295509815216,
    -0.6052750945091248,
    -0.9500645399093628,
    -1.1065444946289062,
    1.6009219884872437,
    -1.0484503507614136,
    0.42151278257369995,
    0.7511062622070312,
    -1.981268048286438,
    1.1425354480743408
  ],
  "C1CCOC1": [
    1.3466533422470093,
    -0.4093773066997528,
    0.542153537273407,
    -0.5030388236045837,
    0.25864267349243164,
    0.0800851508975029,
    1.1442300081253052,
    -0.36558640003204346,
    -1.51607084274292,
    -0.4761697053909302,
    1.3803807497024536,
    -1.7619411945343018,
    -0.032738011330366135,
    1.0529694557189941,
    -1.6168978214263916,
    0.8696340322494507
  ],
  "[C@H]12CCC([C@H](OC1)O2)=O": [
    1.478316307067871,
    -0.7273048162460327,
    0.7623076438903809,
    -0.35133814811706543,
    1.0735983848571777,
    -0.19776929914951324,
    0.040471356362104416,
    -0.6629521250724792,
    -0.9672805666923523,
    -0.992133378982544,
    1.576163411140442,
    -1.3563499450683594,
    0.42391178011894226,
    0.7255591750144958,
    -1.7755510807037354,
    0.9386308789253235
  ],
  "O=C(OCC)C": [
    1.1739485263824463,
    -0.3442370295524597,
    0.30160143971443176,
    -0.5402536392211914,
    -0.08185218274593353,
    0.2513789236545563,
    1.5727828741073608,
    -0.3222988247871399,
    -1.5589969158172607,
    -0.3869476616382599,
    1.1782790422439575,
    -1.6304875612258911,
    -0.21179798245429993,
    1.3686870336532593,
    -1.5478272438049316,
    0.7745146751403809
  ],
  "CC(C)(C)OC": [
    1.0488108396530151,
    -0.12053043395280838,
    -0.11267837882041931,
    -0.6892387270927429,
    -0.47812438011169434,
    -0.19111774861812592,
    1.8336341381072998,
    -0.25209277868270874,
    -1.6578187942504883,
    -0.2280263751745224,
    1.129914402961731,
    -1.4375550746917725,
    -0.3124849200248718,
    1.8375771045684814,
    -0.9222103953361511,
    0.5529388189315796
  ],