{
  "CO": [
    1.745016098022461,
    -0.43549391627311707,
    0.09847188740968704,
    -0.060406945645809174,
    0.08971414715051651,
    -1.4635311365127563,
    0.8994756937026978,
    -0.19614024460315704,
    0.38377630710601807,
    -1.6739495992660522,
    0.3389444947242737,
    -1.1649820804595947,
    0.19554592669010162,
    0.751450777053833,
    -1.2595131397247314,
    1.763390302658081
  ],
  "OCCO": [
    1.9591453075408936,
    -0.5429407954216003,
    0.08475172519683838,
    0.3365439176559448,
    0.7911964654922485,
    -1.4729193449020386,
    0.7161301970481873,
    -0.32813137769699097,
    -0.20159275829792023,
    -1.425615668296814,
    0.4273603558540344,
    -1.1570425033569336,
    0.10242282599210739,
    0.5274792313575745,
    -1.3886594772338867,
    1.5819307565689087
  ],
  "C(C(F)(F)F)(C(F)(F)F)O": [
    1.6351836919784546,
    -0.31057316064834595,
    -0.07328131794929504,
    -0.25291720032691956,
    -0.19231615960597992,
    -1.5071227550506592,
    0.6301558613777161,
    -0.041224636137485504,
    0.47343912720680237,
    -2.1274502277374268,
    0.6340773105621338,
    -0.9627631306648254,
    0.5014958381652832,
    0.5087807774543762,
    -0.7107167840003967,
    1.8063567876815796
  ],
  "O1C(C)CCC1": [
    1.9357035160064697,
    0.6892060041427612,
    0.16196443140506744,
    -0.1374920904636383,
    -0.5398263931274414,
    -0.5154244899749756,
    1.658739686012268,
    -0.5196213722229004,
    -0.4137198328971863,
    -0.9842972755432129,
    0.45865926146507263,
    -1.9441827535629272,
    -0.5602647066116333,
    0.8025794625282288,
    -1.0857151746749878,
    1.0068941116333008
  ],
  "C1CCCCC1": [
    1.9387167692184448,
    0.503419816493988,
    0.11174200475215912,
    -0.29776841402053833,
    -0.9394009709358215,
    -0.8801449537277222,
    1.5062994956970215,
    -0.12343502044677734,
    -0.22692741453647614,
    -0.8552630543708801,
    0.7859941124916077,
    -1.966181993484497,
    -0.3216674029827118,
    0.8014984130859375,
    -1.0250920057296753,
    0.9987614750862122
  ],
  "CC(O)C": [
    2.0939137935638428,
    0.3572947680950165,
    0.19052624702453613,
    -0.017832985147833824,
    0.06945959478616714,
    -0.9740326404571533,
    1.2086416482925415,
    -0.5116987228393555,
    -0.17973214387893677,
    -1.5084507465362549,
    0.58428955078125,
    -1.5521351099014282,
    -0.27339476346969604,
    0.6138516664505005,
    -1.3307310342788696,
    1.2438663244247437
  ],
  "O.CC#N": [
    1.7527796030044556,
    -0.7787562608718872,
    -0.0639752522110939,
    0.2151499092578888,
    0.4698384702205658,
    -1.6903924942016602,
    0.6211174130439758,
    -0.07706210762262344,
    -0.2041613608598709,
    -1.4352818727493286,
    0.6085953712463379,
    -1.0400643348693848,
    0.33499473333358765,
    0.658606767654419,
    -1.1721656322479248,
    1.8087435960769653
  ],
  "CC#N": [
    2.0942330360412598,
    0.0660099908709526,
    0.23685187101364136,
    0.055822450667619705,
    0.030004028230905533,
    -0.9772971868515015,
    1.1483030319213867,
    -0.333812415599823,
    0.0015281413216143847,
    -1.4666963815689087,
    0.5664961338043213,
    -1.5813372135162354,
    -0.19394689798355103,
    0.4301404654979706,
    -1.4489624500274658,
    1.383126139640808
  ],
  "CC#N.CC(=O)O": [
    2.0935604572296143,
    -0.017775289714336395,
    0.11120854318141937,
    0.07527598738670349,
    0.051553405821323395,
    -1.068304181098938,
    1.0702670812606812,
    -0.47155019640922546,
    0.11648555845022202,
    -1.5675482749938965,
    0.692945122718811,
    -1.4194740056991577,
    -0.1305789202451706,
    0.5269942283630371,
    -1.4136863946914673,
    1.362350583076477
  ],
  "CCOCC": [
    1.7672641277313232,
    0.7183312177658081,
    -0.06511958688497543,
    -0.19709397852420807,
    -0.7981603145599365,
    -0.5054184794425964,
    1.8583672046661377,
    -0.49741730093955994,
    -0.4119910001754761,
    -0.9957166910171509,
    0.5052777528762817,
    -1.844746708869934,
    -0.5697312355041504,
    0.9549634456634521,
    -0.8997003436088562,
    0.9969862699508667
  ],
  "OCC(F)(F)F": [
    1.7486315965652466,
    -0.34033653140068054,
    0.02802375890314579,
    -0.1463005393743515,
    -0.03809363767504692,
    -1.6151057481765747,
    0.9197467565536499,
    -0.30890583992004395,
    0.0684216096997261,
    -1.7786197662353516,
    0.7727497816085815,
    -1.0281027555465698,
    0.40293753147125244,
    0.7069210410118103,
    -1.0179531574249268,
    1.639580249786377
  ],
  "O.OCC(F)(F)F": [
    1.5638703107833862,
    -0.8998749256134033,
    -0.12975656986236572,
    0.21489349007606506,
    0.37107959389686584,
    -1.9042526483535767,
    0.5665457844734192,
    0.121029794216156,
    -0.2391037493944168,
    -1.523910403251648,
    0.6050134301185608,
    -0.8603540658950806,
    0.4909302294254303,
    0.698211669921875,
    -0.918578028678894,
    1.8540457487106323
  ],
  "CN(C)C(C)=O": [
    2.12715482711792,
    0.46458032727241516,
    0.4343090057373047,
    -0.1420627236366272,
    0.032454658299684525,
    -0.7716779112815857,
    1.188768982887268,
    -0.5268445014953613,
    -0.22541658580303192,
    -1.339146375656128,
    0.49096202850341797,
    -1.7728807926177979,
    -0.38699814677238464,
    0.6029919385910034,
    -1.3237334489822388,
    1.1591928005218506
  ],
  "CCCCCCCCCCO": [
    1.9046913385391235,
    0.6787453889846802,
    0.1527346670627594,
    -0.3066140115261078,
    -0.4011803865432739,
    -0.5037236213684082,
    1.5560628175735474,
    -0.584811806678772,
    -0.6367112994194031,
    -0.9798632860183716,
    0.7183412313461304,
    -1.880412220954895,
    -0.6190955638885498,
    1.0222195386886597,
    -1.023661732673645,
    0.9175676703453064
  ],
  "OCC": [
    2.022516965866089,
    0.023033946752548218,
    0.20017288625240326,
    0.037574462592601776,
    0.10692723095417023,
    -1.0915806293487549,
    1.2511621713638306,
    -0.4236544072628021,
    0.07393523305654526,
    -1.553734540939331,
    0.4159248173236847,
    -1.444091796875,
    -0.1481449455022812,
    0.6095438003540039,
    -1.4264287948608398,
    1.361652135848999
  ],
  "C1CCOC1": [
    1.9416714906692505,
    0.5905155539512634,
    0.17550745606422424,
    -0.12039773166179657,
    -0.48575881123542786,
    -0.46716922521591187,
    1.637598991394043,
    -0.47855791449546814,
    -0.3004920482635498,
    -0.989213228225708,
    0.5534024834632874,
    -1.9956640005111694,
    -0.6213909387588501,
    0.7653396725654602,
    -1.1571863889694214,
    0.9646015763282776
  ],
  "[C@H]12CCC([C@H](OC1)O2)=O": [
    2.198127508163452,
    -0.07056538015604019,
    0.34394851326942444,
    0.08659622818231583,
    0.4008810222148895,
    -1.0765260457992554,
    0.9001054763793945,
    -0.49809685349464417,
    -0.12861156463623047,
    -1.3987423181533813,
    0.48473694920539856,
    -1.5142680406570435,
    -0.16597379744052887,
    0.5274299383163452,
    -1.4331002235412598,
    1.3540254831314087
  ],
  "O=C(OCC)C": [
    1.8288688659667969,
    0.7369072437286377,
    0.015350270085036755,
    -0.08450809866189957,
    -0.6884127259254456,
    -0.451116144657135,
    1.7903952598571777,
    -0.5153871774673462,
    -0.39075997471809387,
    -0.9439460039138794,
    0.4951360523700714,
    -1.8991788625717163,
    -0.6592404246330261,
    0.8959224820137024,
    -1.0456892251968384,
    0.9306735396385193
  ],
  "CC(C)(C)OC": [
    1.5830636024475098,
    0.7597140073776245,
    -0.24791933596134186,
    -0.26935169100761414,
    -1.0217193365097046,
    -0.5081300139427185,
    1.911930799484253,
    -0.516374409198761,
    -0.5067934393882751,
    -0.8219971656799316,
    0.657089114189148,
    -1.8082112073898315,
    -0.6800644993782043,
    1.288644790649414,
    -0.5819382071495056,
    0.7809020280838013
  ],