{
  "CO": [
    1.7278822660446167,
    -0.39927059412002563,
    0.20339617133140564,
    -0.14556926488876343,
    -0.00637085922062397,
    -1.4146331548690796,
    0.9613599181175232,
    -0.1810859888792038,
    0.36814141273498535,
    -1.5847914218902588,
    0.3092796504497528,
    -1.2888809442520142,
    0.22108742594718933,
    0.7509920001029968,
    -1.2852965593338013,
    1.7734135389328003
  ],
  "OCCO": [
    2.076286792755127,
    -0.4306022524833679,
    0.09551864117383957,
    0.319613516330719,
    0.7398671507835388,
    -1.4214280843734741,
    0.7768447399139404,
    -0.450470894575119,
    -0.2837611138820648,
    -1.4238998889923096,
    0.5041418671607971,
    -1.2479844093322754,
    0.0595991350710392,
    0.5520931482315063,
    -1.3025799989700317,
    1.4470654726028442
  ],
  "C(C(F)(F)F)(C(F)(F)F)O": [
    1.30520498752594,
    -0.3407876789569855,
    0.0693507120013237,
    -0.35996297001838684,
    -0.5601422786712646,
    -1.4997552633285522,
    0.9388262033462524,
    0.07922233641147614,
    0.4223131835460663,
    -2.012613296508789,
    0.475162148475647,
    -1.0855183601379395,
    0.48874932527542114,
    0.6959397196769714,
    -0.5636327862739563,
    1.9590150117874146
  ],
  "O1C(C)CCC1": [
    2.0271120071411133,
    0.6464011669158936,
    0.21952839195728302,
    -0.16466090083122253,
    -0.45794710516929626,
    -0.5202555060386658,
    1.6192165613174438,
    -0.4841795563697815,
    -0.3821566104888916,
    -0.9979372024536133,
    0.451608806848526,
    -1.9221229553222656,
    -0.5237200260162354,
    0.6929005980491638,
    -1.1843867301940918,
    0.9926583766937256
  ],
  "C1CCCCC1": [
    1.9322054386138916,
    0.5011922121047974,
    0.04018937796354294,
    -0.2501041889190674,
    -0.9353148937225342,
    -0.8450722098350525,
    1.5967190265655518,
    -0.14749495685100555,
    -0.24352292716503143,
    -0.8752432465553284,
    0.7361767888069153,
    -1.9596397876739502,
    -0.3690441846847534,
    0.8039447069168091,
    -0.9665508270263672,
    0.992812991142273
  ],
  "CC(O)C": [
    2.0978331565856934,
    0.324271559715271,
    0.1743515282869339,
    0.06994998455047607,
    0.12766698002815247,
    -0.9088312387466431,
    1.223964810371399,
    -0.4850565493106842,
    -0.239824116230011,
    -1.4872260093688965,
    0.5757649540901184,
    -1.5465909242630005,
    -0.31358298659324646,
    0.5796839594841003,
    -1.411858081817627,
    1.2321431636810303
  ],
  "O.CC#N": [
    1.8688092231750488,
    -0.7502516508102417,
    -0.11680448055267334,
    0.21194569766521454,
    0.4452184736728668,
    -1.6671879291534424,
    0.5268234014511108,
    -0.1293940246105194,
    -0.182541161775589,
    -1.4117778539657593,
    0.6229612231254578,
    -0.977256178855896,
    0.30109262466430664,
    0.6512734889984131,
    -1.1912226676940918,
    1.804595708847046
  ],
  "CC#N": [
    2.1687536239624023,
    0.11263486742973328,
    0.17898935079574585,
    0.039916686713695526,
    0.06591874361038208,
    -0.9605582356452942,
    1.1463619470596313,
    -0.46748751401901245,
    -0.014420839957892895,
    -1.465345025062561,
    0.5503115653991699,
    -1.4992084503173828,
    -0.16694045066833496,
    0.4585915505886078,
    -1.4632962942123413,
    1.3261833190917969
  ],
  "CC#N.CC(=O)O": [
    2.1353979110717773,
    -0.003329533152282238,
    0.15677356719970703,
    -0.0033375935163348913,
    0.04407940432429314,
    -1.022131085395813,
    1.0869792699813843,
    -0.4609728753566742,
    0.12711751461029053,
    -1.5360606908798218,
    0.6152316331863403,
    -1.4061272144317627,
    -0.1171223521232605,
    0.49639418721199036,
    -1.4671908617019653,
    1.364932894706726
  ],
  "CCOCC": [
    1.7317341566085815,
    0.6799521446228027,
    -0.04122163727879524,
    -0.19812093675136566,
    -0.8452054262161255,
    -0.4182029962539673,
    1.8934922218322754,
    -0.5233377814292908,
    -0.4335235357284546,
    -0.9435513019561768,
    0.4723200798034668,
    -1.901458740234375,
    -0.6114956736564636,
    1.0387089252471924,
    -0.8124104142189026,
    0.9282190203666687
  ],
  "OCC(F)(F)F": [
    1.8974084854125977,
    -0.3166089355945587,
    -0.01020248606801033,
    -0.12378452718257904,
    0.17694906890392303,
    -1.574683427810669,
    0.7447850108146667,
    -0.3283872604370117,
    0.09050082415342331,
    -1.7946857213974,
    0.6738489866256714,
    -0.8392850160598755,
    0.2986804246902466,
    0.6313233375549316,
    -1.1827303171157837,
    1.6689860820770264
  ],
  "O.OCC(F)(F)F": [
    1.5116099119186401,
    -0.9068034887313843,
    -0.08594092726707458,
    0.03583988919854164,
    0.34607741236686707,
    -1.8575739860534668,
    0.6256154775619507,
    0.14987963438034058,
    -0.18023231625556946,
    -1.5671650171279907,
    0.5560246706008911,
    -0.8581447601318359,
    0.5407394766807556,
    0.6905900835990906,
    -0.909913957118988,
    1.9186559915542603
  ],
  "CN(C)C(C)=O": [
    2.0688140392303467,
    0.5033549070358276,
    0.3813847601413727,
    -0.07787817716598511,
    -0.0013828445225954056,
    -0.7319859862327576,
    1.2798054218292236,
    -0.5420581102371216,
    -0.3486158549785614,
    -1.3299708366394043,
    0.5143792629241943,
    -1.8395298719406128,
    -0.36309105157852173,
    0.6520281434059143,
    -1.2650614976882935,
    1.111193299293518
  ],
  "CCCCCCCCCCO": [
    1.8753091096878052,
    0.5885066986083984,
    0.13274286687374115,
    -0.44957032799720764,
    -0.5191625356674194,
    -0.3915099799633026,
    1.6186819076538086,
    -0.5851523876190186,
    -0.5034996867179871,
    -1.0057395696640015,
    0.6092464327812195,
    -1.9124531745910645,
    -0.5480074286460876,
    1.0731050968170166,
    -0.9613444805145264,
    0.9920826554298401
  ],
  "OCC": [
    2.105337619781494,
    0.02886280044913292,
    0.13704414665699005,
    0.009514185599982738,
    0.224117711186409,
    -1.0811388492584229,
    1.1274162530899048,
    -0.47221696376800537,
    -0.06580619513988495,
    -1.5368164777755737,
    0.5459281206130981,
    -1.3065732717514038,
    -0.15444844961166382,
    0.5731533169746399,
    -1.4987001419067383,
    1.3770052194595337
  ],
  "C1CCOC1": [
    1.9862055778503418,
    0.5595616102218628,
    0.2211219072341919,
    -0.1671270728111267,
    -0.49484866857528687,
    -0.48289570212364197,
    1.6462534666061401,
    -0.4310421645641327,
    -0.3024579584598541,
    -0.9644540548324585,
    0.5093403458595276,
    -2.0110816955566406,
    -0.5656676888465881,
    0.6913021206855774,
    -1.158751130104065,
    0.9761759638786316
  ],
  "[C@H]12CCC([C@H](OC1)O2)=O": [
    2.2203574180603027,
    0.034283481538295746,
    0.3905940651893616,
    0.09076110273599625,
    0.36622923612594604,
    -1.029042363166809,
    0.9187268018722534,
    -0.5541144609451294,
    -0.2382356971502304,
    -1.4038078784942627,
    0.5058186650276184,
    -1.5953830480575562,
    -0.16559669375419617,
    0.5415526032447815,
    -1.3506553173065186,
    1.27781081199646
  ],
  "O=C(OCC)C": [
    1.9874207973480225,
    0.6640077829360962,
    0.12531399726867676,
    -0.1262514889240265,
    -0.5058910250663757,
    -0.556423544883728,
    1.6767874956130981,
    -0.43490004539489746,
    -0.27726832032203674,
    -1.0081682205200195,
    0.5153469443321228,
    -1.8846856355667114,
    -0.5872724056243896,
    0.7421736121177673,
    -1.2261208295822144,
    0.9097583293914795
  ],
  "CC(C)(C)OC": [
    1.6893107891082764,
    0.7542140483856201,
    -0.16524851322174072,
    -0.18644766509532928,
    -0.9320132732391357,
    -0.5644482970237732,
    1.9505423307418823,
    -0.4578179717063904,
    -0.5073397159576416,
    -0.8278194665908813,
    0.625521183013916,
    -1.8339110612869263,
    -0.6247623562812805,
    1.0384533405303955,
    -0.7744929790496826,
    0.8332673907279968
  ],