{
  "CO": [
    1.4260072708129883,
    -0.6955447196960449,
    0.38793817162513733,
    -0.2564752399921417,
    0.697658121585846,
    -0.8403857350349426,
    0.618864893913269,
    -0.6937827467918396,
    -0.2578972280025482,
    -1.1358859539031982,
    1.4091495275497437,
    -1.4491573572158813,
    0.44709283113479614,
    0.6424146294593811,
    -1.7616057395935059,
    1.4497827291488647
  ],
  "OCCO": [
    1.5727990865707397,
    -0.6625156998634338,
    0.317790687084198,
    0.028266191482543945,
    1.236972689628601,
    -0.9127379059791565,
    0.374969482421875,
    -0.7374130487442017,
    -0.6288111209869385,
    -1.053804636001587,
    1.3504011631011963,
    -1.3768656253814697,
    0.3863670527935028,
    0.4780121147632599,
    -1.660846471786499,
    1.2740331888198853
  ],
  "C(C(F)(F)F)(C(F)(F)F)O": [
    1.4795763492584229,
    -0.3220285475254059,
    0.0683772936463356,
    -0.6031651496887207,
    0.25638338923454285,
    -0.93594890832901,
    0.6610748767852783,
    -0.49167749285697937,
    -0.008008426055312157,
    -1.860982894897461,
    1.5414680242538452,
    -1.083113670349121,
    0.5271849036216736,
    0.4276757836341858,
    -1.2810086011886597,
    1.6171952486038208
  ],
  "O1C(C)CCC1": [
    1.5790014266967773,
    0.33083781599998474,
    0.4712258279323578,
    -0.3851286768913269,
    -0.04267297685146332,
    -0.153191938996315,
    1.3598629236221313,
    -0.6953014135360718,
    -0.9827045202255249,
    -0.6352636218070984,
    1.1460195779800415,
    -2.0437211990356445,
    -0.3413766324520111,
    0.7862678170204163,
    -1.4468432664871216,
    1.0438323020935059
  ],
  "C1CCCCC1": [
    1.5157464742660522,
    0.2732850909233093,
    0.20822691917419434,
    -0.4632757604122162,
    -0.6305440068244934,
    -0.5285168290138245,
    1.5307247638702393,
    -0.3382328450679779,
    -0.8287252187728882,
    -0.5346227884292603,
    1.3184541463851929,
    -2.091301918029785,
    -0.24626313149929047,
    0.9171920418739319,
    -1.1371806859970093,
    1.0292472839355469
  ],
  "CC(O)C": [
    1.624860405921936,
    0.0347876250743866,
    0.4907599687576294,
    -0.33482828736305237,
    0.5917001366615295,
    -0.44541293382644653,
    0.8371828198432922,
    -0.8541892170906067,
    -0.7211179137229919,
    -1.1265766620635986,
    1.4198381900787354,
    -1.6892422437667847,
    0.04996556043624878,
    0.5989471673965454,
    -1.6522997617721558,
    1.1636048555374146
  ],
  "O.CC#N": [
    1.469482421875,
    -0.8270812630653381,
    0.16307730972766876,
    -0.11153411120176315,
    0.8628190159797668,
    -1.0826516151428223,
    0.44233667850494385,
    -0.5343466401100159,
    -0.6510810852050781,
    -1.0918970108032227,
    1.5565543174743652,
    -1.3244435787200928,
    0.5613958835601807,
    0.4877241253852844,
    -1.4496307373046875,
    1.5170780420303345
  ],
  "CC#N": [
    1.6406713724136353,
    -0.20193926990032196,
    0.47900980710983276,
    -0.2233642339706421,
    0.5708131790161133,
    -0.3384647071361542,
    0.7952046394348145,
    -0.7995836734771729,
    -0.564976692199707,
    -1.1512799263000488,
    1.367039680480957,
    -1.7139191627502441,
    0.16933394968509674,
    0.434482604265213,
    -1.74930739402771,
    1.2731006145477295
  ],
  "CC#N.CC(=O)O": [
    1.6153616905212402,
    -0.3149811327457428,
    0.40254858136177063,
    -0.24470703303813934,
    0.5825070142745972,
    -0.42951884865760803,
    0.7065329551696777,
    -0.8369082808494568,
    -0.39870932698249817,
    -1.211133599281311,
    1.4708510637283325,
    -1.5890311002731323,
    0.20439806580543518,
    0.5286795496940613,
    -1.7744184732437134,
    1.275774359703064
  ],
  "CCOCC": [
    1.3668112754821777,
    0.3925579786300659,
    0.16586147248744965,
    -0.41634494066238403,
    -0.42931148409843445,
    -0.18292275071144104,
    1.7548819780349731,
    -0.6708964109420776,
    -1.0407978296279907,
    -0.5623734593391418,
    1.1306222677230835,
    -1.9681562185287476,
    -0.440064400434494,
    1.0106364488601685,
    -1.1464732885360718,
    1.0312446355819702
  ],
  "OCC(F)(F)F": [
    1.4652671813964844,
    -0.4527197480201721,
    0.2962001860141754,
    -0.5618221163749695,
    0.3989015817642212,
    -0.9858366847038269,
    0.866816520690918,
    -0.807529628276825,
    -0.4283464252948761,
    -1.409639596939087,
    1.5401358604431152,
    -1.2080031633377075,
    0.6256511211395264,
    0.6759834885597229,
    -1.4082459211349487,
    1.385146141052246
  ],
  "O.OCC(F)(F)F": [
    1.2666378021240234,
    -1.014308214187622,
    0.0941750779747963,
    -0.1788063943386078,
    0.8276700377464294,
    -1.3095862865447998,
    0.4371383786201477,
    -0.2909301519393921,
    -0.6840295791625977,
    -1.1382466554641724,
    1.5918947458267212,
    -1.1960749626159668,
    0.7147619724273682,
    0.6471990346908569,
    -1.2997615337371826,
    1.5229638814926147
  ],
  "CN(C)C(C)=O": [
    1.6047569513320923,
    0.18035753071308136,
    0.6526534557342529,
    -0.3270326256752014,
    0.4432671070098877,
    -0.26196494698524475,
    0.9074578285217285,
    -0.8816079497337341,
    -0.9141342043876648,
    -0.9514071941375732,
    1.3155170679092407,
    -1.937807321548462,
    -0.06325118243694305,
    0.6636776924133301,
    -1.5091829299926758,
    1.06630277633667
  ],
  "CCCCCCCCCCO": [
    1.492276668548584,
    0.4025719463825226,
    0.2871600389480591,
    -0.5675194263458252,
    -0.008503207005560398,
    -0.052180372178554535,
    1.3522764444351196,
    -0.8008183836936951,
    -1.2482420206069946,
    -0.4684458374977112,
    1.334413766860962,
    -1.9205403327941895,
    -0.48256054520606995,
    1.0501925945281982,
    -1.2339357137680054,
    0.8563783764839172
  ],
  "OCC": [
    1.6511752605438232,
    -0.23960639536380768,
    0.40868598222732544,
    -0.28223666548728943,
    0.7136824131011963,
    -0.4909302294254303,
    0.7638685703277588,
    -0.8728954792022705,
    -0.5810628533363342,
    -1.1975220441818237,
    1.3819420337677002,
    -1.4624884128570557,
    0.1722320169210434,
    0.5837201476097107,
    -1.795545220375061,
    1.2353025674819946
  ],
  "C1CCOC1": [
    1.5052589178085327,
    0.2412341833114624,
    0.41761553287506104,
    -0.3734596073627472,
    -0.1332710236310959,
    -0.06116083264350891,
    1.4717457294464111,
    -0.672118067741394,
    -0.9207220673561096,
    -0.5663908123970032,
    1.1977874040603638,
    -2.10345721244812,
    -0.412949800491333,
    0.803632378578186,
    -1.4074573516845703,
    1.0052934885025024
  ],
  "[C@H]12CCC([C@H](OC1)O2)=O": [
    1.7160835266113281,
    -0.27193596959114075,
    0.6328733563423157,
    -0.21881552040576935,
    0.8429469466209412,
    -0.5032323598861694,
    0.5234778523445129,
    -0.8968766331672668,
    -0.6246427893638611,
    -1.0781705379486084,
    1.3530702590942383,
    -1.7577818632125854,
    0.20312385261058807,
    0.49002543091773987,
    -1.575404405593872,
    1.1509318351745605
  ],
  "O=C(OCC)C": [
    1.3633487224578857,
    0.34234482049942017,
    0.23005449771881104,
    -0.3174782991409302,
    -0.38246259093284607,
    0.01863129436969757,
    1.7390460968017578,
    -0.6694874167442322,
    -0.9569776058197021,
    -0.5257811546325684,
    1.0623470544815063,
    -2.0305399894714355,
    -0.5716469287872314,
    1.0239282846450806,
    -1.282567024230957,
    0.9522452354431152
  ],
  "CC(C)(C)OC": [
    1.2736812829971313,
    0.4679323732852936,
    -0.07738060504198074,
    -0.5608662366867065,
    -0.7419692277908325,
    -0.2550402283668518,
    1.9069006443023682,
    -0.6035459041595459,
    -1.0286438465118408,
    -0.40675002336502075,
    1.0217856168746948,
    -1.8731187582015991,
    -0.5646040439605713,
    1.3684805631637573,
    -0.7904677391052246,
    0.863558292388916
  ],