{
  "CO": [
    1.9585400819778442,
    -0.45723265409469604,
    -0.04784325137734413,
    0.08544125407934189,
    0.4898141324520111,
    -1.3615217208862305,
    0.5444847345352173,
    -0.5137865543365479,
    0.14016258716583252,
    -1.488918662071228,
    0.654731035232544,
    -0.9769511222839355,
    0.231048122048378,
    0.6159756183624268,
    -1.5507302284240723,
    1.6785601377487183
  ],
  "OCCO": [
    1.9155032634735107,
    -0.5609077215194702,
    0.14816060662269592,
    0.3757449686527252,
    0.8810814619064331,
    -1.3321959972381592,
    0.6984870433807373,
    -0.46156421303749084,
    -0.35858526825904846,
    -1.289258599281311,
    0.6898501515388489,
    -1.398830771446228,
    0.1465509682893753,
    0.48878854513168335,
    -1.4073106050491333,
    1.4664349555969238
  ],
  "C(C(F)(F)F)(C(F)(F)F)O": [
    1.2770854234695435,
    -0.3444996476173401,
    0.06001177802681923,
    -0.38922038674354553,
    -0.30576401948928833,
    -1.4076659679412842,
    0.9759018421173096,
    -0.012608318589627743,
    0.5251813530921936,
    -1.9550238847732544,
    0.3447116017341614,
    -1.1568509340286255,
    0.4620721638202667,
    0.5394879579544067,
    -0.7128593325614929,
    2.106081247329712
  ],
  "O1C(C)CCC1": [
    1.8449548482894897,
    0.6424747109413147,
    0.164874866604805,
    -0.08170435577630997,
    -0.4461372196674347,
    -0.33294689655303955,
    1.7032283544540405,
    -0.5932602286338806,
    -0.5960888266563416,
    -0.9114107489585876,
    0.5141603350639343,
    -2.046839952468872,
    -0.5559353828430176,
    0.7906538844108582,
    -1.0780589580535889,
    0.9889785051345825
  ],
  "C1CCCCC1": [
    1.528600811958313,
    0.6275390982627869,
    -0.3346083164215088,
    -0.521202802658081,
    -1.007146954536438,
    -0.7333309650421143,
    1.7091864347457886,
    -0.3482080101966858,
    -0.3428519666194916,
    -0.8408288359642029,
    0.6941822171211243,
    -1.8995391130447388,
    -0.633061408996582,
    1.5230971574783325,
    -0.2521299719810486,
    0.8445801734924316
  ],
  "CC(O)C": [
    2.042436361312866,
    0.26812613010406494,
    0.27694207429885864,
    -0.05671325698494911,
    0.20501808822155,
    -0.8363772630691528,
    1.1545344591140747,
    -0.6015085577964783,
    -0.26474714279174805,
    -1.4253783226013184,
    0.7108517289161682,
    -1.6638010740280151,
    -0.18335431814193726,
    0.548099160194397,
    -1.4222880601882935,
    1.2530930042266846
  ],
  "O.CC#N": [
    1.7840994596481323,
    -0.7422686815261841,
    -0.024505263194441795,
    0.18576167523860931,
    0.5596232414245605,
    -1.4801188707351685,
    0.6459276080131531,
    -0.2570134103298187,
    -0.28093522787094116,
    -1.359375,
    0.7784166932106018,
    -1.1720210313796997,
    0.39744168519973755,
    0.48031705617904663,
    -1.3075058460235596,
    1.7927998304367065
  ],
  "CC#N": [
    2.063704013824463,
    0.043408848345279694,
    0.22100013494491577,
    0.08208722621202469,
    0.13674195110797882,
    -0.7153668403625488,
    1.144290566444397,
    -0.5063655376434326,
    -0.10498382896184921,
    -1.4184393882751465,
    0.6931906938552856,
    -1.729803442955017,
    -0.0891595408320427,
    0.3458695709705353,
    -1.49811851978302,
    1.334200382232666
  ],
  "CC#N.CC(=O)O": [
    2.0424506664276123,
    -0.09321842342615128,
    0.15638414025306702,
    0.08866370469331741,
    0.22024379670619965,
    -0.8466095924377441,
    1.0298658609390259,
    -0.5584554672241211,
    -0.0005625878693535924,
    -1.4728211164474487,
    0.7689599990844727,
    -1.5626972913742065,
    -0.03480716422200203,
    0.432125061750412,
    -1.5479780435562134,
    1.380974531173706
  ],
  "CCOCC": [
    1.6973835229873657,
    0.6804936528205872,
    -0.04019537940621376,
    -0.08941041678190231,
    -0.6717215776443481,
    -0.387959748506546,
    1.8702000379562378,
    -0.5810114145278931,
    -0.6546326875686646,
    -0.878889799118042,
    0.6405192613601685,
    -1.987758755683899,
    -0.5923082828521729,
    0.9351718425750732,
    -0.8465076088905334,
    0.9165390133857727
  ],
  "OCC(F)(F)F": [
    1.6892704963684082,
    -0.3254261910915375,
    0.18799133598804474,
    -0.25255537033081055,
    -0.19827258586883545,
    -1.2800780534744263,
    1.091739535331726,
    -0.3200046718120575,
    0.2932441830635071,
    -1.790575623512268,
    0.5233678221702576,
    -1.292759895324707,
    0.37525656819343567,
    0.5797281861305237,
    -1.0475879907608032,
    1.773069977760315
  ],
  "O.OCC(F)(F)F": [
    1.6815357208251953,
    -0.8492440581321716,
    -0.07719608396291733,
    0.07551287859678268,
    0.546410858631134,
    -1.6698795557022095,
    0.6178696155548096,
    -0.2745725214481354,
    -0.23106974363327026,
    -1.429822564125061,
    0.7543321251869202,
    -0.9532007575035095,
    0.5554440021514893,
    0.5992962121963501,
    -1.1530386209487915,
    1.8107081651687622
  ],
  "CN(C)C(C)=O": [
    2.002185344696045,
    0.38295626640319824,
    0.4414044916629791,
    -0.1350095272064209,
    0.0884983167052269,
    -0.5946748852729797,
    1.3200057744979858,
    -0.6204508543014526,
    -0.34886789321899414,
    -1.2727606296539307,
    0.5332794785499573,
    -1.9365593194961548,
    -0.2694195508956909,
    0.6162594556808472,
    -1.322901725769043,
    1.1211150884628296
  ],
  "CCCCCCCCCCO": [
    1.8891433477401733,
    0.6082442998886108,
    0.11064443737268448,
    -0.3891860246658325,
    -0.30085015296936035,
    -0.33448660373687744,
    1.5528076887130737,
    -0.5928633809089661,
    -0.6640409827232361,
    -0.9963104128837585,
    0.8057209849357605,
    -1.9623597860336304,
    -0.5922842621803284,
    1.0166181325912476,
    -0.9986739158630371,
    0.8565621376037598
  ],
  "OCC": [
    2.064887762069702,
    -0.014074391685426235,
    0.22617784142494202,
    0.007879795506596565,
    0.36083897948265076,
    -0.9326278567314148,
    1.054556131362915,
    -0.6028077602386475,
    -0.19636526703834534,
    -1.429648518562317,
    0.6585363149642944,
    -1.4498497247695923,
    -0.05415754020214081,
    0.5085269212722778,
    -1.574418067932129,
    1.3767893314361572
  ],
  "C1CCOC1": [
    1.8937956094741821,
    0.5106240510940552,
    0.22519993782043457,
    -0.11148185282945633,
    -0.39048922061920166,
    -0.3536034822463989,
    1.6563395261764526,
    -0.5166918039321899,
    -0.4425560534000397,
    -0.9066961407661438,
    0.6329351663589478,
    -2.1219921112060547,
    -0.5431538820266724,
    0.6460810303688049,
    -1.1543264389038086,
    0.9815691113471985
  ],
  "[C@H]12CCC([C@H](OC1)O2)=O": [
    2.1801435947418213,
    -0.11978458613157272,
    0.39460375905036926,
    0.052868518978357315,
    0.5648397207260132,
    -0.8587490916252136,
    0.8538910150527954,
    -0.6398062705993652,
    -0.2314946949481964,
    -1.267114281654358,
    0.562376081943512,
    -1.6249080896377563,
    -0.0693630799651146,
    0.41941145062446594,
    -1.5415496826171875,
    1.3255456686019897
  ],
  "O=C(OCC)C": [
    1.939508080482483,
    0.5801789164543152,
    0.1561029702425003,
    -0.05328746512532234,
    -0.3628564476966858,
    -0.42400509119033813,
    1.6762745380401611,
    -0.475064754486084,
    -0.37735679745674133,
    -0.9639313817024231,
    0.6208198070526123,
    -1.9905824661254883,
    -0.5566249489784241,
    0.64821457862854,
    -1.305006742477417,
    0.8950640559196472
  ],
  "CC(C)(C)OC": [
    1.6654740571975708,
    0.6679013967514038,
    -0.1397118866443634,
    -0.210440993309021,
    -0.8676785230636597,
    -0.46915802359580994,
    1.9894399642944336,
    -0.4810781478881836,
    -0.5519266724586487,
    -0.82888263463974,
    0.6409366726875305,
    -1.8879929780960083,
    -0.6080403327941895,
    0.9873197674751282,
    -0.7764952778816223,
    0.8825867772102356
  ],