{
  "CO": [
    0.5824499130249023,
    -1.9305391311645508,
    1.0619831085205078,
    -0.6136354804039001,
    0.41413554549217224,
    0.05269046127796173,
    -0.12593893706798553,
    0.3482932150363922,
    -0.17589466273784637,
    -1.2523834705352783,
    1.2462756633758545,
    -0.5842555165290833,
    0.5431802272796631,
    1.2210875749588013,
    -1.899213433265686,
    1.1111310720443726
  ],
  "OCCO": [
    1.1972390413284302,
    -1.622126817703247,
    0.8709205389022827,
    -0.11582795530557632,
    1.2614476680755615,
    -0.24225987493991852,
    -0.5570863485336304,
    -0.16202835738658905,
    -0.7740858793258667,
    -1.0818010568618774,
    1.4162466526031494,
    -0.6398785710334778,
    0.6124142408370972,
    0.7402933239936829,
    -1.8064000606536865,
    0.8995956778526306
  ],
  "C(C(F)(F)F)(C(F)(F)F)O": [
    1.0598170757293701,
    -1.3175112009048462,
    0.35953959822654724,
    -0.7343230247497559,
    0.3914410173892975,
    -0.29652532935142517,
    -0.0867653638124466,
    0.2725425660610199,
    -0.1503162533044815,
    -2.047990083694458,
    1.6636390686035156,
    -0.21594053506851196,
    0.5748481154441833,
    0.7195932269096375,
    -1.5548208951950073,
    1.3615479469299316
  ],
  "O1C(C)CCC1": [
    1.1829113960266113,
    -1.2646849155426025,
    1.0249933004379272,
    -0.29568392038345337,
    0.2560133635997772,
    0.3311239778995514,
    0.6136741042137146,
    0.34939733147621155,
    -1.7250820398330688,
    -0.828640341758728,
    1.0565451383590698,
    -1.3153995275497437,
    0.23305827379226685,
    1.3403977155685425,
    -1.5711134672164917,
    0.6118761897087097
  ],
  "C1CCCCC1": [
    0.7931419610977173,
    -0.7708396911621094,
    -0.04697035625576973,
    -0.7999640107154846,
    -0.7707529067993164,
    -0.3247762620449066,
    1.4781522750854492,
    0.6201184988021851,
    -1.70103120803833,
    -0.16994795203208923,
    0.6917160153388977,
    -1.1351051330566406,
    -0.3033321797847748,
    2.455228567123413,
    -0.2015291005373001,
    0.1903405487537384
  ],
  "CC(O)C": [
    1.058883547782898,
    -1.3810282945632935,
    1.0471420288085938,
    -0.17025217413902283,
    0.8335462212562561,
    -0.015687603503465652,
    -0.18677470088005066,
    -0.0715416818857193,
    -1.257012963294983,
    -1.2360576391220093,
    1.383099913597107,
    -0.776681661605835,
    0.6431443691253662,
    1.0453325510025024,
    -1.794626235961914,
    0.8759595155715942
  ],
  "O.CC#N": [
    0.7651329636573792,
    -1.9955095052719116,
    0.7488284707069397,
    -0.4636664092540741,
    0.6885927319526672,
    -0.1966933310031891,
    -0.31986725330352783,
    0.4054166078567505,
    -0.5247982740402222,
    -1.1004796028137207,
    1.4176781177520752,
    -0.516893208026886,
    0.7820342183113098,
    0.8040436506271362,
    -1.7861560583114624,
    1.290667176246643
  ],
  "CC#N": [
    1.013615608215332,
    -1.558095097541809,
    0.9327396154403687,
    -0.09381544589996338,
    0.6718709468841553,
    0.16687515377998352,
    -0.27236154675483704,
    0.0034064974170178175,
    -0.9065415263175964,
    -1.3084958791732788,
    1.4410269260406494,
    -0.8244808912277222,
    0.6988396048545837,
    0.8472633957862854,
    -1.8718633651733398,
    1.0572855472564697
  ],
  "CC#N.CC(=O)O": [
    1.0107057094573975,
    -1.605126142501831,
    0.8743763566017151,
    -0.11654700338840485,
    0.7096794843673706,
    0.1283133327960968,
    -0.27213791012763977,
    0.014220204204320908,
    -0.7524222731590271,
    -1.322583794593811,
    1.4755939245224,
    -0.6905645728111267,
    0.6174361705780029,
    0.8280234336853027,
    -1.9660323858261108,
    1.0644428730010986
  ],
  "CCOCC": [
    1.0354127883911133,
    -1.2730886936187744,
    0.7053128480911255,
    -0.2661478817462921,
    -0.007586099207401276,
    0.16560505330562592,
    1.1054984331130981,
    0.5091671943664551,
    -1.9659785032272339,
    -0.6280964612960815,
    1.038177728652954,
    -1.2057476043701172,
    0.1677929013967514,
    1.5310924053192139,
    -1.3684027194976807,
    0.457783043384552
  ],
  "OCC(F)(F)F": [
    1.0508559942245483,
    -1.5637608766555786,
    0.48443368077278137,
    -0.42660096287727356,
    0.7430576682090759,
    -0.3518020510673523,
    -0.2885967195034027,
    -0.01355998869985342,
    -0.5461698174476624,
    -1.5178688764572144,
    1.5446503162384033,
    -0.13194313645362854,
    0.6822164058685303,
    0.9307550191879272,
    -1.8418877124786377,
    1.2442599534988403
  ],
  "O.OCC(F)(F)F": [
    0.7181673049926758,
    -1.8927704095840454,
    0.44450846314430237,
    -0.3656998574733734,
    0.8303181529045105,
    -0.6564319133758545,
    -0.3350210189819336,
    0.443146675825119,
    -0.6750890612602234,
    -1.0742539167404175,
    1.5768238306045532,
    -0.26742470264434814,
    0.7045197486877441,
    0.8973745107650757,
    -1.6933352947235107,
    1.3436051607131958
  ],
  "CN(C)C(C)=O": [
    1.1258457899093628,
    -1.265138030052185,
    1.2673749923706055,
    -0.1606578528881073,
    0.722544252872467,
    0.18176396191120148,
    -0.054539330303668976,
    -0.027099793776869774,
    -1.5233296155929565,
    -1.0617200136184692,
    1.1718988418579102,
    -1.1406052112579346,
    0.5382577180862427,
    1.1167311668395996,
    -1.649411916732788,
    0.7556907534599304
  ],
  "CCCCCCCCCCO": [
    0.937430202960968,
    -1.0624476671218872,
    0.650009274482727,
    -0.5738621950149536,
    -0.05590536445379257,
    0.4464598298072815,
    0.7570099830627441,
    0.24517527222633362,
    -2.186509132385254,
    -0.4417177140712738,
    1.2985273599624634,
    -1.107068657875061,
    0.12185700237751007,
    1.8262927532196045,
    -1.0662811994552612,
    0.2120792120695114
  ],
  "OCC": [
    1.024288535118103,
    -1.5624595880508423,
    0.8976680636405945,
    -0.11552505940198898,
    0.8982263803482056,
    0.010993181727826595,
    -0.332466721534729,
    -0.07211659848690033,
    -0.9470850825309753,
    -1.2785149812698364,
    1.414201259613037,
    -0.5789303183555603,
    0.6501171588897705,
    0.9216964244842529,
    -1.9154099225997925,
    0.982658326625824
  ],
  "C1CCOC1": [
    1.027880311012268,
    -1.4284389019012451,
    1.0758543014526367,
    -0.1609068363904953,
    0.23668666183948517,
    0.34546151757240295,
    0.5915827751159668,
    0.37184596061706543,
    -1.7620500326156616,
    -0.6293824315071106,
    1.1794707775115967,
    -1.4347028732299805,
    0.23803742229938507,
    1.280941128730774,
    -1.462681531906128,
    0.529748260974884
  ],
  "[C@H]12CCC([C@H](OC1)O2)=O": [
    1.1595507860183716,
    -1.550291895866394,
    1.2241616249084473,
    -0.17673304677009583,
    0.9411947131156921,
    0.08685295283794403,
    -0.4765757918357849,
    -0.13370373845100403,
    -0.8650785088539124,
    -1.1374223232269287,
    1.3451206684112549,
    -0.9807277321815491,
    0.6138942837715149,
    0.8373069167137146,
    -1.7300441265106201,
    0.8393439054489136
  ],
  "O=C(OCC)C": [
    0.830021321773529,
    -1.3551177978515625,
    0.8097195625305176,
    -0.22435390949249268,
    -0.22278611361980438,
    0.518770694732666,
    1.172807216644287,
    0.48630839586257935,
    -1.8014063835144043,
    -0.5005530118942261,
    0.9258370995521545,
    -1.321635365486145,
    0.08005104959011078,
    1.667365312576294,
    -1.3693017959594727,
    0.30565357208251953
  ],
  "CC(C)(C)OC": [
    0.7409120798110962,
    -0.974484920501709,
    0.25528618693351746,
    -0.448053240776062,
    -0.5845198035240173,
    0.03437468782067299,
    1.590612530708313,
    0.5347673892974854,
    -2.0064375400543213,
    -0.3047114908695221,
    0.8227827548980713,
    -1.108857274055481,
    -0.11877993494272232,
    2.1420328617095947,
    -0.6767569780349731,
    0.10531996935606003
  ],