{
  "CO": [
    1.953970193862915,
    -0.46355530619621277,
    -0.06862495094537735,
    0.10854745656251907,
    0.45837879180908203,
    -1.4355132579803467,
    0.5427404642105103,
    -0.4182300567626953,
    0.09530734270811081,
    -1.5622152090072632,
    0.636853039264679,
    -0.9896806478500366,
    0.2565811574459076,
    0.6804690361022949,
    -1.4435614347457886,
    1.6534836292266846
  ],
  "OCCO": [
    1.8879826068878174,
    -0.588617742061615,
    0.06889555603265762,
    0.3774676024913788,
    0.896659791469574,
    -1.4683746099472046,
    0.624291718006134,
    -0.3541733920574188,
    -0.36422181129455566,
    -1.3577862977981567,
    0.5939314961433411,
    -1.2647597789764404,
    0.20828071236610413,
    0.5445927381515503,
    -1.3434364795684814,
    1.543889045715332
  ],
  "C(C(F)(F)F)(C(F)(F)F)O": [
    1.7283194065093994,
    -0.17485038936138153,
    -0.11292405426502228,
    -0.21575000882148743,
    -0.09623420983552933,
    -1.4612864255905151,
    0.5819907188415527,
    -0.17026019096374512,
    0.3208421766757965,
    -2.166417121887207,
    0.7534704208374023,
    -0.9814985990524292,
    0.499666303396225,
    0.4140830338001251,
    -0.6780949831008911,
    1.7665183544158936
  ],
  "O1C(C)CCC1": [
    1.922912359237671,
    0.5956606268882751,
    0.21059651672840118,
    -0.10425759106874466,
    -0.4559252858161926,
    -0.49641597270965576,
    1.632941722869873,
    -0.5224402546882629,
    -0.5161266922950745,
    -1.004401445388794,
    0.451395183801651,
    -2.0380494594573975,
    -0.47378772497177124,
    0.7919031381607056,
    -1.025100588798523,
    1.0402601957321167
  ],
  "C1CCCCC1": [
    1.8306891918182373,
    0.5021806359291077,
    -0.017327452078461647,
    -0.16286128759384155,
    -0.8609097599983215,
    -0.9080116152763367,
    1.6028413772583008,
    -0.19318637251853943,
    -0.3622662127017975,
    -0.9526463747024536,
    0.8218877911567688,
    -2.0426013469696045,
    -0.3174414038658142,
    0.9097251296043396,
    -0.7810145616531372,
    0.9414204359054565
  ],
  "CC(O)C": [
    2.0977892875671387,
    0.1968732327222824,
    0.2244681417942047,
    -0.03541122376918793,
    0.23194670677185059,
    -0.9119747877120972,
    1.0932104587554932,
    -0.5231122970581055,
    -0.178358256816864,
    -1.5836222171783447,
    0.6364835500717163,
    -1.572414517402649,
    -0.17737679183483124,
    0.6228154301643372,
    -1.3514041900634766,
    1.23933744430542
  ],
  "O.CC#N": [
    1.7410717010498047,
    -0.7358543276786804,
    0.01086552906781435,
    0.0637802854180336,
    0.4261401891708374,
    -1.550600528717041,
    0.7309330105781555,
    -0.19615599513053894,
    -0.2544606924057007,
    -1.5517432689666748,
    0.7398425340652466,
    -1.2129873037338257,
    0.5617364645004272,
    0.56395024061203,
    -1.0582587718963623,
    1.7267364263534546
  ],
  "CC#N": [
    2.097561836242676,
    0.020345626398921013,
    0.22115695476531982,
    0.07165243476629257,
    0.1701349914073944,
    -0.9033733010292053,
    1.103139877319336,
    -0.4773726165294647,
    -0.12155035883188248,
    -1.501354455947876,
    0.6111175417900085,
    -1.637803554534912,
    -0.02506481297314167,
    0.41922682523727417,
    -1.3988100290298462,
    1.3569798469543457
  ],
  "CC#N.CC(=O)O": [
    2.0438592433929443,
    -0.09127534180879593,
    0.1715409755706787,
    0.05788004770874977,
    0.16725057363510132,
    -1.016635537147522,
    1.0311298370361328,
    -0.4774467349052429,
    -0.007312197238206863,
    -1.5538623332977295,
    0.6802308559417725,
    -1.514792561531067,
    0.03204363211989403,
    0.4888554513454437,
    -1.4248261451721191,
    1.4195380210876465
  ],
  "CCOCC": [
    1.7012253999710083,
    0.6495901346206665,
    0.003316945629194379,
    -0.08658209443092346,
    -0.7641233801841736,
    -0.5098426938056946,
    1.8339282274246216,
    -0.5321241021156311,
    -0.5518425703048706,
    -0.9655963182449341,
    0.5207939743995667,
    -1.9953064918518066,
    -0.5186252593994141,
    0.9949421882629395,
    -0.761547863483429,
    0.9938837885856628
  ],
  "OCC(F)(F)F": [
    1.7777272462844849,
    -0.35062769055366516,
    0.08874966204166412,
    -0.17776677012443542,
    0.05752960592508316,
    -1.4824063777923584,
    0.94368976354599,
    -0.424343079328537,
    0.027004465460777283,
    -1.7478525638580322,
    0.7462255358695984,
    -1.0869200229644775,
    0.47615891695022583,
    0.6088745594024658,
    -1.1079294681549072,
    1.6605192422866821
  ],
  "O.OCC(F)(F)F": [
    1.6037145853042603,
    -0.8751824498176575,
    -0.11469666659832001,
    0.14465732872486115,
    0.4730784595012665,
    -1.8231840133666992,
    0.43315762281417847,
    -0.028312817215919495,
    -0.29186132550239563,
    -1.5117766857147217,
    0.7615507245063782,
    -0.9241473078727722,
    0.5700740814208984,
    0.6833096742630005,
    -0.9288054704666138,
    1.8331679105758667
  ],
  "CN(C)C(C)=O": [
    2.0681252479553223,
    0.4240342378616333,
    0.4735214412212372,
    -0.10378044843673706,
    0.09761138260364532,
    -0.7416040897369385,
    1.1832469701766968,
    -0.5738458633422852,
    -0.43690893054008484,
    -1.3031361103057861,
    0.5244429111480713,
    -1.9144387245178223,
    -0.236532524228096,
    0.6450548768043518,
    -1.2308849096298218,
    1.132045030593872
  ],
  "CCCCCCCCCCO": [
    1.958345651626587,
    0.6085418462753296,
    0.09135711938142776,
    -0.37512415647506714,
    -0.2888503074645996,
    -0.4332784414291382,
    1.4857845306396484,
    -0.6053826212882996,
    -0.6574292182922363,
    -1.0386658906936646,
    0.7357046604156494,
    -1.9753031730651855,
    -0.5210186839103699,
    1.0453978776931763,
    -0.9023749828338623,
    0.8828532099723816
  ],
  "OCC": [
    2.0838541984558105,
    -0.07850009202957153,
    0.14385972917079926,
    0.053468815982341766,
    0.3632642328739166,
    -1.0511115789413452,
    1.032623052597046,
    -0.49748924374580383,
    -0.16607441008090973,
    -1.52537202835083,
    0.5952325463294983,
    -1.3721076250076294,
    -0.03235670551657677,
    0.588113009929657,
    -1.5067325830459595,
    1.377622127532959
  ],
  "C1CCOC1": [
    1.8975694179534912,
    0.5484539270401001,
    0.18750910460948944,
    -0.06308134645223618,
    -0.4101831316947937,
    -0.4535582363605499,
    1.602963924407959,
    -0.5222969651222229,
    -0.4591738283634186,
    -1.0191861391067505,
    0.6043713688850403,
    -2.125333070755005,
    -0.5162786841392517,
    0.7751405239105225,
    -1.0102264881134033,
    0.9719816446304321
  ],
  "[C@H]12CCC([C@H](OC1)O2)=O": [
    2.1510119438171387,
    -0.04223461076617241,
    0.41842779517173767,
    0.09708929061889648,
    0.49166497588157654,
    -1.0018787384033203,
    0.8438084125518799,
    -0.5707151293754578,
    -0.2916116714477539,
    -1.4069063663482666,
    0.568320095539093,
    -1.6952102184295654,
    -0.05977789685130119,
    0.5291275978088379,
    -1.3168686628341675,
    1.2906686067581177
  ],
  "O=C(OCC)C": [
    1.9178242683410645,
    0.6344176530838013,
    0.11685451865196228,
    -0.05917220935225487,
    -0.44923388957977295,
    -0.5434547662734985,
    1.6624083518981934,
    -0.4646241366863251,
    -0.4389650225639343,
    -1.0469131469726562,
    0.5638372898101807,
    -1.9803438186645508,
    -0.5185859799385071,
    0.7669225335121155,
    -1.1114544868469238,
    0.9609856009483337
  ],
  "CC(C)(C)OC": [
    1.7667120695114136,
    0.6350390911102295,
    -0.03610144928097725,
    -0.21915078163146973,
    -0.7933765053749084,
    -0.6295141577720642,
    1.880753755569458,
    -0.3841850757598877,
    -0.4506838321685791,
    -0.9819961190223694,
    0.6367079019546509,
    -1.9304848909378052,
    -0.5078393816947937,
    0.9519532322883606,
    -0.7926462292671204,
    0.8692225813865662
  ],