{
  "CO": [
    1.7222723960876465,
    -0.5207124352455139,
    0.03136476129293442,
    0.07373595982789993,
    0.5002753734588623,
    -1.3330025672912598,
    0.7346039414405823,
    -0.6285879015922546,
    -0.04572661221027374,
    -1.4483001232147217,
    0.9161198139190674,
    -1.1253119707107544,
    0.40186503529548645,
    0.6026026010513306,
    -1.5316137075424194,
    1.648771047592163
  ],
  "OCCO": [
    1.7614082098007202,
    -0.6793323755264282,
    0.19463439285755157,
    0.35152488946914673,
    0.9694650769233704,
    -1.2617859840393066,
    0.5684100389480591,
    -0.5074360966682434,
    -0.3832298815250397,
    -1.2525368928909302,
    0.8411005735397339,
    -1.4360449314117432,
    0.33520838618278503,
    0.4857209324836731,
    -1.4690062999725342,
    1.4779236316680908
  ],
  "C(C(F)(F)F)(C(F)(F)F)O": [
    1.6736007928848267,
    -0.357553094625473,
    -0.06640531122684479,
    -0.26820430159568787,
    0.08441787213087082,
    -1.208937644958496,
    0.676609992980957,
    -0.3067551255226135,
    0.31959614157676697,
    -2.0723423957824707,
    0.9177863001823425,
    -1.0280076265335083,
    0.5038459300994873,
    0.4527113735675812,
    -1.0641593933105469,
    1.7453734874725342
  ],
  "O1C(C)CCC1": [
    1.9114309549331665,
    0.5211690068244934,
    0.26493579149246216,
    -0.24118822813034058,
    -0.2667049467563629,
    -0.3690643906593323,
    1.590476155281067,
    -0.530437171459198,
    -0.4414624571800232,
    -0.9780230522155762,
    0.573466956615448,
    -2.02075457572937,
    -0.4496849775314331,
    0.6653265357017517,
    -1.297647476196289,
    1.0700796842575073
  ],
  "C1CCCCC1": [
    1.7270170450210571,
    0.4268632233142853,
    0.07846453040838242,
    -0.271445631980896,
    -0.7846280336380005,
    -0.828143835067749,
    1.6126025915145874,
    -0.1772252768278122,
    -0.4268049895763397,
    -0.8853799104690552,
    0.9480908513069153,
    -2.093380928039551,
    -0.21956206858158112,
    0.8054879307746887,
    -0.9491758942604065,
    1.0407063961029053
  ],
  "CC(O)C": [
    1.9205724000930786,
    0.2143578678369522,
    0.3282104730606079,
    -0.10105063766241074,
    0.2815333902835846,
    -0.7578014731407166,
    1.133681297302246,
    -0.6324848532676697,
    -0.33552148938179016,
    -1.3987367153167725,
    0.8111671805381775,
    -1.7102336883544922,
    -0.09541172534227371,
    0.5552037358283997,
    -1.499459147453308,
    1.285664439201355
  ],
  "O.CC#N": [
    1.5882474184036255,
    -0.9251070022583008,
    0.11834685504436493,
    0.12441716343164444,
    0.6235182881355286,
    -1.3427629470825195,
    0.5621095895767212,
    -0.19629083573818207,
    -0.3025096654891968,
    -1.328887939453125,
    0.881381094455719,
    -1.3296111822128296,
    0.5782939195632935,
    0.5133379101753235,
    -1.3556113243103027,
    1.7869291305541992
  ],
  "CC#N": [
    1.9217582941055298,
    -0.07393474131822586,
    0.2563289999961853,
    0.06908009946346283,
    0.30745044350624084,
    -0.7170668244361877,
    1.0338079929351807,
    -0.5640381574630737,
    -0.1282404512166977,
    -1.426695704460144,
    0.810106635093689,
    -1.7334808111190796,
    0.07042941451072693,
    0.4034990072250366,
    -1.5959621667861938,
    1.3642187118530273
  ],
  "CC#N.CC(=O)O": [
    1.9657572507858276,
    -0.15623298287391663,
    0.23194323480129242,
    -0.014007918536663055,
    0.2901906967163086,
    -0.759950578212738,
    0.9491057991981506,
    -0.6275063753128052,
    0.01882406882941723,
    -1.479345679283142,
    0.8355717658996582,
    -1.5227878093719482,
    0.05565136671066284,
    0.45348402857780457,
    -1.6539798974990845,
    1.4110448360443115
  ],
  "CCOCC": [
    1.596430778503418,
    0.5920482277870178,
    -0.025559857487678528,
    -0.11960504204034805,
    -0.6855884790420532,
    -0.3986124098300934,
    1.9282734394073486,
    -0.5478900074958801,
    -0.6260690093040466,
    -0.8425773978233337,
    0.6719861030578613,
    -2.0287840366363525,
    -0.5916822552680969,
    0.9884424805641174,
    -0.8370291590690613,
    0.9332958459854126
  ],
  "OCC(F)(F)F": [
    1.826493501663208,
    -0.2938842177391052,
    0.18657028675079346,
    -0.2504715621471405,
    0.11322927474975586,
    -1.2022515535354614,
    0.8841661214828491,
    -0.6218820810317993,
    -0.06903725117444992,
    -1.7665754556655884,
    0.9325762987136841,
    -1.0773088932037354,
    0.5008550882339478,
    0.4924788773059845,
    -1.2649883031845093,
    1.6112449169158936
  ],
  "O.OCC(F)(F)F": [
    1.504171371459961,
    -1.0615473985671997,
    -0.06151548773050308,
    0.10685480386018753,
    0.6777815818786621,
    -1.5082991123199463,
    0.30551809072494507,
    -0.10183894634246826,
    -0.2908231317996979,
    -1.2132240533828735,
    0.8156018853187561,
    -0.953395426273346,
    0.5043104290962219,
    0.7666909694671631,
    -1.4232726097106934,
    1.9291836023330688
  ],
  "CN(C)C(C)=O": [
    1.9090133905410767,
    0.3595500886440277,
    0.49136674404144287,
    -0.14731839299201965,
    0.20358596742153168,
    -0.5386378169059753,
    1.162205457687378,
    -0.658034086227417,
    -0.453497052192688,
    -1.2822608947753906,
    0.7646247744560242,
    -1.96309232711792,
    -0.2337251454591751,
    0.6636279821395874,
    -1.3856903314590454,
    1.1077193021774292
  ],
  "CCCCCCCCCCO": [
    1.788342833518982,
    0.5792845487594604,
    0.1551203429698944,
    -0.3886595368385315,
    -0.24098633229732513,
    -0.2960372269153595,
    1.569678783416748,
    -0.661810040473938,
    -0.771201491355896,
    -0.8297772407531738,
    0.855191171169281,
    -1.9868642091751099,
    -0.6033440232276917,
    1.0009320974349976,
    -1.086448073387146,
    0.9200525283813477
  ],
  "OCC": [
    1.9335650205612183,
    -0.11979794502258301,
    0.2396117001771927,
    -0.003784850239753723,
    0.4707692265510559,
    -0.8160620331764221,
    0.991041362285614,
    -0.6172516345977783,
    -0.1965084671974182,
    -1.4518327713012695,
    0.7896249890327454,
    -1.4947470426559448,
    0.026460502296686172,
    0.5214009284973145,
    -1.6645112037658691,
    1.3910274505615234
  ],
  "C1CCOC1": [
    1.8682174682617188,
    0.4241305887699127,
    0.2581747770309448,
    -0.19031713902950287,
    -0.23736988008022308,
    -0.31039294600486755,
    1.5973807573318481,
    -0.4935946762561798,
    -0.40787774324417114,
    -0.9417634606361389,
    0.6983917951583862,
    -2.1146175861358643,
    -0.5034441947937012,
    0.6764241456985474,
    -1.3052762746810913,
    0.9837165474891663
  ],
  "[C@H]12CCC([C@H](OC1)O2)=O": [
    2.020397186279297,
    -0.2447017878293991,
    0.4297473728656769,
    0.00932955089956522,
    0.6799077391624451,
    -0.7512347102165222,
    0.7459573149681091,
    -0.6438128352165222,
    -0.23970605432987213,
    -1.3020168542861938,
    0.7296529412269592,
    -1.6524296998977661,
    0.04364314675331116,
    0.4718407392501831,
    -1.639837384223938,
    1.3389402627944946
  ],
  "O=C(OCC)C": [
    1.746537685394287,
    0.6021952033042908,
    0.15712586045265198,
    -0.0666116401553154,
    -0.4245913028717041,
    -0.3793925642967224,
    1.7154663801193237,
    -0.5285506844520569,
    -0.5809309482574463,
    -0.8583866953849792,
    0.7227479815483093,
    -2.0767431259155273,
    -0.5528929829597473,
    0.7443863153457642,
    -1.1900966167449951,
    0.9727355241775513
  ],
  "CC(C)(C)OC": [
    1.4569851160049438,
    0.5933921933174133,
    -0.1967102587223053,
    -0.33930978178977966,
    -0.906219482421875,
    -0.4087519347667694,
    2.042022705078125,
    -0.4822094142436981,
    -0.6069326400756836,
    -0.7749353647232056,
    0.6650716662406921,
    -1.8872981071472168,
    -0.6548992395401001,
    1.2846897840499878,
    -0.6064281463623047,
    0.8327187895774841
  ],