{
  "CO": [
    1.4532935619354248,
    -0.38877737522125244,
    0.4977247714996338,
    -0.509505033493042,
    -0.04556938633322716,
    -0.8776649832725525,
    1.078155517578125,
    -0.2780376076698303,
    0.58180171251297,
    -1.6508698463439941,
    0.2712865471839905,
    -1.5282493829727173,
    0.2985727787017822,
    0.6800106167793274,
    -1.3907512426376343,
    1.808885097503662
  ],
  "OCCO": [
    1.7606534957885742,
    -0.6989502310752869,
    0.15992382168769836,
    0.3131975829601288,
    1.0261542797088623,
    -1.2195086479187012,
    0.5131737589836121,
    -0.47039905190467834,
    -0.3521897792816162,
    -1.229048728942871,
    0.7691360116004944,
    -1.3195030689239502,
    0.31443968415260315,
    0.49067819118499756,
    -1.6066476106643677,
    1.5443321466445923
  ],
  "C(C(F)(F)F)(C(F)(F)F)O": [
    1.3726035356521606,
    -0.39681342244148254,
    0.0952262282371521,
    -0.3575594127178192,
    -0.2545822560787201,
    -1.2361516952514648,
    1.0805963277816772,
    -0.3740358352661133,
    0.1757865995168686,
    -1.9779770374298096,
    1.033710241317749,
    -1.2035188674926758,
    0.6373975872993469,
    0.536099910736084,
    -0.8606454730033875,
    1.733435869216919
  ],
  "O1C(C)CCC1": [
    1.7816636562347412,
    0.5363819003105164,
    0.24884700775146484,
    -0.14036671817302704,
    -0.3581514060497284,
    -0.35730114579200745,
    1.6735960245132446,
    -0.5570901036262512,
    -0.5781354904174805,
    -0.8880741000175476,
    0.6177836060523987,
    -2.078828811645508,
    -0.507916271686554,
    0.767944872379303,
    -1.2016446590423584,
    1.0436352491378784
  ],
  "C1CCCCC1": [
    1.6376312971115112,
    0.5099689364433289,
    -0.08210183680057526,
    -0.1621858775615692,
    -0.8832452893257141,
    -0.7397285103797913,
    1.8261924982070923,
    -0.300560861825943,
    -0.5097039937973022,
    -0.7621113061904907,
    0.8703912496566772,
    -2.036052942276001,
    -0.4192916452884674,
    0.9990334510803223,
    -0.8296399116516113,
    0.8881049156188965
  ],
  "CC(O)C": [
    1.931403636932373,
    0.15687254071235657,
    0.29334717988967896,
    -0.06646081060171127,
    0.3155675232410431,
    -0.7305383086204529,
    1.0990674495697021,
    -0.6255811452865601,
    -0.25167885422706604,
    -1.4595513343811035,
    0.8373594880104065,
    -1.6545894145965576,
    -0.13769200444221497,
    0.5607286095619202,
    -1.5444965362548828,
    1.2761174440383911
  ],
  "O.CC#N": [
    1.632590413093567,
    -0.8477474451065063,
    0.007938722148537636,
    0.13055787980556488,
    0.6543751955032349,
    -1.3854001760482788,
    0.4795564115047455,
    -0.2559055685997009,
    -0.2669694721698761,
    -1.3192425966262817,
    0.8904272317886353,
    -1.209115743637085,
    0.46891871094703674,
    0.5594607591629028,
    -1.38943350315094,
    1.8454703092575073
  ],
  "CC#N": [
    1.925537109375,
    -0.07053212076425552,
    0.2573941648006439,
    0.04880721867084503,
    0.30855152010917664,
    -0.6307103037834167,
    1.039372205734253,
    -0.5787990689277649,
    -0.1457720547914505,
    -1.4429917335510254,
    0.8495787382125854,
    -1.7496342658996582,
    0.03160582110285759,
    0.39578545093536377,
    -1.5856122970581055,
    1.3444936275482178
  ],
  "CC#N.CC(=O)O": [
    1.8845784664154053,
    -0.19859831035137177,
    0.20408949255943298,
    0.048213306814432144,
    0.31112930178642273,
    -0.7762097716331482,
    0.954416811466217,
    -0.5818290710449219,
    -0.01626753993332386,
    -1.485031008720398,
    0.8819329738616943,
    -1.5640993118286133,
    0.10015986114740372,
    0.4424747824668884,
    -1.6528902053833008,
    1.4451240301132202
  ],
  "CCOCC": [
    1.7583445310592651,
    0.5290931463241577,
    0.066590815782547,
    -0.273771196603775,
    -0.4582906663417816,
    -0.39156022667884827,
    1.8183964490890503,
    -0.48495930433273315,
    -0.41610854864120483,
    -0.9723984599113464,
    0.6621168851852417,
    -1.9671262502670288,
    -0.5582202672958374,
    0.833932638168335,
    -1.1472491025924683,
    1.0067309141159058
  ],
  "OCC(F)(F)F": [
    1.5889602899551392,
    -0.48863956332206726,
    0.10991266369819641,
    -0.20069287717342377,
    0.12222398817539215,
    -1.3431764841079712,
    0.8824492692947388,
    -0.44158264994621277,
    -0.025708917528390884,
    -1.7016501426696777,
    0.9860081076622009,
    -1.2349010705947876,
    0.624348521232605,
    0.6416394710540771,
    -1.185929298400879,
    1.667541265487671
  ],
  "O.OCC(F)(F)F": [
    1.4541362524032593,
    -0.9570031762123108,
    -0.04925500229001045,
    0.07928746938705444,
    0.5685128569602966,
    -1.6229597330093384,
    0.5056461095809937,
    -0.16647620499134064,
    -0.3765621483325958,
    -1.426125168800354,
    1.0337278842926025,
    -1.0483229160308838,
    0.6888039708137512,
    0.6350768208503723,
    -1.1142573356628418,
    1.794485330581665
  ],
  "CN(C)C(C)=O": [
    1.9577162265777588,
    0.37524548172950745,
    0.5274857878684998,
    -0.14543798565864563,
    0.21381208300590515,
    -0.5532240867614746,
    1.1429109573364258,
    -0.6684615612030029,
    -0.481088250875473,
    -1.196279525756836,
    0.7143093347549438,
    -1.9675498008728027,
    -0.24150724709033966,
    0.5907771587371826,
    -1.4035638570785522,
    1.133180856704712
  ],
  "CCCCCCCCCCO": [
    1.8269622325897217,
    0.5350292921066284,
    0.152421236038208,
    -0.5154810547828674,
    -0.25506702065467834,
    -0.29807931184768677,
    1.552048921585083,
    -0.5578819513320923,
    -0.646041750907898,
    -0.9498118758201599,
    0.8690569400787354,
    -1.9356447458267212,
    -0.5744794011116028,
    1.0325791835784912,
    -1.1343936920166016,
    0.9032225012779236
  ],
  "OCC": [
    1.8552700281143188,
    -0.1278347373008728,
    0.3024255037307739,
    0.06267227232456207,
    0.39263179898262024,
    -0.7939390540122986,
    1.114375114440918,
    -0.6654603481292725,
    -0.10106976330280304,
    -1.4395955801010132,
    0.6954478025436401,
    -1.5737982988357544,
    0.044195715337991714,
    0.5302333235740662,
    -1.67464017868042,
    1.3783475160598755
  ],
  "C1CCOC1": [
    1.709673285484314,
    0.4687574505805969,
    0.1897481381893158,
    -0.07809196412563324,
    -0.3993990123271942,
    -0.1910777986049652,
    1.7259198427200317,
    -0.5819306969642639,
    -0.5136821866035461,
    -0.8498326539993286,
    0.7056222558021545,
    -2.149352788925171,
    -0.6292908787727356,
    0.8327584266662598,
    -1.1688575744628906,
    0.9318739771842957
  ],
  "[C@H]12CCC([C@H](OC1)O2)=O": [
    2.024249792098999,
    -0.1547522395849228,
    0.511646568775177,
    0.039536166936159134,
    0.6184650659561157,
    -0.7831128835678101,
    0.7682663202285767,
    -0.6991671323776245,
    -0.2902071177959442,
    -1.2975642681121826,
    0.7468755841255188,
    -1.7673888206481934,
    0.049976758658885956,
    0.4519742727279663,
    -1.5101302862167358,
    1.286767601966858
  ],
  "O=C(OCC)C": [
    1.6038068532943726,
    0.5671201944351196,
    0.04090801253914833,
    0.0013446053490042686,
    -0.5538107752799988,
    -0.2589704394340515,
    1.8706222772598267,
    -0.5767195224761963,
    -0.5702947974205017,
    -0.8248332738876343,
    0.7265617251396179,
    -2.0819590091705322,
    -0.6742964386940002,
    0.9149461388587952,
    -1.0524694919586182,
    0.8733365535736084
  ],
  "CC(C)(C)OC": [
    1.4618643522262573,
    0.5991455912590027,
    -0.1955002248287201,
    -0.3592929244041443,
    -0.8844068646430969,
    -0.4538000226020813,
    2.0514774322509766,
    -0.45638763904571533,
    -0.5593379735946655,
    -0.8167663812637329,
    0.6757785081863403,
    -1.8943822383880615,
    -0.6261411309242249,
    1.2341277599334717,
    -0.6230591535568237,
    0.8576825261116028
  ],