{
  "CO": [
    1.7018213272094727,
    -0.5756632685661316,
    0.12909238040447235,
    0.065443255007267,
    0.4867807626724243,
    -1.177905559539795,
    0.7841483950614929,
    -0.6154341697692871,
    -0.09162391722202301,
    -1.4113999605178833,
    0.9494635462760925,
    -1.2501516342163086,
    0.3560510277748108,
    0.5487747192382812,
    -1.5710073709487915,
    1.6682757139205933
  ],
  "OCCO": [
    1.9031792879104614,
    -0.5294815897941589,
    0.2756235599517822,
    0.20839212834835052,
    0.9316965341567993,
    -1.1051779985427856,
    0.6020113825798035,
    -0.6779155135154724,
    -0.3580774962902069,
    -1.3400564193725586,
    0.8549464344978333,
    -1.4320155382156372,
    0.2608696222305298,
    0.4886309802532196,
    -1.4708120822906494,
    1.38412606716156
  ],
  "C(C(F)(F)F)(C(F)(F)F)O": [
    1.40990149974823,
    -0.4207380414009094,
    0.07353699952363968,
    -0.2883007228374481,
    -0.11086805909872055,
    -1.265390396118164,
    1.0285409688949585,
    -0.45771121978759766,
    0.12153346836566925,
    -1.9052475690841675,
    1.0436311960220337,
    -1.1869577169418335,
    0.6184035539627075,
    0.6003580689430237,
    -0.9876365065574646,
    1.729223608970642
  ],
  "O1C(C)CCC1": [
    1.8345800638198853,
    0.47459903359413147,
    0.323203980922699,
    -0.17707915604114532,
    -0.25678709149360657,
    -0.361600786447525,
    1.5772590637207031,
    -0.564565122127533,
    -0.5292013883590698,
    -0.9533644914627075,
    0.6769722104072571,
    -2.060448169708252,
    -0.4509206712245941,
    0.7125861048698425,
    -1.2943373918533325,
    1.0500116348266602
  ],
  "C1CCCCC1": [
    1.6905921697616577,
    0.4149399697780609,
    0.13602568209171295,
    -0.28313392400741577,
    -0.795731246471405,
    -0.7847464084625244,
    1.5978809595108032,
    -0.1950756013393402,
    -0.47012031078338623,
    -0.8448835015296936,
    0.99521404504776,
    -2.117133617401123,
    -0.24266040325164795,
    0.8241509199142456,
    -0.9587113261222839,
    1.0358223915100098
  ],
  "CC(O)C": [
    1.9014859199523926,
    0.10873740166425705,
    0.30570918321609497,
    -0.03236721083521843,
    0.34708622097969055,
    -0.709535539150238,
    1.0557352304458618,
    -0.637188196182251,
    -0.2956985533237457,
    -1.4389809370040894,
    0.9119563102722168,
    -1.644201397895813,
    -0.11227309703826904,
    0.5802841782569885,
    -1.601296067237854,
    1.2592791318893433
  ],
  "O.CC#N": [
    1.64532470703125,
    -0.7910669445991516,
    0.07814119756221771,
    0.08307119458913803,
    0.5885241031646729,
    -1.3196227550506592,
    0.6389775276184082,
    -0.4368879497051239,
    -0.33013808727264404,
    -1.4031840562820435,
    1.080573320388794,
    -1.255974292755127,
    0.5609415173530579,
    0.43752145767211914,
    -1.296955943107605,
    1.7167227268218994
  ],
  "CC#N": [
    1.8874911069869995,
    -0.09532392770051956,
    0.37909507751464844,
    -0.011738813482224941,
    0.25104308128356934,
    -0.719622790813446,
    1.0711787939071655,
    -0.5487443208694458,
    -0.09370739758014679,
    -1.376558542251587,
    0.7176510095596313,
    -1.7179217338562012,
    0.08250795304775238,
    0.3641941249370575,
    -1.642984390258789,
    1.4496939182281494
  ],
  "CC#N.CC(=O)O": [
    1.873284101486206,
    -0.22543613612651825,
    0.26819512248039246,
    0.0039651584811508656,
    0.33437806367874146,
    -0.6985051035881042,
    0.9004303216934204,
    -0.6340450048446655,
    -0.05799514427781105,
    -1.4690372943878174,
    0.9714829921722412,
    -1.5851502418518066,
    0.07207927852869034,
    0.4686426520347595,
    -1.6509275436401367,
    1.4246548414230347
  ],
  "CCOCC": [
    1.6002224683761597,
    0.5682774186134338,
    0.06210155040025711,
    -0.12913529574871063,
    -0.5548420548439026,
    -0.3941357433795929,
    1.8524940013885498,
    -0.5749813318252563,
    -0.6506555676460266,
    -0.8718443512916565,
    0.7637636661529541,
    -2.0249547958374023,
    -0.5530973076820374,
    0.9189730882644653,
    -0.9978455305099487,
    0.9903855323791504
  ],
  "OCC(F)(F)F": [
    1.6151906251907349,
    -0.48193487524986267,
    0.1739637553691864,
    -0.22812993824481964,
    0.16259469091892242,
    -1.2205572128295898,
    0.9832825660705566,
    -0.5209619402885437,
    -0.004068295005708933,
    -1.6302340030670166,
    0.9246389865875244,
    -1.214215636253357,
    0.5348824858665466,
    0.5907770395278931,
    -1.3682316541671753,
    1.6829979419708252
  ],
  "O.OCC(F)(F)F": [
    1.6195564270019531,
    -1.0195351839065552,
    -0.1229715645313263,
    0.03563898056745529,
    0.6176630854606628,
    -1.4546102285385132,
    0.26772961020469666,
    -0.18397250771522522,
    -0.1684895008802414,
    -1.3515784740447998,
    0.9087990522384644,
    -0.9856706857681274,
    0.4700816869735718,
    0.6908790469169617,
    -1.2614303827285767,
    1.933651089668274
  ],
  "CN(C)C(C)=O": [
    1.8833366632461548,
    0.33083805441856384,
    0.5566341876983643,
    -0.15556153655052185,
    0.2197476029396057,
    -0.546798050403595,
    1.1449037790298462,
    -0.670287549495697,
    -0.47938117384910583,
    -1.233862280845642,
    0.7654788494110107,
    -1.9778274297714233,
    -0.20045308768749237,
    0.6118948459625244,
    -1.4079610109329224,
    1.1569876670837402
  ],
  "CCCCCCCCCCO": [
    1.8747315406799316,
    0.5202066898345947,
    0.1195196807384491,
    -0.49545174837112427,
    -0.2592099905014038,
    -0.20944447815418243,
    1.561374545097351,
    -0.6391539573669434,
    -0.7336686849594116,
    -0.8631382584571838,
    0.8435909748077393,
    -1.9449681043624878,
    -0.574551522731781,
    1.0117390155792236,
    -1.0924049615859985,
    0.8841239809989929
  ],
  "OCC": [
    1.872048020362854,
    -0.17539779841899872,
    0.29014304280281067,
    -0.029988473281264305,
    0.49461740255355835,
    -0.8047304749488831,
    0.9561988711357117,
    -0.6085846424102783,
    -0.23173947632312775,
    -1.4727250337600708,
    0.9037140607833862,
    -1.5375442504882812,
    0.06362152099609375,
    0.5411895513534546,
    -1.6335225105285645,
    1.3707228899002075
  ],
  "C1CCOC1": [
    1.7879496812820435,
    0.39684024453163147,
    0.3001694977283478,
    -0.16895940899848938,
    -0.29289674758911133,
    -0.2900245189666748,
    1.6207044124603271,
    -0.526908278465271,
    -0.4798511564731598,
    -0.9020251631736755,
    0.7330885529518127,
    -2.1368565559387207,
    -0.5123201608657837,
    0.7226331830024719,
    -1.2669843435287476,
    1.0163763761520386
  ],
  "[C@H]12CCC([C@H](OC1)O2)=O": [
    1.9851621389389038,
    -0.1285829246044159,
    0.5451363921165466,
    0.03532588109374046,
    0.6034712195396423,
    -0.7765050530433655,
    0.7410649061203003,
    -0.7428099513053894,
    -0.33989110589027405,
    -1.324796438217163,
    0.8203979730606079,
    -1.7564998865127563,
    0.06036054342985153,
    0.48252108693122864,
    -1.4906123876571655,
    1.2810436487197876
  ],
  "O=C(OCC)C": [
    1.7658442258834839,
    0.49244359135627747,
    0.2082623392343521,
    -0.12145134061574936,
    -0.3439198136329651,
    -0.3411032557487488,
    1.67854905128479,
    -0.5249921679496765,
    -0.4749719500541687,
    -0.922602653503418,
    0.7618312835693359,
    -2.0348947048187256,
    -0.5428939461708069,
    0.7574334740638733,
    -1.3268084526062012,
    0.9715831875801086
  ],
  "CC(C)(C)OC": [
    1.6525306701660156,
    0.5336658358573914,
    0.028498006984591484,
    -0.3146686851978302,
    -0.7430977821350098,
    -0.5280838012695312,
    1.9560850858688354,
    -0.41241705417633057,
    -0.53920578956604,
    -0.8250585198402405,
    0.7649971842765808,
    -1.9439951181411743,
    -0.4978795349597931,
    0.8988996744155884,
    -0.9579662680625916,
    0.9345682859420776
  ],