{
  "CO": [
    1.5146235227584839,
    -0.6490973234176636,
    0.3579269349575043,
    -0.15946964919567108,
    0.6683012843132019,
    -0.9159044623374939,
    0.6576351523399353,
    -0.6927744746208191,
    -0.2387729436159134,
    -1.1471247673034668,
    1.2659624814987183,
    -1.438002109527588,
    0.4032595455646515,
    0.5780872106552124,
    -1.7534397840499878,
    1.5375032424926758
  ],
  "OCCO": [
    1.625664234161377,
    -0.6560949087142944,
    0.3533928394317627,
    0.060370370745658875,
    1.1529083251953125,
    -0.8956294059753418,
    0.5074402689933777,
    -0.7545570135116577,
    -0.5619363784790039,
    -1.0919795036315918,
    1.246593952178955,
    -1.474105715751648,
    0.3641044795513153,
    0.4631797969341278,
    -1.6323970556259155,
    1.281017780303955
  ],
  "C(C(F)(F)F)(C(F)(F)F)O": [
    1.3774534463882446,
    -0.3794175982475281,
    0.2261655181646347,
    -0.5459681749343872,
    0.09099871665239334,
    -1.109655737876892,
    0.921369731426239,
    -0.4314236044883728,
    -0.16007496416568756,
    -1.7122149467468262,
    1.3983311653137207,
    -1.2696759700775146,
    0.5884904265403748,
    0.5272756218910217,
    -1.1936899423599243,
    1.6668113470077515
  ],
  "O1C(C)CCC1": [
    1.50637686252594,
    0.43845152854919434,
    0.34216928482055664,
    -0.26078110933303833,
    -0.23595337569713593,
    -0.13781985640525818,
    1.5263646841049194,
    -0.7185463309288025,
    -1.0403153896331787,
    -0.5719863772392273,
    1.090329647064209,
    -2.0816922187805176,
    -0.4675394892692566,
    0.8967305421829224,
    -1.2753456830978394,
    0.9829619526863098
  ],
  "C1CCCCC1": [
    1.4627361297607422,
    0.39579927921295166,
    0.04939696192741394,
    -0.30475500226020813,
    -0.7810353636741638,
    -0.5477526187896729,
    1.7299774885177612,
    -0.38874638080596924,
    -0.8527933359146118,
    -0.4574463665485382,
    1.2218163013458252,
    -2.0191402435302734,
    -0.43134984374046326,
    1.0275492668151855,
    -1.0308581590652466,
    0.9241002202033997
  ],
  "CC(O)C": [
    1.712003469467163,
    0.08368579298257828,
    0.5080577731132507,
    -0.31068432331085205,
    0.5193853974342346,
    -0.48334330320358276,
    0.9258652925491333,
    -0.82830810546875,
    -0.6277000904083252,
    -1.1249786615371704,
    1.2545558214187622,
    -1.6903796195983887,
    -0.032999955117702484,
    0.5522761940956116,
    -1.6884491443634033,
    1.2204533815383911
  ],
  "O.CC#N": [
    1.569344162940979,
    -0.7357597351074219,
    0.12600277364253998,
    -0.15369093418121338,
    0.7434704303741455,
    -1.0446792840957642,
    0.6134904623031616,
    -0.7135115265846252,
    -0.5571243166923523,
    -1.2206873893737793,
    1.5858993530273438,
    -1.350189208984375,
    0.5793938636779785,
    0.4387519061565399,
    -1.3209412097930908,
    1.4296783208847046
  ],
  "CC#N": [
    1.7005375623703003,
    -0.15134121477603912,
    0.513343870639801,
    -0.25832831859588623,
    0.4548257887363434,
    -0.4611679017543793,
    0.9131444096565247,
    -0.7765917778015137,
    -0.3833923935890198,
    -1.1897579431533813,
    1.1841559410095215,
    -1.749200701713562,
    0.16032075881958008,
    0.4135296642780304,
    -1.720078468322754,
    1.3384751081466675
  ],
  "CC#N.CC(=O)O": [
    1.6804661750793457,
    -0.2852016091346741,
    0.35069558024406433,
    -0.14368131756782532,
    0.5267961025238037,
    -0.5011605620384216,
    0.701773464679718,
    -0.8156687617301941,
    -0.3359360098838806,
    -1.2369942665100098,
    1.41525137424469,
    -1.5773844718933105,
    0.13702672719955444,
    0.5204060673713684,
    -1.773466944694519,
    1.3250709772109985
  ],
  "CCOCC": [
    1.4094154834747314,
    0.4721890091896057,
    0.14693211019039154,
    -0.31902310252189636,
    -0.4749659299850464,
    -0.24323216080665588,
    1.737026572227478,
    -0.6694705486297607,
    -1.0537903308868408,
    -0.5231573581695557,
    1.093755841255188,
    -2.000295877456665,
    -0.4994235038757324,
    1.0277678966522217,
    -1.0881528854370117,
    0.9807541966438293
  ],
  "OCC(F)(F)F": [
    1.7153152227401733,
    -0.3877854347229004,
    0.10042855888605118,
    -0.3894176483154297,
    0.5919849872589111,
    -1.0115315914154053,
    0.5624063014984131,
    -0.7524372935295105,
    -0.17234547436237335,
    -1.5664148330688477,
    1.419669508934021,
    -1.0324832201004028,
    0.4094768762588501,
    0.5194569230079651,
    -1.508659839630127,
    1.4940327405929565
  ],
  "O.OCC(F)(F)F": [
    1.5612905025482178,
    -0.7608341574668884,
    0.01917409524321556,
    -0.18880629539489746,
    0.7261131405830383,
    -1.2938984632492065,
    0.48488590121269226,
    -0.6145585775375366,
    -0.4950455129146576,
    -1.3503962755203247,
    1.5659345388412476,
    -1.0727428197860718,
    0.634519100189209,
    0.5248458981513977,
    -1.2462013959884644,
    1.497105360031128
  ],
  "CN(C)C(C)=O": [
    1.6564078330993652,
    0.17000006139278412,
    0.6395984292030334,
    -0.3345986306667328,
    0.41821759939193726,
    -0.3175506293773651,
    1.0263599157333374,
    -0.8250746130943298,
    -0.7402200102806091,
    -1.0017681121826172,
    1.1516698598861694,
    -1.9539240598678589,
    -0.10465886443853378,
    0.6572409868240356,
    -1.5581461191177368,
    1.1060913801193237
  ],
  "CCCCCCCCCCO": [
    1.6588231325149536,
    0.42297300696372986,
    0.2513526976108551,
    -0.7020730376243591,
    -0.13977926969528198,
    -0.029612092301249504,
    1.4063061475753784,
    -0.6898387670516968,
    -1.0489723682403564,
    -0.5890235304832458,
    1.188677191734314,
    -1.8869974613189697,
    -0.5231112241744995,
    1.044121503829956,
    -1.2535502910614014,
    0.8858011364936829
  ],
  "OCC": [
    1.607093095779419,
    -0.21850809454917908,
    0.4330734610557556,
    -0.13788898289203644,
    0.6228850483894348,
    -0.5231724381446838,
    0.9081460237503052,
    -0.8066473007202148,
    -0.5047706961631775,
    -1.221105694770813,
    1.2808445692062378,
    -1.639176368713379,
    0.11820480227470398,
    0.547120213508606,
    -1.754296898841858,
    1.2776753902435303
  ],
  "C1CCOC1": [
    1.5094155073165894,
    0.33401328325271606,
    0.35177430510520935,
    -0.2889231741428375,
    -0.21160084009170532,
    -0.0535522922873497,
    1.5441157817840576,
    -0.6802961826324463,
    -0.8325661420822144,
    -0.6128284931182861,
    1.1081606149673462,
    -2.154144763946533,
    -0.5406072735786438,
    0.8813073039054871,
    -1.3104795217514038,
    0.9498829245567322
  ],
  "[C@H]12CCC([C@H](OC1)O2)=O": [
    1.761992335319519,
    -0.2645026743412018,
    0.5920383334159851,
    -0.15317364037036896,
    0.8273777365684509,
    -0.5597877502441406,
    0.5612713694572449,
    -0.8700219988822937,
    -0.5598267912864685,
    -1.1112568378448486,
    1.265799880027771,
    -1.7407602071762085,
    0.1615743637084961,
    0.4841654300689697,
    -1.6047186851501465,
    1.1966509819030762
  ],
  "O=C(OCC)C": [
    1.5099139213562012,
    0.42995205521583557,
    0.3091072142124176,
    -0.25079646706581116,
    -0.24257200956344604,
    -0.18504473567008972,
    1.5709965229034424,
    -0.6599488258361816,
    -0.9251493215560913,
    -0.6017220616340637,
    1.1645619869232178,
    -2.0718414783477783,
    -0.47477495670318604,
    0.8032187223434448,
    -1.3496967554092407,
    0.967336118221283
  ],
  "CC(C)(C)OC": [
    1.4438656568527222,
    0.4436628520488739,
    0.10315632820129395,
    -0.4170781970024109,
    -0.5623788833618164,
    -0.29952025413513184,
    1.860921025276184,
    -0.5326060056686401,
    -0.9144310355186462,
    -0.5156905055046082,
    1.1276490688323975,
    -1.959131121635437,
    -0.5602918267250061,
    0.987831711769104,
    -1.0976617336273193,
    0.8900537490844727
  ],