{
  "CO": [
    1.8179805278778076,
    -0.37668490409851074,
    0.20143401622772217,
    -0.08551259338855743,
    0.07762902975082397,
    -1.3700941801071167,
    0.9295562505722046,
    -0.22566083073616028,
    0.3785146474838257,
    -1.597517967224121,
    0.2663207948207855,
    -1.2128499746322632,
    0.13287055492401123,
    0.690357506275177,
    -1.3702934980392456,
    1.7540994882583618
  ],
  "OCCO": [
    1.9228132963180542,
    -0.576168954372406,
    0.09200819581747055,
    0.4184834063053131,
    0.7699915170669556,
    -1.5203107595443726,
    0.7552840709686279,
    -0.2989735007286072,
    -0.30249330401420593,
    -1.3760782480239868,
    0.5177122354507446,
    -1.278815507888794,
    0.12239523231983185,
    0.536727249622345,
    -1.3002632856369019,
    1.5269036293029785
  ],
  "C(C(F)(F)F)(C(F)(F)F)O": [
    1.6000869274139404,
    -0.20585687458515167,
    -0.06461711972951889,
    -0.222710981965065,
    -0.3582642376422882,
    -1.456412672996521,
    0.9859399199485779,
    -0.27244582772254944,
    0.24786525964736938,
    -2.0909738540649414,
    0.7878572940826416,
    -0.9955835938453674,
    0.5020630359649658,
    0.5039653778076172,
    -0.6726382374763489,
    1.724945306777954
  ],
  "O1C(C)CCC1": [
    2.034519910812378,
    0.6541849970817566,
    0.2055833637714386,
    -0.1821385771036148,
    -0.46296143531799316,
    -0.5330761075019836,
    1.6221213340759277,
    -0.48463016748428345,
    -0.365315318107605,
    -0.986232578754425,
    0.4232805371284485,
    -1.9127038717269897,
    -0.5232813954353333,
    0.6838110685348511,
    -1.179631233215332,
    1.018520712852478
  ],
  "C1CCCCC1": [
    1.6305184364318848,
    0.7196109294891357,
    -0.34040361642837524,
    -0.4607497453689575,
    -1.0701589584350586,
    -0.8641244769096375,
    1.6446202993392944,
    -0.3425378203392029,
    -0.4208814203739166,
    -0.8231170177459717,
    0.675359845161438,
    -1.7386890649795532,
    -0.6282196640968323,
    1.5389926433563232,
    -0.33403992652893066,
    0.8325806856155396
  ],
  "CC(O)C": [
    2.0885820388793945,
    0.38688787817955017,
    0.23172511160373688,
    -0.05072623863816261,
    0.012530152685940266,
    -0.942090630531311,
    1.2498607635498047,
    -0.5329810976982117,
    -0.2413972020149231,
    -1.4214503765106201,
    0.5728468894958496,
    -1.5828442573547363,
    -0.2587200701236725,
    0.5646957159042358,
    -1.3470898866653442,
    1.281943440437317
  ],
  "O.CC#N": [
    1.7334926128387451,
    -0.7840572595596313,
    0.009143597446382046,
    0.07319705933332443,
    0.4042946994304657,
    -1.6300220489501953,
    0.7195522785186768,
    -0.0106180589646101,
    -0.15152449905872345,
    -1.507859468460083,
    0.5444708466529846,
    -1.1051031351089478,
    0.4703594148159027,
    0.5781342387199402,
    -1.1499940156936646,
    1.814263105392456
  ],
  "CC#N": [
    2.1245980262756348,
    0.10509125143289566,
    0.17528848350048065,
    0.054484132677316666,
    -0.000761810690164566,
    -0.9498244524002075,
    1.194158673286438,
    -0.45061182975769043,
    -0.001985651208087802,
    -1.4672859907150269,
    0.5746912360191345,
    -1.5673571825027466,
    -0.12999984622001648,
    0.44085589051246643,
    -1.4246644973754883,
    1.3335239887237549
  ],
  "CC#N.CC(=O)O": [
    2.0962636470794678,
    -0.044716447591781616,
    0.1451435387134552,
    0.016283832490444183,
    0.07330282777547836,
    -1.0708049535751343,
    1.0592248439788818,
    -0.4265438914299011,
    0.11219759285449982,
    -1.5246027708053589,
    0.6443071961402893,
    -1.418514609336853,
    -0.11162455379962921,
    0.5127508640289307,
    -1.4603134393692017,
    1.4078924655914307
  ],
  "CCOCC": [
    1.7465200424194336,
    0.7129760980606079,
    -0.05174228549003601,
    -0.14890137314796448,
    -0.841217577457428,
    -0.4279848039150238,
    1.8465795516967773,
    -0.5266402959823608,
    -0.4730287790298462,
    -0.8991290926933289,
    0.5354511737823486,
    -1.9318058490753174,
    -0.639584481716156,
    1.031233787536621,
    -0.8111377358436584,
    0.8936395645141602
  ],
  "OCC(F)(F)F": [
    1.7775766849517822,
    -0.3598226010799408,
    -0.001659203669987619,
    -0.1558249592781067,
    -0.0821223333477974,
    -1.577406644821167,
    0.917518675327301,
    -0.2714538872241974,
    0.08784178644418716,
    -1.7948105335235596,
    0.6894322037696838,
    -1.0473132133483887,
    0.4497346878051758,
    0.7381123304367065,
    -0.99735426902771,
    1.640435814857483
  ],
  "O.OCC(F)(F)F": [
    1.530879020690918,
    -0.9147166609764099,
    -0.1489166021347046,
    0.18754452466964722,
    0.39369630813598633,
    -1.9353322982788086,
    0.5887563228607178,
    0.0978211984038353,
    -0.3085758686065674,
    -1.4786837100982666,
    0.6803171634674072,
    -0.8980819582939148,
    0.5243096351623535,
    0.7432364225387573,
    -0.867816150188446,
    1.8149222135543823
  ],
  "CN(C)C(C)=O": [
    2.139427900314331,
    0.42852163314819336,
    0.44719499349594116,
    -0.16623497009277344,
    0.0701553076505661,
    -0.7526007890701294,
    1.192604899406433,
    -0.5139978528022766,
    -0.21645420789718628,
    -1.3557040691375732,
    0.47800928354263306,
    -1.7631670236587524,
    -0.3717750012874603,
    0.6060116291046143,
    -1.3459601402282715,
    1.1353681087493896
  ],
  "CCCCCCCCCCO": [
    1.9880058765411377,
    0.6673559546470642,
    0.09748684614896774,
    -0.39775049686431885,
    -0.4060140550136566,
    -0.3886224925518036,
    1.5269079208374023,
    -0.5808374285697937,
    -0.5966372489929199,
    -0.9802753329277039,
    0.6701276302337646,
    -1.8507190942764282,
    -0.6313163042068481,
    1.034099817276001,
    -1.0434117317199707,
    0.9050267934799194
  ],
  "OCC": [
    2.068406343460083,
    0.09660735726356506,
    0.1646805703639984,
    0.039398398250341415,
    0.13473106920719147,
    -1.0472149848937988,
    1.1856755018234253,
    -0.4608648419380188,
    -0.1040695533156395,
    -1.5639135837554932,
    0.5684720873832703,
    -1.4585453271865845,
    -0.1339009404182434,
    0.5881145596504211,
    -1.395595908164978,
    1.3309526443481445
  ],
  "C1CCOC1": [
    1.9463962316513062,
    0.5949743390083313,
    0.17410898208618164,
    -0.0998174250125885,
    -0.46474093198776245,
    -0.4396669864654541,
    1.6330318450927734,
    -0.4843505322933197,
    -0.3437308669090271,
    -0.974517285823822,
    0.5569148659706116,
    -2.0056281089782715,
    -0.6254093647003174,
    0.7509730458259583,
    -1.1656206846237183,
    0.9589080810546875
  ],
  "[C@H]12CCC([C@H](OC1)O2)=O": [
    2.2324509620666504,
    -0.07729112356901169,
    0.3405856490135193,
    0.05743854120373726,
    0.43393054604530334,
    -1.0007715225219727,
    0.9208052158355713,
    -0.5283147692680359,
    -0.17552509903907776,
    -1.3647512197494507,
    0.4538699984550476,
    -1.4982789754867554,
    -0.1591344028711319,
    0.5042875409126282,
    -1.475895643234253,
    1.3455555438995361
  ],
  "O=C(OCC)C": [
    1.8557723760604858,
    0.7279057502746582,
    0.003157692961394787,
    -0.09535328298807144,
    -0.6513258814811707,
    -0.4157097041606903,
    1.804399847984314,
    -0.5094838738441467,
    -0.3822845220565796,
    -0.9629268050193787,
    0.46393057703971863,
    -1.874306082725525,
    -0.6624162793159485,
    0.8498041033744812,
    -1.0848534107208252,
    0.9481301307678223
  ],
  "CC(C)(C)OC": [
    1.763632893562317,
    0.7386296391487122,
    -0.13788948953151703,
    -0.1871519684791565,
    -0.836471676826477,
    -0.5567082166671753,
    1.9047471284866333,
    -0.4433034360408783,
    -0.40604454278945923,
    -0.8904749155044556,
    0.6601036190986633,
    -1.8271647691726685,
    -0.6784985661506653,
    1.0022257566452026,
    -0.8800831437110901,
    0.7920292019844055
  ],