{
  "CO": [
    1.4099020957946777,
    -0.7904305458068848,
    0.18778061866760254,
    -0.3990781307220459,
    1.0354444980621338,
    -0.7303873896598816,
    0.09070789813995361,
    -0.6775481104850769,
    -0.39224833250045776,
    -1.0618107318878174,
    1.5699539184570312,
    -0.8303028345108032,
    0.45656564831733704,
    0.6900109052658081,
    -1.9984124898910522,
    1.4280892610549927
  ],
  "OCCO": [
    1.3628743886947632,
    -0.9042446613311768,
    0.39481404423713684,
    -0.08769646286964417,
    1.3205838203430176,
    -0.6630851626396179,
    0.15676285326480865,
    -0.5837671160697937,
    -0.9047848582267761,
    -0.8341808915138245,
    1.6220241785049438,
    -1.229960560798645,
    0.4432487189769745,
    0.5415913462638855,
    -1.7883247137069702,
    1.1409049034118652
  ],
  "C(C(F)(F)F)(C(F)(F)F)O": [
    1.004433512687683,
    -0.5018576979637146,
    0.08709874749183655,
    -1.1814322471618652,
    -0.46036121249198914,
    -0.594860315322876,
    1.3540802001953125,
    -0.1368558704853058,
    -0.24132639169692993,
    -1.658050298690796,
    1.4829927682876587,
    -0.9810757637023926,
    0.5045804381370544,
    1.0792218446731567,
    -1.2070934772491455,
    1.4504085779190063
  ],
  "O1C(C)CCC1": [
    1.3569813966751099,
    -0.12319792062044144,
    0.4027823507785797,
    -0.4913806915283203,
    0.11762241274118423,
    0.05764041095972061,
    1.4115042686462402,
    -0.5412283539772034,
    -1.5073162317276,
    -0.44518786668777466,
    1.1505255699157715,
    -1.7727714776992798,
    -0.13925661146640778,
    1.1223516464233398,
    -1.5517321825027466,
    0.9455083012580872
  ],
  "C1CCCCC1": [
    1.1463379859924316,
    0.1089036837220192,
    -0.30432164669036865,
    -0.9398382306098938,
    -0.5930813550949097,
    -0.5289461016654968,
    1.7449395656585693,
    -0.23282454907894135,
    -1.3027987480163574,
    -0.25880247354507446,
    1.1026915311813354,
    -1.5724161863327026,
    -0.4455186724662781,
    1.8931539058685303,
    -0.535503625869751,
    0.7201600670814514
  ],
  "CC(O)C": [
    1.3753379583358765,
    -0.37773093581199646,
    0.5344973802566528,
    -0.4328920245170593,
    0.8950332403182983,
    -0.26595351099967957,
    0.5829348564147949,
    -0.6965966820716858,
    -1.111281156539917,
    -1.0159646272659302,
    1.5897951126098633,
    -1.3768749237060547,
    0.2980223298072815,
    0.7453146576881409,
    -1.8319311141967773,
    1.0764625072479248
  ],
  "O.CC#N": [
    1.3457019329071045,
    -1.0851560831069946,
    0.23251326382160187,
    -0.433197021484375,
    1.0255537033081055,
    -0.6773779392242432,
    0.22927536070346832,
    -0.4064667820930481,
    -0.7225416898727417,
    -0.9099676012992859,
    1.6758931875228882,
    -1.0878547430038452,
    0.6077057123184204,
    0.5053108930587769,
    -1.7448179721832275,
    1.4340198040008545
  ],
  "CC#N": [
    1.4269170761108398,
    -0.5447843074798584,
    0.5737157464027405,
    -0.41718316078186035,
    0.7598263025283813,
    -0.20001854002475739,
    0.5610480308532715,
    -0.6486656069755554,
    -0.8150322437286377,
    -1.0669249296188354,
    1.5017935037612915,
    -1.4058027267456055,
    0.3785786032676697,
    0.546513020992279,
    -1.9382383823394775,
    1.2760610580444336
  ],
  "CC#N.CC(=O)O": [
    1.3511505126953125,
    -0.667925238609314,
    0.4174407720565796,
    -0.3677692413330078,
    0.8119747638702393,
    -0.23187527060508728,
    0.4266738295555115,
    -0.696641206741333,
    -0.7392416596412659,
    -1.1196991205215454,
    1.7101598978042603,
    -1.274085521697998,
    0.4096839129924774,
    0.6365591287612915,
    -1.9094417095184326,
    1.2309552431106567
  ],
  "CCOCC": [
    1.4144023656845093,
    -0.08199813216924667,
    0.24053923785686493,
    -0.6870005130767822,
    0.003055381588637829,
    -0.12409451603889465,
    1.6002765893936157,
    -0.42972198128700256,
    -1.393622636795044,
    -0.5054444670677185,
    1.196014404296875,
    -1.6881039142608643,
    -0.1416824460029602,
    1.1113934516906738,
    -1.4664251804351807,
    0.9470962882041931
  ],
  "OCC(F)(F)F": [
    1.4921972751617432,
    -0.6662205457687378,
    0.20997057855129242,
    -0.6504946351051331,
    0.7920430302619934,
    -0.6594408750534058,
    0.40104666352272034,
    -0.6697017550468445,
    -0.5086824297904968,
    -1.354979395866394,
    1.6672207117080688,
    -0.724643886089325,
    0.5036501288414001,
    0.5993982553482056,
    -1.8190546035766602,
    1.378010869026184
  ],
  "O.OCC(F)(F)F": [
    1.1350728273391724,
    -1.0259361267089844,
    0.12076710909605026,
    -0.6036415696144104,
    0.887776792049408,
    -0.9846540093421936,
    0.4855407178401947,
    -0.4293990135192871,
    -0.8280429244041443,
    -1.1420444250106812,
    1.8523598909378052,
    -0.8325077891349792,
    0.8001991510391235,
    0.6833713054656982,
    -1.4588515758514404,
    1.3315116167068481
  ],
  "CN(C)C(C)=O": [
    1.4325931072235107,
    -0.23154118657112122,
    0.7386344075202942,
    -0.4846911132335663,
    0.7520251870155334,
    -0.12476522475481033,
    0.645552933216095,
    -0.7052900791168213,
    -1.3126564025878906,
    -0.8328886032104492,
    1.4180148839950562,
    -1.660159707069397,
    0.1658741533756256,
    0.8114627599716187,
    -1.656556248664856,
    1.0324785709381104
  ],
  "CCCCCCCCCCO": [
    1.336485743522644,
    -0.0011159402783960104,
    0.17867626249790192,
    -0.732359766960144,
    0.1342945247888565,
    0.08088643848896027,
    1.271998405456543,
    -0.6415491104125977,
    -1.7833682298660278,
    -0.3159309923648834,
    1.4343332052230835,
    -1.5845975875854492,
    -0.20820441842079163,
    1.3690314292907715,
    -1.207576870918274,
    0.6631184220314026
  ],
  "OCC": [
    1.4319543838500977,
    -0.5410627126693726,
    0.47871044278144836,
    -0.39364489912986755,
    0.9454509019851685,
    -0.2952233552932739,
    0.4863418638706207,
    -0.7814184427261353,
    -0.927524983882904,
    -1.0614616870880127,
    1.5598639249801636,
    -1.1768202781677246,
    0.3679904639720917,
    0.6670246124267578,
    -1.9367986917495728,
    1.1645610332489014
  ],
  "C1CCOC1": [
    1.3592638969421387,
    -0.22750644385814667,
    0.4702790379524231,
    -0.48178592324256897,
    0.2463657259941101,
    0.047153912484645844,
    1.2498352527618408,
    -0.5124714374542236,
    -1.3900864124298096,
    -0.48859405517578125,
    1.3684214353561401,
    -1.868348479270935,
    -0.14242878556251526,
    0.9917991757392883,
    -1.5598245859146118,
    0.9295181035995483
  ],
  "[C@H]12CCC([C@H](OC1)O2)=O": [
    1.4990425109863281,
    -0.6207446455955505,
    0.6754118204116821,
    -0.33200955390930176,
    1.0504111051559448,
    -0.19991889595985413,
    0.2525329291820526,
    -0.7788856029510498,
    -0.8939695358276367,
    -0.9248397350311279,
    1.5105493068695068,
    -1.4923213720321655,
    0.3809625506401062,
    0.6050059199333191,
    -1.8014769554138184,
    1.056588888168335
  ],
  "O=C(OCC)C": [
    1.2738806009292603,
    -0.08060764521360397,
    0.30495765805244446,
    -0.4002563953399658,
    0.041374415159225464,
    -0.038261182606220245,
    1.4228944778442383,
    -0.5276857614517212,
    -1.5580614805221558,
    -0.4644128680229187,
    1.3899753093719482,
    -1.750823974609375,
    -0.1343000829219818,
    1.1195915937423706,
    -1.48465096950531,
    0.8792203664779663
  ],
  "CC(C)(C)OC": [
    1.276689052581787,
    -0.07366165518760681,
    0.11466510593891144,
    -0.6509340405464172,
    -0.19669204950332642,
    -0.17356674373149872,
    1.7461389303207397,
    -0.34395501017570496,
    -1.4986190795898438,
    -0.3723932206630707,
    1.318942666053772,
    -1.6782121658325195,
    -0.23159530758857727,
    1.2799110412597656,
    -1.2608954906463623,
    0.740899384021759
  ],