{
  "CO": [
    1.975035548210144,
    -0.2587416172027588,
    0.03528246656060219,
    0.11817940324544907,
    0.14011423289775848,
    -1.7004692554473877,
    0.7758729457855225,
    -0.3933815658092499,
    0.1203574389219284,
    -1.52180814743042,
    0.4903395175933838,
    -0.9793493151664734,
    0.06692652404308319,
    0.7993780970573425,
    -1.2472158670425415,
    1.605895757675171
  ],
  "OCCO": [
    2.0060818195343018,
    -0.4204137325286865,
    0.167607843875885,
    0.41941744089126587,
    0.6380930542945862,
    -1.6448729038238525,
    0.7189307808876038,
    -0.30798813700675964,
    -0.19917838275432587,
    -1.4210458993911743,
    0.24744340777397156,
    -1.1620664596557617,
    -0.00230848859064281,
    0.7062926292419434,
    -1.2447551488876343,
    1.5251799821853638
  ],
  "C(C(F)(F)F)(C(F)(F)F)O": [
    1.4939460754394531,
    -0.319852352142334,
    0.0914611965417862,
    -0.3053564131259918,
    -0.5153941512107849,
    -1.6162062883377075,
    0.7338984608650208,
    -0.05722610279917717,
    0.4068152904510498,
    -2.048462390899658,
    0.5206230878829956,
    -0.9143637418746948,
    0.5150572061538696,
    0.6909062266349792,
    -0.5298305153846741,
    1.8773876428604126
  ],
  "O1C(C)CCC1": [
    2.025582790374756,
    0.6907430291175842,
    0.2843678295612335,
    -0.16491281986236572,
    -0.6731364130973816,
    -0.5246793031692505,
    1.648564338684082,
    -0.49619796872138977,
    -0.37414759397506714,
    -0.9352182745933533,
    0.2415056824684143,
    -1.8356355428695679,
    -0.6279122829437256,
    0.8353716135025024,
    -1.090432047843933,
    1.0211694240570068
  ],
  "C1CCCCC1": [
    1.9446202516555786,
    0.687659740447998,
    -0.027453217655420303,
    -0.24111726880073547,
    -1.146168828010559,
    -0.9251188635826111,
    1.5935391187667847,
    -0.2629985511302948,
    -0.2688988745212555,
    -0.7656607031822205,
    0.7214655876159668,
    -1.8283343315124512,
    -0.49963247776031494,
    0.9604154825210571,
    -0.7833933234214783,
    0.8648740649223328
  ],
  "CC(O)C": [
    2.1103546619415283,
    0.45645296573638916,
    0.21419790387153625,
    0.09471792727708817,
    -0.11113373935222626,
    -1.0578051805496216,
    1.2628681659698486,
    -0.48113781213760376,
    -0.1996861845254898,
    -1.4560896158218384,
    0.4309140741825104,
    -1.5718141794204712,
    -0.35697072744369507,
    0.7420020699501038,
    -1.2277967929840088,
    1.1799800395965576
  ],
  "O.CC#N": [
    1.7981511354446411,
    -0.6147148609161377,
    0.09755448997020721,
    0.12787774205207825,
    0.23250903189182281,
    -1.7929404973983765,
    0.5845316052436829,
    -0.0433616079390049,
    -0.055036626756191254,
    -1.5453828573226929,
    0.36967870593070984,
    -1.0174905061721802,
    0.3077232241630554,
    0.7694526314735413,
    -1.028793454170227,
    1.8318777084350586
  ],
  "CC#N": [
    2.1907143592834473,
    0.2146492749452591,
    0.2814919948577881,
    0.04377730190753937,
    -0.11166436225175858,
    -1.148102879524231,
    1.1310639381408691,
    -0.342853844165802,
    0.09164633601903915,
    -1.4205925464630127,
    0.35987094044685364,
    -1.4844400882720947,
    -0.27534234523773193,
    0.5674042105674744,
    -1.3838894367218018,
    1.3127365112304688
  ],
  "CC#N.CC(=O)O": [
    2.170555353164673,
    0.09611626714468002,
    0.1961275041103363,
    0.03700616955757141,
    -0.0822424665093422,
    -1.217071771621704,
    1.013277292251587,
    -0.43705907464027405,
    0.18056151270866394,
    -1.518802285194397,
    0.5092706084251404,
    -1.359399437904358,
    -0.22672951221466064,
    0.6768168210983276,
    -1.3484934568405151,
    1.3370978832244873
  ],
  "CCOCC": [
    1.987581729888916,
    0.7865911722183228,
    0.12769663333892822,
    -0.16730763018131256,
    -0.7410082817077637,
    -0.6075987219810486,
    1.6541454792022705,
    -0.43675196170806885,
    -0.3671596944332123,
    -0.9742363691329956,
    0.42470410466194153,
    -1.823439121246338,
    -0.6500703692436218,
    0.8237866163253784,
    -1.0043662786483765,
    0.9927813410758972
  ],
  "OCC(F)(F)F": [
    1.7713980674743652,
    -0.2695755362510681,
    0.05112598463892937,
    -0.11664740741252899,
    -0.15824177861213684,
    -1.766326665878296,
    0.7059813141822815,
    -0.1408284455537796,
    0.25221550464630127,
    -1.7853769063949585,
    0.37798643112182617,
    -0.9276702404022217,
    0.3137843906879425,
    0.803316593170166,
    -0.8846818804740906,
    1.7989095449447632
  ],
  "O.OCC(F)(F)F": [
    1.5881510972976685,
    -0.7592417001724243,
    -0.059974152594804764,
    0.21587488055229187,
    0.3033069968223572,
    -2.0317583084106445,
    0.3985113203525543,
    0.09857968240976334,
    -0.14700081944465637,
    -1.5396968126296997,
    0.4232139587402344,
    -0.7367891073226929,
    0.3640708029270172,
    0.9024765491485596,
    -0.8724649548530579,
    1.8746763467788696
  ],
  "CN(C)C(C)=O": [
    2.18048095703125,
    0.5406606793403625,
    0.4864128828048706,
    -0.13442929089069366,
    -0.13100668787956238,
    -0.8452682495117188,
    1.2043282985687256,
    -0.5264143347740173,
    -0.2512865960597992,
    -1.2976534366607666,
    0.30076107382774353,
    -1.7066025733947754,
    -0.4374435245990753,
    0.7529767155647278,
    -1.24075186252594,
    1.131662368774414
  ],
  "CCCCCCCCCCO": [
    2.0107696056365967,
    0.7195734977722168,
    0.2498033195734024,
    -0.2631101906299591,
    -0.5615317225456238,
    -0.5495726466178894,
    1.4603447914123535,
    -0.5469557046890259,
    -0.6625397205352783,
    -0.9798019528388977,
    0.5916107296943665,
    -1.8532031774520874,
    -0.6157135367393494,
    1.0289241075515747,
    -0.9434042572975159,
    0.9389963150024414
  ],
  "OCC": [
    2.195275068283081,
    0.09394276887178421,
    0.2096826285123825,
    0.01165945827960968,
    0.08429068326950073,
    -1.2318145036697388,
    1.0667363405227661,
    -0.44588503241539,
    0.005029897205531597,
    -1.4711754322052002,
    0.329611599445343,
    -1.1946176290512085,
    -0.27483415603637695,
    0.7374792098999023,
    -1.4523414373397827,
    1.3665698766708374
  ],
  "C1CCOC1": [
    2.0740272998809814,
    0.6366521716117859,
    0.27041923999786377,
    -0.18396933376789093,
    -0.6434413194656372,
    -0.5441645383834839,
    1.582619309425354,
    -0.4314657747745514,
    -0.2267199009656906,
    -0.9662355184555054,
    0.38217252492904663,
    -1.916081428527832,
    -0.6314151883125305,
    0.7404236793518066,
    -1.1018881797790527,
    0.9832509160041809
  ],
  "[C@H]12CCC([C@H](OC1)O2)=O": [
    2.3006677627563477,
    0.10538195073604584,
    0.4293501377105713,
    0.06436603516340256,
    0.2063632607460022,
    -1.134223222732544,
    0.9367865920066833,
    -0.5245810151100159,
    -0.12451907992362976,
    -1.3706902265548706,
    0.2468193620443344,
    -1.4830080270767212,
    -0.29531607031822205,
    0.6665496826171875,
    -1.299957275390625,
    1.3023014068603516
  ],
  "O=C(OCC)C": [
    1.9344968795776367,
    0.8214645385742188,
    0.10870816558599472,
    -0.07881540805101395,
    -0.7911753058433533,
    -0.46635475754737854,
    1.7147637605667114,
    -0.4919443130493164,
    -0.37479478120803833,
    -0.9150879383087158,
    0.3938976526260376,
    -1.8468608856201172,
    -0.7263949513435364,
    0.8278898596763611,
    -1.0251919031143188,
    0.9402089715003967
  ],
  "CC(C)(C)OC": [
    1.7559276819229126,
    0.8002693057060242,
    -0.08505282551050186,
    -0.24985097348690033,
    -1.1358551979064941,
    -0.5559908151626587,
    1.8370184898376465,
    -0.46228018403053284,
    -0.3949698805809021,
    -0.861488938331604,
    0.5308966636657715,
    -1.7676645517349243,
    -0.6592410802841187,
    1.0896939039230347,
    -0.6945874094963074,
    0.8799341320991516
  ],