{
  "CO": [
    2.022346019744873,
    -0.2592792510986328,
    0.07563219964504242,
    0.06567975133657455,
    0.18276524543762207,
    -1.6495798826217651,
    0.636538565158844,
    -0.3982272744178772,
    0.20100557804107666,
    -1.5484603643417358,
    0.4350554645061493,
    -0.8600690364837646,
    0.05718407407402992,
    0.7500391006469727,
    -1.3413851261138916,
    1.6532410383224487
  ],
  "OCCO": [
    1.9953804016113281,
    -0.4668256342411041,
    0.15479417145252228,
    0.39404618740081787,
    0.6541347503662109,
    -1.6579115390777588,
    0.6443505883216858,
    -0.2529657185077667,
    -0.21501536667346954,
    -1.4065150022506714,
    0.28307992219924927,
    -1.1374977827072144,
    -0.0002014257770497352,
    0.7019836902618408,
    -1.2462533712387085,
    1.5777184963226318
  ],
  "C(C(F)(F)F)(C(F)(F)F)O": [
    1.5658433437347412,
    -0.28393107652664185,
    0.0955401062965393,
    -0.2696077227592468,
    -0.5380454063415527,
    -1.587406873703003,
    0.7345632314682007,
    -0.12119774520397186,
    0.28583255410194397,
    -2.0663866996765137,
    0.6921340227127075,
    -0.9324596524238586,
    0.4827982783317566,
    0.7854243516921997,
    -0.5657250881195068,
    1.7449469566345215
  ],
  "O1C(C)CCC1": [
    1.9586026668548584,
    0.737311601638794,
    0.2531317174434662,
    -0.15336206555366516,
    -0.7137608528137207,
    -0.5029249787330627,
    1.6040805578231812,
    -0.4709535837173462,
    -0.4060588777065277,
    -0.9248223900794983,
    0.3720993399620056,
    -1.9255173206329346,
    -0.6372815370559692,
    0.8261584639549255,
    -1.0379103422164917,
    1.0415412187576294
  ],
  "C1CCCCC1": [
    1.988240122795105,
    0.5827816128730774,
    0.18054382503032684,
    -0.3485047221183777,
    -1.0720951557159424,
    -0.9634230136871338,
    1.4162248373031616,
    -0.11623305082321167,
    -0.19337837398052216,
    -0.8682364225387573,
    0.7651057243347168,
    -1.8889877796173096,
    -0.3350355625152588,
    0.8243311047554016,
    -0.9366952180862427,
    0.9836772680282593
  ],
  "CC(O)C": [
    2.048835277557373,
    0.40772169828414917,
    0.2899322807788849,
    0.06318569928407669,
    -0.15316931903362274,
    -1.0557091236114502,
    1.2733811140060425,
    -0.4242957532405853,
    -0.1941945105791092,
    -1.4169902801513672,
    0.4886486828327179,
    -1.6364331245422363,
    -0.34526434540748596,
    0.7329562902450562,
    -1.2635247707366943,
    1.209831953048706
  ],
  "O.CC#N": [
    1.9007703065872192,
    -0.5472505688667297,
    0.04704330489039421,
    0.162090465426445,
    0.27487945556640625,
    -1.8072774410247803,
    0.5673621296882629,
    -0.1868833750486374,
    -0.09650411456823349,
    -1.5022414922714233,
    0.45760053396224976,
    -0.9690566658973694,
    0.2450079321861267,
    0.7135696411132812,
    -1.0361016988754272,
    1.7962876558303833
  ],
  "CC#N": [
    2.1770365238189697,
    0.19589941203594208,
    0.2610657215118408,
    0.03472554683685303,
    -0.1514059454202652,
    -1.0661259889602661,
    1.1232794523239136,
    -0.38565725088119507,
    0.04534416273236275,
    -1.4476978778839111,
    0.5050313472747803,
    -1.5390899181365967,
    -0.26778799295425415,
    0.5835599899291992,
    -1.345490574836731,
    1.2999329566955566
  ],
  "CC#N.CC(=O)O": [
    2.1706936359405518,
    0.1028306633234024,
    0.22026079893112183,
    0.023597000166773796,
    -0.12053711712360382,
    -1.171318531036377,
    1.0025248527526855,
    -0.413066029548645,
    0.16275809705257416,
    -1.4945182800292969,
    0.5322586894035339,
    -1.3902721405029297,
    -0.23839515447616577,
    0.6447803974151611,
    -1.3732370138168335,
    1.3644274473190308
  ],
  "CCOCC": [
    1.9773516654968262,
    0.7402921319007874,
    0.15581902861595154,
    -0.2796546220779419,
    -0.8128957152366638,
    -0.5626766085624695,
    1.6406761407852173,
    -0.4022519290447235,
    -0.2491806596517563,
    -0.9857288002967834,
    0.39484912157058716,
    -1.8254501819610596,
    -0.6216611862182617,
    0.8208010792732239,
    -1.0242582559585571,
    1.0560072660446167
  ],
  "OCC(F)(F)F": [
    1.7643094062805176,
    -0.2916843295097351,
    0.10035108774900436,
    -0.1382528841495514,
    -0.16133765876293182,
    -1.7979612350463867,
    0.7014570236206055,
    -0.23623546957969666,
    0.13520964980125427,
    -1.7341936826705933,
    0.625445544719696,
    -0.9620229601860046,
    0.3662702143192291,
    0.8609014749526978,
    -0.9007441997528076,
    1.6911276578903198
  ],
  "O.OCC(F)(F)F": [
    1.5383763313293457,
    -0.8092759847640991,
    -0.052378904074430466,
    0.13103848695755005,
    0.27619636058807373,
    -2.0327093601226807,
    0.4472067058086395,
    0.14917883276939392,
    -0.19948500394821167,
    -1.5312036275863647,
    0.46494004130363464,
    -0.7630829215049744,
    0.47978121042251587,
    0.8815398812294006,
    -0.8361548185348511,
    1.8752832412719727
  ],
  "CN(C)C(C)=O": [
    2.1314549446105957,
    0.56037837266922,
    0.48422229290008545,
    -0.12211300432682037,
    -0.16825219988822937,
    -0.8265942931175232,
    1.2126444578170776,
    -0.4969594180583954,
    -0.281643807888031,
    -1.3145203590393066,
    0.36433714628219604,
    -1.7584922313690186,
    -0.4426214098930359,
    0.7483812570571899,
    -1.208619475364685,
    1.1414724588394165
  ],
  "CCCCCCCCCCO": [
    1.9723703861236572,
    0.7360106110572815,
    0.2259686291217804,
    -0.30364254117012024,
    -0.6397002339363098,
    -0.4369635581970215,
    1.4444046020507812,
    -0.5870291590690613,
    -0.6773263216018677,
    -0.9342145919799805,
    0.6563453078269958,
    -1.8895013332366943,
    -0.6535066366195679,
    1.0929807424545288,
    -0.8799432516098022,
    0.8945952653884888
  ],
  "OCC": [
    2.170485258102417,
    0.09545613825321198,
    0.25723570585250854,
    -0.029827624559402466,
    0.03207556530833244,
    -1.2269433736801147,
    1.05864679813385,
    -0.42608994245529175,
    0.008070806041359901,
    -1.4837672710418701,
    0.38117629289627075,
    -1.255029320716858,
    -0.24632598459720612,
    0.7279654145240784,
    -1.4185432195663452,
    1.3812828063964844
  ],
  "C1CCOC1": [
    1.9558435678482056,
    0.6684648990631104,
    0.24920499324798584,
    -0.13916128873825073,
    -0.7382944226264954,
    -0.3917521834373474,
    1.619260311126709,
    -0.47682738304138184,
    -0.33350077271461487,
    -0.9024543166160583,
    0.4453619122505188,
    -1.9739094972610474,
    -0.7118006944656372,
    0.8345260620117188,
    -1.047329068183899,
    0.9626718163490295
  ],
  "[C@H]12CCC([C@H](OC1)O2)=O": [
    2.269890308380127,
    -0.038472071290016174,
    0.4007079303264618,
    0.03382737189531326,
    0.29515042901039124,
    -1.2084354162216187,
    0.8325950503349304,
    -0.4698796272277832,
    -0.0638870820403099,
    -1.3505088090896606,
    0.312901109457016,
    -1.409801721572876,
    -0.23590001463890076,
    0.6598733067512512,
    -1.3904310464859009,
    1.3843308687210083
  ],
  "O=C(OCC)C": [
    1.9002618789672852,
    0.7939542531967163,
    0.150177463889122,
    -0.10464297235012054,
    -0.8081105351448059,
    -0.45580190420150757,
    1.705000638961792,
    -0.4662551283836365,
    -0.34747111797332764,
    -0.9298784732818604,
    0.43781113624572754,
    -1.8783925771713257,
    -0.725748598575592,
    0.849571704864502,
    -1.0316835641860962,
    0.9336118698120117
  ],
  "CC(C)(C)OC": [
    1.8780649900436401,
    0.769126832485199,
    0.018208704888820648,
    -0.29304662346839905,
    -1.0218942165374756,
    -0.6098930835723877,
    1.7621634006500244,
    -0.3657796382904053,
    -0.2790278196334839,
    -0.9025114178657532,
    0.5517180562019348,
    -1.7915689945220947,
    -0.6631098985671997,
    0.9450002312660217,
    -0.8679977655410767,
    0.8948822617530823
  ],