{
  "CO": [
    1.534928560256958,
    -0.5756038427352905,
    0.18988037109375,
    -0.2838742434978485,
    0.8078296780586243,
    -0.8873204588890076,
    0.43681272864341736,
    -0.8444851636886597,
    -0.3612174093723297,
    -1.1803503036499023,
    1.543797254562378,
    -1.097412347793579,
    0.44051313400268555,
    0.590574324131012,
    -1.7741844654083252,
    1.4472260475158691
  ],
  "OCCO": [
    1.533255696296692,
    -0.6440243124961853,
    0.37212446331977844,
    -0.015882210806012154,
    1.1888957023620605,
    -0.7872543334960938,
    0.4141541123390198,
    -0.7842950224876404,
    -0.791017472743988,
    -0.9838973879814148,
    1.5182316303253174,
    -1.4560292959213257,
    0.371702641248703,
    0.473082959651947,
    -1.6009783744812012,
    1.177247405052185
  ],
  "C(C(F)(F)F)(C(F)(F)F)O": [
    1.1286289691925049,
    -0.32618340849876404,
    0.23364774882793427,
    -0.8925232887268066,
    -0.11365067213773727,
    -0.9080893397331238,
    1.23847234249115,
    -0.2663591802120209,
    0.14762061834335327,
    -1.687480092048645,
    0.9878190159797668,
    -1.315483808517456,
    0.426466166973114,
    0.557779848575592,
    -1.1855906248092651,
    1.9713504314422607
  ],
  "O1C(C)CCC1": [
    1.3975725173950195,
    0.25505292415618896,
    0.405484676361084,
    -0.32208025455474854,
    -0.0564630925655365,
    -0.06474140286445618,
    1.4126684665679932,
    -0.7473546862602234,
    -1.2671409845352173,
    -0.5660946369171143,
    1.2225337028503418,
    -2.029771089553833,
    -0.27674049139022827,
    0.9472800493240356,
    -1.320749282836914,
    1.0009199380874634
  ],
  "C1CCCCC1": [
    1.161904215812683,
    0.3818780183792114,
    -0.25645163655281067,
    -0.7846097350120544,
    -0.7051699757575989,
    -0.5906516909599304,
    1.6913394927978516,
    -0.37796327471733093,
    -0.954594612121582,
    -0.3789328932762146,
    1.0541163682937622,
    -1.8408875465393066,
    -0.6181694865226746,
    1.792304515838623,
    -0.4314480721950531,
    0.8589231967926025
  ],
  "CC(O)C": [
    1.4884493350982666,
    -0.060853179544210434,
    0.4893542528152466,
    -0.31589195132255554,
    0.6693114638328552,
    -0.37311306595802307,
    0.7886727452278137,
    -0.827028751373291,
    -0.9054211974143982,
    -1.0767714977264404,
    1.5330737829208374,
    -1.6737453937530518,
    0.11580756306648254,
    0.6378459930419922,
    -1.6565818786621094,
    1.153430700302124
  ],
  "O.CC#N": [
    1.367032527923584,
    -0.8556423187255859,
    0.1776764690876007,
    -0.22044524550437927,
    0.8971679210662842,
    -0.9749141931533813,
    0.4525988698005676,
    -0.5669331550598145,
    -0.6974461078643799,
    -1.021706223487854,
    1.6423475742340088,
    -1.2534767389297485,
    0.5769739747047424,
    0.5132498145103455,
    -1.5538692474365234,
    1.5045502185821533
  ],
  "CC#N": [
    1.505664348602295,
    -0.29740628600120544,
    0.48257142305374146,
    -0.24947214126586914,
    0.5944238305091858,
    -0.29205334186553955,
    0.7396354079246521,
    -0.7925322651863098,
    -0.7019820213317871,
    -1.115801215171814,
    1.5360133647918701,
    -1.7305611371994019,
    0.26389673352241516,
    0.4773823022842407,
    -1.6875792741775513,
    1.2534534931182861
  ],
  "CC#N.CC(=O)O": [
    1.4682211875915527,
    -0.3708546757698059,
    0.4137307107448578,
    -0.24683219194412231,
    0.6324570775032043,
    -0.3324965238571167,
    0.6755076050758362,
    -0.7991507053375244,
    -0.5875975489616394,
    -1.1860721111297607,
    1.6178081035614014,
    -1.6066211462020874,
    0.26239272952079773,
    0.527350127696991,
    -1.7445813417434692,
    1.262811541557312
  ],
  "CCOCC": [
    1.3409336805343628,
    0.27062734961509705,
    0.20176464319229126,
    -0.4648399353027344,
    -0.2909189760684967,
    -0.19192609190940857,
    1.730546236038208,
    -0.6485275626182556,
    -1.1895484924316406,
    -0.5784708857536316,
    1.1511986255645752,
    -1.9434456825256348,
    -0.30869850516319275,
    1.0348896980285645,
    -1.1599146127700806,
    1.0403374433517456
  ],
  "OCC(F)(F)F": [
    1.4395276308059692,
    -0.4256630837917328,
    0.3364933133125305,
    -0.5964481234550476,
    0.3038865625858307,
    -0.8317947387695312,
    0.9686424136161804,
    -0.6782873272895813,
    -0.4325807988643646,
    -1.4254143238067627,
    1.4473073482513428,
    -1.2820048332214355,
    0.5272092223167419,
    0.6410329937934875,
    -1.5001498460769653,
    1.4995582103729248
  ],
  "O.OCC(F)(F)F": [
    1.460700511932373,
    -0.9320114850997925,
    -0.07989520579576492,
    -0.3154076635837555,
    0.8950705528259277,
    -1.148473858833313,
    0.2504805028438568,
    -0.4337356388568878,
    -0.49735939502716064,
    -1.044638991355896,
    1.5997153520584106,
    -1.0209726095199585,
    0.44438785314559937,
    0.6969380378723145,
    -1.5103508234024048,
    1.6244697570800781
  ],
  "CN(C)C(C)=O": [
    1.5977174043655396,
    0.023038214072585106,
    0.7575878500938416,
    -0.47052687406539917,
    0.6184637546539307,
    -0.2291952222585678,
    0.8222965002059937,
    -0.8181349635124207,
    -0.8972588181495667,
    -0.9663186073303223,
    1.2912342548370361,
    -1.8631774187088013,
    0.01234763115644455,
    0.6233576536178589,
    -1.591403841972351,
    1.0766407251358032
  ],
  "CCCCCCCCCCO": [
    1.4576078653335571,
    0.2761809527873993,
    0.24522602558135986,
    -0.7217988967895508,
    0.03534967079758644,
    -0.016401411965489388,
    1.3404525518417358,
    -0.7211499214172363,
    -1.3170605897903442,
    -0.5170292258262634,
    1.3734266757965088,
    -1.8655014038085938,
    -0.35754841566085815,
    1.1227681636810303,
    -1.2160859107971191,
    0.8737349510192871
  ],
  "OCC": [
    1.4937877655029297,
    -0.33930423855781555,
    0.447611927986145,
    -0.29101741313934326,
    0.7824673652648926,
    -0.42120450735092163,
    0.7147218585014343,
    -0.8173224925994873,
    -0.7248703837394714,
    -1.1466234922409058,
    1.5176767110824585,
    -1.4997903108596802,
    0.23132483661174774,
    0.5882136225700378,
    -1.7785927057266235,
    1.2297253608703613
  ],
  "C1CCOC1": [
    1.4306131601333618,
    0.14983762800693512,
    0.46365904808044434,
    -0.3872542083263397,
    0.003477682825177908,
    -0.08418329060077667,
    1.3782511949539185,
    -0.6555227041244507,
    -1.1146003007888794,
    -0.5379576086997986,
    1.2809062004089355,
    -2.1208860874176025,
    -0.25563693046569824,
    0.7888774275779724,
    -1.3829201459884644,
    1.0328813791275024
  ],
  "[C@H]12CCC([C@H](OC1)O2)=O": [
    1.6335586309432983,
    -0.42086875438690186,
    0.6010432243347168,
    -0.2873952388763428,
    0.9587414264678955,
    -0.4389248788356781,
    0.4279584586620331,
    -0.8737661838531494,
    -0.6623906493186951,
    -0.9597927331924438,
    1.4239283800125122,
    -1.6265398263931274,
    0.2786795496940613,
    0.4765017330646515,
    -1.7279925346374512,
    1.1815401315689087
  ],
  "O=C(OCC)C": [
    1.3343175649642944,
    0.2372773140668869,
    0.2816125154495239,
    -0.35216155648231506,
    -0.20814423263072968,
    -0.09123100340366364,
    1.643471360206604,
    -0.6719347834587097,
    -1.1534701585769653,
    -0.5819894671440125,
    1.227962613105774,
    -1.9875866174697876,
    -0.3285830318927765,
    0.9722553491592407,
    -1.3119124174118042,
    0.9826955199241638
  ],
  "CC(C)(C)OC": [
    1.1445913314819336,
    0.3558082580566406,
    -0.10095714032649994,
    -0.5401966571807861,
    -0.613497793674469,
    -0.27083295583724976,
    1.9314756393432617,
    -0.5328302383422852,
    -1.2030094861984253,
    -0.43162283301353455,
    1.109279990196228,
    -1.8413283824920654,
    -0.48927128314971924,
    1.4017277956008911,
    -0.8106074929237366,
    0.8901699781417847
  ],