{
  "CO": [
    0.5804394483566284,
    -2.257960796356201,
    0.9290434122085571,
    0.053839731961488724,
    0.6813575625419617,
    0.03596280515193939,
    -0.5456708073616028,
    0.2940731942653656,
    -0.5651044249534607,
    -1.211037278175354,
    1.440117359161377,
    0.040854889899492264,
    0.5169657468795776,
    0.7903011441230774,
    -1.7680469751358032,
    0.9845923781394958
  ],
  "OCCO": [
    0.7588103413581848,
    -2.1280019283294678,
    0.9386501312255859,
    0.19299538433551788,
    1.1989840269088745,
    -0.13427376747131348,
    -0.8187479376792908,
    0.3711671531200409,
    -0.5673347115516663,
    -0.8028036952018738,
    1.1851398944854736,
    -0.2735667824745178,
    0.4035142660140991,
    0.6208470463752747,
    -1.93445885181427,
    0.9886851906776428
  ],
  "C(C(F)(F)F)(C(F)(F)F)O": [
    0.20488712191581726,
    -2.0340051651000977,
    0.9095713496208191,
    -0.6273981332778931,
    -0.36882948875427246,
    -0.009074235334992409,
    0.24801848828792572,
    1.1102685928344727,
    -0.13596823811531067,
    -1.7607197761535645,
    0.8867986798286438,
    0.08543048799037933,
    0.41541704535484314,
    0.9712972640991211,
    -1.3859096765518188,
    1.4902671575546265
  ],
  "O1C(C)CCC1": [
    0.807499349117279,
    -1.9312984943389893,
    1.3685095310211182,
    0.10351093858480453,
    0.0790315493941307,
    0.5713551640510559,
    0.3819849491119385,
    0.883572518825531,
    -1.637924313545227,
    -0.6958217024803162,
    0.7819876670837402,
    -0.9901590347290039,
    0.09169163554906845,
    1.2102136611938477,
    -1.4391456842422485,
    0.41517600417137146
  ],
  "C1CCCCC1": [
    0.5567736625671387,
    -1.7558457851409912,
    0.606876015663147,
    -0.0510982982814312,
    -0.8424502015113831,
    -0.09681465476751328,
    1.2962634563446045,
    1.2668678760528564,
    -1.7622203826904297,
    -0.12832598388195038,
    0.7709373235702515,
    -1.0942715406417847,
    -0.16415093839168549,
    1.7404413223266602,
    -0.4904904365539551,
    0.14820677042007446
  ],
  "CC(O)C": [
    0.528845489025116,
    -2.0491576194763184,
    1.3747162818908691,
    0.34063348174095154,
    0.5537181496620178,
    0.48103854060173035,
    -0.30532631278038025,
    0.46546268463134766,
    -1.1620385646820068,
    -1.058415412902832,
    1.1393591165542603,
    -0.6016100645065308,
    0.39399194717407227,
    1.0298055410385132,
    -1.7234913110733032,
    0.5923255681991577
  ],
  "O.CC#N": [
    0.6046020984649658,
    -2.332542657852173,
    0.7863081693649292,
    0.11399883776903152,
    0.7351569533348083,
    -0.1481536328792572,
    -0.6905571222305298,
    0.5105730295181274,
    -0.7102894186973572,
    -0.9599714875221252,
    1.5580580234527588,
    -0.11718370765447617,
    0.5920710563659668,
    0.5988768339157104,
    -1.6008154153823853,
    1.0595874786376953
  ],
  "CC#N": [
    0.752798318862915,
    -2.04221773147583,
    1.220065712928772,
    0.16820049285888672,
    0.5528209209442139,
    0.4113597273826599,
    -0.5952590107917786,
    0.43189170956611633,
    -0.7137410640716553,
    -1.1802006959915161,
    1.2002604007720947,
    -0.4791547656059265,
    0.5130925178527832,
    0.6355540156364441,
    -1.8709224462509155,
    0.9951227903366089
  ],
  "CC#N.CC(=O)O": [
    0.6855871677398682,
    -2.1373331546783447,
    1.130419135093689,
    0.16112123429775238,
    0.5475558638572693,
    0.3577972650527954,
    -0.5480253100395203,
    0.42761147022247314,
    -0.6268383264541626,
    -1.2119234800338745,
    1.3241441249847412,
    -0.394026517868042,
    0.49077099561691284,
    0.6784169673919678,
    -1.836267352104187,
    0.9506844282150269
  ],
  "CCOCC": [
    0.6490410566329956,
    -1.8912280797958374,
    1.1053532361984253,
    0.1035742536187172,
    -0.2528669834136963,
    0.3613779842853546,
    0.8031675815582275,
    1.0291197299957275,
    -1.9691294431686401,
    -0.47129112482070923,
    0.8970208764076233,
    -0.9740698933601379,
    0.16018091142177582,
    1.3282521963119507,
    -1.08802330493927,
    0.20991858839988708
  ],
  "OCC(F)(F)F": [
    0.47168341279029846,
    -2.180879831314087,
    0.7870540618896484,
    -0.27632439136505127,
    0.5170803666114807,
    -0.2515562176704407,
    -0.39388716220855713,
    0.46363720297813416,
    -0.6625805497169495,
    -1.4195852279663086,
    1.4926784038543701,
    0.1420109122991562,
    0.8044832944869995,
    0.8940259218215942,
    -1.4979448318481445,
    1.10989248752594
  ],
  "O.OCC(F)(F)F": [
    0.5087829232215881,
    -2.2745201587677,
    0.5670434832572937,
    -0.12393391877412796,
    0.7495753765106201,
    -0.3975018262863159,
    -0.7935934066772461,
    0.7024853825569153,
    -0.4515753984451294,
    -0.7953464388847351,
    1.3488625288009644,
    0.11811582744121552,
    0.3996173143386841,
    0.8832886219024658,
    -1.7504899501800537,
    1.3089830875396729
  ],
  "CN(C)C(C)=O": [
    0.8136558532714844,
    -1.8488054275512695,
    1.5704991817474365,
    0.10499758273363113,
    0.675478458404541,
    0.431061714887619,
    -0.3916302025318146,
    0.3867662847042084,
    -1.2798470258712769,
    -1.0911263227462769,
    0.9814457893371582,
    -0.7806005477905273,
    0.41489672660827637,
    1.0090352296829224,
    -1.5957541465759277,
    0.59972083568573
  ],
  "CCCCCCCCCCO": [
    0.6643760204315186,
    -1.6580296754837036,
    1.0147356986999512,
    -0.22716949880123138,
    -0.12209636718034744,
    0.6557658314704895,
    0.4862501919269562,
    0.7217785120010376,
    -2.206951856613159,
    -0.35327187180519104,
    1.0863722562789917,
    -0.8028745651245117,
    -0.03391027823090553,
    1.667810320854187,
    -0.9584829807281494,
    0.06618193536996841
  ],
  "OCC": [
    0.6667923331260681,
    -2.074636220932007,
    1.1610677242279053,
    0.16909010708332062,
    0.7798716425895691,
    0.23559720814228058,
    -0.6150558590888977,
    0.32514360547065735,
    -0.842178225517273,
    -1.1755781173706055,
    1.2489607334136963,
    -0.2577912211418152,
    0.5294189453125,
    0.8015901446342468,
    -1.8240466117858887,
    0.8714515566825867
  ],
  "C1CCOC1": [
    0.636174738407135,
    -1.963981032371521,
    1.2845966815948486,
    0.18665386736392975,
    -0.06314203888177872,
    0.7202532291412354,
    0.49931132793426514,
    0.9200029373168945,
    -1.696641445159912,
    -0.4853097200393677,
    0.8598021268844604,
    -1.1543201208114624,
    -0.0576053224503994,
    1.3185534477233887,
    -1.210171103477478,
    0.2061443030834198
  ],
  "[C@H]12CCC([C@H](OC1)O2)=O": [
    0.8950037956237793,
    -2.041722536087036,
    1.3219726085662842,
    0.051187485456466675,
    0.9129538536071777,
    0.257520467042923,
    -0.8140156269073486,
    0.21769855916500092,
    -0.5848174691200256,
    -0.9442174434661865,
    1.144347071647644,
    -0.5567663311958313,
    0.49216121435165405,
    0.6071849465370178,
    -1.84813392162323,
    0.8892270922660828
  ],
  "O=C(OCC)C": [
    0.6943400502204895,
    -2.0020976066589355,
    1.2896822690963745,
    0.24544107913970947,
    -0.0410708524286747,
    0.44652777910232544,
    0.42408260703086853,
    0.9653310775756836,
    -1.6888363361358643,
    -0.6211434006690979,
    0.9636426568031311,
    -0.9660527110099792,
    0.1621277630329132,
    1.1622066497802734,
    -1.3718992471694946,
    0.33792486786842346
  ],
  "CC(C)(C)OC": [
    0.517853319644928,
    -1.6743825674057007,
    0.7134953737258911,
    -0.0023918445222079754,
    -0.6301662921905518,
    0.24204091727733612,
    1.3487789630889893,
    1.1045507192611694,
    -2.085566759109497,
    -0.22308318316936493,
    0.6962841153144836,
    -0.8615565299987793,
    -0.10608827322721481,
    1.6413291692733765,
    -0.7654099464416504,
    0.08500969409942627
  ],