{
  "CO": [
    1.9931631088256836,
    -0.23311792314052582,
    0.057808469980955124,
    0.08155018091201782,
    0.11117305606603622,
    -1.652802586555481,
    0.7884767055511475,
    -0.3835082948207855,
    0.18288573622703552,
    -1.5365324020385742,
    0.45250341296195984,
    -0.9996434450149536,
    0.054863687604665756,
    0.7630217671394348,
    -1.2704088687896729,
    1.6166975498199463
  ],
  "OCCO": [
    2.0340723991394043,
    -0.3723817765712738,
    0.16089841723442078,
    0.36075249314308167,
    0.6046810150146484,
    -1.6503863334655762,
    0.723772406578064,
    -0.328572154045105,
    -0.2000722438097,
    -1.4391971826553345,
    0.25716882944107056,
    -1.1431801319122314,
    -0.008609062060713768,
    0.7104665040969849,
    -1.2163214683532715,
    1.5336261987686157
  ],
  "C(C(F)(F)F)(C(F)(F)F)O": [
    1.5650887489318848,
    -0.2234313189983368,
    0.0022767523769289255,
    -0.18226061761379242,
    -0.5612837076187134,
    -1.6631537675857544,
    0.6608566045761108,
    -0.12009779363870621,
    0.3283024728298187,
    -2.0534470081329346,
    0.6193527579307556,
    -0.8965125679969788,
    0.45572149753570557,
    0.8895291686058044,
    -0.5346912145614624,
    1.7387157678604126
  ],
  "O1C(C)CCC1": [
    2.035998582839966,
    0.7748309373855591,
    0.26175618171691895,
    -0.1311054825782776,
    -0.6388128995895386,
    -0.5675414204597473,
    1.5655078887939453,
    -0.48216375708580017,
    -0.4208689332008362,
    -0.9307512044906616,
    0.35096490383148193,
    -1.9053881168365479,
    -0.626044750213623,
    0.7787923812866211,
    -1.045918345451355,
    1.0040048360824585
  ],
  "C1CCCCC1": [
    1.7411242723464966,
    0.7444357872009277,
    -0.19686049222946167,
    -0.4253663122653961,
    -1.1857632398605347,
    -0.9392542243003845,
    1.523080587387085,
    -0.3285549283027649,
    -0.38180944323539734,
    -0.750795304775238,
    0.6714642643928528,
    -1.7309075593948364,
    -0.6511863470077515,
    1.432779312133789,
    -0.4018854796886444,
    0.9053406119346619
  ],
  "CC(O)C": [
    2.116382122039795,
    0.46830010414123535,
    0.27193573117256165,
    -0.04122663661837578,
    -0.2134055495262146,
    -1.0393249988555908,
    1.2732722759246826,
    -0.48533645272254944,
    -0.15079617500305176,
    -1.4035298824310303,
    0.32941296696662903,
    -1.554014801979065,
    -0.336701899766922,
    0.7464073300361633,
    -1.2266483306884766,
    1.2729674577713013
  ],
  "O.CC#N": [
    1.828214168548584,
    -0.6411373019218445,
    0.058511558920145035,
    0.2522270381450653,
    0.2529374063014984,
    -1.853724718093872,
    0.5421396493911743,
    0.04223821684718132,
    -0.1537424474954605,
    -1.4679559469223022,
    0.40990006923675537,
    -1.071832537651062,
    0.2504226863384247,
    0.7603378891944885,
    -0.9786081314086914,
    1.7909082174301147
  ],
  "CC#N": [
    2.2414636611938477,
    0.2345792055130005,
    0.276201456785202,
    0.01757398433983326,
    -0.09238229691982269,
    -1.0945630073547363,
    1.0964288711547852,
    -0.3864061236381531,
    0.06378703564405441,
    -1.4372931718826294,
    0.40207600593566895,
    -1.4472894668579102,
    -0.32825589179992676,
    0.5584129095077515,
    -1.3779699802398682,
    1.3000733852386475
  ],
  "CC#N.CC(=O)O": [
    2.2089080810546875,
    0.1226818859577179,
    0.20291514694690704,
    0.04141029715538025,
    -0.055955782532691956,
    -1.1755551099777222,
    0.9748907685279846,
    -0.40068110823631287,
    0.1874253898859024,
    -1.498677372932434,
    0.4740040600299835,
    -1.3189852237701416,
    -0.30817970633506775,
    0.6458706259727478,
    -1.4213768243789673,
    1.3478574752807617
  ],
  "CCOCC": [
    1.889400839805603,
    0.8189631104469299,
    0.03801630437374115,
    -0.11457306891679764,
    -0.8432777523994446,
    -0.5379958748817444,
    1.7328146696090698,
    -0.49064916372299194,
    -0.43742838501930237,
    -0.9530571103096008,
    0.4774602949619293,
    -1.8267871141433716,
    -0.6667414307594299,
    0.8784101605415344,
    -0.9100998640060425,
    0.9706190228462219
  ],
  "OCC(F)(F)F": [
    1.7799021005630493,
    -0.2778099775314331,
    0.041806407272815704,
    -0.08463060855865479,
    -0.10247538983821869,
    -1.8206075429916382,
    0.7231267690658569,
    -0.22701582312583923,
    0.14132055640220642,
    -1.7225579023361206,
    0.5493136644363403,
    -0.9123286008834839,
    0.3130801320075989,
    0.8934445381164551,
    -0.953420102596283,
    1.6853476762771606
  ],
  "O.OCC(F)(F)F": [
    1.6453630924224854,
    -0.752610981464386,
    -0.04456274211406708,
    0.16934937238693237,
    0.26680028438568115,
    -2.0274672508239746,
    0.4128952920436859,
    0.07208164036273956,
    -0.1708490252494812,
    -1.5047410726547241,
    0.42757508158683777,
    -0.7497556209564209,
    0.35801705718040466,
    0.902629554271698,
    -0.8551419377326965,
    1.872187852859497
  ],
  "CN(C)C(C)=O": [
    2.182965040206909,
    0.5709399580955505,
    0.4814952313899994,
    -0.12213661521673203,
    -0.14279648661613464,
    -0.8413317799568176,
    1.2036997079849243,
    -0.5218815207481384,
    -0.28579065203666687,
    -1.270140528678894,
    0.3116603493690491,
    -1.7370537519454956,
    -0.4399101436138153,
    0.7149841785430908,
    -1.2198470830917358,
    1.1405683755874634
  ],
  "CCCCCCCCCCO": [
    2.0437004566192627,
    0.6923010945320129,
    0.19687309861183167,
    -0.35432180762290955,
    -0.552135169506073,
    -0.46362408995628357,
    1.4632118940353394,
    -0.5981791019439697,
    -0.594207227230072,
    -0.9553490281105042,
    0.5303463935852051,
    -1.8348535299301147,
    -0.6326431035995483,
    1.0304237604141235,
    -0.9533788561820984,
    1.0051155090332031
  ],
  "OCC": [
    2.22499418258667,
    0.1145535483956337,
    0.21240770816802979,
    0.018301380798220634,
    0.09259472787380219,
    -1.1449148654937744,
    1.0889298915863037,
    -0.4635327160358429,
    0.018765073269605637,
    -1.466349482536316,
    0.3084665834903717,
    -1.2462395429611206,
    -0.3118048310279846,
    0.7005033493041992,
    -1.45775306224823,
    1.3404046297073364
  ],
  "C1CCOC1": [
    2.0639700889587402,
    0.6526272296905518,
    0.30601876974105835,
    -0.15804171562194824,
    -0.633755624294281,
    -0.566085159778595,
    1.5641038417816162,
    -0.4171455204486847,
    -0.26317015290260315,
    -0.9211905598640442,
    0.401283323764801,
    -1.950531005859375,
    -0.6431786417961121,
    0.7101569771766663,
    -1.1072852611541748,
    0.98533695936203
  ],
  "[C@H]12CCC([C@H](OC1)O2)=O": [
    2.3044941425323486,
    0.10096415132284164,
    0.4419011175632477,
    0.02364310435950756,
    0.20881867408752441,
    -1.1275262832641602,
    0.9333536028862,
    -0.49573400616645813,
    -0.10546433925628662,
    -1.4021275043487549,
    0.24156606197357178,
    -1.5029360055923462,
    -0.2771335244178772,
    0.6916016340255737,
    -1.278952956199646,
    1.270493507385254
  ],
  "O=C(OCC)C": [
    1.9817924499511719,
    0.7743561267852783,
    0.1476321965456009,
    -0.12476534396409988,
    -0.7854574918746948,
    -0.49840956926345825,
    1.6870583295822144,
    -0.4588872194290161,
    -0.282314270734787,
    -0.9570524096488953,
    0.3800557255744934,
    -1.8217304944992065,
    -0.7030443549156189,
    0.8099851012229919,
    -1.073366641998291,
    0.9495283365249634
  ],
  "CC(C)(C)OC": [
    1.938405990600586,
    0.7686707377433777,
    0.009622378274798393,
    -0.30859896540641785,
    -0.9552407264709473,
    -0.6361624598503113,
    1.7493513822555542,
    -0.3898465633392334,
    -0.22168239951133728,
    -0.9330636858940125,
    0.5247422456741333,
    -1.7619667053222656,
    -0.658987820148468,
    0.9276866316795349,
    -0.9035261869430542,
    0.8782525658607483
  ],