{
  "CO": [
    1.872329831123352,
    -0.46380817890167236,
    -0.003239620476961136,
    0.12109749764204025,
    0.4056910574436188,
    -1.4751675128936768,
    0.7252195477485657,
    -0.45309028029441833,
    -0.03009513020515442,
    -1.5088785886764526,
    0.6893131136894226,
    -1.0481798648834229,
    0.2904127240180969,
    0.6181929707527161,
    -1.4187560081481934,
    1.6844477653503418
  ],
  "OCCO": [
    1.9120609760284424,
    -0.5662341117858887,
    0.12158080190420151,
    0.3391992747783661,
    0.9087086319923401,
    -1.4146254062652588,
    0.6529769897460938,
    -0.3907649517059326,
    -0.3261092007160187,
    -1.3679476976394653,
    0.5204029083251953,
    -1.2458360195159912,
    0.19867439568042755,
    0.523594081401825,
    -1.4062577486038208,
    1.545546054840088
  ],
  "C(C(F)(F)F)(C(F)(F)F)O": [
    1.6961171627044678,
    -0.4524284303188324,
    -0.021682946011424065,
    -0.22373038530349731,
    0.06722290813922882,
    -1.5326999425888062,
    0.7526310682296753,
    -0.24658732116222382,
    0.07795798033475876,
    -1.8861186504364014,
    0.6862664222717285,
    -0.8843682408332825,
    0.5956594347953796,
    0.5589419007301331,
    -1.003829002380371,
    1.8245819807052612
  ],
  "O1C(C)CCC1": [
    1.9745960235595703,
    0.5935037136077881,
    0.2605236768722534,
    -0.09877173602581024,
    -0.33932235836982727,
    -0.5979136824607849,
    1.5513126850128174,
    -0.4913327097892761,
    -0.5056217312812805,
    -1.0559693574905396,
    0.5079096555709839,
    -2.0426862239837646,
    -0.400646448135376,
    0.7111054062843323,
    -1.0763095617294312,
    1.0185480117797852
  ],
  "C1CCCCC1": [
    1.6528879404067993,
    0.615507185459137,
    -0.20239856839179993,
    -0.17202405631542206,
    -0.9849563241004944,
    -0.9319412112236023,
    1.728415608406067,
    -0.2975141406059265,
    -0.4320743978023529,
    -0.9272437691688538,
    0.7788448333740234,
    -1.9442503452301025,
    -0.45302385091781616,
    1.1584389209747314,
    -0.4767484962940216,
    0.9023060202598572
  ],
  "CC(O)C": [
    2.0299417972564697,
    0.24538592994213104,
    0.22238102555274963,
    0.036103468388319016,
    0.1757882833480835,
    -0.9879969358444214,
    1.1519473791122437,
    -0.5183579921722412,
    -0.30396634340286255,
    -1.518736720085144,
    0.6640366315841675,
    -1.6683712005615234,
    -0.12414602190256119,
    0.6269522309303284,
    -1.2727404832839966,
    1.250683069229126
  ],
  "O.CC#N": [
    1.7503079175949097,
    -0.7280604839324951,
    -0.07699143141508102,
    0.19278976321220398,
    0.5173519849777222,
    -1.627791404724121,
    0.6109514832496643,
    -0.1751181185245514,
    -0.2948841452598572,
    -1.4408320188522339,
    0.7531106472015381,
    -1.1552696228027344,
    0.42295753955841064,
    0.5857928991317749,
    -1.1123075485229492,
    1.7818320989608765
  ],
  "CC#N": [
    2.051287889480591,
    0.010031340643763542,
    0.22957125306129456,
    0.11735201627016068,
    0.15287725627422333,
    -0.931172788143158,
    1.0785140991210938,
    -0.38331955671310425,
    -0.11151973903179169,
    -1.5062439441680908,
    0.611545979976654,
    -1.6895155906677246,
    -0.030939649790525436,
    0.42475250363349915,
    -1.4007148742675781,
    1.3831325769424438
  ],
  "CC#N.CC(=O)O": [
    2.023013114929199,
    -0.12249021232128143,
    0.13848501443862915,
    0.11652024835348129,
    0.19153958559036255,
    -1.03035306930542,
    0.9746869206428528,
    -0.4883739948272705,
    -0.03319772332906723,
    -1.5780863761901855,
    0.7695407271385193,
    -1.5329606533050537,
    0.04042256250977516,
    0.5164574384689331,
    -1.3851584196090698,
    1.4059077501296997
  ],
  "CCOCC": [
    1.7101082801818848,
    0.6460164189338684,
    -0.03003380261361599,
    -0.06626995652914047,
    -0.7537452578544617,
    -0.5207487344741821,
    1.8326812982559204,
    -0.5298922657966614,
    -0.5817417502403259,
    -0.9645789265632629,
    0.5505296587944031,
    -2.0097455978393555,
    -0.5166841745376587,
    1.0004937648773193,
    -0.7123118042945862,
    0.9584637880325317
  ],
  "OCC(F)(F)F": [
    1.9250264167785645,
    -0.3374611735343933,
    -0.0216912142932415,
    -0.19356605410575867,
    0.19307631254196167,
    -1.4342663288116455,
    0.7188271284103394,
    -0.34351497888565063,
    0.21573524177074432,
    -1.8637357950210571,
    0.6586379408836365,
    -0.9784095883369446,
    0.39217719435691833,
    0.5200384259223938,
    -1.1135681867599487,
    1.67091703414917
  ],
  "O.OCC(F)(F)F": [
    1.5197664499282837,
    -0.9121810793876648,
    -0.10461075603961945,
    0.13082437217235565,
    0.4378710389137268,
    -1.8397037982940674,
    0.620416522026062,
    -0.03903743252158165,
    -0.3323329985141754,
    -1.4997215270996094,
    0.7739011645317078,
    -0.9597525000572205,
    0.6014030575752258,
    0.6944615840911865,
    -0.894790768623352,
    1.8100353479385376
  ],
  "CN(C)C(C)=O": [
    2.0533273220062256,
    0.4138891100883484,
    0.45170578360557556,
    -0.08156140893697739,
    0.10357261449098587,
    -0.7281999588012695,
    1.1614986658096313,
    -0.5937272906303406,
    -0.4261716902256012,
    -1.375876545906067,
    0.5567514300346375,
    -1.9053542613983154,
    -0.2441449612379074,
    0.7086524367332458,
    -1.1952606439590454,
    1.1087284088134766
  ],
  "CCCCCCCCCCO": [
    1.897309422492981,
    0.6436453461647034,
    0.09969533234834671,
    -0.28636670112609863,
    -0.36795300245285034,
    -0.4266437888145447,
    1.513041615486145,
    -0.6599813103675842,
    -0.808681845664978,
    -0.9616645574569702,
    0.7368052005767822,
    -1.9781575202941895,
    -0.5326540470123291,
    1.1185928583145142,
    -0.8239120841026306,
    0.8478082418441772
  ],
  "OCC": [
    2.079813003540039,
    -0.06015265733003616,
    0.19537262618541718,
    0.02481040544807911,
    0.32080113887786865,
    -1.0554674863815308,
    1.0402193069458008,
    -0.5244947671890259,
    -0.1968616545200348,
    -1.5234582424163818,
    0.59269118309021,
    -1.4015660285949707,
    -0.02471541240811348,
    0.6130621433258057,
    -1.4558650255203247,
    1.384247899055481
  ],
  "C1CCOC1": [
    1.9028130769729614,
    0.536340057849884,
    0.2278938591480255,
    -0.06153980642557144,
    -0.39907801151275635,
    -0.4281494617462158,
    1.5900187492370605,
    -0.5200071930885315,
    -0.46659111976623535,
    -1.015008807182312,
    0.5626716017723083,
    -2.1237103939056396,
    -0.5395901203155518,
    0.8158072829246521,
    -1.0319679975509644,
    0.9591533541679382
  ],
  "[C@H]12CCC([C@H](OC1)O2)=O": [
    2.1653521060943604,
    -0.07864153385162354,
    0.40226948261260986,
    0.08993737399578094,
    0.4503389298915863,
    -0.9935353994369507,
    0.8765406012535095,
    -0.5868292450904846,
    -0.2663658857345581,
    -1.4104009866714478,
    0.525336742401123,
    -1.6609686613082886,
    -0.012168350629508495,
    0.5295616388320923,
    -1.334821343421936,
    1.3096390962600708
  ],
  "O=C(OCC)C": [
    1.8908566236495972,
    0.6439173221588135,
    0.12823352217674255,
    -0.04053645581007004,
    -0.4708833396434784,
    -0.5664452314376831,
    1.6490477323532104,
    -0.4619663655757904,
    -0.46416717767715454,
    -1.0552889108657837,
    0.5800482630729675,
    -2.0018293857574463,
    -0.5006228685379028,
    0.7812526822090149,
    -1.0740915536880493,
    0.9729107618331909
  ],
  "CC(C)(C)OC": [
    1.562731146812439,
    0.6869199872016907,
    -0.21446435153484344,
    -0.23502175509929657,
    -0.9642059206962585,
    -0.5394613146781921,
    1.901383638381958,
    -0.4949307441711426,
    -0.5955778360366821,
    -0.8957410454750061,
    0.6442530155181885,
    -1.8900351524353027,
    -0.5616259574890137,
    1.2872374057769775,
    -0.4974523186683655,
    0.8218507766723633
  ],