{
  "CO": [
    1.6638883352279663,
    -0.5628721117973328,
    0.16178111732006073,
    -0.04085296019911766,
    0.4180853068828583,
    -1.2965089082717896,
    0.8688474893569946,
    -0.6327073574066162,
    -0.020297318696975708,
    -1.4258098602294922,
    0.9304601550102234,
    -1.283468246459961,
    0.4313468337059021,
    0.5986303687095642,
    -1.451757788658142,
    1.6394984722137451
  ],
  "OCCO": [
    1.7517895698547363,
    -0.6795006394386292,
    0.2164691835641861,
    0.3559371531009674,
    0.9855572581291199,
    -1.2064872980117798,
    0.5926470160484314,
    -0.4997670650482178,
    -0.3867880403995514,
    -1.2404569387435913,
    0.8637632727622986,
    -1.4556899070739746,
    0.2891351878643036,
    0.4650183916091919,
    -1.516664981842041,
    1.460648536682129
  ],
  "C(C(F)(F)F)(C(F)(F)F)O": [
    1.2528398036956787,
    -0.2741067409515381,
    0.1385999321937561,
    -0.46123403310775757,
    -0.34178420901298523,
    -1.2312648296356201,
    1.0826501846313477,
    -0.05922046676278114,
    0.556082546710968,
    -1.987585186958313,
    0.3848545551300049,
    -1.2169733047485352,
    0.3825174868106842,
    0.5608063340187073,
    -0.8383552432060242,
    2.0560686588287354
  ],
  "O1C(C)CCC1": [
    1.875379204750061,
    0.5011352896690369,
    0.2772374451160431,
    -0.22379304468631744,
    -0.23725740611553192,
    -0.31855347752571106,
    1.6015783548355103,
    -0.5413473844528198,
    -0.4777412712574005,
    -0.9650449752807617,
    0.6350447535514832,
    -2.038998603820801,
    -0.5054768323898315,
    0.6861855387687683,
    -1.2992563247680664,
    1.0326297283172607
  ],
  "C1CCCCC1": [
    1.715024471282959,
    0.42906075716018677,
    0.06957308948040009,
    -0.24798724055290222,
    -0.8121582269668579,
    -0.7347283959388733,
    1.6743253469467163,
    -0.19159987568855286,
    -0.4374406635761261,
    -0.8066601157188416,
    0.9188768267631531,
    -2.1114871501922607,
    -0.3277856111526489,
    0.8377965688705444,
    -0.9673992395401001,
    0.9961479902267456
  ],
  "CC(O)C": [
    1.903708577156067,
    0.16434302926063538,
    0.3311673402786255,
    -0.06418860703706741,
    0.3142305612564087,
    -0.7049466371536255,
    1.1547987461090088,
    -0.6541588306427002,
    -0.303056001663208,
    -1.4102482795715332,
    0.8403334021568298,
    -1.6994746923446655,
    -0.10522188991308212,
    0.5408006310462952,
    -1.5537885427474976,
    1.24516761302948
  ],
  "O.CC#N": [
    1.6314879655838013,
    -0.8074231147766113,
    0.06947004795074463,
    0.10187292844057083,
    0.6131095886230469,
    -1.38666570186615,
    0.6634430885314941,
    -0.35131028294563293,
    -0.3316119611263275,
    -1.3862336874008179,
    0.9840764403343201,
    -1.2663401365280151,
    0.5710114240646362,
    0.4886356592178345,
    -1.3064184188842773,
    1.7099108695983887
  ],
  "CC#N": [
    1.8784987926483154,
    -0.09901212155818939,
    0.3409697413444519,
    0.05667806416749954,
    0.29821786284446716,
    -0.673231840133667,
    1.0103169679641724,
    -0.5030369162559509,
    -0.12207160890102386,
    -1.3787193298339844,
    0.798942506313324,
    -1.772579312324524,
    0.01813013106584549,
    0.38326898217201233,
    -1.6547081470489502,
    1.4143102169036865
  ],
  "CC#N.CC(=O)O": [
    1.943669319152832,
    -0.19969943165779114,
    0.2701914310455322,
    -0.04783562943339348,
    0.3141387403011322,
    -0.7885103225708008,
    0.8783873319625854,
    -0.6551228761672974,
    0.04687047377228737,
    -1.4670511484146118,
    0.8834576606750488,
    -1.4754961729049683,
    0.06110344082117081,
    0.4893549382686615,
    -1.6831096410751343,
    1.4266268014907837
  ],
  "CCOCC": [
    1.63080632686615,
    0.5473984479904175,
    0.026333989575505257,
    -0.2593800127506256,
    -0.6992786526679993,
    -0.31229496002197266,
    1.934585452079773,
    -0.5533002018928528,
    -0.5159310698509216,
    -0.8617700338363647,
    0.5645732283592224,
    -1.9904911518096924,
    -0.5636729001998901,
    0.9845799207687378,
    -0.9340904951095581,
    1.0082215070724487
  ],
  "OCC(F)(F)F": [
    1.621047854423523,
    -0.4561520516872406,
    0.16382713615894318,
    -0.2480437457561493,
    0.17731013894081116,
    -1.2719752788543701,
    0.9628032445907593,
    -0.43045368790626526,
    0.05640006065368652,
    -1.648526906967163,
    0.8694930672645569,
    -1.244296908378601,
    0.5233814716339111,
    0.5562988519668579,
    -1.3380769491195679,
    1.707279920578003
  ],
  "O.OCC(F)(F)F": [
    1.574289321899414,
    -0.9394150972366333,
    -0.015499090775847435,
    0.03914647176861763,
    0.6320778131484985,
    -1.4978259801864624,
    0.4351688325405121,
    -0.26583734154701233,
    -0.3081675171852112,
    -1.4116827249526978,
    0.9605615139007568,
    -0.9351862072944641,
    0.5621393322944641,
    0.6198553442955017,
    -1.3014488220214844,
    1.8493564128875732
  ],
  "CN(C)C(C)=O": [
    1.9679579734802246,
    0.30669620633125305,
    0.5546217560768127,
    -0.19277523458003998,
    0.2598802447319031,
    -0.5581414103507996,
    1.1106334924697876,
    -0.6331864595413208,
    -0.3716546893119812,
    -1.25144624710083,
    0.7210001945495605,
    -1.916957139968872,
    -0.2283753901720047,
    0.5393460988998413,
    -1.470746397972107,
    1.1611640453338623
  ],
  "CCCCCCCCCCO": [
    1.721023678779602,
    0.5667708516120911,
    0.13360221683979034,
    -0.36513128876686096,
    -0.28269657492637634,
    -0.2853444516658783,
    1.5899566411972046,
    -0.6595960855484009,
    -0.7991516590118408,
    -0.8726766109466553,
    0.9719403982162476,
    -2.001984119415283,
    -0.5979433655738831,
    1.085001826286316,
    -1.0074725151062012,
    0.8080615997314453
  ],
  "OCC": [
    1.9113749265670776,
    -0.216630756855011,
    0.24322523176670074,
    -0.006570303812623024,
    0.5368526577949524,
    -0.770977258682251,
    0.9598613381385803,
    -0.5788848996162415,
    -0.18201328814029694,
    -1.4005720615386963,
    0.8025391697883606,
    -1.4549065828323364,
    0.02649313397705555,
    0.5172251462936401,
    -1.7829952239990234,
    1.3940865993499756
  ],
  "C1CCOC1": [
    1.7864480018615723,
    0.44503289461135864,
    0.3049300014972687,
    -0.14751149713993073,
    -0.30536314845085144,
    -0.3357548117637634,
    1.633591890335083,
    -0.5032814741134644,
    -0.4895531237125397,
    -0.863427996635437,
    0.7411701083183289,
    -2.164153575897217,
    -0.512076735496521,
    0.6651206612586975,
    -1.2524924278259277,
    0.9983167052268982
  ],
  "[C@H]12CCC([C@H](OC1)O2)=O": [
    1.9995801448822021,
    -0.16950663924217224,
    0.47030019760131836,
    0.03933406621217728,
    0.636263370513916,
    -0.7832555174827576,
    0.7522988319396973,
    -0.6890614032745361,
    -0.2793484628200531,
    -1.3137333393096924,
    0.8072851896286011,
    -1.7392627000808716,
    0.029153846204280853,
    0.4585173428058624,
    -1.5302821397781372,
    1.3068678379058838
  ],
  "O=C(OCC)C": [
    1.6907540559768677,
    0.5702940225601196,
    0.11882758140563965,
    -0.09296351671218872,
    -0.4808991849422455,
    -0.34157663583755493,
    1.8328893184661865,
    -0.5467381477355957,
    -0.548606812953949,
    -0.8968088030815125,
    0.6992970108985901,
    -2.018153667449951,
    -0.5854991674423218,
    0.8365765810012817,
    -1.1593130826950073,
    0.9267343878746033
  ],
  "CC(C)(C)OC": [
    1.6658523082733154,
    0.5551605820655823,
    -0.014966929331421852,
    -0.2680557072162628,
    -0.682976245880127,
    -0.44720399379730225,
    1.9752010107040405,
    -0.41787272691726685,
    -0.5273773670196533,
    -0.8400400876998901,
    0.7563484311103821,
    -1.9411373138427734,
    -0.6079889535903931,
    0.9241101145744324,
    -0.9761788845062256,
    0.8551360964775085
  ],