{
  "CO": [
    1.9928710460662842,
    -0.26577094197273254,
    0.036231569945812225,
    0.1394616663455963,
    0.23364296555519104,
    -1.7102587223052979,
    0.5568092465400696,
    -0.3632333278656006,
    0.20231780409812927,
    -1.5490217208862305,
    0.36292630434036255,
    -0.816752552986145,
    0.06807484477758408,
    0.8283766508102417,
    -1.34110689163208,
    1.6515496969223022
  ],
  "OCCO": [
    1.991418480873108,
    -0.4178849160671234,
    0.1776396632194519,
    0.39053359627723694,
    0.6174338459968567,
    -1.656533122062683,
    0.727976381778717,
    -0.2945801019668579,
    -0.19619928300380707,
    -1.4560350179672241,
    0.24729646742343903,
    -1.1536521911621094,
    -0.01408289186656475,
    0.7337653636932373,
    -1.2057483196258545,
    1.5365056991577148
  ],
  "C(C(F)(F)F)(C(F)(F)F)O": [
    1.4166632890701294,
    -0.2824020981788635,
    0.057118579745292664,
    -0.19800691306591034,
    -0.5820912718772888,
    -1.7197352647781372,
    0.6861360669136047,
    -0.056749191135168076,
    0.38672587275505066,
    -2.032320022583008,
    0.5694835186004639,
    -0.9602403044700623,
    0.47497841715812683,
    0.9599044919013977,
    -0.4544757008552551,
    1.760729193687439
  ],
  "O1C(C)CCC1": [
    2.150639057159424,
    0.6543089151382446,
    0.3179292678833008,
    -0.22107507288455963,
    -0.5394034385681152,
    -0.6166784167289734,
    1.5302873849868774,
    -0.44551220536231995,
    -0.2528209686279297,
    -1.0049164295196533,
    0.23019996285438538,
    -1.7987573146820068,
    -0.5822251439094543,
    0.7416239976882935,
    -1.1775072813034058,
    1.0400222539901733
  ],
  "C1CCCCC1": [
    1.7519385814666748,
    0.7443697452545166,
    -0.17107371985912323,
    -0.42486003041267395,
    -1.2424131631851196,
    -0.869206428527832,
    1.5589025020599365,
    -0.34166786074638367,
    -0.3713521659374237,
    -0.7784032225608826,
    0.6408676505088806,
    -1.7411839962005615,
    -0.5912712216377258,
    1.3890496492385864,
    -0.4291503429412842,
    0.9015625715255737
  ],
  "CC(O)C": [
    2.13818359375,
    0.39330342411994934,
    0.2895263135433197,
    -0.030273661017417908,
    -0.05525704100728035,
    -1.170468807220459,
    1.190759301185608,
    -0.44465938210487366,
    -0.17090746760368347,
    -1.4334485530853271,
    0.3870411515235901,
    -1.483461856842041,
    -0.32163766026496887,
    0.7219783663749695,
    -1.2545255422592163,
    1.2733464241027832
  ],
  "O.CC#N": [
    1.8639976978302002,
    -0.5753273963928223,
    0.06131145358085632,
    0.22138279676437378,
    0.3117386996746063,
    -1.8131624460220337,
    0.5786800384521484,
    -0.13946177065372467,
    -0.12768739461898804,
    -1.4792883396148682,
    0.39633020758628845,
    -0.9624422788619995,
    0.21260184049606323,
    0.7617382407188416,
    -1.0852091312408447,
    1.7976317405700684
  ],
  "CC#N": [
    2.1853582859039307,
    0.2244216650724411,
    0.28734835982322693,
    0.02969825454056263,
    -0.12281700223684311,
    -1.1061363220214844,
    1.1513776779174805,
    -0.31945669651031494,
    0.07834190875291824,
    -1.4435762166976929,
    0.34995388984680176,
    -1.5081257820129395,
    -0.28091564774513245,
    0.5572476387023926,
    -1.368774652481079,
    1.313320517539978
  ],
  "CC#N.CC(=O)O": [
    2.185791254043579,
    0.09656235575675964,
    0.21309161186218262,
    0.019409192726016045,
    -0.08327648788690567,
    -1.2330255508422852,
    0.9989676475524902,
    -0.4456530511379242,
    0.19656409323215485,
    -1.5247935056686401,
    0.47212162613868713,
    -1.3066493272781372,
    -0.2369827926158905,
    0.6906508207321167,
    -1.3564810752868652,
    1.3421305418014526
  ],
  "CCOCC": [
    1.8763046264648438,
    0.7876798510551453,
    0.06029478833079338,
    -0.1643541306257248,
    -0.9220297336578369,
    -0.5450273156166077,
    1.7589294910430908,
    -0.5023205876350403,
    -0.3904157876968384,
    -0.9202766418457031,
    0.3608259856700897,
    -1.85521399974823,
    -0.6333392262458801,
    0.920626163482666,
    -0.811579167842865,
    1.0055595636367798
  ],
  "OCC(F)(F)F": [
    1.7606483697891235,
    -0.2846249043941498,
    0.07671122997999191,
    -0.06881355494260788,
    -0.1385674625635147,
    -1.8073946237564087,
    0.7466434836387634,
    -0.23801782727241516,
    0.18706080317497253,
    -1.7565466165542603,
    0.5173589587211609,
    -0.9533495306968689,
    0.3340397775173187,
    0.8835800886154175,
    -0.9084122776985168,
    1.677233099937439
  ],
  "O.OCC(F)(F)F": [
    1.6695650815963745,
    -0.793014407157898,
    -0.07138894498348236,
    0.20988662540912628,
    0.3400266468524933,
    -1.9677997827529907,
    0.25209754705429077,
    0.004925670102238655,
    -0.12978556752204895,
    -1.4403502941131592,
    0.4229118824005127,
    -0.6826947927474976,
    0.23280572891235352,
    1.0005519390106201,
    -0.9450140595436096,
    1.917741060256958
  ],
  "CN(C)C(C)=O": [
    2.2070226669311523,
    0.4824466407299042,
    0.5090429782867432,
    -0.1753593534231186,
    -0.06818743795156479,
    -0.8752241134643555,
    1.1589113473892212,
    -0.4954690933227539,
    -0.16766446828842163,
    -1.3485215902328491,
    0.24599885940551758,
    -1.6657706499099731,
    -0.4208112061023712,
    0.6998100876808167,
    -1.2490054368972778,
    1.1901545524597168
  ],
  "CCCCCCCCCCO": [
    2.087864637374878,
    0.6643455028533936,
    0.23720794916152954,
    -0.35289764404296875,
    -0.479610413312912,
    -0.5390989780426025,
    1.4380724430084229,
    -0.534232497215271,
    -0.5708358287811279,
    -0.9903682470321655,
    0.4371260404586792,
    -1.7808750867843628,
    -0.6333243250846863,
    1.026800274848938,
    -1.0287649631500244,
    1.0437953472137451
  ],
  "OCC": [
    2.1839802265167236,
    0.10783055424690247,
    0.2014135718345642,
    0.044759154319763184,
    0.11958199739456177,
    -1.1960668563842773,
    1.0911468267440796,
    -0.42121386528015137,
    -0.011565441265702248,
    -1.5078531503677368,
    0.35773733258247375,
    -1.2792878150939941,
    -0.2831009328365326,
    0.6995946168899536,
    -1.4139437675476074,
    1.3374722003936768
  ],
  "C1CCOC1": [
    2.1222853660583496,
    0.6407493948936462,
    0.30673837661743164,
    -0.18709391355514526,
    -0.5309056043624878,
    -0.5980879068374634,
    1.5101168155670166,
    -0.4128716289997101,
    -0.21783408522605896,
    -0.9967778325080872,
    0.36998558044433594,
    -1.892543911933899,
    -0.6185884475708008,
    0.7384859323501587,
    -1.1753772497177124,
    0.9672424793243408
  ],
  "[C@H]12CCC([C@H](OC1)O2)=O": [
    2.2886788845062256,
    0.08532607555389404,
    0.4115031063556671,
    0.07740718871355057,
    0.22652673721313477,
    -1.1559319496154785,
    0.9222559928894043,
    -0.5310191512107849,
    -0.14336223900318146,
    -1.418442726135254,
    0.24682335555553436,
    -1.454770803451538,
    -0.2614719271659851,
    0.7157747745513916,
    -1.2771705389022827,
    1.295796513557434
  ],
  "O=C(OCC)C": [
    2.085256814956665,
    0.7645015716552734,
    0.22550632059574127,
    -0.16207937896251678,
    -0.6637628078460693,
    -0.6376969814300537,
    1.601448893547058,
    -0.4174976050853729,
    -0.24813388288021088,
    -0.9780534505844116,
    0.3763292729854584,
    -1.8142459392547607,
    -0.6197724342346191,
    0.7371789813041687,
    -1.1465489864349365,
    0.92433762550354
  ],
  "CC(C)(C)OC": [
    1.783353328704834,
    0.8251885771751404,
    -0.06744395941495895,
    -0.2469342201948166,
    -1.0865405797958374,
    -0.6091523766517639,
    1.8244848251342773,
    -0.45780420303344727,
    -0.4265909790992737,
    -0.8816400170326233,
    0.5342366695404053,
    -1.7480602264404297,
    -0.6481634974479675,
    1.1063647270202637,
    -0.7090995907783508,
    0.8364782929420471
  ],