{
  "CO": [
    1.8850023746490479,
    -0.2867998480796814,
    0.035782843828201294,
    0.04702504724264145,
    0.042469944804906845,
    -1.694573998451233,
    0.8136332035064697,
    -0.3597128689289093,
    0.2319072186946869,
    -1.6051818132400513,
    0.5558642148971558,
    -1.0580427646636963,
    0.12409321218729019,
    0.8689094185829163,
    -1.1533511877059937,
    1.5795421600341797
  ],
  "OCCO": [
    1.9955575466156006,
    -0.4411693811416626,
    0.1529739946126938,
    0.3987073600292206,
    0.6285310983657837,
    -1.6917392015457153,
    0.6903333067893982,
    -0.29726389050483704,
    -0.20408782362937927,
    -1.4134286642074585,
    0.29908978939056396,
    -1.1724106073379517,
    0.021021168678998947,
    0.7331029176712036,
    -1.1964000463485718,
    1.5227521657943726
  ],
  "C(C(F)(F)F)(C(F)(F)F)O": [
    1.5902607440948486,
    -0.2516399621963501,
    0.0015022740699350834,
    -0.1889217495918274,
    -0.36305543780326843,
    -1.7495410442352295,
    0.6782289147377014,
    -0.22947154939174652,
    0.22787991166114807,
    -2.0083961486816406,
    0.7347164154052734,
    -0.8720951676368713,
    0.5009552240371704,
    0.7234278321266174,
    -0.5315559506416321,
    1.7617919445037842
  ],
  "O1C(C)CCC1": [
    2.1267147064208984,
    0.6916660070419312,
    0.29702258110046387,
    -0.21892648935317993,
    -0.5939746499061584,
    -0.589581310749054,
    1.541610598564148,
    -0.4506891667842865,
    -0.27096620202064514,
    -0.9855837821960449,
    0.2969011962413788,
    -1.8375850915908813,
    -0.5888558626174927,
    0.7226186990737915,
    -1.1386367082595825,
    1.022274374961853
  ],
  "C1CCCCC1": [
    2.0181422233581543,
    0.6298933029174805,
    0.1286916583776474,
    -0.32066699862480164,
    -1.068918228149414,
    -0.9259219765663147,
    1.4474619626998901,
    -0.1581464558839798,
    -0.2177049219608307,
    -0.842300534248352,
    0.7583411931991577,
    -1.8805646896362305,
    -0.39295870065689087,
    0.803534746170044,
    -0.915790319442749,
    0.9571983218193054
  ],
  "CC(O)C": [
    2.201744556427002,
    0.3366607129573822,
    0.2779376804828644,
    -0.06773319095373154,
    -0.05150658264756203,
    -1.0780940055847168,
    1.1049885749816895,
    -0.445480614900589,
    -0.027287200093269348,
    -1.4922293424606323,
    0.41091012954711914,
    -1.4362821578979492,
    -0.390777051448822,
    0.7261260747909546,
    -1.3015209436416626,
    1.260712742805481
  ],
  "O.CC#N": [
    1.8983668088912964,
    -0.5569259524345398,
    0.040462929755449295,
    0.20862790942192078,
    0.259499192237854,
    -1.8099898099899292,
    0.5996700525283813,
    -0.1520167887210846,
    -0.1522992104291916,
    -1.5111018419265747,
    0.5257040858268738,
    -1.028464436531067,
    0.22980479896068573,
    0.7059823870658875,
    -0.988427460193634,
    1.752632737159729
  ],
  "CC#N": [
    2.201221466064453,
    0.22686976194381714,
    0.2880341410636902,
    0.014417571946978569,
    -0.12057758122682571,
    -1.1132467985153198,
    1.1200164556503296,
    -0.34779414534568787,
    0.0494157150387764,
    -1.4363551139831543,
    0.43984255194664,
    -1.5084588527679443,
    -0.2978658676147461,
    0.5626307129859924,
    -1.349350929260254,
    1.2967686653137207
  ],
  "CC#N.CC(=O)O": [
    2.182406425476074,
    0.12904146313667297,
    0.18064329028129578,
    0.05186091363430023,
    -0.07861824333667755,
    -1.1727958917617798,
    1.0072866678237915,
    -0.4075623154640198,
    0.16290536522865295,
    -1.5374470949172974,
    0.5591678023338318,
    -1.3949635028839111,
    -0.2639121413230896,
    0.6348065137863159,
    -1.3423062562942505,
    1.315517783164978
  ],
  "CCOCC": [
    2.007814645767212,
    0.7688246965408325,
    0.11580444127321243,
    -0.22955429553985596,
    -0.7560243010520935,
    -0.5685375928878784,
    1.6744139194488525,
    -0.4281347095966339,
    -0.2911887466907501,
    -0.963459312915802,
    0.37737664580345154,
    -1.7983558177947998,
    -0.6542647480964661,
    0.7915766835212708,
    -1.042690396308899,
    1.021138072013855
  ],
  "OCC(F)(F)F": [
    1.8518726825714111,
    -0.18311263620853424,
    0.11180343478918076,
    -0.16784484684467316,
    -0.178282231092453,
    -1.7030373811721802,
    0.7944678664207458,
    -0.32678866386413574,
    0.20405375957489014,
    -1.7490993738174438,
    0.5909789204597473,
    -0.9865416288375854,
    0.2725333571434021,
    0.7964691519737244,
    -0.9519323706626892,
    1.6504108905792236
  ],
  "O.OCC(F)(F)F": [
    1.625431776046753,
    -0.7218897938728333,
    -0.056734856218099594,
    0.04625993221998215,
    0.23704802989959717,
    -2.0164453983306885,
    0.47675880789756775,
    0.032109327614307404,
    -0.15004612505435944,
    -1.611487865447998,
    0.5062821507453918,
    -0.7676183581352234,
    0.5065245628356934,
    0.8458512425422668,
    -0.7588035464286804,
    1.8292036056518555
  ],
  "CN(C)C(C)=O": [
    2.2212202548980713,
    0.481934130191803,
    0.48157998919487,
    -0.1925731599330902,
    -0.060407765209674835,
    -0.8616368770599365,
    1.1732791662216187,
    -0.47941476106643677,
    -0.13805252313613892,
    -1.3679851293563843,
    0.3134663701057434,
    -1.6630665063858032,
    -0.4356285631656647,
    0.6912802457809448,
    -1.2650163173675537,
    1.1279971599578857
  ],
  "CCCCCCCCCCO": [
    2.1424689292907715,
    0.6675571203231812,
    0.20874345302581787,
    -0.4389866590499878,
    -0.5228303074836731,
    -0.43119820952415466,
    1.4254599809646606,
    -0.5386954545974731,
    -0.5472853779792786,
    -0.9464671015739441,
    0.4251626431941986,
    -1.765573501586914,
    -0.6345846056938171,
    0.9742580056190491,
    -1.0536911487579346,
    1.0581682920455933
  ],
  "OCC": [
    2.12265944480896,
    0.13024817407131195,
    0.26766645908355713,
    -0.003193792188540101,
    0.009266951121389866,
    -1.2325294017791748,
    1.1651006937026978,
    -0.4376680254936218,
    0.11285338550806046,
    -1.5113595724105835,
    0.2558988630771637,
    -1.3283835649490356,
    -0.21954002976417542,
    0.7053468823432922,
    -1.3637499809265137,
    1.356974720954895
  ],
  "C1CCOC1": [
    2.1258182525634766,
    0.6550272703170776,
    0.29602858424186707,
    -0.18948587775230408,
    -0.5455053448677063,
    -0.570034921169281,
    1.5139611959457397,
    -0.42047810554504395,
    -0.21145528554916382,
    -0.9766384959220886,
    0.42034339904785156,
    -1.9099247455596924,
    -0.641005277633667,
    0.7161558866500854,
    -1.1690644025802612,
    0.9303032755851746
  ],
  "[C@H]12CCC([C@H](OC1)O2)=O": [
    2.2696356773376465,
    0.11319569498300552,
    0.4641851484775543,
    0.022731605917215347,
    0.20622193813323975,
    -1.1967670917510986,
    0.922758936882019,
    -0.5015745759010315,
    -0.14504565298557281,
    -1.369543433189392,
    0.2668170928955078,
    -1.5009973049163818,
    -0.24980786442756653,
    0.6700470447540283,
    -1.2678046226501465,
    1.3213402032852173
  ],
  "O=C(OCC)C": [
    2.068821907043457,
    0.7563021183013916,
    0.18722331523895264,
    -0.11265698820352554,
    -0.659102737903595,
    -0.5916668176651001,
    1.591020941734314,
    -0.4170091450214386,
    -0.20536744594573975,
    -0.9791369438171387,
    0.43419507145881653,
    -1.8343931436538696,
    -0.6806213855743408,
    0.7312906980514526,
    -1.1727851629257202,
    0.9089765548706055
  ],
  "CC(C)(C)OC": [
    1.6983771324157715,
    0.8263465762138367,
    -0.13136976957321167,
    -0.258448988199234,
    -1.1633661985397339,
    -0.4888884723186493,
    1.8341659307479858,
    -0.4724738299846649,
    -0.505096971988678,
    -0.7660318613052368,
    0.598513126373291,
    -1.8075066804885864,
    -0.7108451128005981,
    1.1592538356781006,
    -0.600379467010498,
    0.813098132610321
  ],