{
  "CO": [
    2.0151994228363037,
    -0.3555183410644531,
    -0.006436828523874283,
    0.07410230487585068,
    0.28188401460647583,
    -1.6784826517105103,
    0.44252774119377136,
    -0.29810506105422974,
    0.19013789296150208,
    -1.5460166931152344,
    0.4317978620529175,
    -0.8713043332099915,
    0.12511320412158966,
    0.8368173837661743,
    -1.2967218160629272,
    1.6729800701141357
  ],
  "OCCO": [
    1.9874480962753296,
    -0.5187785029411316,
    0.14802856743335724,
    0.36915814876556396,
    0.6933475136756897,
    -1.6316488981246948,
    0.5971434116363525,
    -0.23342807590961456,
    -0.2607581913471222,
    -1.3905049562454224,
    0.3364001214504242,
    -1.1647953987121582,
    0.05221971124410629,
    0.6956868171691895,
    -1.2486954927444458,
    1.5873841047286987
  ],
  "C(C(F)(F)F)(C(F)(F)F)O": [
    1.6840120553970337,
    -0.2498255968093872,
    -0.06642397493124008,
    -0.21520748734474182,
    -0.17463237047195435,
    -1.7171486616134644,
    0.3689383566379547,
    -0.051388103514909744,
    0.3532463610172272,
    -2.0607993602752686,
    0.6344358325004578,
    -0.8386256694793701,
    0.4831201434135437,
    0.639808714389801,
    -0.5967530608177185,
    1.8241199254989624
  ],
  "O1C(C)CCC1": [
    2.0115036964416504,
    0.7044087648391724,
    0.2697875499725342,
    -0.17326000332832336,
    -0.6623603701591492,
    -0.5329968333244324,
    1.5396721363067627,
    -0.4652658998966217,
    -0.41159990429878235,
    -0.9326204657554626,
    0.36868494749069214,
    -1.9303165674209595,
    -0.5679102540016174,
    0.7977274060249329,
    -1.0752904415130615,
    1.0770832300186157
  ],
  "C1CCCCC1": [
    1.7751245498657227,
    0.6710661053657532,
    -0.1319153755903244,
    -0.2832849621772766,
    -1.1426535844802856,
    -0.9574931859970093,
    1.573959469795227,
    -0.2641277611255646,
    -0.29073259234428406,
    -0.8525242805480957,
    0.7696344256401062,
    -1.8678650856018066,
    -0.49295899271965027,
    1.1691044569015503,
    -0.5695045590400696,
    0.9146578311920166
  ],
  "CC(O)C": [
    2.0684304237365723,
    0.37661805748939514,
    0.2685032784938812,
    -0.0172529648989439,
    -0.14106051623821259,
    -1.0063233375549316,
    1.2795932292938232,
    -0.47096559405326843,
    -0.14542560279369354,
    -1.4162219762802124,
    0.38770556449890137,
    -1.5902094841003418,
    -0.27734464406967163,
    0.7262234091758728,
    -1.308440923690796,
    1.2878601551055908
  ],
  "O.CC#N": [
    1.8070420026779175,
    -0.6973183751106262,
    0.03127416595816612,
    0.22231453657150269,
    0.28033408522605896,
    -1.8525770902633667,
    0.5108029842376709,
    -0.0013174711493775249,
    -0.24374036490917206,
    -1.401443600654602,
    0.5280889272689819,
    -1.1089868545532227,
    0.33308714628219604,
    0.7631359100341797,
    -0.9512049555778503,
    1.7947449684143066
  ],
  "CC#N": [
    2.159877061843872,
    0.1177261546254158,
    0.29410064220428467,
    0.03711605817079544,
    -0.08139105886220932,
    -1.1036845445632935,
    1.0597649812698364,
    -0.331082284450531,
    0.022248925641179085,
    -1.415104627609253,
    0.4607403874397278,
    -1.5818150043487549,
    -0.17933018505573273,
    0.5816668272018433,
    -1.3772938251495361,
    1.3548686504364014
  ],
  "CC#N.CC(=O)O": [
    2.152552843093872,
    0.06026233732700348,
    0.2530437409877777,
    -0.04626050218939781,
    -0.09638185799121857,
    -1.1651800870895386,
    0.9956046342849731,
    -0.3557742238044739,
    0.13970713317394257,
    -1.4832544326782227,
    0.5059982538223267,
    -1.4387348890304565,
    -0.1570156365633011,
    0.626331090927124,
    -1.3781476020812988,
    1.406374454498291
  ],
  "CCOCC": [
    1.9903620481491089,
    0.7202745676040649,
    0.16625458002090454,
    -0.25421854853630066,
    -0.7257030010223389,
    -0.5975554585456848,
    1.5970311164855957,
    -0.4076237380504608,
    -0.3480779528617859,
    -1.0035817623138428,
    0.4773169159889221,
    -1.8774230480194092,
    -0.5550278425216675,
    0.8268177509307861,
    -1.0160967111587524,
    1.0268012285232544
  ],
  "OCC(F)(F)F": [
    1.952876329421997,
    -0.2903938591480255,
    0.05782916769385338,
    -0.22489655017852783,
    0.0019873161800205708,
    -1.6313714981079102,
    0.5596530437469482,
    -0.21588698029518127,
    0.3097393214702606,
    -1.8342177867889404,
    0.499197781085968,
    -0.8987501859664917,
    0.32277244329452515,
    0.6903102993965149,
    -0.9794365167617798,
    1.7002055644989014
  ],
  "O.OCC(F)(F)F": [
    1.5909162759780884,
    -0.8704628944396973,
    -0.0251633208245039,
    0.03956310451030731,
    0.2713167369365692,
    -1.9726521968841553,
    0.4490291178226471,
    0.11365541070699692,
    -0.18702742457389832,
    -1.5312004089355469,
    0.5117039084434509,
    -0.8251409530639648,
    0.5612562298774719,
    0.8535674810409546,
    -0.807124137878418,
    1.844110131263733
  ],
  "CN(C)C(C)=O": [
    2.1287424564361572,
    0.500135064125061,
    0.48435866832733154,
    -0.1414547860622406,
    -0.127826988697052,
    -0.8256214261054993,
    1.2039228677749634,
    -0.4855104088783264,
    -0.29313749074935913,
    -1.3018301725387573,
    0.3634043037891388,
    -1.7839539051055908,
    -0.3773937523365021,
    0.7632945775985718,
    -1.2356781959533691,
    1.1486575603485107
  ],
  "CCCCCCCCCCO": [
    1.9818050861358643,
    0.6830101013183594,
    0.24025514721870422,
    -0.3095661699771881,
    -0.5454009175300598,
    -0.5219165682792664,
    1.4398399591445923,
    -0.552575945854187,
    -0.6945680975914001,
    -0.94823157787323,
    0.6607964634895325,
    -1.874722957611084,
    -0.5864798426628113,
    1.0646398067474365,
    -0.9632647037506104,
    0.9452312588691711
  ],
  "OCC": [
    2.1598753929138184,
    0.05264171212911606,
    0.2288651168346405,
    -0.012147689238190651,
    0.10366299748420715,
    -1.1931545734405518,
    1.013790249824524,
    -0.36848530173301697,
    -0.06810683757066727,
    -1.4743082523345947,
    0.4572991132736206,
    -1.3503139019012451,
    -0.21663613617420197,
    0.7024282217025757,
    -1.4138234853744507,
    1.399660348892212
  ],
  "C1CCOC1": [
    1.9659192562103271,
    0.6212241053581238,
    0.24584029614925385,
    -0.13841788470745087,
    -0.6872047781944275,
    -0.38954871892929077,
    1.5895081758499146,
    -0.47918522357940674,
    -0.35153213143348694,
    -0.9175843596458435,
    0.4701838493347168,
    -2.0013136863708496,
    -0.6708472967147827,
    0.8609622120857239,
    -1.0610308647155762,
    0.9610074162483215
  ],
  "[C@H]12CCC([C@H](OC1)O2)=O": [
    2.250577449798584,
    0.02192932926118374,
    0.4379618167877197,
    0.057598575949668884,
    0.2523750960826874,
    -1.1522563695907593,
    0.8514115214347839,
    -0.4484725892543793,
    -0.16063937544822693,
    -1.3671047687530518,
    0.3635331988334656,
    -1.5693883895874023,
    -0.2229745239019394,
    0.6597772836685181,
    -1.2978569269180298,
    1.3419677019119263
  ],
  "O=C(OCC)C": [
    1.915893793106079,
    0.7571321725845337,
    0.1456560492515564,
    -0.12929952144622803,
    -0.7957179546356201,
    -0.4743686020374298,
    1.6553888320922852,
    -0.4615166187286377,
    -0.36946067214012146,
    -0.9274049997329712,
    0.4460664987564087,
    -1.8881430625915527,
    -0.6558055877685547,
    0.8698379993438721,
    -1.0587472915649414,
    0.9895024299621582
  ],
  "CC(C)(C)OC": [
    1.8814773559570312,
    0.7385129332542419,
    0.06460904330015182,
    -0.31182190775871277,
    -1.0090813636779785,
    -0.650270402431488,
    1.7695962190628052,
    -0.3339093029499054,
    -0.38252195715904236,
    -0.8346314430236816,
    0.6065102815628052,
    -1.875847578048706,
    -0.5525580048561096,
    0.8561984300613403,
    -0.8425049185752869,
    0.896785318851471
  ],