{
  "CO": [
    1.9235033988952637,
    -0.29362034797668457,
    0.004196470603346825,
    0.10036861151456833,
    0.17075489461421967,
    -1.7351493835449219,
    0.6901962161064148,
    -0.2975930869579315,
    0.14218586683273315,
    -1.525185227394104,
    0.48654410243034363,
    -0.9608104825019836,
    0.09275997430086136,
    0.8379042744636536,
    -1.2640693187713623,
    1.6529885530471802
  ],
  "OCCO": [
    1.9934558868408203,
    -0.44919562339782715,
    0.15630517899990082,
    0.42816564440727234,
    0.6424656510353088,
    -1.6674418449401855,
    0.705057680606842,
    -0.27343058586120605,
    -0.2102627009153366,
    -1.4066182374954224,
    0.2792874872684479,
    -1.178037166595459,
    0.000997439376078546,
    0.6953204870223999,
    -1.2244606018066406,
    1.533993124961853
  ],
  "C(C(F)(F)F)(C(F)(F)F)O": [
    1.345206618309021,
    -0.2849074900150299,
    0.07237941026687622,
    -0.22521452605724335,
    -0.5625312328338623,
    -1.7629984617233276,
    0.6211620569229126,
    0.05368897691369057,
    0.4280126392841339,
    -1.9632164239883423,
    0.4912686347961426,
    -0.9684009552001953,
    0.4288799464702606,
    0.8262748122215271,
    -0.4353238046169281,
    1.9568201303482056
  ],
  "O1C(C)CCC1": [
    2.0140814781188965,
    0.7290785312652588,
    0.26063936948776245,
    -0.17786164581775665,
    -0.6919218897819519,
    -0.5278820991516113,
    1.6386784315109253,
    -0.48945510387420654,
    -0.37800267338752747,
    -0.9437173008918762,
    0.28050902485847473,
    -1.8493447303771973,
    -0.6077661514282227,
    0.8215810656547546,
    -1.075534701347351,
    1.0211772918701172
  ],
  "C1CCCCC1": [
    1.7509183883666992,
    0.7591022253036499,
    -0.1998531073331833,
    -0.4258434772491455,
    -1.1962538957595825,
    -0.9083755016326904,
    1.5354290008544922,
    -0.3285692036151886,
    -0.4163404405117035,
    -0.7321892976760864,
    0.6747604012489319,
    -1.72884202003479,
    -0.6517235040664673,
    1.4187620878219604,
    -0.41451722383499146,
    0.8890042304992676
  ],
  "CC(O)C": [
    2.2030022144317627,
    0.38353922963142395,
    0.26664242148399353,
    -0.031096989288926125,
    -0.05031334608793259,
    -1.0764756202697754,
    1.1273113489151,
    -0.46030357480049133,
    -0.07599665969610214,
    -1.4670329093933105,
    0.38937631249427795,
    -1.4218850135803223,
    -0.3927733898162842,
    0.7131073474884033,
    -1.331359624862671,
    1.2527130842208862
  ],
  "O.CC#N": [
    1.8066496849060059,
    -0.6155876517295837,
    0.07189269363880157,
    0.22039960324764252,
    0.2770223021507263,
    -1.850709319114685,
    0.569050133228302,
    -0.04740818589925766,
    -0.1420065313577652,
    -1.4714637994766235,
    0.4335176348686218,
    -1.0529403686523438,
    0.2478242814540863,
    0.7876538634300232,
    -1.0065761804580688,
    1.793845534324646
  ],
  "CC#N": [
    2.2189435958862305,
    0.2424735277891159,
    0.2554144859313965,
    0.03300889581441879,
    -0.15228112041950226,
    -1.1116375923156738,
    1.1506967544555664,
    -0.38680192828178406,
    0.050465986132621765,
    -1.4180670976638794,
    0.4146658480167389,
    -1.5029850006103516,
    -0.27627938985824585,
    0.5614287853240967,
    -1.3372645378112793,
    1.2842888832092285
  ],
  "CC#N.CC(=O)O": [
    2.1973793506622314,
    0.11190425604581833,
    0.1976202130317688,
    0.017659775912761688,
    -0.07346181571483612,
    -1.209462285041809,
    0.9943877458572388,
    -0.43086981773376465,
    0.17147773504257202,
    -1.499804973602295,
    0.5135123133659363,
    -1.3328319787979126,
    -0.2570538818836212,
    0.6611459851264954,
    -1.374561071395874,
    1.3394919633865356
  ],
  "CCOCC": [
    2.010202646255493,
    0.7387565970420837,
    0.15917383134365082,
    -0.25941380858421326,
    -0.7922860383987427,
    -0.5546599626541138,
    1.6412394046783447,
    -0.4247351586818695,
    -0.276624858379364,
    -0.9746365547180176,
    0.3672051429748535,
    -1.8149584531784058,
    -0.6343081593513489,
    0.8244851231575012,
    -1.0210555791854858,
    1.0360935926437378
  ],
  "OCC(F)(F)F": [
    1.889731764793396,
    -0.16959483921527863,
    0.08958752453327179,
    -0.12191955000162125,
    -0.18082289397716522,
    -1.6606968641281128,
    0.7536885738372803,
    -0.34885522723197937,
    0.19884946942329407,
    -1.8089120388031006,
    0.5962530374526978,
    -0.9276573657989502,
    0.23944993317127228,
    0.7812594771385193,
    -0.9537285566329956,
    1.6498441696166992
  ],
  "O.OCC(F)(F)F": [
    1.7312159538269043,
    -0.7821980118751526,
    -0.16227680444717407,
    0.16061943769454956,
    0.31806692481040955,
    -1.9832401275634766,
    0.27240413427352905,
    0.0798432007431984,
    -0.05316617712378502,
    -1.4663015604019165,
    0.4165065884590149,
    -0.736924409866333,
    0.24155917763710022,
    0.9706833958625793,
    -0.857817530632019,
    1.8716388940811157
  ],
  "CN(C)C(C)=O": [
    2.232120990753174,
    0.4962017238140106,
    0.4969261586666107,
    -0.18403276801109314,
    -0.0810294821858406,
    -0.8596137762069702,
    1.1682162284851074,
    -0.5047507286071777,
    -0.17080669105052948,
    -1.3038303852081299,
    0.28088924288749695,
    -1.6633970737457275,
    -0.42856934666633606,
    0.6734723448753357,
    -1.2854599952697754,
    1.1596693992614746
  ],
  "CCCCCCCCCCO": [
    2.1232218742370605,
    0.6574845910072327,
    0.2218019664287567,
    -0.4372154176235199,
    -0.5280700325965881,
    -0.4510708451271057,
    1.4084542989730835,
    -0.5357728600502014,
    -0.5420652031898499,
    -0.9709811806678772,
    0.4238211512565613,
    -1.7529023885726929,
    -0.6166760325431824,
    0.9966702461242676,
    -1.0659016370773315,
    1.0917807817459106
  ],
  "OCC": [
    2.1949846744537354,
    0.11160106211900711,
    0.24227696657180786,
    -0.019204219803214073,
    0.06927680224180222,
    -1.239585280418396,
    1.0635093450546265,
    -0.4672054052352905,
    0.02210908755660057,
    -1.4710984230041504,
    0.33157795667648315,
    -1.202652096748352,
    -0.26650750637054443,
    0.728479266166687,
    -1.434980869293213,
    1.366675615310669
  ],
  "C1CCOC1": [
    2.0030627250671387,
    0.677118182182312,
    0.21111620962619781,
    -0.12103751301765442,
    -0.6874078512191772,
    -0.42776429653167725,
    1.6334624290466309,
    -0.48735833168029785,
    -0.3068684935569763,
    -0.919882595539093,
    0.4200170040130615,
    -1.9428963661193848,
    -0.7100783586502075,
    0.8110279440879822,
    -1.0642913579940796,
    0.9353809356689453
  ],
  "[C@H]12CCC([C@H](OC1)O2)=O": [
    2.268587112426758,
    0.07882599532604218,
    0.383048415184021,
    0.0920969620347023,
    0.20833927392959595,
    -1.1549291610717773,
    0.9343868494033813,
    -0.482087105512619,
    -0.0957525223493576,
    -1.4082486629486084,
    0.3152106702327728,
    -1.5088597536087036,
    -0.28516823053359985,
    0.6783661842346191,
    -1.2918120622634888,
    1.294122576713562
  ],
  "O=C(OCC)C": [
    1.9524266719818115,
    0.8189263343811035,
    0.1304972916841507,
    -0.08349771797657013,
    -0.771824061870575,
    -0.48987501859664917,
    1.6695853471755981,
    -0.4813164174556732,
    -0.35667094588279724,
    -0.9377605319023132,
    0.46179190278053284,
    -1.8551900386810303,
    -0.7165621519088745,
    0.8070165514945984,
    -1.0500123500823975,
    0.926758885383606
  ],
  "CC(C)(C)OC": [
    1.946577787399292,
    0.7731702327728271,
    0.07431528717279434,
    -0.28977712988853455,
    -0.9939692616462708,
    -0.6325809955596924,
    1.7775310277938843,
    -0.3431403934955597,
    -0.3491680920124054,
    -0.8354151248931885,
    0.5787857174873352,
    -1.816581130027771,
    -0.6212564706802368,
    0.8086728453636169,
    -0.8988759517669678,
    0.8473514914512634
  ],