{
  "CO": [
    1.9510300159454346,
    -0.28606659173965454,
    0.06719087064266205,
    0.09221753478050232,
    0.08923850953578949,
    -1.690687656402588,
    0.7635747194290161,
    -0.34883415699005127,
    0.20618018507957458,
    -1.5854079723358154,
    0.40627944469451904,
    -0.9899466633796692,
    0.11189129203557968,
    0.8425143957138062,
    -1.210877776145935,
    1.6096129417419434
  ],
  "OCCO": [
    1.985497236251831,
    -0.43493667244911194,
    0.19357465207576752,
    0.3553619682788849,
    0.629064679145813,
    -1.6706056594848633,
    0.7149422764778137,
    -0.2983578145503998,
    -0.17134825885295868,
    -1.4424681663513184,
    0.17274364829063416,
    -1.1302518844604492,
    0.034599754959344864,
    0.7385199069976807,
    -1.2134274244308472,
    1.5648633241653442
  ],
  "C(C(F)(F)F)(C(F)(F)F)O": [
    1.7293055057525635,
    -0.26787954568862915,
    -0.054654695093631744,
    -0.15097656846046448,
    -0.17461104691028595,
    -1.7286813259124756,
    0.41344153881073,
    -0.02169327810406685,
    0.3334563970565796,
    -2.067098617553711,
    0.5515133738517761,
    -0.8174073100090027,
    0.3745025396347046,
    0.6968130469322205,
    -0.5940970778465271,
    1.802633285522461
  ],
  "O1C(C)CCC1": [
    2.107316255569458,
    0.7069719433784485,
    0.3055291771888733,
    -0.16067077219486237,
    -0.5265182852745056,
    -0.6108790636062622,
    1.5408461093902588,
    -0.45186957716941833,
    -0.3316452205181122,
    -1.0182970762252808,
    0.2873955965042114,
    -1.8311285972595215,
    -0.6054898500442505,
    0.7483908534049988,
    -1.1460254192352295,
    1.0122573375701904
  ],
  "C1CCCCC1": [
    1.7062405347824097,
    0.7437524795532227,
    -0.19723904132843018,
    -0.4843127727508545,
    -1.1904386281967163,
    -0.9040857553482056,
    1.5127233266830444,
    -0.3066200911998749,
    -0.32481831312179565,
    -0.7956769466400146,
    0.6551972031593323,
    -1.7605777978897095,
    -0.6463039517402649,
    1.4613666534423828,
    -0.3555784225463867,
    0.913012683391571
  ],
  "CC(O)C": [
    2.1574435234069824,
    0.4216405749320984,
    0.2915940284729004,
    -0.007756165228784084,
    -0.09384515881538391,
    -1.1204545497894287,
    1.1813703775405884,
    -0.4632410407066345,
    -0.17982226610183716,
    -1.4334220886230469,
    0.39481714367866516,
    -1.5082945823669434,
    -0.34918856620788574,
    0.7093822360038757,
    -1.234925389289856,
    1.2636828422546387
  ],
  "O.CC#N": [
    1.799989104270935,
    -0.5443422198295593,
    0.0928332507610321,
    0.11644068360328674,
    0.21192729473114014,
    -1.790046215057373,
    0.6093758940696716,
    -0.03559368476271629,
    -0.040218863636255264,
    -1.5967825651168823,
    0.28593388199806213,
    -1.0059136152267456,
    0.31745481491088867,
    0.763053834438324,
    -1.003231167793274,
    1.8424203395843506
  ],
  "CC#N": [
    2.2100534439086914,
    0.2370939701795578,
    0.2537943422794342,
    0.06098479777574539,
    -0.10884983837604523,
    -1.0655455589294434,
    1.1441742181777954,
    -0.35979920625686646,
    0.06593794375658035,
    -1.47170090675354,
    0.3938407599925995,
    -1.5029205083847046,
    -0.3042166829109192,
    0.57154381275177,
    -1.3617327213287354,
    1.2652885913848877
  ],
  "CC#N.CC(=O)O": [
    2.167659282684326,
    0.07218963652849197,
    0.20226387679576874,
    0.03592855483293533,
    -0.0445295125246048,
    -1.2854481935501099,
    0.9665439128875732,
    -0.4123973250389099,
    0.17052696645259857,
    -1.5179738998413086,
    0.47164249420166016,
    -1.2864551544189453,
    -0.22607815265655518,
    0.6943126320838928,
    -1.362846851348877,
    1.3827513456344604
  ],
  "CCOCC": [
    1.983863353729248,
    0.7847808003425598,
    0.10475272685289383,
    -0.15519936382770538,
    -0.7108533978462219,
    -0.6084844470024109,
    1.6740046739578247,
    -0.43299058079719543,
    -0.39208829402923584,
    -0.9933797121047974,
    0.41510581970214844,
    -1.8025603294372559,
    -0.6596096754074097,
    0.8195975422859192,
    -1.005640983581543,
    1.0053337812423706
  ],
  "OCC(F)(F)F": [
    1.761856198310852,
    -0.21189212799072266,
    0.13643622398376465,
    -0.12180325388908386,
    -0.22907128930091858,
    -1.7667194604873657,
    0.7719041109085083,
    -0.153190478682518,
    0.2678266167640686,
    -1.8046026229858398,
    0.3273511528968811,
    -0.9876565933227539,
    0.280133455991745,
    0.8507794141769409,
    -0.834195613861084,
    1.740767002105713
  ],
  "O.OCC(F)(F)F": [
    1.5361061096191406,
    -0.7797604203224182,
    -0.018485048785805702,
    0.20336715877056122,
    0.29833340644836426,
    -2.0705461502075195,
    0.44617313146591187,
    0.1574462503194809,
    -0.1799677610397339,
    -1.5036712884902954,
    0.3614640235900879,
    -0.77616947889328,
    0.38195809721946716,
    0.9147318601608276,
    -0.8341761827468872,
    1.8861018419265747
  ],
  "CN(C)C(C)=O": [
    2.2115142345428467,
    0.5367107391357422,
    0.4762220084667206,
    -0.13408754765987396,
    -0.11791469901800156,
    -0.8497256636619568,
    1.2181918621063232,
    -0.5505282878875732,
    -0.280670702457428,
    -1.2780951261520386,
    0.2479972243309021,
    -1.7063119411468506,
    -0.40119966864585876,
    0.7395620942115784,
    -1.2143841981887817,
    1.1301202774047852
  ],
  "CCCCCCCCCCO": [
    2.0293920040130615,
    0.6807264089584351,
    0.2396308034658432,
    -0.28993913531303406,
    -0.51106858253479,
    -0.5682553648948669,
    1.4683083295822144,
    -0.5638236999511719,
    -0.6236571073532104,
    -0.9792723655700684,
    0.5007418394088745,
    -1.8073211908340454,
    -0.612756609916687,
    1.021586298942566,
    -0.995650053024292,
    1.0362286567687988
  ],
  "OCC": [
    2.155642032623291,
    0.10742674767971039,
    0.2500181794166565,
    -0.0006675751646980643,
    0.07520555704832077,
    -1.284303903579712,
    1.0601824522018433,
    -0.4556557238101959,
    -0.0035637877881526947,
    -1.4834306240081787,
    0.341004341840744,
    -1.224963665008545,
    -0.2374563366174698,
    0.7403022050857544,
    -1.400338053703308,
    1.3908056020736694
  ],
  "C1CCOC1": [
    2.009728193283081,
    0.6621248722076416,
    0.2425328642129898,
    -0.12781189382076263,
    -0.6905620694160461,
    -0.45558586716651917,
    1.6329208612442017,
    -0.47554460167884827,
    -0.3052302300930023,
    -0.9182335138320923,
    0.3748154044151306,
    -1.944055199623108,
    -0.6842095255851746,
    0.8001031875610352,
    -1.061536431312561,
    0.9649979472160339
  ],
  "[C@H]12CCC([C@H](OC1)O2)=O": [
    2.249485731124878,
    0.04659393057227135,
    0.4532082974910736,
    0.042649418115615845,
    0.21180345118045807,
    -1.1974471807479858,
    0.964905858039856,
    -0.4837997257709503,
    -0.11085391044616699,
    -1.384240984916687,
    0.19475996494293213,
    -1.455214262008667,
    -0.22880294919013977,
    0.6732191443443298,
    -1.3038009405136108,
    1.355136513710022
  ],
  "O=C(OCC)C": [
    2.070127010345459,
    0.7684653997421265,
    0.22963149845600128,
    -0.15298593044281006,
    -0.6913453340530396,
    -0.6374931335449219,
    1.6019669771194458,
    -0.41154420375823975,
    -0.259938508272171,
    -0.969131350517273,
    0.3874162435531616,
    -1.8331884145736694,
    -0.6134461760520935,
    0.7362473607063293,
    -1.1280854940414429,
    0.9296482801437378
  ],
  "CC(C)(C)OC": [
    1.819143533706665,
    0.8369154334068298,
    -0.06217557191848755,
    -0.2156132310628891,
    -1.050980567932129,
    -0.5657713413238525,
    1.8399269580841064,
    -0.4564066231250763,
    -0.45340776443481445,
    -0.8251757621765137,
    0.5448161959648132,
    -1.7661207914352417,
    -0.6825646758079529,
    0.9778624773025513,
    -0.7809032797813416,
    0.8675457835197449
  ],