{
  "CO": [
    1.9760749340057373,
    -0.33174726366996765,
    0.022804537788033485,
    0.11741842329502106,
    0.27887362241744995,
    -1.4432168006896973,
    0.9242491126060486,
    -0.5498275756835938,
    -0.0013384157791733742,
    -1.518875002861023,
    0.6461607217788696,
    -0.9970341920852661,
    0.16738250851631165,
    0.5445265173912048,
    -1.4265187978744507,
    1.6010218858718872
  ],
  "OCCO": [
    1.9314464330673218,
    -0.5834193825721741,
    0.04356880858540535,
    0.38179251551628113,
    0.8287543654441833,
    -1.4832011461257935,
    0.6841518878936768,
    -0.27913495898246765,
    -0.30615267157554626,
    -1.3450298309326172,
    0.4750725030899048,
    -1.1855417490005493,
    0.13325053453445435,
    0.5468167066574097,
    -1.4127751588821411,
    1.577892541885376
  ],
  "C(C(F)(F)F)(C(F)(F)F)O": [
    1.6613572835922241,
    -0.34983524680137634,
    -0.1333945095539093,
    -0.25030359625816345,
    -0.03231239318847656,
    -1.518749713897705,
    0.5968729257583618,
    -0.04591710492968559,
    0.3727298974990845,
    -2.0948095321655273,
    0.7142517566680908,
    -0.9224326610565186,
    0.48365578055381775,
    0.5254102349281311,
    -0.7985078692436218,
    1.8017442226409912
  ],
  "O1C(C)CCC1": [
    1.897332787513733,
    0.6443405151367188,
    0.12353456765413284,
    -0.10167644172906876,
    -0.5460922122001648,
    -0.38686826825141907,
    1.73154878616333,
    -0.531001091003418,
    -0.45666831731796265,
    -0.9518153667449951,
    0.3934926986694336,
    -1.9636039733886719,
    -0.6136805415153503,
    0.8410832285881042,
    -1.0706981420516968,
    1.0031278133392334
  ],
  "C1CCCCC1": [
    1.563762903213501,
    0.6270660758018494,
    -0.3300916850566864,
    -0.44063737988471985,
    -1.0770833492279053,
    -0.8361080884933472,
    1.6554137468338013,
    -0.3622342348098755,
    -0.31938207149505615,
    -0.8653917908668518,
    0.6983498334884644,
    -1.8394840955734253,
    -0.587546706199646,
    1.5325912237167358,
    -0.2728293836116791,
    0.8710954189300537
  ],
  "CC(O)C": [
    2.123577833175659,
    0.24989992380142212,
    0.15207158029079437,
    0.046296969056129456,
    0.1464012712240219,
    -0.9442930221557617,
    1.1862635612487793,
    -0.47798433899879456,
    -0.17779530584812164,
    -1.4916819334030151,
    0.5748786926269531,
    -1.478273630142212,
    -0.27774301171302795,
    0.6224398016929626,
    -1.469870686531067,
    1.2282673120498657
  ],
  "O.CC#N": [
    1.7698966264724731,
    -0.7705157995223999,
    -0.06799141317605972,
    0.2412516325712204,
    0.42898252606391907,
    -1.6890085935592651,
    0.6572974920272827,
    -0.021163536235690117,
    -0.32434308528900146,
    -1.4005484580993652,
    0.697684645652771,
    -1.1787939071655273,
    0.41115015745162964,
    0.5829246044158936,
    -1.0833767652511597,
    1.752564787864685
  ],
  "CC#N": [
    2.118489980697632,
    0.09626423567533493,
    0.17170560359954834,
    0.05409865453839302,
    0.05767594650387764,
    -0.9089622497558594,
    1.1987384557724,
    -0.44728606939315796,
    -0.05507202818989754,
    -1.4740203619003296,
    0.5828542113304138,
    -1.6083056926727295,
    -0.1095832958817482,
    0.42470625042915344,
    -1.4165267944335938,
    1.324533224105835
  ],
  "CC#N.CC(=O)O": [
    2.1334073543548584,
    -0.01953134685754776,
    0.12915976345539093,
    0.015946518629789352,
    0.09328824281692505,
    -1.0080915689468384,
    1.0682756900787354,
    -0.46371325850486755,
    0.10343378037214279,
    -1.5494027137756348,
    0.6031062006950378,
    -1.3827264308929443,
    -0.10551045835018158,
    0.49749112129211426,
    -1.4894269704818726,
    1.3842695951461792
  ],
  "CCOCC": [
    1.8791892528533936,
    0.7138562202453613,
    0.02538357861340046,
    -0.16215844452381134,
    -0.6136751174926758,
    -0.6040778160095215,
    1.7751704454421997,
    -0.4433088004589081,
    -0.48350295424461365,
    -0.973457932472229,
    0.5748171210289001,
    -1.9215425252914429,
    -0.5255767107009888,
    0.7946667671203613,
    -0.9756372570991516,
    0.9536599516868591
  ],
  "OCC(F)(F)F": [
    1.799161434173584,
    -0.3010820150375366,
    0.020437167957425117,
    -0.1544157713651657,
    0.048575881868600845,
    -1.5443115234375,
    0.9977318048477173,
    -0.28325143456459045,
    0.04915885254740715,
    -1.7269188165664673,
    0.6571849584579468,
    -1.0824995040893555,
    0.38151267170906067,
    0.6056625247001648,
    -1.1250662803649902,
    1.6697955131530762
  ],
  "O.OCC(F)(F)F": [
    1.5768156051635742,
    -0.9084084033966064,
    -0.13700321316719055,
    0.13207212090492249,
    0.4017377197742462,
    -1.8594385385513306,
    0.5897952318191528,
    0.06729613244533539,
    -0.30045872926712036,
    -1.5315895080566406,
    0.7198144793510437,
    -0.881743311882019,
    0.587035059928894,
    0.6829848289489746,
    -0.9224038124084473,
    1.792076587677002
  ],
  "CN(C)C(C)=O": [
    2.1327037811279297,
    0.4372948706150055,
    0.444597452878952,
    -0.1694878190755844,
    0.04667681083083153,
    -0.7216066122055054,
    1.2092772722244263,
    -0.5288504958152771,
    -0.24058277904987335,
    -1.3344992399215698,
    0.43917316198349,
    -1.7911336421966553,
    -0.34976813197135925,
    0.6088846921920776,
    -1.3308143615722656,
    1.1583449840545654
  ],
  "CCCCCCCCCCO": [
    2.0316402912139893,
    0.651066243648529,
    0.07291942834854126,
    -0.4192087948322296,
    -0.362404465675354,
    -0.3410036563873291,
    1.525780439376831,
    -0.5892849564552307,
    -0.6348106861114502,
    -0.9575293660163879,
    0.6188400983810425,
    -1.8673572540283203,
    -0.6240681409835815,
    1.0190918445587158,
    -1.0140972137451172,
    0.9031012058258057
  ],
  "OCC": [
    2.1175613403320312,
    0.05862189456820488,
    0.18378949165344238,
    -0.008419468067586422,
    0.2292456030845642,
    -1.1008220911026,
    1.120827078819275,
    -0.49765995144844055,
    -0.1401257961988449,
    -1.512335181236267,
    0.5461702942848206,
    -1.3667447566986084,
    -0.09826662391424179,
    0.5707126259803772,
    -1.4476782083511353,
    1.3568964004516602
  ],
  "C1CCOC1": [
    1.9231479167938232,
    0.5972931385040283,
    0.14963655173778534,
    -0.08590849488973618,
    -0.4769800901412964,
    -0.4290340542793274,
    1.6661256551742554,
    -0.49081525206565857,
    -0.39443492889404297,
    -0.9717362523078918,
    0.5648528933525085,
    -2.033740997314453,
    -0.6013291478157043,
    0.7508744597434998,
    -1.1086292266845703,
    0.9520925283432007
  ],
  "[C@H]12CCC([C@H](OC1)O2)=O": [
    2.2085180282592773,
    -0.02507961168885231,
    0.3329092562198639,
    0.10699854046106339,
    0.37862804532051086,
    -0.9701247215270996,
    0.9548763632774353,
    -0.5175256133079529,
    -0.1982685774564743,
    -1.4224587678909302,
    0.4919937551021576,
    -1.633542537689209,
    -0.13404928147792816,
    0.5283011198043823,
    -1.3703569173812866,
    1.2778599262237549
  ],
  "O=C(OCC)C": [
    1.7739391326904297,
    0.7157641649246216,
    -0.006653469987213612,
    0.015939835458993912,
    -0.6935731768608093,
    -0.36815395951271057,
    1.8030948638916016,
    -0.524715781211853,
    -0.4738822877407074,
    -0.8989219665527344,
    0.5524147748947144,
    -1.9832617044448853,
    -0.716781735420227,
    0.9310174584388733,
    -0.972398579120636,
    0.8598448038101196
  ],
  "CC(C)(C)OC": [
    1.5939923524856567,
    0.7102461457252502,
    -0.23176564276218414,
    -0.264457643032074,
    -0.9820724129676819,
    -0.49450841546058655,
    1.9549214839935303,
    -0.48770594596862793,
    -0.4859592020511627,
    -0.8852337002754211,
    0.6266798973083496,
    -1.823928713798523,
    -0.6654927730560303,
    1.258170247077942,
    -0.5818876624107361,
    0.7776927351951599
  ],