{
  "CO": [
    1.8783884048461914,
    -0.27199074625968933,
    0.18940722942352295,
    -0.00893619004637003,
    -0.013739124871790409,
    -1.599065899848938,
    0.7432693839073181,
    -0.17376218736171722,
    0.4067188501358032,
    -1.6283152103424072,
    0.1708664745092392,
    -1.1112399101257324,
    0.06006066873669624,
    0.8611189723014832,
    -1.1882555484771729,
    1.7121009826660156
  ],
  "OCCO": [
    1.9878695011138916,
    -0.42092961072921753,
    0.17357930541038513,
    0.4075412154197693,
    0.6363419890403748,
    -1.6758376359939575,
    0.7234862446784973,
    -0.31322842836380005,
    -0.2072659283876419,
    -1.4445606470108032,
    0.23212236166000366,
    -1.139136552810669,
    -0.005920655094087124,
    0.7247758507728577,
    -1.193121075630188,
    1.5422898530960083
  ],
  "C(C(F)(F)F)(C(F)(F)F)O": [
    1.6214758157730103,
    -0.29225999116897583,
    -0.0316803976893425,
    -0.16335046291351318,
    -0.1539003849029541,
    -1.7440524101257324,
    0.396316260099411,
    -0.013911179266870022,
    0.34808748960494995,
    -2.0763089656829834,
    0.5526285767555237,
    -0.800395131111145,
    0.4643933176994324,
    0.6402628421783447,
    -0.6004672050476074,
    1.8760592937469482
  ],
  "O1C(C)CCC1": [
    2.1295347213745117,
    0.6589317917823792,
    0.3089645504951477,
    -0.20723973214626312,
    -0.5545711517333984,
    -0.6066604852676392,
    1.5512332916259766,
    -0.4464765787124634,
    -0.26351580023765564,
    -1.0111629962921143,
    0.2528665363788605,
    -1.8096386194229126,
    -0.5874953269958496,
    0.7490980625152588,
    -1.164534330368042,
    1.027072787284851
  ],
  "C1CCCCC1": [
    2.0087406635284424,
    0.6430087685585022,
    0.12090834230184555,
    -0.3110916018486023,
    -1.0717462301254272,
    -0.918766975402832,
    1.4764324426651,
    -0.1511877477169037,
    -0.22302129864692688,
    -0.842075526714325,
    0.7253950834274292,
    -1.8674081563949585,
    -0.4281676411628723,
    0.8362108469009399,
    -0.9161415100097656,
    0.9413040280342102
  ],
  "CC(O)C": [
    2.2000679969787598,
    0.4228169322013855,
    0.3152124285697937,
    -0.06533601135015488,
    -0.056964121758937836,
    -1.0897401571273804,
    1.1636523008346558,
    -0.48670732975006104,
    -0.13082194328308105,
    -1.4490745067596436,
    0.32015928626060486,
    -1.4563887119293213,
    -0.34813952445983887,
    0.6969587802886963,
    -1.268623948097229,
    1.262626051902771
  ],
  "O.CC#N": [
    1.9983956813812256,
    -0.6792150735855103,
    -0.08602182567119598,
    0.22559939324855804,
    0.30160415172576904,
    -1.792523980140686,
    0.3596577048301697,
    -0.014965473674237728,
    -0.009446574375033379,
    -1.4218264818191528,
    0.3539108633995056,
    -0.9543827772140503,
    0.1294810175895691,
    0.8714654445648193,
    -1.0208239555358887,
    1.7607042789459229
  ],
  "CC#N": [
    2.203575849533081,
    0.203233003616333,
    0.2922400236129761,
    0.05865754932165146,
    -0.05502263829112053,
    -1.1146159172058105,
    1.0933201313018799,
    -0.3277648985385895,
    0.03829933702945709,
    -1.4384434223175049,
    0.3908562660217285,
    -1.4836194515228271,
    -0.3226630687713623,
    0.5677682757377625,
    -1.3918490409851074,
    1.3132097721099854
  ],
  "CC#N.CC(=O)O": [
    2.165271282196045,
    0.11830707639455795,
    0.19155308604240417,
    0.06410211324691772,
    -0.08777359127998352,
    -1.20137619972229,
    1.0360674858093262,
    -0.41963431239128113,
    0.15677675604820251,
    -1.532130241394043,
    0.4882640540599823,
    -1.3687273263931274,
    -0.23333798348903656,
    0.6634010076522827,
    -1.3492525815963745,
    1.3366132974624634
  ],
  "CCOCC": [
    2.015334129333496,
    0.7281269431114197,
    0.15488283336162567,
    -0.26095446944236755,
    -0.7820317149162292,
    -0.5743739604949951,
    1.666707992553711,
    -0.432506799697876,
    -0.26137375831604004,
    -1.0005626678466797,
    0.31896328926086426,
    -1.7844396829605103,
    -0.6127694845199585,
    0.8205758333206177,
    -1.0207602977752686,
    1.0515336990356445
  ],
  "OCC(F)(F)F": [
    1.812496304512024,
    -0.26015809178352356,
    0.08181620389223099,
    -0.07592353969812393,
    -0.12667088210582733,
    -1.793717622756958,
    0.7098448872566223,
    -0.2680758237838745,
    0.14194291830062866,
    -1.7689495086669922,
    0.5928732752799988,
    -0.9288319945335388,
    0.3246515989303589,
    0.8728370666503906,
    -0.9201344847679138,
    1.6337792873382568
  ],
  "O.OCC(F)(F)F": [
    1.561440348625183,
    -0.7633289694786072,
    -0.016172096133232117,
    0.14078494906425476,
    0.27217942476272583,
    -2.042782783508301,
    0.4460603594779968,
    0.11514604091644287,
    -0.15068340301513672,
    -1.5691252946853638,
    0.3837967813014984,
    -0.7554397583007812,
    0.4441683292388916,
    0.8592522144317627,
    -0.7976901531219482,
    1.8953394889831543
  ],
  "CN(C)C(C)=O": [
    2.2069766521453857,
    0.47326844930648804,
    0.5102649331092834,
    -0.1693604737520218,
    -0.03931096941232681,
    -0.9126490354537964,
    1.166041374206543,
    -0.473812997341156,
    -0.16712059080600739,
    -1.3586281538009644,
    0.2631480097770691,
    -1.6497688293457031,
    -0.4203393757343292,
    0.7009812593460083,
    -1.2626336812973022,
    1.1614251136779785
  ],
  "CCCCCCCCCCO": [
    2.0876963138580322,
    0.6741489171981812,
    0.24213531613349915,
    -0.3234867453575134,
    -0.5011351108551025,
    -0.5355762243270874,
    1.4842935800552368,
    -0.5834227204322815,
    -0.635942816734314,
    -0.9322547912597656,
    0.41435086727142334,
    -1.768683671951294,
    -0.6097975969314575,
    0.9793990254402161,
    -1.025067687034607,
    1.0580168962478638
  ],
  "OCC": [
    2.1158292293548584,
    0.11366695910692215,
    0.21799063682556152,
    0.0863054171204567,
    0.05812341347336769,
    -1.232254981994629,
    1.1362093687057495,
    -0.37182551622390747,
    -0.014181789942085743,
    -1.5083861351013184,
    0.3469669222831726,
    -1.337680459022522,
    -0.25874412059783936,
    0.6999564170837402,
    -1.3882675170898438,
    1.3664973974227905
  ],
  "C1CCOC1": [
    2.105883836746216,
    0.6075209379196167,
    0.3209982216358185,
    -0.1615600287914276,
    -0.53794264793396,
    -0.5926401019096375,
    1.5251582860946655,
    -0.3980691432952881,
    -0.19021184742450714,
    -1.0033671855926514,
    0.3832576274871826,
    -1.887807846069336,
    -0.6319055557250977,
    0.7386595606803894,
    -1.2103679180145264,
    0.9583404660224915
  ],
  "[C@H]12CCC([C@H](OC1)O2)=O": [
    2.2588305473327637,
    -0.01686462014913559,
    0.37845632433891296,
    0.10062982887029648,
    0.311522513628006,
    -1.2218025922775269,
    0.8807493448257446,
    -0.4815624952316284,
    -0.0746658444404602,
    -1.364733099937439,
    0.23792541027069092,
    -1.3936330080032349,
    -0.2571161687374115,
    0.6647211313247681,
    -1.376820683479309,
    1.3811696767807007
  ],
  "O=C(OCC)C": [
    1.9399746656417847,
    0.8377199769020081,
    0.11399894207715988,
    -0.06317052990198135,
    -0.790862500667572,
    -0.47925394773483276,
    1.6915521621704102,
    -0.49444976449012756,
    -0.39665576815605164,
    -0.9175825715065002,
    0.4119531810283661,
    -1.8426480293273926,
    -0.7199849486351013,
    0.8306570053100586,
    -1.0305219888687134,
    0.9346200227737427
  ],
  "CC(C)(C)OC": [
    1.7387101650238037,
    0.8087704181671143,
    -0.09587661921977997,
    -0.28113165497779846,
    -1.1201958656311035,
    -0.5146094560623169,
    1.8464921712875366,
    -0.4893684685230255,
    -0.4465348422527313,
    -0.8233739137649536,
    0.5188694596290588,
    -1.781241774559021,
    -0.702039361000061,
    1.17233145236969,
    -0.6188264489173889,
    0.816328763961792
  ],