{
  "CO": [
    1.8870735168457031,
    -0.40371742844581604,
    0.03121112287044525,
    0.07256507873535156,
    0.3391920030117035,
    -1.598408579826355,
    0.6609526872634888,
    -0.3388153612613678,
    0.15254467725753784,
    -1.5282511711120605,
    0.5111190676689148,
    -0.998594343662262,
    0.15270879864692688,
    0.7557403445243835,
    -1.3818941116333008,
    1.6992546319961548
  ],
  "OCCO": [
    1.918255090713501,
    -0.5465237498283386,
    0.1380912810564041,
    0.3966469168663025,
    0.7274352312088013,
    -1.5593911409378052,
    0.7129743099212646,
    -0.300536572933197,
    -0.26316192746162415,
    -1.3993897438049316,
    0.5033569931983948,
    -1.2882208824157715,
    0.06023985520005226,
    0.6684521436691284,
    -1.2653683423995972,
    1.510326862335205
  ],
  "C(C(F)(F)F)(C(F)(F)F)O": [
    1.4446057081222534,
    -0.3300417363643646,
    0.07489427924156189,
    -0.36721083521842957,
    -0.4345858097076416,
    -1.511735439300537,
    0.8419524431228638,
    -0.15212538838386536,
    0.29130226373672485,
    -2.088745355606079,
    0.7919429540634155,
    -1.0033226013183594,
    0.5673156976699829,
    0.7477831840515137,
    -0.6015187501907349,
    1.7453337907791138
  ],
  "O1C(C)CCC1": [
    2.0239057540893555,
    0.5928119421005249,
    0.26411059498786926,
    -0.21400779485702515,
    -0.4395752549171448,
    -0.560113787651062,
    1.495204210281372,
    -0.49282366037368774,
    -0.2930774390697479,
    -1.0610778331756592,
    0.4423002004623413,
    -1.9334743022918701,
    -0.5468839406967163,
    0.8194336295127869,
    -1.1475752592086792,
    1.065375804901123
  ],
  "C1CCCCC1": [
    1.8828195333480835,
    0.5803027749061584,
    0.08225036412477493,
    -0.2762207090854645,
    -0.9304602146148682,
    -0.9399157166481018,
    1.4377206563949585,
    -0.19238068163394928,
    -0.2758033275604248,
    -0.923039436340332,
    0.8535465598106384,
    -1.9952348470687866,
    -0.3227335512638092,
    0.8987109661102295,
    -0.8652733564376831,
    0.9985259175300598
  ],
  "CC(O)C": [
    2.0610272884368896,
    0.3471117317676544,
    0.28396907448768616,
    -0.05581203103065491,
    0.05807413533329964,
    -1.0346688032150269,
    1.1148337125778198,
    -0.4847516715526581,
    -0.19250456988811493,
    -1.4899024963378906,
    0.5901827812194824,
    -1.565702199935913,
    -0.2949754297733307,
    0.7080678343772888,
    -1.3182119131088257,
    1.2888363599777222
  ],
  "O.CC#N": [
    1.8523154258728027,
    -0.7094075083732605,
    -0.004173451103270054,
    0.17442993819713593,
    0.4401730000972748,
    -1.6838270425796509,
    0.5060041546821594,
    -0.11682777106761932,
    -0.11882960796356201,
    -1.441571593284607,
    0.5628010630607605,
    -1.0700013637542725,
    0.26350507140159607,
    0.721412718296051,
    -1.15541672706604,
    1.7890928983688354
  ],
  "CC#N": [
    2.1703360080718994,
    0.09702993929386139,
    0.2674037218093872,
    -0.024801315739750862,
    0.03099089115858078,
    -1.029362678527832,
    1.0304979085922241,
    -0.4523901343345642,
    0.05633756145834923,
    -1.4619911909103394,
    0.5497896075248718,
    -1.5322279930114746,
    -0.2028961181640625,
    0.5895636677742004,
    -1.404873251914978,
    1.3301823139190674
  ],
  "CC#N.CC(=O)O": [
    2.0674052238464355,
    -0.006589390337467194,
    0.1730360984802246,
    0.05768986791372299,
    0.07020203769207001,
    -1.0888044834136963,
    0.9924622178077698,
    -0.4066803455352783,
    0.07452172785997391,
    -1.5345335006713867,
    0.6886420249938965,
    -1.4908194541931152,
    -0.18217134475708008,
    0.6281383633613586,
    -1.4099706411361694,
    1.3809086084365845
  ],
  "CCOCC": [
    1.7717055082321167,
    0.7133446931838989,
    0.027921421453356743,
    -0.20693546533584595,
    -0.757706880569458,
    -0.567817211151123,
    1.718625783920288,
    -0.5160444378852844,
    -0.4910716414451599,
    -0.9875704646110535,
    0.534983217716217,
    -1.903030514717102,
    -0.565902054309845,
    1.0487736463546753,
    -0.8392080068588257,
    1.0367265939712524
  ],
  "OCC(F)(F)F": [
    1.772316813468933,
    -0.29062503576278687,
    0.028483713045716286,
    -0.12604130804538727,
    -0.00026774208527058363,
    -1.6902648210525513,
    0.7759385704994202,
    -0.33355090022087097,
    0.013269753195345402,
    -1.77242910861969,
    0.7624599933624268,
    -0.9786374568939209,
    0.37175101041793823,
    0.8597009778022766,
    -0.9882275462150574,
    1.6124950647354126
  ],
  "O.OCC(F)(F)F": [
    1.6256756782531738,
    -0.8092564940452576,
    -0.08668814599514008,
    0.15903283655643463,
    0.36491718888282776,
    -1.9328737258911133,
    0.5429930090904236,
    -0.03636962175369263,
    -0.2971333861351013,
    -1.5437006950378418,
    0.7282455563545227,
    -0.8556351065635681,
    0.4724365472793579,
    0.8042840957641602,
    -0.8712384700775146,
    1.7485685348510742
  ],
  "CN(C)C(C)=O": [
    2.0571744441986084,
    0.49304473400115967,
    0.4426615536212921,
    -0.1597839891910553,
    -0.008669679053127766,
    -0.7763327956199646,
    1.1857680082321167,
    -0.5490092635154724,
    -0.3124940097332001,
    -1.33980131149292,
    0.5047898888587952,
    -1.8380982875823975,
    -0.37199556827545166,
    0.7781240344047546,
    -1.2287087440490723,
    1.137809157371521
  ],
  "CCCCCCCCCCO": [
    1.9930967092514038,
    0.6197205185890198,
    0.17344258725643158,
    -0.4753994047641754,
    -0.37485772371292114,
    -0.42827141284942627,
    1.3699654340744019,
    -0.5709244608879089,
    -0.5677953958511353,
    -1.032122015953064,
    0.6244602203369141,
    -1.8501746654510498,
    -0.5964559316635132,
    1.122861623764038,
    -1.033917784690857,
    1.0408645868301392
  ],
  "OCC": [
    2.104640245437622,
    -0.014163150452077389,
    0.19711413979530334,
    -0.023097869008779526,
    0.2128136307001114,
    -1.1427650451660156,
    1.021456241607666,
    -0.4441364109516144,
    -0.03203825652599335,
    -1.5004101991653442,
    0.5222405791282654,
    -1.3136836290359497,
    -0.17999544739723206,
    0.7125809788703918,
    -1.49626886844635,
    1.391570806503296
  ],
  "C1CCOC1": [
    1.872351884841919,
    0.591997504234314,
    0.1949603259563446,
    -0.1301359087228775,
    -0.5642647743225098,
    -0.40534570813179016,
    1.5951868295669556,
    -0.5274143815040588,
    -0.36974412202835083,
    -0.9658575057983398,
    0.5467890501022339,
    -2.0650553703308105,
    -0.6490812301635742,
    0.908399224281311,
    -1.0184262990951538,
    0.9995425939559937
  ],
  "[C@H]12CCC([C@H](OC1)O2)=O": [
    2.1825156211853027,
    -0.07148831337690353,
    0.3695947825908661,
    0.033189475536346436,
    0.40343016386032104,
    -1.0961405038833618,
    0.8497491478919983,
    -0.4956750273704529,
    -0.1390913724899292,
    -1.4031646251678467,
    0.4614940285682678,
    -1.4973195791244507,
    -0.1910499483346939,
    0.6533081531524658,
    -1.4172998666763306,
    1.3707189559936523
  ],
  "O=C(OCC)C": [
    1.942979097366333,
    0.6785216331481934,
    0.1441299319267273,
    -0.12958785891532898,
    -0.5227802395820618,
    -0.5430952310562134,
    1.5447807312011719,
    -0.46043360233306885,
    -0.28060024976730347,
    -1.0649588108062744,
    0.574221134185791,
    -1.92781400680542,
    -0.6262836456298828,
    0.8484475016593933,
    -1.1526981592178345,
    0.9904429316520691
  ],
  "CC(C)(C)OC": [
    1.7029823064804077,
    0.7564106583595276,
    -0.09979105740785599,
    -0.23045039176940918,
    -0.8957609534263611,
    -0.6109606623649597,
    1.79635751247406,
    -0.4878334105014801,
    -0.4933638572692871,
    -0.9002116322517395,
    0.6773307919502258,
    -1.8607850074768066,
    -0.6061400771141052,
    1.1199156045913696,
    -0.7481541037559509,
    0.8989884257316589
  ],