{
  "CO": [
    1.9629424810409546,
    -0.26366937160491943,
    0.06134343892335892,
    0.08656013011932373,
    0.0878201499581337,
    -1.673025369644165,
    0.8142948746681213,
    -0.40291744470596313,
    0.16984343528747559,
    -1.5336692333221436,
    0.47186821699142456,
    -0.996268093585968,
    0.07689307630062103,
    0.8176237940788269,
    -1.2520298957824707,
    1.5993140935897827
  ],
  "OCCO": [
    2.01405668258667,
    -0.4453533887863159,
    0.12706470489501953,
    0.36942002177238464,
    0.677123486995697,
    -1.645283579826355,
    0.6291982531547546,
    -0.2914963662624359,
    -0.1462651938199997,
    -1.4295401573181152,
    0.20864003896713257,
    -1.0476170778274536,
    -0.014524275436997414,
    0.7249990701675415,
    -1.2899876832962036,
    1.5855644941329956
  ],
  "C(C(F)(F)F)(C(F)(F)F)O": [
    1.6942921876907349,
    -0.35741233825683594,
    -0.028491472825407982,
    -0.08144392818212509,
    -0.09444249421358109,
    -1.8365569114685059,
    0.488646537065506,
    -0.12737628817558289,
    0.132154643535614,
    -1.8647640943527222,
    0.5363715291023254,
    -0.7393974661827087,
    0.4289218783378601,
    0.7784202098846436,
    -0.7778149843215942,
    1.8719782829284668
  ],
  "O1C(C)CCC1": [
    2.117091655731201,
    0.7153283953666687,
    0.3346586227416992,
    -0.20544181764125824,
    -0.5655855536460876,
    -0.6581917405128479,
    1.5190414190292358,
    -0.4408474266529083,
    -0.32820987701416016,
    -0.9915802478790283,
    0.32135725021362305,
    -1.8679388761520386,
    -0.5381796956062317,
    0.7180487513542175,
    -1.1107221841812134,
    1.0057393312454224
  ],
  "C1CCCCC1": [
    1.687328815460205,
    0.6720010638237,
    -0.20487003028392792,
    -0.5048437714576721,
    -1.225533127784729,
    -0.8688015937805176,
    1.5228601694107056,
    -0.36932826042175293,
    -0.18373540043830872,
    -0.8116747736930847,
    0.6030551791191101,
    -1.779133915901184,
    -0.6237183809280396,
    1.4415419101715088,
    -0.3406037390232086,
    1.0103957653045654
  ],
  "CC(O)C": [
    2.166259527206421,
    0.3854050934314728,
    0.24007147550582886,
    0.028803018853068352,
    -0.019506532698869705,
    -1.09291672706604,
    1.16367506980896,
    -0.43620163202285767,
    -0.13890327513217926,
    -1.4788415431976318,
    0.40317660570144653,
    -1.443045735359192,
    -0.4079124331474304,
    0.7067180275917053,
    -1.3073089122772217,
    1.2596924304962158
  ],
  "O.CC#N": [
    1.9255199432373047,
    -0.6395095586776733,
    -0.016853278502821922,
    0.2989765405654907,
    0.24087677896022797,
    -1.8272125720977783,
    0.3692820072174072,
    -0.07789954543113708,
    -0.05529513582587242,
    -1.4224838018417358,
    0.42714884877204895,
    -0.9313530921936035,
    0.14991126954555511,
    0.8277655839920044,
    -1.0571597814559937,
    1.8078711032867432
  ],
  "CC#N": [
    2.2545058727264404,
    0.217083141207695,
    0.265743225812912,
    0.033783208578825,
    -0.048792291432619095,
    -1.0949171781539917,
    1.0830353498458862,
    -0.3896896541118622,
    0.05558476224541664,
    -1.435354471206665,
    0.39610961079597473,
    -1.4273790121078491,
    -0.3231425881385803,
    0.5634266138076782,
    -1.409470796585083,
    1.2863420248031616
  ],
  "CC#N.CC(=O)O": [
    2.137197494506836,
    0.08132258802652359,
    0.19051849842071533,
    0.05142664909362793,
    -0.06558503955602646,
    -1.2398179769515991,
    1.0159735679626465,
    -0.42342156171798706,
    0.1590265929698944,
    -1.5229612588882446,
    0.5361078381538391,
    -1.366097092628479,
    -0.21623419225215912,
    0.6831521987915039,
    -1.3473539352416992,
    1.3537111282348633
  ],
  "CCOCC": [
    1.8646976947784424,
    0.7366669774055481,
    0.11230108886957169,
    -0.24284334480762482,
    -0.9458129405975342,
    -0.47719863057136536,
    1.7818199396133423,
    -0.4677559435367584,
    -0.31312549114227295,
    -0.9245221614837646,
    0.2830711007118225,
    -1.819494605064392,
    -0.6497980952262878,
    0.9175192713737488,
    -0.8961548805236816,
    1.0655633211135864
  ],
  "OCC(F)(F)F": [
    1.773850917816162,
    -0.2656458616256714,
    0.07391143590211868,
    -0.07357516139745712,
    -0.1713315099477768,
    -1.8068825006484985,
    0.6884550452232361,
    -0.1624222993850708,
    0.24379457533359528,
    -1.7828742265701294,
    0.4460609555244446,
    -0.9642298817634583,
    0.2935582101345062,
    0.8482997417449951,
    -0.846733808517456,
    1.7318748235702515
  ],
  "O.OCC(F)(F)F": [
    1.5202428102493286,
    -0.7724330425262451,
    -0.03281545639038086,
    0.18111903965473175,
    0.274982213973999,
    -2.0599377155303955,
    0.4831693768501282,
    0.1541980355978012,
    -0.1637541949748993,
    -1.528064489364624,
    0.3920114040374756,
    -0.7706522345542908,
    0.4088842272758484,
    0.8943610191345215,
    -0.846203625202179,
    1.8873789310455322
  ],
  "CN(C)C(C)=O": [
    2.156095266342163,
    0.5596287250518799,
    0.4888572692871094,
    -0.12529832124710083,
    -0.14766348898410797,
    -0.8361136317253113,
    1.2068183422088623,
    -0.5320026874542236,
    -0.27838388085365295,
    -1.292019009590149,
    0.31958454847335815,
    -1.73233163356781,
    -0.4512042999267578,
    0.758061408996582,
    -1.2133660316467285,
    1.145310640335083
  ],
  "CCCCCCCCCCO": [
    2.070695161819458,
    0.6989107728004456,
    0.19786472618579865,
    -0.3006760776042938,
    -0.522078812122345,
    -0.5139998197555542,
    1.4737496376037598,
    -0.5844213962554932,
    -0.6380360722541809,
    -0.941317617893219,
    0.4772656559944153,
    -1.8060723543167114,
    -0.6174932718276978,
    1.00165593624115,
    -0.9886086583137512,
    1.0163522958755493
  ],
  "OCC": [
    2.1982271671295166,
    0.12812766432762146,
    0.20219548046588898,
    0.04242806136608124,
    0.10607388615608215,
    -1.200918197631836,
    1.0646694898605347,
    -0.4332726299762726,
    -0.007928985171020031,
    -1.492275595664978,
    0.3432222604751587,
    -1.2534652948379517,
    -0.3017125725746155,
    0.6992114186286926,
    -1.4231083393096924,
    1.3578819036483765
  ],
  "C1CCOC1": [
    2.0894992351531982,
    0.6133670806884766,
    0.3095369338989258,
    -0.17450974881649017,
    -0.5555525422096252,
    -0.5357102751731873,
    1.535875916481018,
    -0.4121156930923462,
    -0.21159732341766357,
    -0.9786896705627441,
    0.3865920603275299,
    -1.8906898498535156,
    -0.6689444184303284,
    0.76102215051651,
    -1.2091965675354004,
    0.9658244252204895
  ],
  "[C@H]12CCC([C@H](OC1)O2)=O": [
    2.249190092086792,
    0.06774304807186127,
    0.3989099860191345,
    0.11352477222681046,
    0.23932313919067383,
    -1.2013373374938965,
    0.9119678139686584,
    -0.482364296913147,
    -0.13545076549053192,
    -1.404614806175232,
    0.3095875382423401,
    -1.4930285215377808,
    -0.270782470703125,
    0.692448616027832,
    -1.2822984457015991,
    1.3136183023452759
  ],
  "O=C(OCC)C": [
    1.958575963973999,
    0.8272237777709961,
    0.1175522655248642,
    -0.07106529176235199,
    -0.7621341943740845,
    -0.4932331442832947,
    1.6750940084457397,
    -0.49070024490356445,
    -0.36607563495635986,
    -0.9535308480262756,
    0.43320193886756897,
    -1.835450291633606,
    -0.7171509861946106,
    0.8138084411621094,
    -1.044382929801941,
    0.9333337545394897
  ],
  "CC(C)(C)OC": [
    1.7556623220443726,
    0.8201273679733276,
    -0.06043384596705437,
    -0.24422618746757507,
    -1.0926412343978882,
    -0.5720137357711792,
    1.8419286012649536,
    -0.4607973098754883,
    -0.4133029580116272,
    -0.870929479598999,
    0.519973874092102,
    -1.7516862154006958,
    -0.6736483573913574,
    1.091159701347351,
    -0.7362314462661743,
    0.8745478987693787
  ],