{
  "CO": [
    1.9150629043579102,
    -0.3670671880245209,
    0.04231589660048485,
    0.09013431519269943,
    0.27235543727874756,
    -1.6073325872421265,
    0.6971865892410278,
    -0.42852485179901123,
    0.10768315196037292,
    -1.518742561340332,
    0.5766026377677917,
    -0.9755370020866394,
    0.14699925482273102,
    0.7549862861633301,
    -1.359831690788269,
    1.6675533056259155
  ],
  "OCCO": [
    1.9031245708465576,
    -0.5621007084846497,
    0.10181549936532974,
    0.383122980594635,
    0.7616848945617676,
    -1.5901808738708496,
    0.6164020895957947,
    -0.26560449600219727,
    -0.25258973240852356,
    -1.4013409614562988,
    0.4359692335128784,
    -1.1888006925582886,
    0.06373289227485657,
    0.7021303772926331,
    -1.2868396043777466,
    1.5925768613815308
  ],
  "C(C(F)(F)F)(C(F)(F)F)O": [
    1.3402942419052124,
    -0.3357810080051422,
    0.10275429487228394,
    -0.29932278394699097,
    -0.4502834677696228,
    -1.6602998971939087,
    0.7438930869102478,
    -0.022313974797725677,
    0.3951684236526489,
    -1.9583146572113037,
    0.533889889717102,
    -1.0496448278427124,
    0.5014244318008423,
    0.8090994358062744,
    -0.5758793950080872,
    1.9392951726913452
  ],
  "O1C(C)CCC1": [
    2.010446548461914,
    0.632720410823822,
    0.3094257116317749,
    -0.18377596139907837,
    -0.4231051504611969,
    -0.6266958713531494,
    1.4808067083358765,
    -0.4760902225971222,
    -0.37718406319618225,
    -1.0539134740829468,
    0.4713870882987976,
    -1.9608429670333862,
    -0.5029175281524658,
    0.7959725856781006,
    -1.1235945224761963,
    1.0423383712768555
  ],
  "C1CCCCC1": [
    1.8946850299835205,
    0.544348418712616,
    0.03132651373744011,
    -0.2485668659210205,
    -0.931221604347229,
    -0.9466641545295715,
    1.4637717008590698,
    -0.19947969913482666,
    -0.23833182454109192,
    -0.9449995160102844,
    0.8027896881103516,
    -1.9830235242843628,
    -0.364856094121933,
    0.9616392254829407,
    -0.8138770461082458,
    0.9871919751167297
  ],
  "CC(O)C": [
    2.078444480895996,
    0.35560354590415955,
    0.2865324020385742,
    -0.10675248503684998,
    0.041351404041051865,
    -1.045763373374939,
    1.1193758249282837,
    -0.5054194331169128,
    -0.1783810406923294,
    -1.4881536960601807,
    0.5347776412963867,
    -1.5968990325927734,
    -0.2508545219898224,
    0.7368536591529846,
    -1.2504453659057617,
    1.2861889600753784
  ],
  "O.CC#N": [
    1.9069331884384155,
    -0.6074695587158203,
    -0.012378050945699215,
    0.13070423901081085,
    0.3214392364025116,
    -1.6841424703598022,
    0.6258588433265686,
    -0.29043149948120117,
    -0.15613660216331482,
    -1.547160029411316,
    0.6810024380683899,
    -1.0730339288711548,
    0.3410526514053345,
    0.6541558504104614,
    -0.9934899210929871,
    1.715315818786621
  ],
  "CC#N": [
    2.0887579917907715,
    0.0886809453368187,
    0.28814607858657837,
    0.0417034775018692,
    0.011539357714354992,
    -1.0380868911743164,
    1.0694561004638672,
    -0.32318204641342163,
    0.0017738292226567864,
    -1.4743980169296265,
    0.5273511409759521,
    -1.6145286560058594,
    -0.2100050151348114,
    0.5546432733535767,
    -1.3863142728805542,
    1.3880871534347534
  ],
  "CC#N.CC(=O)O": [
    2.109253168106079,
    -0.017077652737498283,
    0.22680221498012543,
    -0.02405483089387417,
    0.013347459025681019,
    -1.132030725479126,
    0.9513891339302063,
    -0.4692833423614502,
    0.1578780859708786,
    -1.5322986841201782,
    0.5879555344581604,
    -1.4035420417785645,
    -0.13991598784923553,
    0.66475510597229,
    -1.3970942497253418,
    1.4183233976364136
  ],
  "CCOCC": [
    1.765954852104187,
    0.6858209371566772,
    0.03377950191497803,
    -0.20561109483242035,
    -0.8354496359825134,
    -0.531164288520813,
    1.7187397480010986,
    -0.5017664432525635,
    -0.423512727022171,
    -0.9910478591918945,
    0.4893222749233246,
    -1.9488732814788818,
    -0.5618970394134521,
    1.0467679500579834,
    -0.7751463651657104,
    1.0509146451950073
  ],
  "OCC(F)(F)F": [
    1.7873727083206177,
    -0.2372114360332489,
    0.11663199961185455,
    -0.1842363029718399,
    -0.07213126122951508,
    -1.6221750974655151,
    0.8062382340431213,
    -0.3814050257205963,
    0.10776670277118683,
    -1.8112690448760986,
    0.7323152422904968,
    -1.015764832496643,
    0.33930355310440063,
    0.7792634963989258,
    -0.9693168997764587,
    1.6412887573242188
  ],
  "O.OCC(F)(F)F": [
    1.6257187128067017,
    -0.8546435832977295,
    -0.1937953382730484,
    0.13009858131408691,
    0.4089239835739136,
    -1.9579517841339111,
    0.3113393187522888,
    0.11211215704679489,
    -0.09968524426221848,
    -1.4710514545440674,
    0.51627117395401,
    -0.8067346215248108,
    0.37202808260917664,
    0.929150402545929,
    -0.8803439736366272,
    1.870214581489563
  ],
  "CN(C)C(C)=O": [
    2.0528900623321533,
    0.47518691420555115,
    0.4598880112171173,
    -0.1463698148727417,
    -0.02525363676249981,
    -0.7952786684036255,
    1.1691772937774658,
    -0.5348308086395264,
    -0.31708455085754395,
    -1.3476321697235107,
    0.49065056443214417,
    -1.8380354642868042,
    -0.36217954754829407,
    0.7894505262374878,
    -1.2170077562332153,
    1.161351203918457
  ],
  "CCCCCCCCCCO": [
    1.9048346281051636,
    0.6585423946380615,
    0.18005499243736267,
    -0.28918027877807617,
    -0.39784905314445496,
    -0.5300766825675964,
    1.41658353805542,
    -0.6163345575332642,
    -0.6785495281219482,
    -1.0347694158554077,
    0.7441489100456238,
    -1.9202228784561157,
    -0.5736503005027771,
    1.1272145509719849,
    -0.9203232526779175,
    0.9455251693725586
  ],
  "OCC": [
    2.097011089324951,
    0.03049243427813053,
    0.1975651979446411,
    0.019464872777462006,
    0.21487031877040863,
    -1.1074637174606323,
    1.0515844821929932,
    -0.45785748958587646,
    -0.07878430187702179,
    -1.5257997512817383,
    0.5148166418075562,
    -1.3823347091674805,
    -0.19953744113445282,
    0.6813045740127563,
    -1.4316481351852417,
    1.3927839994430542
  ],
  "C1CCOC1": [
    1.9600389003753662,
    0.5703594088554382,
    0.276820570230484,
    -0.15431678295135498,
    -0.4841277301311493,
    -0.5540462732315063,
    1.501720666885376,
    -0.4621163308620453,
    -0.31564074754714966,
    -1.0104455947875977,
    0.5501461625099182,
    -2.034693717956543,
    -0.5728706121444702,
    0.8017364144325256,
    -1.1039847135543823,
    1.0453262329101562
  ],
  "[C@H]12CCC([C@H](OC1)O2)=O": [
    2.1751868724823,
    -0.03192352503538132,
    0.3801943063735962,
    0.07635681331157684,
    0.34246546030044556,
    -1.0647175312042236,
    0.8722116351127625,
    -0.5216642022132874,
    -0.1628267616033554,
    -1.4376051425933838,
    0.47138962149620056,
    -1.5966551303863525,
    -0.18430502712726593,
    0.6811885237693787,
    -1.317290186882019,
    1.331601619720459
  ],
  "O=C(OCC)C": [
    1.9554476737976074,
    0.690079391002655,
    0.21392297744750977,
    -0.138999342918396,
    -0.5555264949798584,
    -0.6500190496444702,
    1.5445201396942139,
    -0.4503248929977417,
    -0.32978886365890503,
    -1.0319328308105469,
    0.5439074635505676,
    -1.9515506029129028,
    -0.540886402130127,
    0.8256534934043884,
    -1.098593831062317,
    0.9898531436920166
  ],
  "CC(C)(C)OC": [
    1.6545971632003784,
    0.7287433743476868,
    -0.1267847716808319,
    -0.25935277342796326,
    -0.9874074459075928,
    -0.6265425682067871,
    1.770294427871704,
    -0.4873441159725189,
    -0.43879538774490356,
    -0.9505354762077332,
    0.6611120700836182,
    -1.8576617240905762,
    -0.5754151940345764,
    1.2369517087936401,
    -0.6241773366928101,
    0.9020577669143677
  ],