{
  "CO": [
    2.0195178985595703,
    -0.2340213507413864,
    0.07496418058872223,
    0.13793180882930756,
    0.11556936800479889,
    -1.644500494003296,
    0.7819010019302368,
    -0.4539587199687958,
    0.15119148790836334,
    -1.544005274772644,
    0.4174191653728485,
    -0.9337236881256104,
    0.05195590853691101,
    0.7720938324928284,
    -1.285645604133606,
    1.6008049249649048
  ],
  "OCCO": [
    1.9886106252670288,
    -0.44483110308647156,
    0.16814450919628143,
    0.41986221075057983,
    0.6269080638885498,
    -1.6879093647003174,
    0.6943600177764893,
    -0.2784169614315033,
    -0.24442540109157562,
    -1.4216876029968262,
    0.2655195891857147,
    -1.15851628780365,
    0.021795285865664482,
    0.7201423048973083,
    -1.1876035928726196,
    1.5447461605072021
  ],
  "C(C(F)(F)F)(C(F)(F)F)O": [
    1.70512855052948,
    -0.262457937002182,
    -0.07204221934080124,
    -0.1499374359846115,
    -0.1669251024723053,
    -1.7411479949951172,
    0.3644768297672272,
    -0.009769590571522713,
    0.3976804316043854,
    -2.067106246948242,
    0.5221689343452454,
    -0.8281561732292175,
    0.4146762490272522,
    0.6623390316963196,
    -0.5717313885688782,
    1.8260530233383179
  ],
  "O1C(C)CCC1": [
    1.9998043775558472,
    0.7469800710678101,
    0.2500658631324768,
    -0.10571638494729996,
    -0.6424790620803833,
    -0.5403978824615479,
    1.6054272651672363,
    -0.49485349655151367,
    -0.4172072410583496,
    -0.9550405740737915,
    0.3195941150188446,
    -1.8806495666503906,
    -0.6406031250953674,
    0.8269931077957153,
    -1.0639393329620361,
    1.0167181491851807
  ],
  "C1CCCCC1": [
    1.7114839553833008,
    0.7096771597862244,
    -0.18565936386585236,
    -0.4892452657222748,
    -1.2065831422805786,
    -0.9091818928718567,
    1.5360411405563354,
    -0.34333643317222595,
    -0.29837942123413086,
    -0.7946107983589172,
    0.6429383158683777,
    -1.7363587617874146,
    -0.614448606967926,
    1.4636672735214233,
    -0.3836997151374817,
    0.9244440793991089
  ],
  "CC(O)C": [
    2.1517913341522217,
    0.36163273453712463,
    0.2568546235561371,
    0.004020014312118292,
    -0.030365008860826492,
    -1.1398853063583374,
    1.1581664085388184,
    -0.4287531077861786,
    -0.13036386668682098,
    -1.4896690845489502,
    0.403825044631958,
    -1.4448667764663696,
    -0.3655523359775543,
    0.7289470434188843,
    -1.2765841484069824,
    1.2707149982452393
  ],
  "O.CC#N": [
    1.8225860595703125,
    -0.5952715277671814,
    0.03060988523066044,
    0.27942848205566406,
    0.30309557914733887,
    -1.8480101823806763,
    0.5710141658782959,
    -0.07657311856746674,
    -0.16281180083751678,
    -1.4624148607254028,
    0.41389137506484985,
    -0.9986786246299744,
    0.21759532392024994,
    0.8034437894821167,
    -1.0583000183105469,
    1.782893180847168
  ],
  "CC#N": [
    2.250892162322998,
    0.1964031457901001,
    0.30452418327331543,
    -0.03135082870721817,
    -0.09343639761209488,
    -1.1851774454116821,
    1.0619535446166992,
    -0.4174826145172119,
    0.11673849076032639,
    -1.4433051347732544,
    0.34879907965660095,
    -1.39406418800354,
    -0.2391090840101242,
    0.5949220061302185,
    -1.354205846786499,
    1.311741590499878
  ],
  "CC#N.CC(=O)O": [
    2.2008750438690186,
    0.08045446872711182,
    0.22525419294834137,
    0.012473195791244507,
    -0.04990262910723686,
    -1.2344391345977783,
    0.9817169904708862,
    -0.4436199367046356,
    0.1857551634311676,
    -1.5180847644805908,
    0.4586900770664215,
    -1.315372347831726,
    -0.22621172666549683,
    0.6741412281990051,
    -1.3529826402664185,
    1.3492836952209473
  ],
  "CCOCC": [
    1.881300449371338,
    0.7551074028015137,
    0.09578175842761993,
    -0.253722608089447,
    -0.9572676420211792,
    -0.49427175521850586,
    1.7622193098068237,
    -0.4806060194969177,
    -0.3438279926776886,
    -0.9419662356376648,
    0.2903018295764923,
    -1.8108774423599243,
    -0.605548083782196,
    0.9583553075790405,
    -0.8644977807998657,
    1.0353224277496338
  ],
  "OCC(F)(F)F": [
    1.7958446741104126,
    -0.286407470703125,
    0.0771564468741417,
    -0.08372177928686142,
    -0.1386684775352478,
    -1.8082430362701416,
    0.6817308664321899,
    -0.2486361861228943,
    0.1359833925962448,
    -1.756147861480713,
    0.5869444012641907,
    -0.9195345640182495,
    0.3475765883922577,
    0.8715951442718506,
    -0.9009313583374023,
    1.672058343887329
  ],
  "O.OCC(F)(F)F": [
    1.695076823234558,
    -0.7825331687927246,
    -0.13054369390010834,
    0.2080870270729065,
    0.3100484311580658,
    -2.018012762069702,
    0.25761571526527405,
    0.06354808062314987,
    -0.09192293882369995,
    -1.4639075994491577,
    0.39633339643478394,
    -0.7546324729919434,
    0.25469839572906494,
    0.9905975461006165,
    -0.7944977283477783,
    1.8811928033828735
  ],
  "CN(C)C(C)=O": [
    2.1644527912139893,
    0.5284759402275085,
    0.5127274394035339,
    -0.1278150975704193,
    -0.12304983288049698,
    -0.8936900496482849,
    1.2203260660171509,
    -0.5139060616493225,
    -0.2777788043022156,
    -1.265606164932251,
    0.26393142342567444,
    -1.7090071439743042,
    -0.4143155515193939,
    0.7239182591438293,
    -1.2373102903366089,
    1.1752510070800781
  ],
  "CCCCCCCCCCO": [
    2.171431303024292,
    0.6140477061271667,
    0.2263946682214737,
    -0.4599914848804474,
    -0.515530526638031,
    -0.3872365355491638,
    1.4240055084228516,
    -0.5558163523674011,
    -0.5854485034942627,
    -0.9088202714920044,
    0.32602688670158386,
    -1.7555434703826904,
    -0.5999651551246643,
    0.9653996825218201,
    -1.0566922426223755,
    1.1201813220977783
  ],
  "OCC": [
    2.103196144104004,
    0.1169961541891098,
    0.22783081233501434,
    0.08724740892648697,
    0.06342236697673798,
    -1.2333903312683105,
    1.138425350189209,
    -0.38565826416015625,
    -0.006679248064756393,
    -1.5239269733428955,
    0.34852156043052673,
    -1.3501555919647217,
    -0.2431039661169052,
    0.70869380235672,
    -1.3776379823684692,
    1.3563652038574219
  ],
  "C1CCOC1": [
    2.111323118209839,
    0.6433094143867493,
    0.30587825179100037,
    -0.17888465523719788,
    -0.5494633913040161,
    -0.6105203032493591,
    1.5103058815002441,
    -0.40849724411964417,
    -0.2096903920173645,
    -0.9972249865531921,
    0.35380247235298157,
    -1.8851871490478516,
    -0.6111608147621155,
    0.7440810799598694,
    -1.1814610958099365,
    0.9886190891265869
  ],
  "[C@H]12CCC([C@H](OC1)O2)=O": [
    2.2623918056488037,
    0.012865906581282616,
    0.425614595413208,
    0.030021237209439278,
    0.27596840262413025,
    -1.2114654779434204,
    0.9067718982696533,
    -0.4676187038421631,
    -0.07746148854494095,
    -1.374751091003418,
    0.24225366115570068,
    -1.4069708585739136,
    -0.24320194125175476,
    0.6695445775985718,
    -1.3701008558273315,
    1.3532342910766602
  ],
  "O=C(OCC)C": [
    2.0225729942321777,
    0.7815638184547424,
    0.19212129712104797,
    -0.08015565574169159,
    -0.6687928438186646,
    -0.6118521094322205,
    1.6309367418289185,
    -0.42326533794403076,
    -0.30849599838256836,
    -0.9671895503997803,
    0.4105609059333801,
    -1.8395624160766602,
    -0.6694183349609375,
    0.736176609992981,
    -1.1262315511703491,
    0.9469906687736511
  ],
  "CC(C)(C)OC": [
    1.7054318189620972,
    0.7996825575828552,
    -0.10442750155925751,
    -0.2548721432685852,
    -1.1098383665084839,
    -0.5386200547218323,
    1.849896788597107,
    -0.4644325077533722,
    -0.4734112620353699,
    -0.8325849771499634,
    0.5843666791915894,
    -1.7932552099227905,
    -0.682356595993042,
    1.1541792154312134,
    -0.6459117531776428,
    0.8337118625640869
  ],