{
  "CO": [
    1.9599061012268066,
    -0.27263444662094116,
    0.01987878605723381,
    0.15008245408535004,
    0.17113862931728363,
    -1.7149930000305176,
    0.6325122117996216,
    -0.37213435769081116,
    0.11060971021652222,
    -1.5214608907699585,
    0.47978872060775757,
    -0.8857346773147583,
    0.08415181189775467,
    0.8045604825019836,
    -1.3002259731292725,
    1.6768417358398438
  ],
  "OCCO": [
    1.9868539571762085,
    -0.4552377164363861,
    0.1919345259666443,
    0.41900870203971863,
    0.6148617267608643,
    -1.6392179727554321,
    0.6842606067657471,
    -0.255311518907547,
    -0.20627906918525696,
    -1.4218716621398926,
    0.2865822911262512,
    -1.2093966007232666,
    -0.019528023898601532,
    0.6941150426864624,
    -1.2118908166885376,
    1.5641193389892578
  ],
  "C(C(F)(F)F)(C(F)(F)F)O": [
    1.467677354812622,
    -0.31326788663864136,
    0.10676878690719604,
    -0.31407687067985535,
    -0.49600934982299805,
    -1.622151255607605,
    0.6895531415939331,
    -0.046435270458459854,
    0.3282644748687744,
    -2.074800968170166,
    0.6580117344856262,
    -0.9278548359870911,
    0.5253356695175171,
    0.7221192717552185,
    -0.5211626887321472,
    1.8392988443374634
  ],
  "O1C(C)CCC1": [
    2.0971121788024902,
    0.6700637936592102,
    0.3249307870864868,
    -0.22712279856204987,
    -0.5964053869247437,
    -0.5700127482414246,
    1.5411181449890137,
    -0.43529772758483887,
    -0.27159443497657776,
    -1.0066224336624146,
    0.30867835879325867,
    -1.8486950397491455,
    -0.5974978804588318,
    0.7554895281791687,
    -1.144674301147461,
    1.0233519077301025
  ],
  "C1CCCCC1": [
    1.8792462348937988,
    0.7346324920654297,
    -0.010547440499067307,
    -0.24212075769901276,
    -1.19505774974823,
    -0.9091979265213013,
    1.6112477779388428,
    -0.23829403519630432,
    -0.33042094111442566,
    -0.777557373046875,
    0.7264755368232727,
    -1.812927484512329,
    -0.506393313407898,
    0.9886402487754822,
    -0.7658648490905762,
    0.8702987432479858
  ],
  "CC(O)C": [
    2.085224151611328,
    0.45293086767196655,
    0.2816791832447052,
    0.01837676763534546,
    -0.19855111837387085,
    -1.009182333946228,
    1.3147457838058472,
    -0.5060630440711975,
    -0.14059536159038544,
    -1.4063518047332764,
    0.33387938141822815,
    -1.5904607772827148,
    -0.3241073191165924,
    0.7266516089439392,
    -1.25634765625,
    1.2439908981323242
  ],
  "O.CC#N": [
    1.789071798324585,
    -0.6522917747497559,
    0.06157444790005684,
    0.21349188685417175,
    0.2578760087490082,
    -1.834463357925415,
    0.5390322208404541,
    -0.007941856049001217,
    -0.10455065220594406,
    -1.5053035020828247,
    0.38099732995033264,
    -0.992898166179657,
    0.29591503739356995,
    0.7687535881996155,
    -1.0270164012908936,
    1.8368339538574219
  ],
  "CC#N": [
    2.175755500793457,
    0.21982622146606445,
    0.3082406520843506,
    0.011619709432125092,
    -0.15265490114688873,
    -1.1171157360076904,
    1.1376807689666748,
    -0.3216973543167114,
    0.0790158361196518,
    -1.4011667966842651,
    0.34846633672714233,
    -1.5150415897369385,
    -0.26545512676239014,
    0.5415617823600769,
    -1.3827842473983765,
    1.3568345308303833
  ],
  "CC#N.CC(=O)O": [
    2.1463613510131836,
    0.09841026365756989,
    0.21727876365184784,
    0.05053021386265755,
    -0.09734610468149185,
    -1.1696884632110596,
    0.9966399669647217,
    -0.3735719919204712,
    0.13080087304115295,
    -1.5090278387069702,
    0.5258901119232178,
    -1.4167180061340332,
    -0.2381519228219986,
    0.6412869095802307,
    -1.3691157102584839,
    1.3893516063690186
  ],
  "CCOCC": [
    1.829175591468811,
    0.7842406034469604,
    0.06410201638936996,
    -0.15885309875011444,
    -0.9760916233062744,
    -0.4926804304122925,
    1.742321491241455,
    -0.5069128274917603,
    -0.441247820854187,
    -0.886070728302002,
    0.46057602763175964,
    -1.8793007135391235,
    -0.6647825241088867,
    0.9717553853988647,
    -0.792209267616272,
    0.9684194922447205
  ],
  "OCC(F)(F)F": [
    1.9166494607925415,
    -0.2794412076473236,
    0.037446022033691406,
    -0.13431696593761444,
    0.005606581922620535,
    -1.7154461145401,
    0.5706502199172974,
    -0.2558881938457489,
    0.20951132476329803,
    -1.8009591102600098,
    0.5403920412063599,
    -0.7973608374595642,
    0.2589234411716461,
    0.7776411771774292,
    -1.01231050491333,
    1.7026941776275635
  ],
  "O.OCC(F)(F)F": [
    1.481342077255249,
    -0.8054390549659729,
    0.014750814996659756,
    0.1156335324048996,
    0.1780524104833603,
    -2.0438449382781982,
    0.4087355136871338,
    0.20924699306488037,
    -0.14565899968147278,
    -1.5731545686721802,
    0.4515361785888672,
    -0.8041262030601501,
    0.4743267595767975,
    0.8842073678970337,
    -0.7456474900245667,
    1.918892741203308
  ],
  "CN(C)C(C)=O": [
    2.1679463386535645,
    0.5404294729232788,
    0.5163968205451965,
    -0.1547432690858841,
    -0.17510874569416046,
    -0.84903883934021,
    1.2138843536376953,
    -0.5058489441871643,
    -0.28059864044189453,
    -1.2554144859313965,
    0.28194692730903625,
    -1.7272018194198608,
    -0.4084394872188568,
    0.7167226672172546,
    -1.238251805305481,
    1.1803637742996216
  ],
  "CCCCCCCCCCO": [
    2.0628485679626465,
    0.6854513883590698,
    0.2185584157705307,
    -0.42797550559043884,
    -0.5203756093978882,
    -0.45865756273269653,
    1.4275318384170532,
    -0.517149806022644,
    -0.5168250799179077,
    -1.0284138917922974,
    0.5423828959465027,
    -1.8491570949554443,
    -0.6303291320800781,
    0.9898017644882202,
    -0.969651997089386,
    1.013850212097168
  ],
  "OCC": [
    2.105031728744507,
    0.12295712530612946,
    0.27917125821113586,
    -0.04639924690127373,
    -0.046201128512620926,
    -1.208306908607483,
    1.1335352659225464,
    -0.38021916151046753,
    0.018833188340067863,
    -1.5330771207809448,
    0.37473809719085693,
    -1.382978081703186,
    -0.2085421234369278,
    0.7196002006530762,
    -1.3111191987991333,
    1.3893667459487915
  ],
  "C1CCOC1": [
    1.980190634727478,
    0.6177794933319092,
    0.24761565029621124,
    -0.16241498291492462,
    -0.7304998636245728,
    -0.41228920221328735,
    1.6463226079940796,
    -0.4587838351726532,
    -0.2601169943809509,
    -0.9291791319847107,
    0.39441895484924316,
    -1.9413330554962158,
    -0.6951219439506531,
    0.8142989277839661,
    -1.07612144947052,
    0.9869359731674194
  ],
  "[C@H]12CCC([C@H](OC1)O2)=O": [
    2.2335565090179443,
    0.052226606756448746,
    0.4701690673828125,
    0.04261060431599617,
    0.20249450206756592,
    -1.1985613107681274,
    0.9105873107910156,
    -0.46782663464546204,
    -0.12311220914125443,
    -1.3793386220932007,
    0.2897869050502777,
    -1.50480318069458,
    -0.24072979390621185,
    0.6722791194915771,
    -1.2946897745132446,
    1.3585273027420044
  ],
  "O=C(OCC)C": [
    1.8789156675338745,
    0.7801849246025085,
    0.10161526501178741,
    -0.10222869366407394,
    -0.8817862272262573,
    -0.42365026473999023,
    1.7376796007156372,
    -0.4892982840538025,
    -0.31364431977272034,
    -0.9211439490318298,
    0.4352148175239563,
    -1.8876227140426636,
    -0.7342385053634644,
    0.8870519399642944,
    -0.9580298662185669,
    0.914137065410614
  ],
  "CC(C)(C)OC": [
    1.7370885610580444,
    0.7931151986122131,
    -0.05040798708796501,
    -0.2879769206047058,
    -1.131966471672058,
    -0.5567967295646667,
    1.8291068077087402,
    -0.44559362530708313,
    -0.39970090985298157,
    -0.867835283279419,
    0.5356091260910034,
    -1.7676011323928833,
    -0.6623703241348267,
    1.1082358360290527,
    -0.7047632932662964,
    0.8969411849975586
  ],