{
  "CO": [
    1.7502249479293823,
    -0.4534289538860321,
    0.09501692652702332,
    -0.032447293400764465,
    0.15357501804828644,
    -1.5532026290893555,
    0.867194414138794,
    -0.17903383076190948,
    0.3263779282569885,
    -1.5888656377792358,
    0.4336813688278198,
    -1.1987600326538086,
    0.2231961488723755,
    0.7469621896743774,
    -1.2924658060073853,
    1.7136915922164917
  ],
  "OCCO": [
    1.9677640199661255,
    -0.5277419686317444,
    0.08519840240478516,
    0.3471437692642212,
    0.7818344235420227,
    -1.4908615350723267,
    0.7501894235610962,
    -0.3188707232475281,
    -0.21366263926029205,
    -1.4178045988082886,
    0.428864061832428,
    -1.1863564252853394,
    0.07219712436199188,
    0.5482721328735352,
    -1.3634917736053467,
    1.548726201057434
  ],
  "C(C(F)(F)F)(C(F)(F)F)O": [
    1.446634292602539,
    -0.36371514201164246,
    0.017841018736362457,
    -0.25969398021698,
    -0.34448716044425964,
    -1.61676824092865,
    0.8690094351768494,
    -0.18604415655136108,
    0.25382399559020996,
    -2.011150598526001,
    0.9248883724212646,
    -1.0188528299331665,
    0.5507990121841431,
    0.6951673030853271,
    -0.6465393900871277,
    1.7029601335525513
  ],
  "O1C(C)CCC1": [
    1.9366774559020996,
    0.6597405672073364,
    0.1544674038887024,
    -0.11744613945484161,
    -0.5427451729774475,
    -0.449786901473999,
    1.695755958557129,
    -0.5435336232185364,
    -0.3694075345993042,
    -0.9985880851745605,
    0.41832706332206726,
    -1.8937703371047974,
    -0.6221985816955566,
    0.8387733697891235,
    -1.1344877481460571,
    0.9829351305961609
  ],
  "C1CCCCC1": [
    1.6703591346740723,
    0.6723613142967224,
    -0.24165980517864227,
    -0.19668696820735931,
    -1.0517776012420654,
    -0.8863493800163269,
    1.7458974123001099,
    -0.31905996799468994,
    -0.33788982033729553,
    -0.8661841750144958,
    0.7926544547080994,
    -1.8675705194473267,
    -0.55628901720047,
    1.1643247604370117,
    -0.5806334614753723,
    0.8758277893066406
  ],
  "CC(O)C": [
    2.0791501998901367,
    0.4012691378593445,
    0.20494413375854492,
    -0.026520203799009323,
    0.008434932678937912,
    -0.9537366032600403,
    1.2535674571990967,
    -0.5268458724021912,
    -0.19395726919174194,
    -1.4490408897399902,
    0.5689995884895325,
    -1.5679904222488403,
    -0.30770042538642883,
    0.5925993323326111,
    -1.3395159244537354,
    1.2701650857925415
  ],
  "O.CC#N": [
    1.74503755569458,
    -0.7568572163581848,
    -0.06333421915769577,
    0.2626267671585083,
    0.4207856357097626,
    -1.7233929634094238,
    0.7297713756561279,
    -0.03521599620580673,
    -0.24334314465522766,
    -1.4569846391677856,
    0.660236656665802,
    -1.1255823373794556,
    0.32884663343429565,
    0.6184077858924866,
    -1.0884686708450317,
    1.737378716468811
  ],
  "CC#N": [
    2.092519998550415,
    0.11769407242536545,
    0.23045378923416138,
    0.04634677246212959,
    -0.015666961669921875,
    -0.9618837833404541,
    1.2272809743881226,
    -0.35968154668807983,
    0.05741429328918457,
    -1.4661486148834229,
    0.5058563351631165,
    -1.59766685962677,
    -0.2021102011203766,
    0.44571512937545776,
    -1.439092993736267,
    1.3312060832977295
  ],
  "CC#N.CC(=O)O": [
    2.1210877895355225,
    -0.024805724620819092,
    0.142948716878891,
    0.019242966547608376,
    0.044889576733112335,
    -1.0841286182403564,
    1.0522990226745605,
    -0.4793659746646881,
    0.17919231951236725,
    -1.536148190498352,
    0.6319223046302795,
    -1.3633458614349365,
    -0.17000918090343475,
    0.5535280108451843,
    -1.4524446725845337,
    1.3776954412460327
  ],
  "CCOCC": [
    1.7523951530456543,
    0.7329568266868591,
    -0.03512190282344818,
    -0.13792438805103302,
    -0.7427950501441956,
    -0.5050554275512695,
    1.8476325273513794,
    -0.5328261852264404,
    -0.43930062651634216,
    -0.9608541131019592,
    0.5386372804641724,
    -1.8848633766174316,
    -0.6288097500801086,
    0.9598822593688965,
    -0.9038251638412476,
    0.9563047289848328
  ],
  "OCC(F)(F)F": [
    1.7589809894561768,
    -0.3662833571434021,
    0.005501429084688425,
    -0.07028171420097351,
    -0.0650753304362297,
    -1.6752002239227295,
    0.8761672973632812,
    -0.25505495071411133,
    0.034474339336156845,
    -1.7475862503051758,
    0.7804636359214783,
    -1.073464274406433,
    0.4275228977203369,
    0.7378509044647217,
    -0.9667264819145203,
    1.6125060319900513
  ],
  "O.OCC(F)(F)F": [
    1.535524606704712,
    -0.8721904754638672,
    -0.08722837269306183,
    0.1159685030579567,
    0.3568161427974701,
    -1.9479377269744873,
    0.5953896045684814,
    0.17639285326004028,
    -0.22581394016742706,
    -1.5314081907272339,
    0.5611347556114197,
    -0.8766592144966125,
    0.4899281859397888,
    0.7447076439857483,
    -0.874347984790802,
    1.8510254621505737
  ],
  "CN(C)C(C)=O": [
    2.0897934436798096,
    0.5052759051322937,
    0.43738457560539246,
    -0.13854962587356567,
    -0.012316254898905754,
    -0.7567940354347229,
    1.2571604251861572,
    -0.5439630746841431,
    -0.2873419225215912,
    -1.2947293519973755,
    0.487667441368103,
    -1.8149759769439697,
    -0.40383100509643555,
    0.6751507520675659,
    -1.2926290035247803,
    1.1056848764419556
  ],
  "CCCCCCCCCCO": [
    1.9574763774871826,
    0.6580153107643127,
    0.10770706087350845,
    -0.4102729558944702,
    -0.37041303515434265,
    -0.4390401244163513,
    1.5305312871932983,
    -0.5435910820960999,
    -0.51389080286026,
    -1.056704044342041,
    0.6877865195274353,
    -1.8715808391571045,
    -0.6390471458435059,
    1.0434707403182983,
    -1.0229190587997437,
    0.8979954719543457
  ],
  "OCC": [
    2.002882242202759,
    0.014687854796648026,
    0.18342366814613342,
    0.09083712846040726,
    0.16287480294704437,
    -1.0847687721252441,
    1.2207967042922974,
    -0.3826119005680084,
    -0.05299800634384155,
    -1.5142076015472412,
    0.5899782180786133,
    -1.5011881589889526,
    -0.20295602083206177,
    0.5849021673202515,
    -1.438743233680725,
    1.3414024114608765
  ],
  "C1CCOC1": [
    1.9241560697555542,
    0.6154236793518066,
    0.14512981474399567,
    -0.10232608765363693,
    -0.5060540437698364,
    -0.44197961688041687,
    1.647260069847107,
    -0.5038614869117737,
    -0.30267393589019775,
    -0.9839452505111694,
    0.5776575803756714,
    -2.022557497024536,
    -0.637506902217865,
    0.762074887752533,
    -1.107690691947937,
    0.9499688148498535
  ],
  "[C@H]12CCC([C@H](OC1)O2)=O": [
    2.2241365909576416,
    -0.12888650596141815,
    0.32185813784599304,
    0.05239666625857353,
    0.43730035424232483,
    -1.0696972608566284,
    0.8871887922286987,
    -0.5169626474380493,
    -0.09128604084253311,
    -1.367057204246521,
    0.473293274641037,
    -1.4549376964569092,
    -0.16926823556423187,
    0.5334036350250244,
    -1.4810806512832642,
    1.3601332902908325
  ],
  "O=C(OCC)C": [
    1.9450956583023071,
    0.6970852613449097,
    0.08940809220075607,
    -0.09116536378860474,
    -0.5003160238265991,
    -0.4725700318813324,
    1.6689256429672241,
    -0.46515342593193054,
    -0.2776973247528076,
    -1.0061867237091064,
    0.545720100402832,
    -1.8883098363876343,
    -0.6915344595909119,
    0.7677661776542664,
    -1.2255865335464478,
    0.9192448258399963
  ],
  "CC(C)(C)OC": [
    1.7668951749801636,
    0.7071312665939331,
    -0.1163439080119133,
    -0.3218289613723755,
    -0.8662304878234863,
    -0.5519174337387085,
    1.8777730464935303,
    -0.44285863637924194,
    -0.22693538665771484,
    -0.9776971340179443,
    0.5681295394897461,
    -1.7922916412353516,
    -0.645671010017395,
    1.038466453552246,
    -0.889776885509491,
    0.8917925357818604
  ],