{
  "CO": [
    2.025385618209839,
    -0.20505094528198242,
    0.06781444698572159,
    0.08059766888618469,
    0.10754309594631195,
    -1.6488852500915527,
    0.7547791004180908,
    -0.44940000772476196,
    0.172598198056221,
    -1.5471047163009644,
    0.5103696584701538,
    -0.9390712976455688,
    0.04495919495820999,
    0.7560347318649292,
    -1.2883166074752808,
    1.5831810235977173
  ],
  "OCCO": [
    1.9713678359985352,
    -0.4522005319595337,
    0.14409831166267395,
    0.4490935206413269,
    0.6275784373283386,
    -1.691033124923706,
    0.6929193139076233,
    -0.27149176597595215,
    -0.2104586660861969,
    -1.4112588167190552,
    0.3281054198741913,
    -1.1957385540008545,
    -0.013487144373357296,
    0.7293005585670471,
    -1.1948165893554688,
    1.5229402780532837
  ],
  "C(C(F)(F)F)(C(F)(F)F)O": [
    1.5796557664871216,
    -0.364103764295578,
    -0.025349415838718414,
    -0.2617119550704956,
    -0.17018675804138184,
    -1.7506544589996338,
    0.3770093023777008,
    0.03747830167412758,
    0.45362189412117004,
    -2.0316197872161865,
    0.5275657176971436,
    -0.8377255797386169,
    0.5308969616889954,
    0.6564130187034607,
    -0.5854973196983337,
    1.884541392326355
  ],
  "O1C(C)CCC1": [
    2.093719482421875,
    0.7281873822212219,
    0.30016782879829407,
    -0.18117201328277588,
    -0.5587118864059448,
    -0.5743316411972046,
    1.537803053855896,
    -0.4569492042064667,
    -0.32527315616607666,
    -1.0028369426727295,
    0.3505079746246338,
    -1.8609520196914673,
    -0.6232454180717468,
    0.7364116907119751,
    -1.1298234462738037,
    0.9903221726417542
  ],
  "C1CCCCC1": [
    1.7475643157958984,
    0.745336651802063,
    -0.1757722795009613,
    -0.4975960850715637,
    -1.260954737663269,
    -0.8317911624908447,
    1.5386972427368164,
    -0.352780282497406,
    -0.3302886486053467,
    -0.7712807655334473,
    0.6632323861122131,
    -1.7692664861679077,
    -0.5878119468688965,
    1.3541325330734253,
    -0.38408541679382324,
    0.9361180663108826
  ],
  "CC(O)C": [
    2.186314821243286,
    0.366647869348526,
    0.2707689106464386,
    -0.06969980150461197,
    -0.05968348681926727,
    -1.1016154289245605,
    1.1183792352676392,
    -0.4473233222961426,
    -0.04740479961037636,
    -1.4896550178527832,
    0.4273780882358551,
    -1.4315294027328491,
    -0.3726038932800293,
    0.7164468169212341,
    -1.3005940914154053,
    1.2619105577468872
  ],
  "O.CC#N": [
    1.8411484956741333,
    -0.6999165415763855,
    0.047890566289424896,
    0.1986125111579895,
    0.24699391424655914,
    -1.8210827112197876,
    0.5023981332778931,
    0.005376780871301889,
    -0.11165211349725723,
    -1.4655829668045044,
    0.452791690826416,
    -1.0658187866210938,
    0.3170842230319977,
    0.7794013023376465,
    -0.9910296201705933,
    1.7825928926467896
  ],
  "CC#N": [
    2.2579026222229004,
    0.2192089855670929,
    0.2782513201236725,
    -0.030965378507971764,
    -0.1191321387887001,
    -1.1206982135772705,
    1.0641980171203613,
    -0.43521222472190857,
    0.13525578379631042,
    -1.4368497133255005,
    0.4129563868045807,
    -1.4351806640625,
    -0.2775512635707855,
    0.6083315014839172,
    -1.3642528057098389,
    1.2695542573928833
  ],
  "CC#N.CC(=O)O": [
    2.1860883235931396,
    0.11593728512525558,
    0.23542311787605286,
    -0.011114584282040596,
    -0.1195589080452919,
    -1.2149447202682495,
    1.0048000812530518,
    -0.4266391098499298,
    0.20618648827075958,
    -1.4818428754806519,
    0.512229859828949,
    -1.3681925535202026,
    -0.2359878271818161,
    0.6453365683555603,
    -1.3634172677993774,
    1.3409991264343262
  ],
  "CCOCC": [
    1.8586211204528809,
    0.8402668237686157,
    0.023067886009812355,
    -0.11416049301624298,
    -0.9123654365539551,
    -0.5043512582778931,
    1.7494035959243774,
    -0.5047001838684082,
    -0.4955057203769684,
    -0.889949381351471,
    0.5421027541160583,
    -1.8699817657470703,
    -0.6759790778160095,
    0.8879823684692383,
    -0.8224519491195679,
    0.91157066822052
  ],
  "OCC(F)(F)F": [
    1.934341311454773,
    -0.20194397866725922,
    0.04067382588982582,
    -0.09347336739301682,
    -0.03831655532121658,
    -1.7802060842514038,
    0.6308548450469971,
    -0.30968403816223145,
    0.08497059345245361,
    -1.7390633821487427,
    0.6278484463691711,
    -0.8464323878288269,
    0.26809510588645935,
    0.7979806065559387,
    -0.9802795052528381,
    1.6300048828125
  ],
  "O.OCC(F)(F)F": [
    1.5828977823257446,
    -0.7851383090019226,
    -0.048867885023355484,
    0.2088605761528015,
    0.23785603046417236,
    -2.0835089683532715,
    0.39838939905166626,
    0.12977811694145203,
    -0.2293982058763504,
    -1.4919525384902954,
    0.5193073153495789,
    -0.8178334832191467,
    0.4094600975513458,
    0.9154009819030762,
    -0.7543769478797913,
    1.829512596130371
  ],
  "CN(C)C(C)=O": [
    2.2261829376220703,
    0.5119047164916992,
    0.4970412254333496,
    -0.1858135610818863,
    -0.09570815414190292,
    -0.8596315979957581,
    1.1541574001312256,
    -0.5017900466918945,
    -0.15649883449077606,
    -1.31583833694458,
    0.32177823781967163,
    -1.6909769773483276,
    -0.43267640471458435,
    0.6615437865257263,
    -1.2590978145599365,
    1.150403380393982
  ],
  "CCCCCCCCCCO": [
    2.034411668777466,
    0.7065650820732117,
    0.23313044011592865,
    -0.3255118131637573,
    -0.5811125636100769,
    -0.5099131464958191,
    1.4627149105072021,
    -0.5647484064102173,
    -0.610640823841095,
    -0.9347377419471741,
    0.5511435866355896,
    -1.8466055393218994,
    -0.6299564242362976,
    0.9872605204582214,
    -0.9614249467849731,
    1.0114130973815918
  ],
  "OCC": [
    2.1893653869628906,
    0.11387521773576736,
    0.20085734128952026,
    0.025662850588560104,
    0.0940619483590126,
    -1.204431176185608,
    1.0850857496261597,
    -0.4346189498901367,
    0.004248513374477625,
    -1.475206732749939,
    0.35768651962280273,
    -1.2573260068893433,
    -0.275850772857666,
    0.6839768886566162,
    -1.4412528276443481,
    1.3618406057357788
  ],
  "C1CCOC1": [
    2.0646097660064697,
    0.6585448980331421,
    0.307110995054245,
    -0.1802668273448944,
    -0.6460840106010437,
    -0.5150738954544067,
    1.5575244426727295,
    -0.4406989514827728,
    -0.24613644182682037,
    -0.9321790933609009,
    0.4415297210216522,
    -1.9497405290603638,
    -0.6578552722930908,
    0.714823842048645,
    -1.1110420227050781,
    0.9572112560272217
  ],
  "[C@H]12CCC([C@H](OC1)O2)=O": [
    2.276193618774414,
    0.09138035774230957,
    0.431713730096817,
    0.06377772986888885,
    0.2119133323431015,
    -1.1545432806015015,
    0.9220459461212158,
    -0.5049473643302917,
    -0.11069569736719131,
    -1.390025019645691,
    0.3132799565792084,
    -1.5171759128570557,
    -0.28396081924438477,
    0.6751415729522705,
    -1.2845035791397095,
    1.2856178283691406
  ],
  "O=C(OCC)C": [
    2.0616557598114014,
    0.7695270776748657,
    0.2200099378824234,
    -0.1627945601940155,
    -0.703396737575531,
    -0.5866012573242188,
    1.5898514986038208,
    -0.42041897773742676,
    -0.22783005237579346,
    -0.9740299582481384,
    0.43275514245033264,
    -1.8379907608032227,
    -0.6569135189056396,
    0.7313368916511536,
    -1.136968970298767,
    0.9260461926460266
  ],
  "CC(C)(C)OC": [
    1.8681766986846924,
    0.8218106031417847,
    -0.01586560159921646,
    -0.22355739772319794,
    -0.9927237629890442,
    -0.5646585822105408,
    1.8158915042877197,
    -0.3961046636104584,
    -0.3405403792858124,
    -0.8510302305221558,
    0.5790201425552368,
    -1.8239787817001343,
    -0.7209128141403198,
    0.9037009477615356,
    -0.8387286067008972,
    0.8056580424308777
  ],