{
  "CO": [
    1.9686211347579956,
    -0.22510197758674622,
    0.05161654204130173,
    0.11492675542831421,
    0.06764033436775208,
    -1.6457796096801758,
    0.7753637433052063,
    -0.38745999336242676,
    0.19489732384681702,
    -1.5969165563583374,
    0.44091305136680603,
    -0.9878703355789185,
    0.08241169899702072,
    0.81390780210495,
    -1.244081735610962,
    1.6044584512710571
  ],
  "OCCO": [
    1.999351978302002,
    -0.4368499517440796,
    0.1670111119747162,
    0.36021512746810913,
    0.6806627511978149,
    -1.6401625871658325,
    0.6753430962562561,
    -0.3004460334777832,
    -0.16604091227054596,
    -1.4405543804168701,
    0.1674225926399231,
    -1.0598986148834229,
    0.005868592765182257,
    0.723977267742157,
    -1.28572678565979,
    1.5773110389709473
  ],
  "C(C(F)(F)F)(C(F)(F)F)O": [
    1.6047037839889526,
    -0.24415847659111023,
    0.018458135426044464,
    -0.182848259806633,
    -0.33890968561172485,
    -1.715590476989746,
    0.6711454391479492,
    -0.18482178449630737,
    0.2789074182510376,
    -2.0297327041625977,
    0.6822330951690674,
    -0.8792595267295837,
    0.45119553804397583,
    0.6864231824874878,
    -0.5845257043838501,
    1.7919567823410034
  ],
  "O1C(C)CCC1": [
    2.023825168609619,
    0.7386171817779541,
    0.2379928082227707,
    -0.1516418755054474,
    -0.6720720529556274,
    -0.5458274483680725,
    1.6109575033187866,
    -0.4944799840450287,
    -0.40880826115608215,
    -0.9406904578208923,
    0.3078615665435791,
    -1.8796443939208984,
    -0.6023107171058655,
    0.8110251426696777,
    -1.0380858182907104,
    1.027825951576233
  ],
  "C1CCCCC1": [
    1.6806566715240479,
    0.7343087792396545,
    -0.2241305112838745,
    -0.5873959064483643,
    -1.1871659755706787,
    -0.8819023370742798,
    1.4130983352661133,
    -0.3096846342086792,
    -0.2654346525669098,
    -0.7600653171539307,
    0.6421208381652832,
    -1.8000705242156982,
    -0.6457721590995789,
    1.5653446912765503,
    -0.27120307087898254,
    0.922586977481842
  ],
  "CC(O)C": [
    2.1594998836517334,
    0.4198434054851532,
    0.31562525033950806,
    -0.03612658753991127,
    -0.07384255528450012,
    -1.1321946382522583,
    1.1651785373687744,
    -0.4808855950832367,
    -0.18498896062374115,
    -1.4181379079818726,
    0.3709711730480194,
    -1.4805667400360107,
    -0.33952829241752625,
    0.7081568837165833,
    -1.2559161186218262,
    1.2915847301483154
  ],
  "O.CC#N": [
    1.843666672706604,
    -0.5612252950668335,
    0.028956562280654907,
    0.18842585384845734,
    0.3270643949508667,
    -1.8565281629562378,
    0.6069791316986084,
    -0.10998882353305817,
    -0.16354019939899445,
    -1.4783281087875366,
    0.41049718856811523,
    -0.9886525869369507,
    0.24421696364879608,
    0.7865796685218811,
    -1.027546763420105,
    1.773103952407837
  ],
  "CC#N": [
    2.2263262271881104,
    0.2332809418439865,
    0.3013363778591156,
    0.018431026488542557,
    -0.11553677171468735,
    -1.1413342952728271,
    1.1111904382705688,
    -0.42692774534225464,
    0.046271197497844696,
    -1.424758791923523,
    0.3778223395347595,
    -1.4505609273910522,
    -0.27765020728111267,
    0.5886762142181396,
    -1.344275712966919,
    1.305276870727539
  ],
  "CC#N.CC(=O)O": [
    2.143299102783203,
    0.059029486030340195,
    0.24978387355804443,
    -0.0019602577667683363,
    -0.1072627604007721,
    -1.25676691532135,
    1.0344743728637695,
    -0.39411285519599915,
    0.2089345008134842,
    -1.513412356376648,
    0.42279914021492004,
    -1.3593133687973022,
    -0.1799091100692749,
    0.6887235045433044,
    -1.3398728370666504,
    1.3737190961837769
  ],
  "CCOCC": [
    1.9196562767028809,
    0.8121334314346313,
    0.08022645115852356,
    -0.14518612623214722,
    -0.8552987575531006,
    -0.5450266599655151,
    1.7209625244140625,
    -0.4902847111225128,
    -0.45507630705833435,
    -0.9402787685394287,
    0.43061214685440063,
    -1.8180843591690063,
    -0.6414110660552979,
    0.8884337544441223,
    -0.9067954421043396,
    0.9712877869606018
  ],
  "OCC(F)(F)F": [
    1.8184733390808105,
    -0.2520725131034851,
    0.11899608373641968,
    -0.1317790448665619,
    -0.13630326092243195,
    -1.7839148044586182,
    0.7511542439460754,
    -0.317173570394516,
    0.17733222246170044,
    -1.7613095045089722,
    0.5573626160621643,
    -0.9199970364570618,
    0.31015875935554504,
    0.8811048865318298,
    -0.91402268409729,
    1.6305855512619019
  ],
  "O.OCC(F)(F)F": [
    1.6935760974884033,
    -0.7341970801353455,
    -0.14897845685482025,
    0.18963725864887238,
    0.30188053846359253,
    -2.035346269607544,
    0.3285011947154999,
    -0.00689020287245512,
    -0.0822904109954834,
    -1.512679934501648,
    0.4314560294151306,
    -0.7016428112983704,
    0.30841150879859924,
    0.945360004901886,
    -0.8113417625427246,
    1.8573076725006104
  ],
  "CN(C)C(C)=O": [
    2.169506549835205,
    0.541370153427124,
    0.4883852005004883,
    -0.1223907470703125,
    -0.10200752317905426,
    -0.8508238196372986,
    1.2218447923660278,
    -0.5181374549865723,
    -0.2738240659236908,
    -1.3009754419326782,
    0.2739422619342804,
    -1.7054028511047363,
    -0.4375196695327759,
    0.7429486513137817,
    -1.2414376735687256,
    1.1420507431030273
  ],
  "CCCCCCCCCCO": [
    2.004579544067383,
    0.6575971841812134,
    0.2128460556268692,
    -0.37079519033432007,
    -0.5689156651496887,
    -0.4874541759490967,
    1.501770257949829,
    -0.5911086797714233,
    -0.5641976594924927,
    -0.9743839502334595,
    0.4697878956794739,
    -1.857143521308899,
    -0.5816422700881958,
    1.0444995164871216,
    -0.925750732421875,
    1.0544997453689575
  ],
  "OCC": [
    2.1189169883728027,
    0.1388869285583496,
    0.19931375980377197,
    0.09431665390729904,
    0.05359295383095741,
    -1.216781735420227,
    1.1494218111038208,
    -0.4041356146335602,
    -0.007149223703891039,
    -1.5418566465377808,
    0.33223387598991394,
    -1.3235833644866943,
    -0.24601362645626068,
    0.7148316502571106,
    -1.374890685081482,
    1.343823790550232
  ],
  "C1CCOC1": [
    2.0710608959198,
    0.6465311050415039,
    0.2828620374202728,
    -0.164808452129364,
    -0.6363202929496765,
    -0.515808641910553,
    1.5746723413467407,
    -0.45287254452705383,
    -0.2502950429916382,
    -0.9592165350914001,
    0.36034899950027466,
    -1.925146460533142,
    -0.6506109237670898,
    0.75860995054245,
    -1.0942906141281128,
    0.9800491333007812
  ],
  "[C@H]12CCC([C@H](OC1)O2)=O": [
    2.2626261711120605,
    0.04895046353340149,
    0.3968682885169983,
    0.10039232671260834,
    0.2328285276889801,
    -1.1896425485610962,
    0.9264960289001465,
    -0.5039631724357605,
    -0.1192285493016243,
    -1.406844973564148,
    0.2659437358379364,
    -1.4606503248214722,
    -0.2415974885225296,
    0.7003991007804871,
    -1.3004279136657715,
    1.3154598474502563
  ],
  "O=C(OCC)C": [
    1.9734408855438232,
    0.7923616766929626,
    0.15431946516036987,
    -0.10041618347167969,
    -0.7501128315925598,
    -0.5224622488021851,
    1.6753294467926025,
    -0.474178671836853,
    -0.3368780016899109,
    -0.9705905914306641,
    0.4016532599925995,
    -1.8208504915237427,
    -0.6966534852981567,
    0.8240755200386047,
    -1.0663973093032837,
    0.9437276124954224
  ],
  "CC(C)(C)OC": [
    1.8188836574554443,
    0.7970996499061584,
    0.0002953908988274634,
    -0.27760592103004456,
    -1.0678601264953613,
    -0.620629608631134,
    1.840287446975708,
    -0.42177698016166687,
    -0.3891313970088959,
    -0.8752118349075317,
    0.49477601051330566,
    -1.7368935346603394,
    -0.6221233606338501,
    0.9916958808898926,
    -0.8173294067382812,
    0.913321852684021
  ],