{
  "CO": [
    2.035661458969116,
    -0.20711345970630646,
    0.05763358995318413,
    0.13882942497730255,
    0.10030584782361984,
    -1.6856759786605835,
    0.7180685997009277,
    -0.4473270773887634,
    0.17134609818458557,
    -1.515209436416626,
    0.4262472987174988,
    -0.9339790940284729,
    0.051189493387937546,
    0.779312014579773,
    -1.2693424224853516,
    1.6064609289169312
  ],
  "OCCO": [
    2.0074045658111572,
    -0.42084747552871704,
    0.18599441647529602,
    0.39088869094848633,
    0.6305403113365173,
    -1.6368824243545532,
    0.7412046194076538,
    -0.3176926374435425,
    -0.1684357076883316,
    -1.4263314008712769,
    0.18901507556438446,
    -1.1654462814331055,
    -0.0043708751909434795,
    0.7242900133132935,
    -1.234438419342041,
    1.5325723886489868
  ],
  "C(C(F)(F)F)(C(F)(F)F)O": [
    1.6932810544967651,
    -0.37186336517333984,
    -0.017196156084537506,
    -0.05724681168794632,
    -0.09189610183238983,
    -1.8296619653701782,
    0.4426487386226654,
    -0.10333701223134995,
    0.10489050298929214,
    -1.8870431184768677,
    0.5627949833869934,
    -0.7394232749938965,
    0.43535926938056946,
    0.7809177041053772,
    -0.7640494108200073,
    1.8647592067718506
  ],
  "O1C(C)CCC1": [
    2.0657365322113037,
    0.6995335817337036,
    0.2631935477256775,
    -0.16947251558303833,
    -0.6459553837776184,
    -0.535126805305481,
    1.6210317611694336,
    -0.5018683671951294,
    -0.3368128836154938,
    -0.9843242168426514,
    0.2461121529340744,
    -1.821026086807251,
    -0.6071993708610535,
    0.8028843998908997,
    -1.0915169715881348,
    1.020587682723999
  ],
  "C1CCCCC1": [
    1.9800643920898438,
    0.6594929099082947,
    0.1059064269065857,
    -0.2779826819896698,
    -1.0604183673858643,
    -0.9884976148605347,
    1.4635032415390015,
    -0.14463014900684357,
    -0.22840024530887604,
    -0.8767419457435608,
    0.7607877254486084,
    -1.8691916465759277,
    -0.38671720027923584,
    0.8294331431388855,
    -0.8912571668624878,
    0.9468681812286377
  ],
  "CC(O)C": [
    2.166384220123291,
    0.4177941679954529,
    0.2552408277988434,
    0.023482492193579674,
    -0.05325239524245262,
    -1.0888994932174683,
    1.200440764427185,
    -0.4734160006046295,
    -0.1512148231267929,
    -1.465611219406128,
    0.38896092772483826,
    -1.487903118133545,
    -0.3654291033744812,
    0.702754557132721,
    -1.2663120031356812,
    1.2266428470611572
  ],
  "O.CC#N": [
    1.8743451833724976,
    -0.5955610275268555,
    0.043340250849723816,
    0.23918317258358002,
    0.29703110456466675,
    -1.8150774240493774,
    0.49577581882476807,
    -0.084373839199543,
    -0.10144119709730148,
    -1.4618982076644897,
    0.40191638469696045,
    -0.9729946851730347,
    0.1860787719488144,
    0.7840425372123718,
    -1.0807039737701416,
    1.8116605281829834
  ],
  "CC#N": [
    2.2547647953033447,
    0.21357361972332,
    0.27423420548439026,
    -0.0025748596526682377,
    -0.07574238628149033,
    -1.131896734237671,
    1.0671377182006836,
    -0.39521121978759766,
    0.10510534793138504,
    -1.4426227807998657,
    0.35813766717910767,
    -1.4203495979309082,
    -0.29189854860305786,
    0.6137580275535583,
    -1.382657527923584,
    1.283987045288086
  ],
  "CC#N.CC(=O)O": [
    2.202741861343384,
    0.091649129986763,
    0.21306461095809937,
    0.021353449672460556,
    -0.06725966185331345,
    -1.227724552154541,
    0.9780034422874451,
    -0.44327491521835327,
    0.1971266120672226,
    -1.5157833099365234,
    0.4696042239665985,
    -1.3109723329544067,
    -0.24681289494037628,
    0.6855769753456116,
    -1.3602173328399658,
    1.3407925367355347
  ],
  "CCOCC": [
    1.8305354118347168,
    0.7868444323539734,
    0.061973463743925095,
    -0.12835358083248138,
    -0.9140394330024719,
    -0.5255434513092041,
    1.762197494506836,
    -0.49535080790519714,
    -0.46579909324645996,
    -0.8750895261764526,
    0.4500294029712677,
    -1.8758987188339233,
    -0.676493763923645,
    0.9647321701049805,
    -0.8332056999206543,
    0.9585687518119812
  ],
  "OCC(F)(F)F": [
    1.9640347957611084,
    -0.24432805180549622,
    -0.028264230117201805,
    -0.10483115166425705,
    0.036354679614305496,
    -1.697387933731079,
    0.5622856616973877,
    -0.25428080558776855,
    0.2900204062461853,
    -1.8131461143493652,
    0.47231659293174744,
    -0.8082350492477417,
    0.21721147000789642,
    0.779141902923584,
    -1.0147942304611206,
    1.6710186004638672
  ],
  "O.OCC(F)(F)F": [
    1.6281647682189941,
    -0.722592294216156,
    -0.05872207507491112,
    0.18881675601005554,
    0.2544829547405243,
    -2.050565242767334,
    0.5015164613723755,
    0.0034655185882002115,
    -0.2134646326303482,
    -1.5494765043258667,
    0.49459847807884216,
    -0.75431889295578,
    0.4117795526981354,
    0.8747522234916687,
    -0.80325847864151,
    1.8185843229293823
  ],
  "CN(C)C(C)=O": [
    2.2321786880493164,
    0.5139715671539307,
    0.49728038907051086,
    -0.14722603559494019,
    -0.06270799040794373,
    -0.8894772529602051,
    1.1399412155151367,
    -0.5076980590820312,
    -0.18537582457065582,
    -1.328126311302185,
    0.27131375670433044,
    -1.6635066270828247,
    -0.42291060090065,
    0.6764811277389526,
    -1.2593119144439697,
    1.1620122194290161
  ],
  "CCCCCCCCCCO": [
    2.0074377059936523,
    0.6688318848609924,
    0.2787296772003174,
    -0.3028470277786255,
    -0.5127161741256714,
    -0.6016204953193665,
    1.457383155822754,
    -0.5366955995559692,
    -0.5842427611351013,
    -1.0054198503494263,
    0.5355983972549438,
    -1.825040340423584,
    -0.6041129231452942,
    1.0102380514144897,
    -1.0023599863052368,
    1.0414197444915771
  ],
  "OCC": [
    2.1685914993286133,
    0.11836165189743042,
    0.21285811066627502,
    0.019747018814086914,
    0.0734775960445404,
    -1.267248511314392,
    1.0798211097717285,
    -0.4278858006000519,
    -0.013465105555951595,
    -1.5068384408950806,
    0.35796400904655457,
    -1.2319755554199219,
    -0.23820117115974426,
    0.7177666425704956,
    -1.3975145816802979,
    1.364743947982788
  ],
  "C1CCOC1": [
    2.089735507965088,
    0.636101245880127,
    0.32059773802757263,
    -0.18511107563972473,
    -0.616830050945282,
    -0.5852397084236145,
    1.550927996635437,
    -0.41239434480667114,
    -0.23291444778442383,
    -0.9494552612304688,
    0.3510242700576782,
    -1.925532579421997,
    -0.6157104969024658,
    0.7160530090332031,
    -1.119335412979126,
    1.0022315979003906
  ],
  "[C@H]12CCC([C@H](OC1)O2)=O": [
    2.2467093467712402,
    0.05589776486158371,
    0.44134464859962463,
    0.09321293979883194,
    0.23033496737480164,
    -1.1986654996871948,
    0.9432193636894226,
    -0.4830135405063629,
    -0.12166803330183029,
    -1.3778226375579834,
    0.2337149977684021,
    -1.4777312278747559,
    -0.26418036222457886,
    0.6718642711639404,
    -1.3060147762298584,
    1.3396543264389038
  ],
  "O=C(OCC)C": [
    2.0435948371887207,
    0.780048131942749,
    0.2190619260072708,
    -0.13326199352741241,
    -0.6667579412460327,
    -0.5909624695777893,
    1.5963126420974731,
    -0.41972246766090393,
    -0.26369979977607727,
    -0.9866823554039001,
    0.396594762802124,
    -1.8317006826400757,
    -0.6650747656822205,
    0.7563494443893433,
    -1.1486246585845947,
    0.9404239058494568
  ],
  "CC(C)(C)OC": [
    1.7703819274902344,
    0.7900283336639404,
    -0.10895872116088867,
    -0.34249716997146606,
    -1.104562759399414,
    -0.5065372586250305,
    1.8285695314407349,
    -0.49067339301109314,
    -0.3845403492450714,
    -0.8945075273513794,
    0.49787718057632446,
    -1.7542444467544556,
    -0.6854231953620911,
    1.17958664894104,
    -0.6089693307876587,
    0.843188464641571
  ],