{
  "CO": [
    2.008481025695801,
    -0.2373945564031601,
    -0.00031015760032460093,
    0.09459012746810913,
    0.1767486184835434,
    -1.6883533000946045,
    0.6203216910362244,
    -0.36105820536613464,
    0.2077210694551468,
    -1.5523821115493774,
    0.4637187719345093,
    -0.8874779939651489,
    0.06265594065189362,
    0.7965807318687439,
    -1.3073201179504395,
    1.6280072927474976
  ],
  "OCCO": [
    1.9962263107299805,
    -0.4263213276863098,
    0.14299020171165466,
    0.39421454071998596,
    0.6152205467224121,
    -1.6897515058517456,
    0.6967481970787048,
    -0.2788899838924408,
    -0.22493493556976318,
    -1.4317570924758911,
    0.3316850960254669,
    -1.180607557296753,
    0.00787117425352335,
    0.7164483070373535,
    -1.173020362854004,
    1.529210090637207
  ],
  "C(C(F)(F)F)(C(F)(F)F)O": [
    1.5078808069229126,
    -0.2827285826206207,
    0.06133652850985527,
    -0.25411829352378845,
    -0.4388956129550934,
    -1.6677272319793701,
    0.6488825678825378,
    -0.09561959654092789,
    0.3062679171562195,
    -2.084195375442505,
    0.7022781372070312,
    -0.8794436454772949,
    0.48953863978385925,
    0.7300790548324585,
    -0.5326143503189087,
    1.8121683597564697
  ],
  "O1C(C)CCC1": [
    2.030210256576538,
    0.8053373098373413,
    0.23002026975154877,
    -0.12191266566514969,
    -0.6601477265357971,
    -0.5167607069015503,
    1.5819835662841797,
    -0.5227934122085571,
    -0.4449857175350189,
    -0.9376616477966309,
    0.39964479207992554,
    -1.8937681913375854,
    -0.6354561448097229,
    0.7669660449028015,
    -1.0315781831741333,
    0.9735456109046936
  ],
  "C1CCCCC1": [
    2.03460955619812,
    0.5643575191497803,
    0.20403729379177094,
    -0.3271676301956177,
    -1.0769091844558716,
    -0.9402903318405151,
    1.3891022205352783,
    -0.1017259880900383,
    -0.1545979082584381,
    -0.8258609771728516,
    0.716032087802887,
    -1.888637900352478,
    -0.36191195249557495,
    0.7967216372489929,
    -1.0011272430419922,
    0.9923632740974426
  ],
  "CC(O)C": [
    2.0768697261810303,
    0.421540766954422,
    0.2813969552516937,
    -0.04739515483379364,
    -0.2175474911928177,
    -1.0376332998275757,
    1.358704924583435,
    -0.4709617495536804,
    -0.03966383635997772,
    -1.4017950296401978,
    0.256030410528183,
    -1.557024598121643,
    -0.3281520903110504,
    0.722862184047699,
    -1.2639752626419067,
    1.274876594543457
  ],
  "O.CC#N": [
    1.8705230951309204,
    -0.5485966205596924,
    0.0027990429662168026,
    0.19681163132190704,
    0.291624516248703,
    -1.8506337404251099,
    0.5422684550285339,
    -0.12314241379499435,
    -0.13044840097427368,
    -1.479436993598938,
    0.4621175229549408,
    -0.9962642192840576,
    0.23290717601776123,
    0.7835284471511841,
    -1.0111666917800903,
    1.7781662940979004
  ],
  "CC#N": [
    2.218100070953369,
    0.2580716609954834,
    0.2525022625923157,
    0.03031574748456478,
    -0.1319420337677002,
    -1.1222474575042725,
    1.1404308080673218,
    -0.3813529312610626,
    0.06278327852487564,
    -1.4454662799835205,
    0.43160417675971985,
    -1.492885947227478,
    -0.279670387506485,
    0.5432466864585876,
    -1.3317883014678955,
    1.2742443084716797
  ],
  "CC#N.CC(=O)O": [
    2.185408115386963,
    0.09553935378789902,
    0.1924455463886261,
    0.04381924495100975,
    -0.08443531394004822,
    -1.216404914855957,
    0.9678594470024109,
    -0.43563446402549744,
    0.17799441516399384,
    -1.4903429746627808,
    0.5476250648498535,
    -1.3504434823989868,
    -0.2639167308807373,
    0.6710129380226135,
    -1.3666483163833618,
    1.3513891696929932
  ],
  "CCOCC": [
    1.8435163497924805,
    0.7922148704528809,
    0.037625107914209366,
    -0.19242215156555176,
    -0.9748001098632812,
    -0.4744843542575836,
    1.7642009258270264,
    -0.4908851385116577,
    -0.46433255076408386,
    -0.873051643371582,
    0.46049654483795166,
    -1.8785176277160645,
    -0.6528686285018921,
    0.9667384028434753,
    -0.778512716293335,
    0.9388775825500488
  ],
  "OCC(F)(F)F": [
    1.9587007761001587,
    -0.2356356531381607,
    -0.044584017246961594,
    -0.10900481045246124,
    0.03883228451013565,
    -1.7433147430419922,
    0.49018481373786926,
    -0.2559199929237366,
    0.23611336946487427,
    -1.7998789548873901,
    0.5619708895683289,
    -0.7911184430122375,
    0.22070090472698212,
    0.793861448764801,
    -0.9703994393348694,
    1.6744632720947266
  ],
  "O.OCC(F)(F)F": [
    1.7847802639007568,
    -0.7362476587295532,
    -0.1487516313791275,
    0.1807922124862671,
    0.2834411561489105,
    -1.9759670495986938,
    0.2618613839149475,
    0.0008404785767197609,
    -0.07092732936143875,
    -1.4925289154052734,
    0.4529183804988861,
    -0.7062095999717712,
    0.2740606963634491,
    0.9203963279724121,
    -0.8644593358039856,
    1.8560175895690918
  ],
  "CN(C)C(C)=O": [
    2.205845832824707,
    0.5155415534973145,
    0.5151265263557434,
    -0.16390588879585266,
    -0.11042608320713043,
    -0.8728823065757751,
    1.1806188821792603,
    -0.5006314516067505,
    -0.21058128774166107,
    -1.2808444499969482,
    0.3029729425907135,
    -1.699398398399353,
    -0.4399759769439697,
    0.675032377243042,
    -1.2552249431610107,
    1.1637599468231201
  ],
  "CCCCCCCCCCO": [
    1.9993674755096436,
    0.7190284132957458,
    0.2145630270242691,
    -0.3216231167316437,
    -0.6067151427268982,
    -0.4770025312900543,
    1.478137731552124,
    -0.6000697016716003,
    -0.6444181203842163,
    -0.936935544013977,
    0.5978609323501587,
    -1.8683457374572754,
    -0.6285596489906311,
    1.0667192935943604,
    -0.895525336265564,
    0.9265667200088501
  ],
  "OCC": [
    2.186005115509033,
    0.060659170150756836,
    0.20275291800498962,
    0.0025874506682157516,
    0.11562056839466095,
    -1.2395833730697632,
    1.053690791130066,
    -0.3944695293903351,
    0.016566265374422073,
    -1.4508247375488281,
    0.3860898017883301,
    -1.2360378503799438,
    -0.25515255331993103,
    0.7017377018928528,
    -1.4830849170684814,
    1.3614099025726318
  ],
  "C1CCOC1": [
    2.0481016635894775,
    0.6730167269706726,
    0.24936063587665558,
    -0.147908553481102,
    -0.6331401467323303,
    -0.4728245437145233,
    1.582101821899414,
    -0.4684649407863617,
    -0.2551369071006775,
    -0.9606847763061523,
    0.4303721785545349,
    -1.9487707614898682,
    -0.6942954659461975,
    0.7642224431037903,
    -1.0767433643341064,
    0.934211790561676
  ],
  "[C@H]12CCC([C@H](OC1)O2)=O": [
    2.277648448944092,
    0.07942350208759308,
    0.4440245032310486,
    0.026757430285215378,
    0.19024726748466492,
    -1.1487005949020386,
    0.9576810598373413,
    -0.49695220589637756,
    -0.0843060314655304,
    -1.3900856971740723,
    0.2717224359512329,
    -1.4970009326934814,
    -0.2695069909095764,
    0.6625542044639587,
    -1.296758770942688,
    1.299111008644104
  ],
  "O=C(OCC)C": [
    2.0801146030426025,
    0.7518056631088257,
    0.21088428795337677,
    -0.1362452507019043,
    -0.6565427184104919,
    -0.5686241984367371,
    1.5828438997268677,
    -0.4287746548652649,
    -0.20873479545116425,
    -0.9806466102600098,
    0.4274598956108093,
    -1.8223832845687866,
    -0.6862351298332214,
    0.7427891492843628,
    -1.1837003231048584,
    0.9010512232780457
  ],
  "CC(C)(C)OC": [
    1.903669834136963,
    0.7999377250671387,
    0.008498462848365307,
    -0.21277940273284912,
    -0.9326246380805969,
    -0.5990059971809387,
    1.8101648092269897,
    -0.3514307141304016,
    -0.3157956600189209,
    -0.8763687610626221,
    0.5896360874176025,
    -1.8202729225158691,
    -0.7103727459907532,
    0.8553087115287781,
    -0.9135324358940125,
    0.7919295430183411
  ],