{
  "CO": [
    1.9507814645767212,
    -0.2728365659713745,
    0.02335338480770588,
    0.13871736824512482,
    0.14755302667617798,
    -1.7448467016220093,
    0.736703097820282,
    -0.38822436332702637,
    0.10327885299921036,
    -1.5254387855529785,
    0.47845324873924255,
    -0.9315713047981262,
    0.11088434606790543,
    0.8268993496894836,
    -1.243582844734192,
    1.616875410079956
  ],
  "OCCO": [
    1.9844492673873901,
    -0.44078513979911804,
    0.16832652688026428,
    0.46397554874420166,
    0.6433214545249939,
    -1.653941035270691,
    0.710384726524353,
    -0.2725916802883148,
    -0.21001407504081726,
    -1.42786705493927,
    0.23104026913642883,
    -1.1765137910842896,
    -0.024727264419198036,
    0.7034415006637573,
    -1.213476538658142,
    1.541937232017517
  ],
  "C(C(F)(F)F)(C(F)(F)F)O": [
    1.6521462202072144,
    -0.36406391859054565,
    -0.019284801557660103,
    -0.20465904474258423,
    -0.07479259371757507,
    -1.810463786125183,
    0.48386842012405396,
    -0.11395861953496933,
    0.26202163100242615,
    -1.9602175951004028,
    0.5635406374931335,
    -0.7307824492454529,
    0.43916159868240356,
    0.7680913209915161,
    -0.7055765390396118,
    1.8399951457977295
  ],
  "O1C(C)CCC1": [
    2.032745599746704,
    0.6864524483680725,
    0.28417471051216125,
    -0.19844920933246613,
    -0.6836321949958801,
    -0.5486611127853394,
    1.627960205078125,
    -0.49277907609939575,
    -0.33851638436317444,
    -0.965475857257843,
    0.23080512881278992,
    -1.8378351926803589,
    -0.5752427577972412,
    0.8107588887214661,
    -1.074039340019226,
    1.066837191581726
  ],
  "C1CCCCC1": [
    1.6815557479858398,
    0.710843563079834,
    -0.19842937588691711,
    -0.6431186199188232,
    -1.179072618484497,
    -0.8733574748039246,
    1.4226956367492676,
    -0.29913607239723206,
    -0.21878738701343536,
    -0.8186725974082947,
    0.5879783630371094,
    -1.7832612991333008,
    -0.6293455362319946,
    1.5589878559112549,
    -0.2611779272556305,
    0.9681164026260376
  ],
  "CC(O)C": [
    2.050990343093872,
    0.39698275923728943,
    0.29461297392845154,
    -0.028486747294664383,
    -0.1634688526391983,
    -1.0948138236999512,
    1.3153676986694336,
    -0.46031299233436584,
    -0.08666253834962845,
    -1.4250673055648804,
    0.27697715163230896,
    -1.54143226146698,
    -0.2969496548175812,
    0.7855028510093689,
    -1.2715965509414673,
    1.2782844305038452
  ],
  "O.CC#N": [
    1.7733255624771118,
    -0.6616330146789551,
    0.05933389440178871,
    0.3147353231906891,
    0.2910511791706085,
    -1.863297462463379,
    0.5701897144317627,
    0.03341123089194298,
    -0.16972552239894867,
    -1.4723821878433228,
    0.3868861794471741,
    -1.0504530668258667,
    0.25136181712150574,
    0.7870832681655884,
    -1.0132405757904053,
    1.7855439186096191
  ],
  "CC#N": [
    2.2426464557647705,
    0.23313632607460022,
    0.31377798318862915,
    0.009904691949486732,
    -0.09407439082860947,
    -1.1130460500717163,
    1.1123687028884888,
    -0.4638722538948059,
    0.063097283244133,
    -1.4298954010009766,
    0.33758047223091125,
    -1.419002652168274,
    -0.28088563680648804,
    0.5945822596549988,
    -1.3724333047866821,
    1.294073224067688
  ],
  "CC#N.CC(=O)O": [
    2.161034345626831,
    0.0866990014910698,
    0.22420281171798706,
    0.031968727707862854,
    -0.06170305237174034,
    -1.2276504039764404,
    1.014938235282898,
    -0.38399994373321533,
    0.18007171154022217,
    -1.5079337358474731,
    0.45409026741981506,
    -1.363183617591858,
    -0.2391737848520279,
    0.6593165397644043,
    -1.369146704673767,
    1.3680753707885742
  ],
  "CCOCC": [
    2.0319275856018066,
    0.7586331367492676,
    0.17079219222068787,
    -0.23140332102775574,
    -0.717629075050354,
    -0.6751595139503479,
    1.628770351409912,
    -0.4078211188316345,
    -0.32504960894584656,
    -1.0029247999191284,
    0.3793475925922394,
    -1.8128894567489624,
    -0.5678412318229675,
    0.7845215201377869,
    -1.013960838317871,
    1.026834487915039
  ],
  "OCC(F)(F)F": [
    1.8838781118392944,
    -0.3223465383052826,
    0.0439227856695652,
    -0.08546476066112518,
    0.004059378989040852,
    -1.7558621168136597,
    0.5954899191856384,
    -0.2342042475938797,
    0.22865329682826996,
    -1.770241141319275,
    0.44392332434654236,
    -0.7954129576683044,
    0.2720448076725006,
    0.812839150428772,
    -1.0175751447677612,
    1.723187804222107
  ],
  "O.OCC(F)(F)F": [
    1.6860092878341675,
    -0.7851343750953674,
    -0.05539343133568764,
    0.20327605307102203,
    0.3023237884044647,
    -1.9973366260528564,
    0.32917627692222595,
    -0.0015810648910701275,
    -0.14679467678070068,
    -1.4438672065734863,
    0.45243874192237854,
    -0.7372724413871765,
    0.29925450682640076,
    0.9808707237243652,
    -0.9195376038551331,
    1.8550608158111572
  ],
  "CN(C)C(C)=O": [
    2.21291446685791,
    0.4763352870941162,
    0.5069085955619812,
    -0.177003875374794,
    -0.07544708997011185,
    -0.8993111252784729,
    1.1709790229797363,
    -0.4941082298755646,
    -0.188277006149292,
    -1.3161101341247559,
    0.23571234941482544,
    -1.6456224918365479,
    -0.38917380571365356,
    0.698611855506897,
    -1.2821413278579712,
    1.192929983139038
  ],
  "CCCCCCCCCCO": [
    1.957528829574585,
    0.6031301021575928,
    0.2492690235376358,
    -0.4146539270877838,
    -0.6059452295303345,
    -0.5494660139083862,
    1.5056151151657104,
    -0.5454407334327698,
    -0.46196967363357544,
    -1.0409234762191772,
    0.4522334635257721,
    -1.8473857641220093,
    -0.5269589424133301,
    1.0463509559631348,
    -0.9371053576469421,
    1.1398632526397705
  ],
  "OCC": [
    2.1730239391326904,
    0.12733341753482819,
    0.2438061684370041,
    -0.013838906772434711,
    0.07722010463476181,
    -1.3003132343292236,
    1.0624725818634033,
    -0.44599705934524536,
    -0.017526306211948395,
    -1.4991697072982788,
    0.3376106917858124,
    -1.2432645559310913,
    -0.21155433356761932,
    0.7311018109321594,
    -1.3583544492721558,
    1.3679038286209106
  ],
  "C1CCOC1": [
    2.004549980163574,
    0.6755145192146301,
    0.2393176406621933,
    -0.11683610826730728,
    -0.6731058359146118,
    -0.46073636412620544,
    1.6236858367919922,
    -0.4829292595386505,
    -0.3239195644855499,
    -0.9154756665229797,
    0.3801465332508087,
    -1.937497854232788,
    -0.6919668912887573,
    0.8042548894882202,
    -1.074504017829895,
    0.9736711978912354
  ],
  "[C@H]12CCC([C@H](OC1)O2)=O": [
    2.2382872104644775,
    -0.006222019903361797,
    0.39462241530418396,
    0.11311239749193192,
    0.32104408740997314,
    -1.2312209606170654,
    0.8688676953315735,
    -0.4707021117210388,
    -0.1147308424115181,
    -1.3871899843215942,
    0.26057368516921997,
    -1.4062657356262207,
    -0.2634929120540619,
    0.6980068683624268,
    -1.3570948839187622,
    1.369275450706482
  ],
  "O=C(OCC)C": [
    2.0605852603912354,
    0.7603816986083984,
    0.20330913364887238,
    -0.11567755788564682,
    -0.6544565558433533,
    -0.5810699462890625,
    1.5888746976852417,
    -0.4236660897731781,
    -0.25181257724761963,
    -0.9828411936759949,
    0.3876056969165802,
    -1.820155143737793,
    -0.6793394684791565,
    0.7645967602729797,
    -1.170432448387146,
    0.9402806162834167
  ],
  "CC(C)(C)OC": [
    1.8811233043670654,
    0.8086404204368591,
    0.014604250900447369,
    -0.2215525209903717,
    -0.9577680230140686,
    -0.6076273322105408,
    1.8012560606002808,
    -0.4044356644153595,
    -0.3547879159450531,
    -0.8772202730178833,
    0.5405266880989075,
    -1.8002147674560547,
    -0.6956015825271606,
    0.9264050722122192,
    -0.8656498193740845,
    0.8403182625770569
  ],