{
  "CO": [
    1.9290217161178589,
    -0.36909204721450806,
    -0.021944930776953697,
    0.10700491815805435,
    0.31620314717292786,
    -1.535880208015442,
    0.7716160416603088,
    -0.41890594363212585,
    0.13543695211410522,
    -1.5406689643859863,
    0.6009148359298706,
    -0.9550432562828064,
    0.10014944523572922,
    0.6859233975410461,
    -1.4297080039978027,
    1.6377954483032227
  ],
  "OCCO": [
    1.9715193510055542,
    -0.4930855929851532,
    0.0969516858458519,
    0.36634936928749084,
    0.7259830236434937,
    -1.4946026802062988,
    0.8167775869369507,
    -0.3469145596027374,
    -0.2462943196296692,
    -1.4190459251403809,
    0.5152251720428467,
    -1.2401164770126343,
    0.0013634279603138566,
    0.6119267344474792,
    -1.3245859146118164,
    1.4722087383270264
  ],
  "C(C(F)(F)F)(C(F)(F)F)O": [
    1.5748512744903564,
    -0.22357521951198578,
    -0.05247696116566658,
    -0.2329353541135788,
    -0.2883783280849457,
    -1.5216375589370728,
    0.8764650821685791,
    -0.26285889744758606,
    0.27283039689064026,
    -2.099806308746338,
    0.8540233373641968,
    -0.96185302734375,
    0.438152551651001,
    0.6142082810401917,
    -0.6817951798439026,
    1.7103145122528076
  ],
  "O1C(C)CCC1": [
    1.916622281074524,
    0.7231667041778564,
    0.21374167501926422,
    -0.11620480567216873,
    -0.501620352268219,
    -0.49727514386177063,
    1.5964148044586182,
    -0.5348095297813416,
    -0.4609559178352356,
    -0.9559916257858276,
    0.5134360790252686,
    -1.9662023782730103,
    -0.6402447819709778,
    0.8521667718887329,
    -1.0983247756958008,
    0.9701087474822998
  ],
  "C1CCCCC1": [
    1.833855390548706,
    0.6028100848197937,
    -0.10525470227003098,
    -0.24679245054721832,
    -0.9963301420211792,
    -0.9103555679321289,
    1.663547158241272,
    -0.29566144943237305,
    -0.24447010457515717,
    -0.8132827281951904,
    0.7572734951972961,
    -1.8940521478652954,
    -0.5155038237571716,
    1.0916314125061035,
    -0.7659238576889038,
    0.8553846478462219
  ],
  "CC(O)C": [
    2.0960474014282227,
    0.3642781972885132,
    0.25238239765167236,
    -0.05491695553064346,
    0.06259766966104507,
    -0.9533354640007019,
    1.1963810920715332,
    -0.514498770236969,
    -0.12496000528335571,
    -1.4604592323303223,
    0.5628261566162109,
    -1.5449033975601196,
    -0.3662346601486206,
    0.644370973110199,
    -1.3843296766281128,
    1.2400283813476562
  ],
  "O.CC#N": [
    1.7818225622177124,
    -0.744998574256897,
    -0.029391910880804062,
    0.2854878604412079,
    0.3935444951057434,
    -1.746992826461792,
    0.6248610615730286,
    -0.013166027143597603,
    -0.2353174388408661,
    -1.4169385433197021,
    0.6437312960624695,
    -1.144704818725586,
    0.2786191999912262,
    0.6519017219543457,
    -1.0762884616851807,
    1.7572616338729858
  ],
  "CC#N": [
    2.1190249919891357,
    0.12973138689994812,
    0.19108645617961884,
    0.07511908560991287,
    0.018038056790828705,
    -0.9338914155960083,
    1.180441975593567,
    -0.3936648368835449,
    0.02697921358048916,
    -1.4630177021026611,
    0.5650038123130798,
    -1.5940864086151123,
    -0.25396642088890076,
    0.4826904237270355,
    -1.4420770406723022,
    1.3054817914962769
  ],
  "CC#N.CC(=O)O": [
    2.083920955657959,
    0.013449206948280334,
    0.19170644879341125,
    -0.0005115285166539252,
    -0.00279448926448822,
    -1.0761276483535767,
    1.1167391538619995,
    -0.4268234074115753,
    0.1844397485256195,
    -1.5156822204589844,
    0.58968585729599,
    -1.4329968690872192,
    -0.1880202293395996,
    0.5581801533699036,
    -1.4523487091064453,
    1.370928168296814
  ],
  "CCOCC": [
    1.7337374687194824,
    0.717189610004425,
    -0.01438925601541996,
    -0.15618135035037994,
    -0.8200271129608154,
    -0.5011817812919617,
    1.8042460680007935,
    -0.5268729329109192,
    -0.38094139099121094,
    -0.9612412452697754,
    0.5177598595619202,
    -1.9094743728637695,
    -0.647627592086792,
    1.0252138376235962,
    -0.8467970490455627,
    0.9832906126976013
  ],
  "OCC(F)(F)F": [
    1.8291596174240112,
    -0.22846058011054993,
    0.008300701156258583,
    -0.1330237090587616,
    -0.023747872561216354,
    -1.5757185220718384,
    0.9266606569290161,
    -0.3907530605792999,
    0.12178383022546768,
    -1.7911500930786133,
    0.7743736505508423,
    -1.0393723249435425,
    0.27101096510887146,
    0.7416559457778931,
    -1.0389647483825684,
    1.5644935369491577
  ],
  "O.OCC(F)(F)F": [
    1.6928133964538574,
    -0.8315499424934387,
    -0.2616322338581085,
    0.1492139846086502,
    0.3574869930744171,
    -1.9252339601516724,
    0.40713801980018616,
    0.0479164682328701,
    -0.05616922676563263,
    -1.4957950115203857,
    0.5829861164093018,
    -0.7951056957244873,
    0.3467537462711334,
    0.8519858121871948,
    -0.9012701511383057,
    1.8413660526275635
  ],
  "CN(C)C(C)=O": [
    2.0680487155914307,
    0.5199828147888184,
    0.4197584092617035,
    -0.15692777931690216,
    -0.008940322324633598,
    -0.7236948609352112,
    1.2652102708816528,
    -0.5386656522750854,
    -0.28668689727783203,
    -1.3138266801834106,
    0.48841360211372375,
    -1.8182183504104614,
    -0.43470945954322815,
    0.7395609617233276,
    -1.288939118385315,
    1.0841317176818848
  ],
  "CCCCCCCCCCO": [
    2.0005083084106445,
    0.6167526245117188,
    0.15696531534194946,
    -0.5178313851356506,
    -0.40421491861343384,
    -0.3683267831802368,
    1.4470199346542358,
    -0.545883059501648,
    -0.4647008180618286,
    -1.0243057012557983,
    0.6193283200263977,
    -1.8366029262542725,
    -0.6478502154350281,
    1.0498908758163452,
    -1.0821585655212402,
    1.0156065225601196
  ],
  "OCC": [
    2.0440309047698975,
    0.09277956932783127,
    0.14827795326709747,
    0.09247766435146332,
    0.1349731981754303,
    -1.041332483291626,
    1.1800819635391235,
    -0.4341404139995575,
    -0.028933847323060036,
    -1.5797802209854126,
    0.5977730751037598,
    -1.4851549863815308,
    -0.23803968727588654,
    0.6511595249176025,
    -1.3997411727905273,
    1.2816399335861206
  ],
  "C1CCOC1": [
    1.9493064880371094,
    0.5964721441268921,
    0.21784476935863495,
    -0.16021354496479034,
    -0.49299290776252747,
    -0.4718836843967438,
    1.5990461111068726,
    -0.46759507060050964,
    -0.27656450867652893,
    -0.967281699180603,
    0.5334281325340271,
    -2.0081052780151367,
    -0.6556054949760437,
    0.7869564890861511,
    -1.1493918895721436,
    0.9802016615867615
  ],
  "[C@H]12CCC([C@H](OC1)O2)=O": [
    2.208587408065796,
    -0.00891614705324173,
    0.35268542170524597,
    0.077601857483387,
    0.327945351600647,
    -0.9953489899635315,
    0.9730823636054993,
    -0.5353842377662659,
    -0.11611562967300415,
    -1.4200066328048706,
    0.49394091963768005,
    -1.5780704021453857,
    -0.2408525049686432,
    0.6016311645507812,
    -1.3896005153656006,
    1.2617560625076294
  ],
  "O=C(OCC)C": [
    1.8177218437194824,
    0.7601400017738342,
    0.027904080227017403,
    -0.05126161500811577,
    -0.6446717977523804,
    -0.43916428089141846,
    1.709006905555725,
    -0.5358074903488159,
    -0.3815539479255676,
    -0.9767038822174072,
    0.6336374282836914,
    -1.9302735328674316,
    -0.7161743640899658,
    0.8948479890823364,
    -1.0458054542541504,
    0.8937342762947083
  ],
  "CC(C)(C)OC": [
    1.5914685726165771,
    0.7573698163032532,
    -0.2181885689496994,
    -0.27894333004951477,
    -0.9805075526237488,
    -0.5508013367652893,
    1.857049584388733,
    -0.5125471949577332,
    -0.47972533106803894,
    -0.8663140535354614,
    0.6870827674865723,
    -1.822715163230896,
    -0.6725261807441711,
    1.2851758003234863,
    -0.6071456670761108,
    0.8306978940963745
  ],