{
  "CO": [
    2.0226309299468994,
    -0.29024985432624817,
    -0.0013467008247971535,
    0.13591688871383667,
    0.2740567922592163,
    -1.661988615989685,
    0.48903483152389526,
    -0.29199424386024475,
    0.23578910529613495,
    -1.6044970750808716,
    0.3352988362312317,
    -0.8294004797935486,
    0.03289680927991867,
    0.8336504101753235,
    -1.309360384941101,
    1.6556364297866821
  ],
  "OCCO": [
    1.9639341831207275,
    -0.4449651837348938,
    0.14226217567920685,
    0.3681015074253082,
    0.676224946975708,
    -1.6612355709075928,
    0.700294017791748,
    -0.27113664150238037,
    -0.16458120942115784,
    -1.4476760625839233,
    0.167627215385437,
    -1.0537515878677368,
    0.018187126144766808,
    0.7195630669593811,
    -1.281567931175232,
    1.5962789058685303
  ],
  "C(C(F)(F)F)(C(F)(F)F)O": [
    1.531087040901184,
    -0.2362615317106247,
    0.010044585913419724,
    -0.1808856576681137,
    -0.5004079937934875,
    -1.686995029449463,
    0.7469015121459961,
    -0.08975961059331894,
    0.3525553345680237,
    -2.0089259147644043,
    0.402754008769989,
    -0.8570818901062012,
    0.479146808385849,
    0.7011931538581848,
    -0.558266282081604,
    1.9193369150161743
  ],
  "O1C(C)CCC1": [
    2.00899338722229,
    0.7690611481666565,
    0.2638574242591858,
    -0.10965371876955032,
    -0.634520411491394,
    -0.5401341319084167,
    1.6066360473632812,
    -0.5203574299812317,
    -0.4545140862464905,
    -0.9667792320251465,
    0.32256215810775757,
    -1.8502339124679565,
    -0.6256299018859863,
    0.8321848511695862,
    -1.0705657005310059,
    0.9944566488265991
  ],
  "C1CCCCC1": [
    1.6920267343521118,
    0.7117594480514526,
    -0.19024822115898132,
    -0.4537358283996582,
    -1.1996115446090698,
    -0.9364582896232605,
    1.506184458732605,
    -0.31959736347198486,
    -0.305867463350296,
    -0.748103678226471,
    0.6579950451850891,
    -1.7569575309753418,
    -0.6643161177635193,
    1.4875160455703735,
    -0.3832818269729614,
    0.928884744644165
  ],
  "CC(O)C": [
    2.1498141288757324,
    0.39988550543785095,
    0.25857678055763245,
    0.03085114248096943,
    -0.043398212641477585,
    -1.1093311309814453,
    1.2030129432678223,
    -0.4562292695045471,
    -0.17979231476783752,
    -1.465010166168213,
    0.4101908802986145,
    -1.4918529987335205,
    -0.3556011915206909,
    0.7189254760742188,
    -1.2657947540283203,
    1.2258514165878296
  ],
  "O.CC#N": [
    1.91282057762146,
    -0.5747713446617126,
    0.01615285314619541,
    0.22648750245571136,
    0.3358984589576721,
    -1.8083871603012085,
    0.5786222815513611,
    -0.14203862845897675,
    -0.14825762808322906,
    -1.4789975881576538,
    0.4062342047691345,
    -0.997751772403717,
    0.21240919828414917,
    0.737918496131897,
    -1.024233102798462,
    1.770956039428711
  ],
  "CC#N": [
    2.2106125354766846,
    0.21716634929180145,
    0.28140968084335327,
    0.030475037172436714,
    -0.13044895231723785,
    -1.1068634986877441,
    1.1292994022369385,
    -0.35557660460472107,
    0.06783922761678696,
    -1.4605237245559692,
    0.4086618423461914,
    -1.5095378160476685,
    -0.28085869550704956,
    0.5557274222373962,
    -1.3227415084838867,
    1.2927125692367554
  ],
  "CC#N.CC(=O)O": [
    2.162043333053589,
    0.1075662225484848,
    0.20553423464298248,
    0.034525346010923386,
    -0.09068669378757477,
    -1.2084710597991943,
    1.0410351753234863,
    -0.4252265393733978,
    0.16566810011863708,
    -1.521407961845398,
    0.4993517994880676,
    -1.3766415119171143,
    -0.22872813045978546,
    0.675693154335022,
    -1.3425341844558716,
    1.3304107189178467
  ],
  "CCOCC": [
    1.9235286712646484,
    0.7962144613265991,
    0.07492990046739578,
    -0.16939349472522736,
    -0.8616938591003418,
    -0.5841442346572876,
    1.7334798574447632,
    -0.46703121066093445,
    -0.4223785102367401,
    -0.9607180953025818,
    0.39135339856147766,
    -1.800018072128296,
    -0.6132650971412659,
    0.8856781125068665,
    -0.9026298522949219,
    1.0024192333221436
  ],
  "OCC(F)(F)F": [
    1.9306597709655762,
    -0.2456425279378891,
    0.011097215116024017,
    -0.1003679633140564,
    0.028533795848488808,
    -1.7238038778305054,
    0.6375782489776611,
    -0.25623854994773865,
    0.197344109416008,
    -1.7741619348526,
    0.4954867660999298,
    -0.8036638498306274,
    0.2200317233800888,
    0.820650041103363,
    -1.0656441450119019,
    1.6563589572906494
  ],
  "O.OCC(F)(F)F": [
    1.6819125413894653,
    -0.718848705291748,
    -0.09345034509897232,
    0.15415315330028534,
    0.3148331046104431,
    -2.021583318710327,
    0.426444411277771,
    0.027534106746315956,
    -0.13190481066703796,
    -1.5580244064331055,
    0.44144925475120544,
    -0.7565140724182129,
    0.38869962096214294,
    0.8740059733390808,
    -0.8276381492614746,
    1.8226361274719238
  ],
  "CN(C)C(C)=O": [
    2.146916627883911,
    0.5346572995185852,
    0.463832825422287,
    -0.08994553238153458,
    -0.07151611894369125,
    -0.8917202353477478,
    1.208465576171875,
    -0.49515196681022644,
    -0.2804940342903137,
    -1.372710943222046,
    0.3404408097267151,
    -1.6888506412506104,
    -0.4289771616458893,
    0.7578858137130737,
    -1.227686882019043,
    1.1233503818511963
  ],
  "CCCCCCCCCCO": [
    2.028745412826538,
    0.6910294890403748,
    0.2505062222480774,
    -0.2875199615955353,
    -0.5665741562843323,
    -0.5392587184906006,
    1.4611676931381226,
    -0.5801059603691101,
    -0.6548166275024414,
    -0.9561960101127625,
    0.5188533067703247,
    -1.8254832029342651,
    -0.6057694554328918,
    1.055709719657898,
    -0.9537779688835144,
    0.9880931377410889
  ],
  "OCC": [
    2.193000316619873,
    0.07519636303186417,
    0.23182019591331482,
    0.005829113535583019,
    0.09218109399080276,
    -1.265121340751648,
    1.0420674085617065,
    -0.4504694938659668,
    0.025550246238708496,
    -1.4717319011688232,
    0.2990003228187561,
    -1.174459457397461,
    -0.242017462849617,
    0.7336760759353638,
    -1.450524091720581,
    1.3863215446472168
  ],
  "C1CCOC1": [
    1.9952346086502075,
    0.6805223822593689,
    0.2356279343366623,
    -0.10254710167646408,
    -0.6804308295249939,
    -0.43868646025657654,
    1.6194005012512207,
    -0.49906471371650696,
    -0.33133888244628906,
    -0.9323583841323853,
    0.4031307101249695,
    -1.9456504583358765,
    -0.7008491158485413,
    0.830525279045105,
    -1.054451823234558,
    0.9454525709152222
  ],
  "[C@H]12CCC([C@H](OC1)O2)=O": [
    2.301290512084961,
    0.07921648025512695,
    0.46123969554901123,
    0.026098614558577538,
    0.20805169641971588,
    -1.1498233079910278,
    0.9278314113616943,
    -0.501160204410553,
    -0.10823027044534683,
    -1.3928149938583374,
    0.21301180124282837,
    -1.491805076599121,
    -0.2502208948135376,
    0.691582202911377,
    -1.2756308317184448,
    1.289067029953003
  ],
  "O=C(OCC)C": [
    1.8909106254577637,
    0.7849275469779968,
    0.12078306823968887,
    -0.13025765120983124,
    -0.8785240054130554,
    -0.43384039402008057,
    1.7578791379928589,
    -0.47109779715538025,
    -0.31882426142692566,
    -0.9119554758071899,
    0.3500591218471527,
    -1.866604208946228,
    -0.715786874294281,
    0.895165205001831,
    -0.9744723439216614,
    0.9276934862136841
  ],
  "CC(C)(C)OC": [
    1.8020561933517456,
    0.818780243396759,
    -0.03328686207532883,
    -0.24617908895015717,
    -1.0640987157821655,
    -0.5972065329551697,
    1.8408013582229614,
    -0.43355298042297363,
    -0.40797150135040283,
    -0.8479523658752441,
    0.5089854598045349,
    -1.7548155784606934,
    -0.650093138217926,
    0.9783814549446106,
    -0.8116058707237244,
    0.9246678948402405
  ],