{
  "CO": [
    1.9684138298034668,
    -0.26833391189575195,
    0.03345160558819771,
    0.11431057006120682,
    0.1279873102903366,
    -1.695131778717041,
    0.759203314781189,
    -0.3742600679397583,
    0.16062842309474945,
    -1.5184736251831055,
    0.43735089898109436,
    -0.9435740113258362,
    0.07186900079250336,
    0.8009501099586487,
    -1.2849067449569702,
    1.6363645792007446
  ],
  "OCCO": [
    2.1198854446411133,
    -0.3487671911716461,
    0.17536203563213348,
    0.316234827041626,
    0.5927221179008484,
    -1.6017601490020752,
    0.7163808941841125,
    -0.4144313335418701,
    -0.17497262358665466,
    -1.4326279163360596,
    0.24730908870697021,
    -1.139674186706543,
    -0.017128007486462593,
    0.7149824500083923,
    -1.2128310203552246,
    1.4863221645355225
  ],
  "C(C(F)(F)F)(C(F)(F)F)O": [
    1.485185146331787,
    -0.26884546875953674,
    0.029948795214295387,
    -0.2483283430337906,
    -0.4830614924430847,
    -1.6819484233856201,
    0.7750200629234314,
    -0.07597025483846664,
    0.4385930299758911,
    -1.9450920820236206,
    0.37724167108535767,
    -0.9129709601402283,
    0.4430612027645111,
    0.746829628944397,
    -0.6048858761787415,
    1.9483914375305176
  ],
  "O1C(C)CCC1": [
    2.119377851486206,
    0.7031489610671997,
    0.3120843768119812,
    -0.2069993019104004,
    -0.5763453245162964,
    -0.6264604926109314,
    1.5407607555389404,
    -0.44156309962272644,
    -0.28289932012557983,
    -0.9962456822395325,
    0.2863280177116394,
    -1.8302156925201416,
    -0.5778976678848267,
    0.7292327284812927,
    -1.1450777053833008,
    1.0175520181655884
  ],
  "C1CCCCC1": [
    1.71385657787323,
    0.7371759414672852,
    -0.2124025672674179,
    -0.49686551094055176,
    -1.1791529655456543,
    -0.9239054918289185,
    1.4661628007888794,
    -0.30582451820373535,
    -0.2827066481113434,
    -0.783949613571167,
    0.6722086071968079,
    -1.777848720550537,
    -0.6475100517272949,
    1.4868873357772827,
    -0.34459054470062256,
    0.9039157629013062
  ],
  "CC(O)C": [
    2.092376470565796,
    0.44990962743759155,
    0.2614438831806183,
    -0.04614697024226189,
    -0.196295827627182,
    -1.0556066036224365,
    1.2761059999465942,
    -0.4656613767147064,
    -0.13987331092357635,
    -1.4354228973388672,
    0.36038219928741455,
    -1.5504852533340454,
    -0.33166980743408203,
    0.7688934206962585,
    -1.225158452987671,
    1.2653284072875977
  ],
  "O.CC#N": [
    1.9685769081115723,
    -0.6380666494369507,
    -0.09618103504180908,
    0.251050740480423,
    0.280808687210083,
    -1.8371617794036865,
    0.3590415418148041,
    -0.0381435789167881,
    0.006535463035106659,
    -1.4190255403518677,
    0.39350426197052,
    -0.9379027485847473,
    0.14123861491680145,
    0.8521726727485657,
    -1.0327554941177368,
    1.7666009664535522
  ],
  "CC#N": [
    2.227612257003784,
    0.23763589560985565,
    0.2628178596496582,
    0.03183722496032715,
    -0.15567034482955933,
    -1.107792615890503,
    1.1295429468154907,
    -0.4160592257976532,
    0.03770411014556885,
    -1.4063676595687866,
    0.44558489322662354,
    -1.5068191289901733,
    -0.2786448299884796,
    0.567878007888794,
    -1.3287605047225952,
    1.285103440284729
  ],
  "CC#N.CC(=O)O": [
    2.189429998397827,
    0.08517126739025116,
    0.1928454488515854,
    0.02760118991136551,
    -0.052796538919210434,
    -1.216037631034851,
    0.969106137752533,
    -0.39253759384155273,
    0.17366176843643188,
    -1.5086137056350708,
    0.5105553865432739,
    -1.3618090152740479,
    -0.24974103271961212,
    0.6727518439292908,
    -1.3625566959381104,
    1.3491833209991455
  ],
  "CCOCC": [
    1.8842121362686157,
    0.7919771075248718,
    0.06865151226520538,
    -0.1643531322479248,
    -0.8930239677429199,
    -0.5207237601280212,
    1.7511099576950073,
    -0.48723816871643066,
    -0.4675353169441223,
    -0.8968946933746338,
    0.417029470205307,
    -1.817914605140686,
    -0.6560477018356323,
    0.9163151979446411,
    -0.8979962468147278,
    0.9969062805175781
  ],
  "OCC(F)(F)F": [
    1.8255600929260254,
    -0.2793967127799988,
    0.035851575434207916,
    -0.10092516988515854,
    -0.09616547077894211,
    -1.7907789945602417,
    0.7109132409095764,
    -0.2361575812101364,
    0.13668671250343323,
    -1.7294493913650513,
    0.5752767324447632,
    -0.9343501925468445,
    0.3437068462371826,
    0.8365271091461182,
    -0.9447015523910522,
    1.6731144189834595
  ],
  "O.OCC(F)(F)F": [
    1.7247779369354248,
    -0.7438681721687317,
    -0.1376112401485443,
    0.15530601143836975,
    0.2944433093070984,
    -1.9954472780227661,
    0.2912544906139374,
    0.021835312247276306,
    -0.014741700142621994,
    -1.5107519626617432,
    0.40160587430000305,
    -0.7036953568458557,
    0.29525524377822876,
    0.9306634664535522,
    -0.863446831703186,
    1.8755011558532715
  ],
  "CN(C)C(C)=O": [
    2.2146482467651367,
    0.5041242241859436,
    0.49544957280158997,
    -0.18176357448101044,
    -0.07727374881505966,
    -0.8559152483940125,
    1.1486361026763916,
    -0.4895164370536804,
    -0.14907419681549072,
    -1.3449105024337769,
    0.27772632241249084,
    -1.6686725616455078,
    -0.4440590739250183,
    0.6871634721755981,
    -1.265533447265625,
    1.1750954389572144
  ],
  "CCCCCCCCCCO": [
    2.1167213916778564,
    0.7031636834144592,
    0.18401609361171722,
    -0.3422316312789917,
    -0.49647077918052673,
    -0.4638715982437134,
    1.4486507177352905,
    -0.5697349905967712,
    -0.6150968670845032,
    -0.928826093673706,
    0.4625096619129181,
    -1.7875568866729736,
    -0.666340708732605,
    0.9936297535896301,
    -1.0175610780715942,
    1.0025018453598022
  ],
  "OCC": [
    2.0946602821350098,
    0.11564526706933975,
    0.22983020544052124,
    0.03752933442592621,
    0.021311530843377113,
    -1.257932424545288,
    1.1414415836334229,
    -0.3771710991859436,
    0.02553516998887062,
    -1.527475118637085,
    0.37243279814720154,
    -1.3681082725524902,
    -0.21876221895217896,
    0.7223546504974365,
    -1.339275598526001,
    1.357202410697937
  ],
  "C1CCOC1": [
    2.021976947784424,
    0.6713888645172119,
    0.2229640632867813,
    -0.14485059678554535,
    -0.6518838405609131,
    -0.4598800539970398,
    1.6084682941436768,
    -0.4690673053264618,
    -0.23745091259479523,
    -0.9762787818908691,
    0.3887432813644409,
    -1.9471360445022583,
    -0.7037487626075745,
    0.796460747718811,
    -1.0498147010803223,
    0.9543617963790894
  ],
  "[C@H]12CCC([C@H](OC1)O2)=O": [
    2.2674472332000732,
    0.026369664818048477,
    0.41277867555618286,
    0.05657601356506348,
    0.27185356616973877,
    -1.2040996551513672,
    0.8958561420440674,
    -0.45956432819366455,
    -0.08342165499925613,
    -1.358094334602356,
    0.26669177412986755,
    -1.4348249435424805,
    -0.2695670425891876,
    0.6508636474609375,
    -1.3680118322372437,
    1.3546489477157593
  ],
  "O=C(OCC)C": [
    1.95323646068573,
    0.8278350234031677,
    0.11429344862699509,
    -0.07450111210346222,
    -0.7596573829650879,
    -0.4857308566570282,
    1.6733381748199463,
    -0.48608988523483276,
    -0.3728427588939667,
    -0.942280650138855,
    0.458279013633728,
    -1.8494503498077393,
    -0.723296046257019,
    0.7975473999977112,
    -1.0425450801849365,
    0.9361628890037537
  ],
  "CC(C)(C)OC": [
    1.9425050020217896,
    0.8141257762908936,
    -0.02480826899409294,
    -0.2622414827346802,
    -0.8912132382392883,
    -0.5520226955413818,
    1.7636306285858154,
    -0.4159877598285675,
    -0.24727343022823334,
    -0.8992928862571716,
    0.5467438697814941,
    -1.770391821861267,
    -0.7396079897880554,
    0.9077091217041016,
    -0.962836742401123,
    0.8185098171234131
  ],