{
  "CO": [
    1.9201600551605225,
    -0.4175838232040405,
    -0.005822217091917992,
    0.17703425884246826,
    0.31976813077926636,
    -1.5081487894058228,
    0.7669157981872559,
    -0.31957852840423584,
    0.02367510460317135,
    -1.4591280221939087,
    0.6250509023666382,
    -1.0873537063598633,
    0.06531018018722534,
    0.6982247233390808,
    -1.4427584409713745,
    1.6556346416473389
  ],
  "OCCO": [
    1.9498929977416992,
    -0.5172626376152039,
    0.10025167465209961,
    0.3392532169818878,
    0.7800838351249695,
    -1.491775631904602,
    0.7340338230133057,
    -0.31405994296073914,
    -0.18953625857830048,
    -1.4079807996749878,
    0.4216327965259552,
    -1.1764482259750366,
    0.01751396246254444,
    0.602175772190094,
    -1.3947079181671143,
    1.5594812631607056
  ],
  "C(C(F)(F)F)(C(F)(F)F)O": [
    1.217890977859497,
    -0.31997060775756836,
    0.04863423854112625,
    -0.3937782645225525,
    -0.5662028193473816,
    -1.574188470840454,
    0.9048091173171997,
    0.12191227823495865,
    0.5748892426490784,
    -2.0119314193725586,
    0.36131829023361206,
    -1.0906320810317993,
    0.4012332558631897,
    0.8859314918518066,
    -0.46203577518463135,
    1.9176114797592163
  ],
  "O1C(C)CCC1": [
    1.99559485912323,
    0.6593010425567627,
    0.23194964230060577,
    -0.1735873520374298,
    -0.42850834131240845,
    -0.5420916080474854,
    1.5631071329116821,
    -0.4987544119358063,
    -0.330729216337204,
    -1.0151021480560303,
    0.4503699243068695,
    -1.917026162147522,
    -0.6080082654953003,
    0.7863072752952576,
    -1.1822314262390137,
    1.0238234996795654
  ],
  "C1CCCCC1": [
    1.8465169668197632,
    0.6560192108154297,
    -0.10588263720273972,
    -0.1975516378879547,
    -1.0590956211090088,
    -0.798637866973877,
    1.6829723119735718,
    -0.31321144104003906,
    -0.3250608444213867,
    -0.791820764541626,
    0.7309175133705139,
    -1.888071060180664,
    -0.5349456071853638,
    1.022972822189331,
    -0.7869528532028198,
    0.8777198791503906
  ],
  "CC(O)C": [
    2.105604887008667,
    0.33477818965911865,
    0.22646653652191162,
    -0.04413006082177162,
    0.05350330471992493,
    -0.9466086626052856,
    1.1545988321304321,
    -0.4645633101463318,
    -0.13419722020626068,
    -1.4767801761627197,
    0.6014582514762878,
    -1.5401660203933716,
    -0.38376617431640625,
    0.6785262227058411,
    -1.3890968561172485,
    1.2397061586380005
  ],
  "O.CC#N": [
    1.9917775392532349,
    -0.5556350946426392,
    -0.05622398108243942,
    0.13387922942638397,
    0.29289835691452026,
    -1.63530695438385,
    0.6776594519615173,
    -0.3389437198638916,
    -0.11807840317487717,
    -1.549106478691101,
    0.7306064963340759,
    -1.084630012512207,
    0.32158273458480835,
    0.5739888548851013,
    -1.0230296850204468,
    1.6497809886932373
  ],
  "CC#N": [
    2.162045478820801,
    0.1475955843925476,
    0.21539956331253052,
    -0.015278933569788933,
    -0.00034647993743419647,
    -0.9722084403038025,
    1.138467788696289,
    -0.45515283942222595,
    0.08747583627700806,
    -1.4645497798919678,
    0.5340021252632141,
    -1.5305612087249756,
    -0.23599189519882202,
    0.5392341017723083,
    -1.4324195384979248,
    1.2959905862808228
  ],
  "CC#N.CC(=O)O": [
    2.1121766567230225,
    -0.0015672489535063505,
    0.1691906750202179,
    0.0032849623821675777,
    0.04649057611823082,
    -1.0492920875549316,
    1.0406655073165894,
    -0.4808253049850464,
    0.1576489508152008,
    -1.519805669784546,
    0.6512637734413147,
    -1.4078313112258911,
    -0.21309904754161835,
    0.6073748469352722,
    -1.4589508771896362,
    1.356841802597046
  ],
  "CCOCC": [
    1.7845250368118286,
    0.7109836339950562,
    -0.032352764159440994,
    -0.2375907450914383,
    -0.768754780292511,
    -0.49682024121284485,
    1.7908140420913696,
    -0.5084729194641113,
    -0.3917068839073181,
    -1.0133265256881714,
    0.5185894966125488,
    -1.8652557134628296,
    -0.6068652272224426,
    1.0054906606674194,
    -0.8762567639350891,
    1.0042295455932617
  ],
  "OCC(F)(F)F": [
    1.7713274955749512,
    -0.2882864773273468,
    0.06726648658514023,
    -0.17356708645820618,
    -0.03673512861132622,
    -1.608972430229187,
    0.8799281716346741,
    -0.35355570912361145,
    0.13870002329349518,
    -1.771446704864502,
    0.801298975944519,
    -1.0545289516448975,
    0.3245450556278229,
    0.7698907256126404,
    -1.0392119884490967,
    1.5889397859573364
  ],
  "O.OCC(F)(F)F": [
    1.6397522687911987,
    -0.8173599243164062,
    -0.12198466807603836,
    0.1200503334403038,
    0.41087594628334045,
    -1.8784451484680176,
    0.5037895441055298,
    -0.020099516957998276,
    -0.1442001312971115,
    -1.540691614151001,
    0.6464425325393677,
    -0.7927656173706055,
    0.3945794403553009,
    0.7535743713378906,
    -0.9926669001579285,
    1.8505295515060425
  ],
  "CN(C)C(C)=O": [
    2.062974691390991,
    0.4869172275066376,
    0.45160844922065735,
    -0.19807930290699005,
    -0.031024763360619545,
    -0.7175657153129578,
    1.2516905069351196,
    -0.5461902618408203,
    -0.25938621163368225,
    -1.2851052284240723,
    0.4569598138332367,
    -1.807813286781311,
    -0.4274640381336212,
    0.7599585652351379,
    -1.3158303499221802,
    1.1323736906051636
  ],
  "CCCCCCCCCCO": [
    2.039139747619629,
    0.6210969090461731,
    0.1270637810230255,
    -0.49680083990097046,
    -0.36558881402015686,
    -0.33230510354042053,
    1.4482508897781372,
    -0.5910844206809998,
    -0.535260021686554,
    -0.9709987640380859,
    0.5724762678146362,
    -1.8247202634811401,
    -0.6562419533729553,
    1.050742506980896,
    -1.082914113998413,
    1.011258602142334
  ],
  "OCC": [
    2.0401105880737305,
    0.1008632555603981,
    0.1673295795917511,
    0.07033136487007141,
    0.14439897239208221,
    -1.0483535528182983,
    1.1443467140197754,
    -0.41667160391807556,
    -0.06604191660881042,
    -1.5730369091033936,
    0.6283256411552429,
    -1.4922490119934082,
    -0.24349752068519592,
    0.667073667049408,
    -1.3992924690246582,
    1.2922008037567139
  ],
  "C1CCOC1": [
    1.993767499923706,
    0.5427982211112976,
    0.26994436979293823,
    -0.1869276612997055,
    -0.41459882259368896,
    -0.5201113820075989,
    1.5301614999771118,
    -0.4332282245159149,
    -0.2138456255197525,
    -1.0143789052963257,
    0.5536307692527771,
    -1.969889521598816,
    -0.6259899735450745,
    0.7791288495063782,
    -1.2509421110153198,
    0.9744895100593567
  ],
  "[C@H]12CCC([C@H](OC1)O2)=O": [
    2.2094736099243164,
    -0.086972177028656,
    0.3465719223022461,
    0.049452148377895355,
    0.40119004249572754,
    -1.071700096130371,
    0.8818581700325012,
    -0.5041525363922119,
    -0.0746411606669426,
    -1.3535089492797852,
    0.4605729579925537,
    -1.4881722927093506,
    -0.2196081429719925,
    0.5701122283935547,
    -1.475634217262268,
    1.3666694164276123
  ],
  "O=C(OCC)C": [
    1.780708909034729,
    0.7141804099082947,
    0.040593184530735016,
    -0.13665620982646942,
    -0.7465840578079224,
    -0.3849119544029236,
    1.7714900970458984,
    -0.5229765772819519,
    -0.2813866436481476,
    -0.9673794507980347,
    0.49279436469078064,
    -1.9514838457107544,
    -0.7155753374099731,
    0.9845638275146484,
    -0.9720814824104309,
    0.9113156199455261
  ],
  "CC(C)(C)OC": [
    1.6162314414978027,
    0.7541451454162598,
    -0.16479195654392242,
    -0.2527349293231964,
    -0.9632336497306824,
    -0.5975474715232849,
    1.8601323366165161,
    -0.49680712819099426,
    -0.4289083480834961,
    -0.9214273691177368,
    0.6577694416046143,
    -1.8087146282196045,
    -0.6406121850013733,
    1.2354720830917358,
    -0.6864227652549744,
    0.8573188185691833
  ],