{
  "CO": [
    1.931809902191162,
    -0.35797032713890076,
    0.06233048439025879,
    0.07071433216333389,
    0.23800694942474365,
    -1.6529672145843506,
    0.7181292176246643,
    -0.39669176936149597,
    0.08686736971139908,
    -1.485335350036621,
    0.5364848971366882,
    -1.0149526596069336,
    0.17037029564380646,
    0.7865843772888184,
    -1.3216890096664429,
    1.6452890634536743
  ],
  "OCCO": [
    2.0953633785247803,
    -0.43654686212539673,
    0.1860000640153885,
    0.31894803047180176,
    0.6777161955833435,
    -1.528118371963501,
    0.6349371075630188,
    -0.3926599323749542,
    -0.24247349798679352,
    -1.3844636678695679,
    0.33816787600517273,
    -1.226479411125183,
    0.03165186196565628,
    0.6878724694252014,
    -1.2531367540359497,
    1.510020136833191
  ],
  "C(C(F)(F)F)(C(F)(F)F)O": [
    1.5629347562789917,
    -0.22079703211784363,
    0.05017558112740517,
    -0.2879077196121216,
    -0.6700205206871033,
    -1.504752278327942,
    0.8056536912918091,
    -0.11559712141752243,
    0.33528658747673035,
    -2.0452234745025635,
    0.6751686930656433,
    -1.057662844657898,
    0.4577496349811554,
    0.9505593180656433,
    -0.5537703037261963,
    1.637916088104248
  ],
  "O1C(C)CCC1": [
    2.0648179054260254,
    0.6473628282546997,
    0.2919047474861145,
    -0.18964232504367828,
    -0.5034766793251038,
    -0.5791944861412048,
    1.4854822158813477,
    -0.4505103826522827,
    -0.3082513213157654,
    -1.0233967304229736,
    0.38309529423713684,
    -1.8845255374908447,
    -0.5546510815620422,
    0.776840090751648,
    -1.2004244327545166,
    1.0617384910583496
  ],
  "C1CCCCC1": [
    1.9093166589736938,
    0.6421861052513123,
    -0.09413206577301025,
    -0.22193104028701782,
    -1.089935064315796,
    -0.8838658332824707,
    1.6006343364715576,
    -0.27509692311286926,
    -0.2610794007778168,
    -0.7955729365348816,
    0.7396172881126404,
    -1.850110650062561,
    -0.4971520006656647,
    1.0002214908599854,
    -0.8150781393051147,
    0.9102439880371094
  ],
  "CC(O)C": [
    2.1535820960998535,
    0.3381960391998291,
    0.29030942916870117,
    -0.043664515018463135,
    0.02721569687128067,
    -1.035096526145935,
    1.0657703876495361,
    -0.48253223299980164,
    -0.13089269399642944,
    -1.4678332805633545,
    0.4515319764614105,
    -1.4868850708007812,
    -0.31676366925239563,
    0.696020245552063,
    -1.3605760335922241,
    1.320487141609192
  ],
  "O.CC#N": [
    1.9306057691574097,
    -0.617915153503418,
    0.03381846845149994,
    0.1570192277431488,
    0.3369797468185425,
    -1.722312331199646,
    0.5759367942810059,
    -0.20754212141036987,
    -0.1871475875377655,
    -1.4635673761367798,
    0.5731281042098999,
    -1.0993552207946777,
    0.3166998624801636,
    0.653598427772522,
    -1.0189909934997559,
    1.7526549100875854
  ],
  "CC#N": [
    2.1676318645477295,
    0.14080484211444855,
    0.24284830689430237,
    0.058792632073163986,
    -0.016897795721888542,
    -1.0306909084320068,
    1.062715768814087,
    -0.383306622505188,
    0.040725383907556534,
    -1.4720300436019897,
    0.47400739789009094,
    -1.5619087219238281,
    -0.1939430683851242,
    0.5766748189926147,
    -1.4078420400619507,
    1.3196426630020142
  ],
  "CC#N.CC(=O)O": [
    2.1648874282836914,
    0.028317919000983238,
    0.21967433393001556,
    0.005783412605524063,
    -0.011155761778354645,
    -1.1193180084228516,
    0.9494006633758545,
    -0.4086308181285858,
    0.14294876158237457,
    -1.4982670545578003,
    0.5393283367156982,
    -1.4180232286453247,
    -0.18150021135807037,
    0.6372527480125427,
    -1.4246649742126465,
    1.3909991979599
  ],
  "CCOCC": [
    1.9434257745742798,
    0.7506383657455444,
    0.1174100786447525,
    -0.18903478980064392,
    -0.7093411684036255,
    -0.6363889575004578,
    1.6267825365066528,
    -0.43788403272628784,
    -0.43393415212631226,
    -0.9450162649154663,
    0.5275698900222778,
    -1.8902740478515625,
    -0.5568488240242004,
    0.8283635973930359,
    -1.0054715871810913,
    1.0277397632598877
  ],
  "OCC(F)(F)F": [
    1.8889575004577637,
    -0.2899838089942932,
    0.1382540613412857,
    -0.20614036917686462,
    -0.11255668848752975,
    -1.6009598970413208,
    0.7494162321090698,
    -0.3379320800304413,
    0.15053632855415344,
    -1.7400091886520386,
    0.6103780269622803,
    -0.9845200181007385,
    0.3427181839942932,
    0.808591902256012,
    -1.0476855039596558,
    1.6494333744049072
  ],
  "O.OCC(F)(F)F": [
    1.6242597103118896,
    -0.8562483787536621,
    -0.057622648775577545,
    0.1422193944454193,
    0.41478487849235535,
    -1.9419493675231934,
    0.36827781796455383,
    0.0876789316534996,
    -0.18678417801856995,
    -1.5055091381072998,
    0.49128004908561707,
    -0.8015137910842896,
    0.4771559238433838,
    0.8201344609260559,
    -0.9255380034446716,
    1.8633533716201782
  ],
  "CN(C)C(C)=O": [
    2.120088577270508,
    0.5079931020736694,
    0.46135208010673523,
    -0.09738899767398834,
    -0.027755219489336014,
    -0.8027437329292297,
    1.13127863407135,
    -0.49436405301094055,
    -0.31667113304138184,
    -1.3529679775238037,
    0.443930447101593,
    -1.7660508155822754,
    -0.40246522426605225,
    0.745294988155365,
    -1.2824864387512207,
    1.1507277488708496
  ],
  "CCCCCCCCCCO": [
    1.932492733001709,
    0.674164891242981,
    0.20811313390731812,
    -0.31198057532310486,
    -0.47372493147850037,
    -0.5222135782241821,
    1.4091618061065674,
    -0.5480043292045593,
    -0.5808113217353821,
    -1.0105868577957153,
    0.7103452086448669,
    -1.8998055458068848,
    -0.6204214692115784,
    1.086394190788269,
    -1.0100470781326294,
    0.9743974208831787
  ],
  "OCC": [
    2.142216920852661,
    0.0764203816652298,
    0.24800024926662445,
    -0.035368453711271286,
    0.11526283621788025,
    -1.1927911043167114,
    1.0268982648849487,
    -0.4444798529148102,
    -0.03601371869444847,
    -1.5118387937545776,
    0.4381498098373413,
    -1.3178772926330566,
    -0.16674911975860596,
    0.707317054271698,
    -1.417651891708374,
    1.3884919881820679
  ],
  "C1CCOC1": [
    2.0550785064697266,
    0.5415902137756348,
    0.2941024899482727,
    -0.1923474818468094,
    -0.49975109100341797,
    -0.4896012246608734,
    1.4760159254074097,
    -0.4131389260292053,
    -0.1966410130262375,
    -1.015519380569458,
    0.48286324739456177,
    -1.9420722723007202,
    -0.6119284629821777,
    0.7859077453613281,
    -1.2575960159301758,
    0.9998872876167297
  ],
  "[C@H]12CCC([C@H](OC1)O2)=O": [
    2.232357978820801,
    -0.012862266972661018,
    0.44556924700737,
    0.07822104543447495,
    0.31184250116348267,
    -1.1396018266677856,
    0.8435912728309631,
    -0.4802442491054535,
    -0.1711004376411438,
    -1.3500287532806396,
    0.3215169608592987,
    -1.5480618476867676,
    -0.18376445770263672,
    0.6445842385292053,
    -1.3499144315719604,
    1.3738104104995728
  ],
  "O=C(OCC)C": [
    2.008297920227051,
    0.7238191962242126,
    0.18265222012996674,
    -0.15406610071659088,
    -0.6106467843055725,
    -0.547075629234314,
    1.5442544221878052,
    -0.42795708775520325,
    -0.28872150182724,
    -0.9975341558456421,
    0.4847365617752075,
    -1.8814504146575928,
    -0.6209286451339722,
    0.7800331115722656,
    -1.1867491006851196,
    1.0086864233016968
  ],
  "CC(C)(C)OC": [
    1.7876598834991455,
    0.770207405090332,
    -0.04858770966529846,
    -0.28110435605049133,
    -1.034087061882019,
    -0.6311210989952087,
    1.7778927087783813,
    -0.42709389328956604,
    -0.41707971692085266,
    -0.8548001050949097,
    0.5988267660140991,
    -1.8067200183868408,
    -0.5740922689437866,
    1.0552834272384644,
    -0.8105271458625793,
    0.9156162738800049
  ],