{
  "CO": [
    1.8146240711212158,
    -0.3281785547733307,
    0.331794410943985,
    -0.2128307819366455,
    -0.0490497425198555,
    -1.3957794904708862,
    0.7962442636489868,
    -0.11209219694137573,
    0.4214334785938263,
    -1.5502982139587402,
    0.10295739769935608,
    -1.2816779613494873,
    0.11532481014728546,
    0.815028727054596,
    -1.2687300443649292,
    1.8148133754730225
  ],
  "OCCO": [
    1.988953948020935,
    -0.5034515261650085,
    0.16516439616680145,
    0.3481592535972595,
    0.7219721674919128,
    -1.5476493835449219,
    0.6936133503913879,
    -0.3498155474662781,
    -0.26493820548057556,
    -1.3898979425430298,
    0.3881412148475647,
    -1.251399278640747,
    0.05592174455523491,
    0.6813414096832275,
    -1.2540537118911743,
    1.533023715019226
  ],
  "C(C(F)(F)F)(C(F)(F)F)O": [
    1.556532621383667,
    -0.47369155287742615,
    -0.03382569178938866,
    -0.25561630725860596,
    0.006598286330699921,
    -1.7068400382995605,
    0.5378525853157043,
    -0.08975459635257721,
    0.2880990505218506,
    -1.9567925930023193,
    0.5935310125350952,
    -0.8356750011444092,
    0.4993247091770172,
    0.7426563501358032,
    -0.7602083683013916,
    1.9029306173324585
  ],
  "O1C(C)CCC1": [
    2.0398056507110596,
    0.655551016330719,
    0.29588910937309265,
    -0.1837931126356125,
    -0.456112265586853,
    -0.5733372569084167,
    1.4753199815750122,
    -0.4712103605270386,
    -0.38485294580459595,
    -1.0162991285324097,
    0.4328727424144745,
    -1.9483777284622192,
    -0.5293283462524414,
    0.7670594453811646,
    -1.147813320159912,
    1.0596517324447632
  ],
  "C1CCCCC1": [
    1.7181493043899536,
    0.6331600546836853,
    -0.1599363386631012,
    -0.2506040334701538,
    -1.0576832294464111,
    -0.912996768951416,
    1.620759129524231,
    -0.3176765739917755,
    -0.3259783387184143,
    -0.8902237415313721,
    0.7598301768302917,
    -1.8815604448318481,
    -0.5183147192001343,
    1.215467095375061,
    -0.5710998773574829,
    0.9576309323310852
  ],
  "CC(O)C": [
    2.0209109783172607,
    0.33769491314888,
    0.30160975456237793,
    -0.034547749906778336,
    -0.1206369623541832,
    -0.9620973467826843,
    1.3200048208236694,
    -0.4775680601596832,
    -0.15505512058734894,
    -1.3629446029663086,
    0.2869837284088135,
    -1.651415228843689,
    -0.29085618257522583,
    0.7421538233757019,
    -1.2985783815383911,
    1.3616201877593994
  ],
  "O.CC#N": [
    1.7809810638427734,
    -0.7466035485267639,
    0.009164459072053432,
    0.21992100775241852,
    0.365058571100235,
    -1.7798092365264893,
    0.5331808924674988,
    -0.03582030534744263,
    -0.22554178535938263,
    -1.42414128780365,
    0.5545856356620789,
    -1.121823787689209,
    0.3547618091106415,
    0.7310549020767212,
    -1.0068414211273193,
    1.8030495643615723
  ],
  "CC#N": [
    2.1725261211395264,
    0.11390198767185211,
    0.26994022727012634,
    -0.0035635842941701412,
    0.005787808448076248,
    -0.967013955116272,
    1.0611919164657593,
    -0.3812043368816376,
    -0.001823638565838337,
    -1.4305996894836426,
    0.5013749003410339,
    -1.5627573728561401,
    -0.260405957698822,
    0.5504944324493408,
    -1.426751732826233,
    1.3734245300292969
  ],
  "CC#N.CC(=O)O": [
    2.0858511924743652,
    -0.010467317886650562,
    0.26916617155075073,
    -0.044583432376384735,
    -0.034264154732227325,
    -1.1334254741668701,
    1.0481230020523071,
    -0.42060211300849915,
    0.18921639025211334,
    -1.500982642173767,
    0.4673725962638855,
    -1.444932222366333,
    -0.11211761832237244,
    0.6359677910804749,
    -1.4087806940078735,
    1.4303759336471558
  ],
  "CCOCC": [
    1.8036024570465088,
    0.6792261600494385,
    0.05682104453444481,
    -0.20668908953666687,
    -0.7965173125267029,
    -0.5302533507347107,
    1.7432599067687988,
    -0.4895336627960205,
    -0.44269105792045593,
    -0.9682708978652954,
    0.4537752866744995,
    -1.8705103397369385,
    -0.5827768445014954,
    0.9945468306541443,
    -0.912659764289856,
    1.0863505601882935
  ],
  "OCC(F)(F)F": [
    1.9688640832901,
    -0.27697163820266724,
    -0.01567891053855419,
    -0.15401910245418549,
    0.13135504722595215,
    -1.6222319602966309,
    0.4923642575740814,
    -0.32096949219703674,
    0.19581711292266846,
    -1.8051624298095703,
    0.6191651225090027,
    -0.8346020579338074,
    0.2822332978248596,
    0.7134105563163757,
    -1.0548381805419922,
    1.696826696395874
  ],
  "O.OCC(F)(F)F": [
    1.5355550050735474,
    -0.8779178857803345,
    -0.03268978372216225,
    0.1541331708431244,
    0.3493233025074005,
    -1.9977179765701294,
    0.4504654109477997,
    0.10096782445907593,
    -0.22965538501739502,
    -1.4658299684524536,
    0.49731379747390747,
    -0.8655625581741333,
    0.47310760617256165,
    0.8759927153587341,
    -0.8344900608062744,
    1.880110263824463
  ],
  "CN(C)C(C)=O": [
    2.1442947387695312,
    0.4131952226161957,
    0.4857107400894165,
    -0.1863975077867508,
    0.022386588156223297,
    -0.7627036571502686,
    1.1243396997451782,
    -0.5021744966506958,
    -0.2100382000207901,
    -1.3585580587387085,
    0.37945860624313354,
    -1.7541542053222656,
    -0.4025970697402954,
    0.7179936170578003,
    -1.3009575605392456,
    1.2060574293136597
  ],
  "CCCCCCCCCCO": [
    2.00041127204895,
    0.6167399883270264,
    0.17356407642364502,
    -0.4274628460407257,
    -0.38274064660072327,
    -0.42618921399116516,
    1.3927570581436157,
    -0.5635809898376465,
    -0.5388458371162415,
    -1.0233014822006226,
    0.6389353275299072,
    -1.897105097770691,
    -0.6263542771339417,
    1.0757805109024048,
    -1.0085737705230713,
    1.0118927955627441
  ],
  "OCC": [
    2.1053242683410645,
    0.03911104053258896,
    0.23424454033374786,
    -0.020389636978507042,
    0.18429027497768402,
    -1.1554505825042725,
    1.0356885194778442,
    -0.44491153955459595,
    -0.05932046100497246,
    -1.4971660375595093,
    0.4482296109199524,
    -1.3279495239257812,
    -0.20127186179161072,
    0.7112864851951599,
    -1.4560790061950684,
    1.422094464302063
  ],
  "C1CCOC1": [
    1.9189577102661133,
    0.6017675399780273,
    0.19755196571350098,
    -0.09652923792600632,
    -0.5670245289802551,
    -0.38131892681121826,
    1.5848850011825562,
    -0.5207550525665283,
    -0.3817182183265686,
    -0.9363725781440735,
    0.49017179012298584,
    -2.0264320373535156,
    -0.6811864376068115,
    0.8832352161407471,
    -1.0781641006469727,
    1.0079036951065063
  ],
  "[C@H]12CCC([C@H](OC1)O2)=O": [
    2.209153652191162,
    -0.0872398167848587,
    0.3767484426498413,
    0.06571294367313385,
    0.4067116379737854,
    -1.0832691192626953,
    0.8378244638442993,
    -0.4928947389125824,
    -0.16057656705379486,
    -1.3629443645477295,
    0.37666055560112,
    -1.4867931604385376,
    -0.21463191509246826,
    0.6603126525878906,
    -1.4290432929992676,
    1.3983795642852783
  ],
  "O=C(OCC)C": [
    2.0000529289245605,
    0.6855416297912598,
    0.20042487978935242,
    -0.13346152007579803,
    -0.5394030213356018,
    -0.5969642996788025,
    1.5749173164367676,
    -0.43152424693107605,
    -0.299967497587204,
    -0.9906355142593384,
    0.4949790835380554,
    -1.917218565940857,
    -0.5909762382507324,
    0.7706560492515564,
    -1.1841075420379639,
    0.9744354486465454
  ],
  "CC(C)(C)OC": [
    1.8177883625030518,
    0.7119526267051697,
    0.009401862509548664,
    -0.27656465768814087,
    -0.8881415724754333,
    -0.6350717544555664,
    1.7574821710586548,
    -0.4046761989593506,
    -0.36938223242759705,
    -0.9415096640586853,
    0.6113949418067932,
    -1.8690937757492065,
    -0.5897255539894104,
    0.9970332980155945,
    -0.8422196507453918,
    0.9308332800865173
  ],