{
  "CO": [
    1.7538048028945923,
    -0.3089318573474884,
    0.2557325065135956,
    -0.20747481286525726,
    -0.13716596364974976,
    -1.602283239364624,
    0.7541798949241638,
    -0.11351107805967331,
    0.46426087617874146,
    -1.6180305480957031,
    0.16276927292346954,
    -1.154983639717102,
    0.19207505881786346,
    0.8781238794326782,
    -1.1061491966247559,
    1.8078712224960327
  ],
  "OCCO": [
    1.9775760173797607,
    -0.49534088373184204,
    0.16410286724567413,
    0.42025303840637207,
    0.6407549381256104,
    -1.6749874353408813,
    0.6591899394989014,
    -0.23334239423274994,
    -0.2533954381942749,
    -1.3912028074264526,
    0.32012373208999634,
    -1.2142441272735596,
    0.02904539182782173,
    0.7047706842422485,
    -1.1879634857177734,
    1.5557243824005127
  ],
  "C(C(F)(F)F)(C(F)(F)F)O": [
    1.6358360052108765,
    -0.3031884729862213,
    0.04040092974901199,
    -0.2507905066013336,
    -0.28712034225463867,
    -1.6649959087371826,
    0.3797650933265686,
    0.027427542954683304,
    0.46406522393226624,
    -2.055654764175415,
    0.5302326679229736,
    -0.9183401465415955,
    0.5004119873046875,
    0.6393171548843384,
    -0.5829432606697083,
    1.8628714084625244
  ],
  "O1C(C)CCC1": [
    1.97339928150177,
    0.7485781311988831,
    0.2693980634212494,
    -0.1540747731924057,
    -0.6984123587608337,
    -0.4994810223579407,
    1.5829147100448608,
    -0.48582273721694946,
    -0.4296165704727173,
    -0.9347552061080933,
    0.3673260509967804,
    -1.901994228363037,
    -0.6252393126487732,
    0.8448034524917603,
    -1.0655192136764526,
    1.0283156633377075
  ],
  "C1CCCCC1": [
    1.770817756652832,
    0.6931239366531372,
    -0.13114409148693085,
    -0.2590528130531311,
    -1.1897119283676147,
    -0.8886171579360962,
    1.6121256351470947,
    -0.27568644285202026,
    -0.29210591316223145,
    -0.8287611603736877,
    0.7755847573280334,
    -1.8564255237579346,
    -0.5603188276290894,
    1.1276682615280151,
    -0.5797338485717773,
    0.9037280678749084
  ],
  "CC(O)C": [
    2.051297426223755,
    0.40967097878456116,
    0.302734911441803,
    -0.026925647631287575,
    -0.18319763243198395,
    -1.080341100692749,
    1.2626389265060425,
    -0.4220298230648041,
    -0.1666308045387268,
    -1.407688856124878,
    0.45319661498069763,
    -1.6413215398788452,
    -0.30184319615364075,
    0.7440311312675476,
    -1.2243064641952515,
    1.2543034553527832
  ],
  "O.CC#N": [
    1.8722361326217651,
    -0.6916005611419678,
    -0.026518581435084343,
    0.20820395648479462,
    0.2636764943599701,
    -1.8277792930603027,
    0.3889864385128021,
    -0.03120926022529602,
    -0.10215235501527786,
    -1.4158228635787964,
    0.4765528738498688,
    -0.9682511687278748,
    0.22412995994091034,
    0.8592570424079895,
    -1.029976725578308,
    1.8162736892700195
  ],
  "CC#N": [
    2.2208316326141357,
    0.18478773534297943,
    0.3118923306465149,
    -0.05620405077934265,
    -0.12093202024698257,
    -1.098034381866455,
    1.0575628280639648,
    -0.3416826128959656,
    0.06967268884181976,
    -1.4246996641159058,
    0.45257923007011414,
    -1.491186499595642,
    -0.26213908195495605,
    0.5655155181884766,
    -1.3778153657913208,
    1.3312569856643677
  ],
  "CC#N.CC(=O)O": [
    2.1368916034698486,
    0.0794239416718483,
    0.22634461522102356,
    0.007930444553494453,
    -0.13688713312149048,
    -1.1728709936141968,
    1.009387731552124,
    -0.3764857351779938,
    0.1580667346715927,
    -1.4898302555084229,
    0.5613368153572083,
    -1.4642164707183838,
    -0.1969805210828781,
    0.6545284986495972,
    -1.3443257808685303,
    1.3688844442367554
  ],
  "CCOCC": [
    1.969727873802185,
    0.7919406294822693,
    0.14999528229236603,
    -0.23220638930797577,
    -0.8011454939842224,
    -0.6248655915260315,
    1.6168122291564941,
    -0.4139584004878998,
    -0.41627126932144165,
    -0.9321290254592896,
    0.5108460783958435,
    -1.8822375535964966,
    -0.5731779932975769,
    0.8111951947212219,
    -0.9528767466545105,
    0.9987413287162781
  ],
  "OCC(F)(F)F": [
    1.8240083456039429,
    -0.2572568953037262,
    0.09380088746547699,
    -0.11996635794639587,
    -0.21372196078300476,
    -1.706154704093933,
    0.7518870830535889,
    -0.28268715739250183,
    0.1644393801689148,
    -1.7450361251831055,
    0.6344859600067139,
    -1.0067461729049683,
    0.3146836459636688,
    0.8196232914924622,
    -0.9236334562301636,
    1.6739914417266846
  ],
  "O.OCC(F)(F)F": [
    1.6092780828475952,
    -0.7743905186653137,
    -0.06851189583539963,
    0.15414318442344666,
    0.23573708534240723,
    -2.037673234939575,
    0.49530988931655884,
    0.06042856723070145,
    -0.2567436993122101,
    -1.5440998077392578,
    0.5672369003295898,
    -0.79816073179245,
    0.4611455798149109,
    0.8834124207496643,
    -0.763996958732605,
    1.796528697013855
  ],
  "CN(C)C(C)=O": [
    2.1891660690307617,
    0.4870128929615021,
    0.522368311882019,
    -0.21778322756290436,
    -0.11390278488397598,
    -0.8586134910583496,
    1.1471943855285645,
    -0.4737248122692108,
    -0.2046111524105072,
    -1.2954663038253784,
    0.31902584433555603,
    -1.706156611442566,
    -0.3914662003517151,
    0.6888386011123657,
    -1.2751888036727905,
    1.2046585083007812
  ],
  "CCCCCCCCCCO": [
    1.9742155075073242,
    0.7068176865577698,
    0.22944605350494385,
    -0.399287611246109,
    -0.636574387550354,
    -0.4451141059398651,
    1.460952639579773,
    -0.5724259614944458,
    -0.6345565915107727,
    -0.939947247505188,
    0.6030632853507996,
    -1.8904211521148682,
    -0.5857759118080139,
    1.0912290811538696,
    -0.8927696347236633,
    0.9510796070098877
  ],
  "OCC": [
    2.1561343669891357,
    0.0979800671339035,
    0.2706139385700226,
    -0.06753340363502502,
    0.05160941556096077,
    -1.2653862237930298,
    1.015973448753357,
    -0.42199793457984924,
    0.008528688922524452,
    -1.4848893880844116,
    0.4154733717441559,
    -1.273141622543335,
    -0.20721353590488434,
    0.7361027598381042,
    -1.3985592126846313,
    1.3907092809677124
  ],
  "C1CCOC1": [
    2.039259910583496,
    0.652085542678833,
    0.3239078223705292,
    -0.19818875193595886,
    -0.6450567841529846,
    -0.5264209508895874,
    1.5258761644363403,
    -0.41621115803718567,
    -0.2829529047012329,
    -0.9136055707931519,
    0.45769864320755005,
    -1.9772844314575195,
    -0.6378088593482971,
    0.7286227941513062,
    -1.1133376359939575,
    1.002261757850647
  ],
  "[C@H]12CCC([C@H](OC1)O2)=O": [
    2.274786949157715,
    0.03274117410182953,
    0.4114929437637329,
    0.03344196081161499,
    0.20688703656196594,
    -1.142043948173523,
    0.891573429107666,
    -0.4867079257965088,
    -0.11832020431756973,
    -1.3817057609558105,
    0.3354494869709015,
    -1.5136215686798096,
    -0.22115162014961243,
    0.6854041218757629,
    -1.3106292486190796,
    1.3238023519515991
  ],
  "O=C(OCC)C": [
    1.9474281072616577,
    0.7890310287475586,
    0.17549002170562744,
    -0.15951800346374512,
    -0.8137946724891663,
    -0.5101636648178101,
    1.6461175680160522,
    -0.4391375780105591,
    -0.3382173478603363,
    -0.927113950252533,
    0.43784159421920776,
    -1.8769752979278564,
    -0.6657700538635254,
    0.8363139629364014,
    -1.0434962511062622,
    0.9628424644470215
  ],
  "CC(C)(C)OC": [
    1.806848168373108,
    0.7753124833106995,
    -0.009047530591487885,
    -0.3455030620098114,
    -1.0887099504470825,
    -0.5556030869483948,
    1.797066569328308,
    -0.4109601080417633,
    -0.3365941345691681,
    -0.8777256011962891,
    0.5192738175392151,
    -1.7670565843582153,
    -0.6328617930412292,
    1.0072671175003052,
    -0.8166296482086182,
    0.957707941532135
  ],