{
  "CO": [
    1.8650662899017334,
    -0.42767730355262756,
    -0.06630878150463104,
    0.05057865008711815,
    0.3496361970901489,
    -1.61170494556427,
    0.7356849312782288,
    -0.36533451080322266,
    0.11008735746145248,
    -1.5546261072158813,
    0.6030973196029663,
    -0.9284735918045044,
    0.24088844656944275,
    0.6540234684944153,
    -1.3545377254486084,
    1.709522008895874
  ],
  "OCCO": [
    1.9556931257247925,
    -0.5375847220420837,
    0.07352622598409653,
    0.40386542677879333,
    0.7676434516906738,
    -1.486589789390564,
    0.7695518136024475,
    -0.3432435393333435,
    -0.3143285810947418,
    -1.4031163454055786,
    0.5565497279167175,
    -1.2454290390014648,
    0.07047112286090851,
    0.5590872168540955,
    -1.3112778663635254,
    1.4953159093856812
  ],
  "C(C(F)(F)F)(C(F)(F)F)O": [
    1.2852598428726196,
    -0.3241598308086395,
    0.03152405098080635,
    -0.3755238950252533,
    -0.4442051947116852,
    -1.5254600048065186,
    0.9503774046897888,
    0.08652693778276443,
    0.4945083260536194,
    -2.0325968265533447,
    0.3263319432735443,
    -1.0309009552001953,
    0.435695081949234,
    0.7200499773025513,
    -0.5809535980224609,
    1.9963189363479614
  ],
  "O1C(C)CCC1": [
    1.9020038843154907,
    0.6865670084953308,
    0.15841332077980042,
    -0.12068023532629013,
    -0.5652099847793579,
    -0.45270010828971863,
    1.7085703611373901,
    -0.5390292406082153,
    -0.4731798768043518,
    -0.9466824531555176,
    0.43528586626052856,
    -1.9309262037277222,
    -0.5795210599899292,
    0.8331775665283203,
    -1.0987632274627686,
    0.9955716133117676
  ],
  "C1CCCCC1": [
    1.802502155303955,
    0.6417412757873535,
    -0.12431535869836807,
    -0.18405470252037048,
    -1.0306459665298462,
    -0.8646382093429565,
    1.7533881664276123,
    -0.2706826329231262,
    -0.35781973600387573,
    -0.8074407577514648,
    0.7378572821617126,
    -1.8701565265655518,
    -0.47342202067375183,
    1.0146647691726685,
    -0.8086947798728943,
    0.856951117515564
  ],
  "CC(O)C": [
    2.1046271324157715,
    0.29417330026626587,
    0.18660341203212738,
    -0.02213834971189499,
    0.0893428772687912,
    -0.941129744052887,
    1.2165552377700806,
    -0.4812873899936676,
    -0.13268476724624634,
    -1.5195915699005127,
    0.5631206035614014,
    -1.522152304649353,
    -0.2964150011539459,
    0.6012043356895447,
    -1.3818559646606445,
    1.2550280094146729
  ],
  "O.CC#N": [
    1.9365185499191284,
    -0.7740472555160522,
    -0.12493045628070831,
    0.18645262718200684,
    0.3914814293384552,
    -1.6394504308700562,
    0.44893595576286316,
    -0.0919472947716713,
    -0.028507914394140244,
    -1.465283751487732,
    0.5602593421936035,
    -1.0263422727584839,
    0.25464513897895813,
    0.6433007717132568,
    -1.0861718654632568,
    1.8212114572525024
  ],
  "CC#N": [
    2.1118292808532715,
    0.11363042891025543,
    0.16046522557735443,
    0.08500320464372635,
    -0.000879439408890903,
    -0.943858802318573,
    1.19306218624115,
    -0.43062713742256165,
    -0.021437782794237137,
    -1.4671645164489746,
    0.594640851020813,
    -1.5960874557495117,
    -0.14725914597511292,
    0.44507190585136414,
    -1.415459394454956,
    1.3292229175567627
  ],
  "CC#N.CC(=O)O": [
    2.1101596355438232,
    -0.02957618422806263,
    0.14279049634933472,
    0.005463756620883942,
    0.050763361155986786,
    -1.0494565963745117,
    1.0654711723327637,
    -0.44843369722366333,
    0.17137649655342102,
    -1.5594264268875122,
    0.6071580052375793,
    -1.3727256059646606,
    -0.11013545840978622,
    0.521483838558197,
    -1.4804704189300537,
    1.3866157531738281
  ],
  "CCOCC": [
    1.7729134559631348,
    0.7089611291885376,
    -0.041816502809524536,
    -0.15976375341415405,
    -0.7774696946144104,
    -0.49855753779411316,
    1.856838583946228,
    -0.5157231092453003,
    -0.5000662803649902,
    -0.949506402015686,
    0.5342129468917847,
    -1.8634175062179565,
    -0.5911393165588379,
    0.9806077480316162,
    -0.8852632641792297,
    0.9449355006217957
  ],
  "OCC(F)(F)F": [
    1.8107430934906006,
    -0.33975037932395935,
    0.07411965727806091,
    -0.21399849653244019,
    -0.02487763576209545,
    -1.596177339553833,
    0.9105532765388489,
    -0.3535943329334259,
    0.03810011222958565,
    -1.7403819561004639,
    0.7357141971588135,
    -1.008293628692627,
    0.42439496517181396,
    0.7373215556144714,
    -1.051866888999939,
    1.6111210584640503
  ],
  "O.OCC(F)(F)F": [
    1.5792316198349,
    -0.8669694662094116,
    -0.11560241878032684,
    0.1061316654086113,
    0.3882341980934143,
    -1.8923887014389038,
    0.6386376619338989,
    -0.045241083949804306,
    -0.2941640019416809,
    -1.5429097414016724,
    0.7275893688201904,
    -0.8437483906745911,
    0.5540724992752075,
    0.7390545010566711,
    -0.8954893350601196,
    1.7741563320159912
  ],
  "CN(C)C(C)=O": [
    2.0499916076660156,
    0.4790017604827881,
    0.3698059320449829,
    -0.08609596639871597,
    -0.021065987646579742,
    -0.7345811128616333,
    1.3050652742385864,
    -0.5656735301017761,
    -0.31737425923347473,
    -1.350742220878601,
    0.5183918476104736,
    -1.818042516708374,
    -0.3594386577606201,
    0.7202154994010925,
    -1.2679314613342285,
    1.0910699367523193
  ],
  "CCCCCCCCCCO": [
    1.9845049381256104,
    0.6609923243522644,
    0.07617191970348358,
    -0.440268874168396,
    -0.3738403916358948,
    -0.380036324262619,
    1.5090583562850952,
    -0.5667944550514221,
    -0.5321019887924194,
    -1.0178720951080322,
    0.7048779726028442,
    -1.8777929544448853,
    -0.638547956943512,
    1.012058138847351,
    -1.0223934650421143,
    0.9153230786323547
  ],
  "OCC": [
    2.0816075801849365,
    0.0187215693295002,
    0.16341401636600494,
    0.009413985535502434,
    0.20278310775756836,
    -1.1115902662277222,
    1.1620492935180664,
    -0.44872182607650757,
    -0.0981287881731987,
    -1.5142680406570435,
    0.5650632977485657,
    -1.3774679899215698,
    -0.13076205551624298,
    0.5796868205070496,
    -1.4532984495162964,
    1.3645118474960327
  ],
  "C1CCOC1": [
    1.9066493511199951,
    0.6040189862251282,
    0.130352184176445,
    -0.10332603007555008,
    -0.536338746547699,
    -0.38534075021743774,
    1.6747384071350098,
    -0.5078086256980896,
    -0.31218111515045166,
    -0.9863917827606201,
    0.5296623110771179,
    -2.0405354499816895,
    -0.6460828185081482,
    0.8115105032920837,
    -1.0647469758987427,
    0.938355028629303
  ],
  "[C@H]12CCC([C@H](OC1)O2)=O": [
    2.2220122814178467,
    -0.006768500432372093,
    0.36582303047180176,
    0.09331811964511871,
    0.38173240423202515,
    -1.0295907258987427,
    0.92537522315979,
    -0.5245746374130249,
    -0.18300573527812958,
    -1.4117372035980225,
    0.48022958636283875,
    -1.5983563661575317,
    -0.16263435781002045,
    0.5409801006317139,
    -1.3625879287719727,
    1.279581069946289
  ],
  "O=C(OCC)C": [
    1.7834051847457886,
    0.7023013830184937,
    -0.00514124846085906,
    -0.021112021058797836,
    -0.7116705775260925,
    -0.3945388197898865,
    1.8209611177444458,
    -0.5240762829780579,
    -0.34723642468452454,
    -0.9335275292396545,
    0.5293819308280945,
    -1.9447156190872192,
    -0.7072272896766663,
    0.8966865539550781,
    -1.0250693559646606,
    0.8960666060447693
  ],
  "CC(C)(C)OC": [
    1.7191218137741089,
    0.7593368887901306,
    -0.16617003083229065,
    -0.2275378555059433,
    -0.9341502785682678,
    -0.5831443071365356,
    1.92033851146698,
    -0.46183788776397705,
    -0.4789479672908783,
    -0.858708918094635,
    0.6439045071601868,
    -1.8138500452041626,
    -0.6014164686203003,
    1.039249300956726,
    -0.7766485810279846,
    0.8377074003219604
  ],