{
  "CO": [
    1.9667969942092896,
    -0.24790681898593903,
    0.019615255296230316,
    0.16391025483608246,
    0.14885307848453522,
    -1.716909408569336,
    0.7399027347564697,
    -0.3696123957633972,
    0.08290394395589828,
    -1.5317606925964355,
    0.48761042952537537,
    -0.9412331581115723,
    0.05820344388484955,
    0.7973079085350037,
    -1.2570353746414185,
    1.6262060403823853
  ],
  "OCCO": [
    2.071695327758789,
    -0.2999041974544525,
    0.21576310694217682,
    0.2836386263370514,
    0.5452017188072205,
    -1.582681655883789,
    0.7421101331710815,
    -0.39028623700141907,
    -0.1398046761751175,
    -1.498826026916504,
    0.19587886333465576,
    -1.1499849557876587,
    -0.029840033501386642,
    0.7536796927452087,
    -1.2076107263565063,
    1.5196771621704102
  ],
  "C(C(F)(F)F)(C(F)(F)F)O": [
    1.6777727603912354,
    -0.1850496083498001,
    -0.03796526417136192,
    -0.08658982068300247,
    -0.3054388165473938,
    -1.747355341911316,
    0.6290503144264221,
    -0.2329196035861969,
    0.13958954811096191,
    -2.03450608253479,
    0.75323086977005,
    -0.8532284498214722,
    0.44891440868377686,
    0.7136611342430115,
    -0.5673293471336365,
    1.7139561176300049
  ],
  "O1C(C)CCC1": [
    2.006385564804077,
    0.7669476866722107,
    0.24561969935894012,
    -0.11280800402164459,
    -0.652086615562439,
    -0.5359719395637512,
    1.617371678352356,
    -0.5143386721611023,
    -0.44150957465171814,
    -0.9589321613311768,
    0.306400328874588,
    -1.859002947807312,
    -0.6264265775680542,
    0.8463770747184753,
    -1.053624153137207,
    0.9910570979118347
  ],
  "C1CCCCC1": [
    1.7277988195419312,
    0.7213115096092224,
    -0.18528951704502106,
    -0.4073943793773651,
    -1.2160645723342896,
    -0.8968302607536316,
    1.5613036155700684,
    -0.35061830282211304,
    -0.3597659468650818,
    -0.7373495101928711,
    0.6597093343734741,
    -1.743263840675354,
    -0.6616291403770447,
    1.428830623626709,
    -0.40796709060668945,
    0.8937685489654541
  ],
  "CC(O)C": [
    2.1856369972229004,
    0.3711117208003998,
    0.2809796631336212,
    -0.03587273135781288,
    -0.02774365246295929,
    -1.127333641052246,
    1.1138869524002075,
    -0.45250648260116577,
    -0.07355021685361862,
    -1.490122675895691,
    0.35668107867240906,
    -1.3907785415649414,
    -0.3756107985973358,
    0.739216148853302,
    -1.3176189661026,
    1.2738401889801025
  ],
  "O.CC#N": [
    1.7953343391418457,
    -0.6244276165962219,
    0.030142847448587418,
    0.2634776532649994,
    0.2756936252117157,
    -1.912601351737976,
    0.5417614579200745,
    -0.05265454202890396,
    -0.17027753591537476,
    -1.4542171955108643,
    0.4200398623943329,
    -1.0338290929794312,
    0.2747052311897278,
    0.8222235441207886,
    -0.9368157982826233,
    1.7837151288986206
  ],
  "CC#N": [
    2.2263665199279785,
    0.23682661354541779,
    0.2789321839809418,
    0.03064625896513462,
    -0.10182725638151169,
    -1.0951817035675049,
    1.1314988136291504,
    -0.406131386756897,
    0.04564213007688522,
    -1.4702088832855225,
    0.375033974647522,
    -1.4527919292449951,
    -0.2954387366771698,
    0.5909973382949829,
    -1.3463245630264282,
    1.280307412147522
  ],
  "CC#N.CC(=O)O": [
    2.1944901943206787,
    0.1324423998594284,
    0.24011710286140442,
    0.004477647133171558,
    -0.0840165913105011,
    -1.1935153007507324,
    1.0358502864837646,
    -0.4286070168018341,
    0.16520684957504272,
    -1.495887279510498,
    0.44987428188323975,
    -1.3589540719985962,
    -0.25251635909080505,
    0.6540518403053284,
    -1.3678630590438843,
    1.3329592943191528
  ],
  "CCOCC": [
    2.034264087677002,
    0.7324745059013367,
    0.15692776441574097,
    -0.2681742012500763,
    -0.7759857177734375,
    -0.610931932926178,
    1.665157437324524,
    -0.42659398913383484,
    -0.2540052533149719,
    -0.9897195100784302,
    0.3078679144382477,
    -1.7739664316177368,
    -0.5910235047340393,
    0.8095882534980774,
    -1.0316102504730225,
    1.0422849655151367
  ],
  "OCC(F)(F)F": [
    1.8805752992630005,
    -0.21428605914115906,
    0.03815523535013199,
    -0.06034613773226738,
    -0.06449532508850098,
    -1.8078992366790771,
    0.7087581157684326,
    -0.2343243509531021,
    0.03567801043391228,
    -1.7322444915771484,
    0.5691595077514648,
    -0.9451518654823303,
    0.28855031728744507,
    0.8370296359062195,
    -0.9084680676460266,
    1.6368732452392578
  ],
  "O.OCC(F)(F)F": [
    1.6531027555465698,
    -0.6893893480300903,
    -0.07313353568315506,
    0.1381637454032898,
    0.24440482258796692,
    -2.0160129070281982,
    0.5178559422492981,
    -0.08997578173875809,
    -0.16853336989879608,
    -1.622883677482605,
    0.5485072731971741,
    -0.7097941040992737,
    0.42992889881134033,
    0.8350189328193665,
    -0.7838951945304871,
    1.8114585876464844
  ],
  "CN(C)C(C)=O": [
    2.149644613265991,
    0.5348244309425354,
    0.5157240629196167,
    -0.14563524723052979,
    -0.11876191943883896,
    -0.8992031216621399,
    1.205362319946289,
    -0.49682989716529846,
    -0.2704806923866272,
    -1.300513505935669,
    0.30528169870376587,
    -1.7247365713119507,
    -0.41457122564315796,
    0.740759551525116,
    -1.2132762670516968,
    1.1594802141189575
  ],
  "CCCCCCCCCCO": [
    2.0523226261138916,
    0.6790481209754944,
    0.23925870656967163,
    -0.339322030544281,
    -0.5122663378715515,
    -0.5573538541793823,
    1.4553428888320923,
    -0.5609168410301208,
    -0.6105286478996277,
    -0.9581559300422668,
    0.484789103269577,
    -1.8011335134506226,
    -0.6128113269805908,
    1.0000510215759277,
    -0.9990546107292175,
    1.0649067163467407
  ],
  "OCC": [
    2.1924688816070557,
    0.07036012411117554,
    0.20323097705841064,
    0.021347522735595703,
    0.095999576151371,
    -1.2460418939590454,
    1.0532511472702026,
    -0.43218985199928284,
    0.011522294022142887,
    -1.475167155265808,
    0.32081708312034607,
    -1.190219759941101,
    -0.25417178869247437,
    0.7449355721473694,
    -1.4564833641052246,
    1.370771884918213
  ],
  "C1CCOC1": [
    2.0188279151916504,
    0.6385478973388672,
    0.23588865995407104,
    -0.13299335539340973,
    -0.6662405133247375,
    -0.4449611008167267,
    1.6481261253356934,
    -0.47250130772590637,
    -0.2782200574874878,
    -0.9518029093742371,
    0.35736289620399475,
    -1.901572346687317,
    -0.7115431427955627,
    0.8226405382156372,
    -1.0910210609436035,
    0.9552013278007507
  ],
  "[C@H]12CCC([C@H](OC1)O2)=O": [
    2.2425544261932373,
    0.05067858844995499,
    0.4496729373931885,
    0.034549687057733536,
    0.21314966678619385,
    -1.1868418455123901,
    0.9667322039604187,
    -0.5018265843391418,
    -0.10081663727760315,
    -1.4087066650390625,
    0.20847706496715546,
    -1.4445880651474,
    -0.24182361364364624,
    0.7031137347221375,
    -1.2980854511260986,
    1.3419133424758911
  ],
  "O=C(OCC)C": [
    2.0690155029296875,
    0.7385662198066711,
    0.19798600673675537,
    -0.13273559510707855,
    -0.6596193313598633,
    -0.5757083296775818,
    1.6015336513519287,
    -0.4265648424625397,
    -0.21852420270442963,
    -0.9970066547393799,
    0.3794475495815277,
    -1.8042994737625122,
    -0.6770933270454407,
    0.7721927762031555,
    -1.1740164756774902,
    0.9337028861045837
  ],
  "CC(C)(C)OC": [
    1.925125241279602,
    0.7749239802360535,
    0.08309300243854523,
    -0.3038371503353119,
    -1.0049818754196167,
    -0.693164050579071,
    1.7897752523422241,
    -0.3447926342487335,
    -0.33605724573135376,
    -0.8703572154045105,
    0.5230358242988586,
    -1.7874213457107544,
    -0.5833911895751953,
    0.8458594083786011,
    -0.8748282790184021,
    0.8844137191772461
  ],