{
  "CO": [
    1.6414741277694702,
    -0.5414419174194336,
    0.14054398238658905,
    -0.175238236784935,
    0.7438704967498779,
    -1.0347330570220947,
    0.4862454831600189,
    -0.8198142647743225,
    -0.18499836325645447,
    -1.2870712280273438,
    1.3532376289367676,
    -1.0935771465301514,
    0.39553365111351013,
    0.5934256315231323,
    -1.7278907299041748,
    1.4998029470443726
  ],
  "OCCO": [
    1.652844786643982,
    -0.5925167202949524,
    0.3717288374900818,
    0.01602143794298172,
    1.1172876358032227,
    -0.9216002821922302,
    0.4650803208351135,
    -0.805148720741272,
    -0.6065835952758789,
    -1.128440022468567,
    1.3449522256851196,
    -1.4652984142303467,
    0.33965036273002625,
    0.5079046487808228,
    -1.540571689605713,
    1.2327167987823486
  ],
  "C(C(F)(F)F)(C(F)(F)F)O": [
    1.5027987957000732,
    -0.34429314732551575,
    0.15392641723155975,
    -0.6447526216506958,
    0.11426348984241486,
    -0.9358072876930237,
    0.8123530745506287,
    -0.3940911889076233,
    0.16911447048187256,
    -1.8886384963989258,
    1.3390238285064697,
    -1.200488567352295,
    0.5013837218284607,
    0.3669215738773346,
    -1.223192572593689,
    1.666242003440857
  ],
  "O1C(C)CCC1": [
    1.513056755065918,
    0.38995635509490967,
    0.393634170293808,
    -0.2925297021865845,
    -0.2060682326555252,
    -0.13511158525943756,
    1.5486506223678589,
    -0.7186552882194519,
    -0.9949239492416382,
    -0.5766118168830872,
    1.0313926935195923,
    -2.0616471767425537,
    -0.441666841506958,
    0.8776991963386536,
    -1.3502366542816162,
    1.016371726989746
  ],
  "C1CCCCC1": [
    1.2616071701049805,
    0.5303376317024231,
    -0.252698689699173,
    -0.7168834209442139,
    -0.8655814528465271,
    -0.6264199614524841,
    1.7038156986236572,
    -0.3923441469669342,
    -0.75849848985672,
    -0.42354029417037964,
    1.0090223550796509,
    -1.8617701530456543,
    -0.7371564507484436,
    1.663440465927124,
    -0.39505302906036377,
    0.865315854549408
  ],
  "CC(O)C": [
    1.716538667678833,
    0.028244225308299065,
    0.480828195810318,
    -0.35747307538986206,
    0.5346513986587524,
    -0.48057299852371216,
    0.8651269674301147,
    -0.8122872114181519,
    -0.53312748670578,
    -1.1922627687454224,
    1.3191040754318237,
    -1.6542857885360718,
    -0.0284679364413023,
    0.6173161864280701,
    -1.6965365409851074,
    1.182998776435852
  ],
  "O.CC#N": [
    1.4128557443618774,
    -0.8779581785202026,
    0.19406580924987793,
    -0.03761029615998268,
    0.8408660888671875,
    -1.114725947380066,
    0.4909850060939789,
    -0.44792288541793823,
    -0.5493156909942627,
    -1.1567553281784058,
    1.4445350170135498,
    -1.401358962059021,
    0.5575116872787476,
    0.5130084753036499,
    -1.4489586353302002,
    1.5697498321533203
  ],
  "CC#N": [
    1.6673552989959717,
    -0.18359339237213135,
    0.42772242426872253,
    -0.10206739604473114,
    0.5319384932518005,
    -0.3571798503398895,
    0.7981688380241394,
    -0.7527074813842773,
    -0.46301719546318054,
    -1.2117154598236084,
    1.333694577217102,
    -1.7735644578933716,
    0.11768009513616562,
    0.4373489022254944,
    -1.7448525428771973,
    1.26237952709198
  ],
  "CC#N.CC(=O)O": [
    1.6787863969802856,
    -0.282771497964859,
    0.366862028837204,
    -0.17594841122627258,
    0.5665488243103027,
    -0.5006105303764343,
    0.7081701159477234,
    -0.83037930727005,
    -0.3649939000606537,
    -1.2384757995605469,
    1.4250198602676392,
    -1.5706595182418823,
    0.1494954377412796,
    0.5260186791419983,
    -1.7610790729522705,
    1.292130470275879
  ],
  "CCOCC": [
    1.3719121217727661,
    0.43853676319122314,
    0.1401003748178482,
    -0.3827039897441864,
    -0.574579119682312,
    -0.1197904646396637,
    1.812044620513916,
    -0.6543441414833069,
    -0.9745010137557983,
    -0.5065872669219971,
    0.9831001162528992,
    -1.9989522695541382,
    -0.577599823474884,
    1.1074986457824707,
    -1.0559300184249878,
    0.9892410039901733
  ],
  "OCC(F)(F)F": [
    1.6583999395370483,
    -0.38887566328048706,
    0.1543150693178177,
    -0.3039965033531189,
    0.5852938890457153,
    -1.039768934249878,
    0.5731631517410278,
    -0.7614593505859375,
    -0.3409428000450134,
    -1.5018157958984375,
    1.4414535760879517,
    -1.0411396026611328,
    0.4295128881931305,
    0.5784537196159363,
    -1.5457366704940796,
    1.4944263696670532
  ],
  "O.OCC(F)(F)F": [
    1.4109457731246948,
    -0.9262464642524719,
    0.06460465490818024,
    -0.2921238839626312,
    0.7885223627090454,
    -1.2518937587738037,
    0.5510128140449524,
    -0.39688897132873535,
    -0.46497422456741333,
    -1.3302867412567139,
    1.444757342338562,
    -1.0938774347305298,
    0.697540283203125,
    0.5573333501815796,
    -1.3540270328521729,
    1.5878894329071045
  ],
  "CN(C)C(C)=O": [
    1.7237213850021362,
    0.17346517741680145,
    0.7012860178947449,
    -0.38248082995414734,
    0.4624091386795044,
    -0.34516385197639465,
    0.8894472122192383,
    -0.7961742281913757,
    -0.7004865407943726,
    -0.9969464540481567,
    1.1906393766403198,
    -1.9270250797271729,
    -0.12195751070976257,
    0.5746185183525085,
    -1.5746005773544312,
    1.1178834438323975
  ],
  "CCCCCCCCCCO": [
    1.5814162492752075,
    0.44123202562332153,
    0.20485039055347443,
    -0.567101240158081,
    -0.1418202668428421,
    -0.08021821826696396,
    1.4465140104293823,
    -0.7725083827972412,
    -1.182301640510559,
    -0.49863508343696594,
    1.2376201152801514,
    -1.896460771560669,
    -0.5144906640052795,
    1.0518369674682617,
    -1.190710186958313,
    0.8753308653831482
  ],
  "OCC": [
    1.6475094556808472,
    -0.2661205232143402,
    0.4014551639556885,
    -0.18944253027439117,
    0.7068607211112976,
    -0.5570112466812134,
    0.8033103346824646,
    -0.797731339931488,
    -0.5273634791374207,
    -1.2056560516357422,
    1.311545491218567,
    -1.5171846151351929,
    0.1340961754322052,
    0.5610228776931763,
    -1.8025487661361694,
    1.2865166664123535
  ],
  "C1CCOC1": [
    1.5824872255325317,
    0.2909659147262573,
    0.42322829365730286,
    -0.34906792640686035,
    -0.12377691268920898,
    -0.10359059274196625,
    1.4642646312713623,
    -0.6414985656738281,
    -0.836046040058136,
    -0.6109799146652222,
    1.128886103630066,
    -2.12115740776062,
    -0.4685819149017334,
    0.772688090801239,
    -1.4102474451065063,
    0.9949579238891602
  ],
  "[C@H]12CCC([C@H](OC1)O2)=O": [
    1.8235304355621338,
    -0.16061067581176758,
    0.6374417543411255,
    -0.17686878144741058,
    0.7655617594718933,
    -0.4717924892902374,
    0.5694831013679504,
    -0.9540081024169922,
    -0.6141062378883362,
    -1.1177717447280884,
    1.252915859222412,
    -1.7550292015075684,
    0.11164842545986176,
    0.5335840582847595,
    -1.562940239906311,
    1.1059436798095703
  ],
  "O=C(OCC)C": [
    1.4953463077545166,
    0.41145455837249756,
    0.27236661314964294,
    -0.2842670977115631,
    -0.3093564212322235,
    -0.1648363620042801,
    1.6688917875289917,
    -0.6520194411277771,
    -0.9014965295791626,
    -0.6001669764518738,
    1.0838910341262817,
    -2.004178762435913,
    -0.5296241641044617,
    0.8884364366531372,
    -1.3551297187805176,
    0.9756379723548889
  ],
  "CC(C)(C)OC": [
    1.4559458494186401,
    0.4754038453102112,
    0.00914471410214901,
    -0.43242090940475464,
    -0.4247911870479584,
    -0.2823854982852936,
    1.8318921327590942,
    -0.5813631415367126,
    -0.8436817526817322,
    -0.5351110696792603,
    1.2010650634765625,
    -1.890928864479065,
    -0.6298162937164307,
    1.0266427993774414,
    -1.2128618955612183,
    0.8314999938011169
  ],