{
  "CO": [
    1.943558692932129,
    -0.3953154385089874,
    0.05708329379558563,
    0.1393614411354065,
    0.20250071585178375,
    -1.6685141324996948,
    0.6635563969612122,
    -0.25521889328956604,
    0.020461833104491234,
    -1.4437285661697388,
    0.4918152987957001,
    -1.0520278215408325,
    0.12063165009021759,
    0.7910774946212769,
    -1.3012689352035522,
    1.7033690214157104
  ],
  "OCCO": [
    1.9974300861358643,
    -0.5226519703865051,
    0.14122752845287323,
    0.3684238791465759,
    0.7277836203575134,
    -1.6090973615646362,
    0.6024965643882751,
    -0.2521689534187317,
    -0.25643426179885864,
    -1.3802518844604492,
    0.2910214364528656,
    -1.1391973495483398,
    0.06217033043503761,
    0.6889569759368896,
    -1.2875090837478638,
    1.5862668752670288
  ],
  "C(C(F)(F)F)(C(F)(F)F)O": [
    1.505403995513916,
    -0.37642624974250793,
    0.10309254378080368,
    -0.29569098353385925,
    -0.35328954458236694,
    -1.7252496480941772,
    0.6684657335281372,
    -0.11266502737998962,
    0.20032137632369995,
    -1.9306151866912842,
    0.8184042572975159,
    -0.9679398536682129,
    0.5470856428146362,
    0.8018637299537659,
    -0.6292959451675415,
    1.7649290561676025
  ],
  "O1C(C)CCC1": [
    2.0083563327789307,
    0.6993699073791504,
    0.28076741099357605,
    -0.1977415233850479,
    -0.6690583229064941,
    -0.5477438569068909,
    1.5484862327575684,
    -0.4554760456085205,
    -0.41795626282691956,
    -0.9389697313308716,
    0.3869996666908264,
    -1.9432157278060913,
    -0.5446836352348328,
    0.8115071654319763,
    -1.050880789756775,
    1.0480972528457642
  ],
  "C1CCCCC1": [
    1.6829463243484497,
    0.701420247554779,
    -0.21187230944633484,
    -0.4843343198299408,
    -1.205275058746338,
    -0.8779971599578857,
    1.4930846691131592,
    -0.32231584191322327,
    -0.36888548731803894,
    -0.7888662219047546,
    0.7140613198280334,
    -1.802585244178772,
    -0.5573883056640625,
    1.4911667108535767,
    -0.3381580710411072,
    0.896148681640625
  ],
  "CC(O)C": [
    2.145944118499756,
    0.3577239513397217,
    0.30285441875457764,
    -0.04870987683534622,
    -0.045434482395648956,
    -1.0924201011657715,
    1.098722219467163,
    -0.42625245451927185,
    -0.2072208672761917,
    -1.4396175146102905,
    0.481681227684021,
    -1.5127038955688477,
    -0.30419087409973145,
    0.714123547077179,
    -1.3051444292068481,
    1.3018091917037964
  ],
  "O.CC#N": [
    1.8226268291473389,
    -0.6479321718215942,
    0.01444318052381277,
    0.17138977348804474,
    0.32457447052001953,
    -1.8043900728225708,
    0.5617088675498962,
    -0.056515879929065704,
    -0.20969818532466888,
    -1.4495335817337036,
    0.4987559914588928,
    -1.0504283905029297,
    0.3141913414001465,
    0.7531669735908508,
    -1.0298891067504883,
    1.803098201751709
  ],
  "CC#N": [
    2.1882879734039307,
    0.14907227456569672,
    0.3185643255710602,
    -0.02902689203619957,
    -0.10595827549695969,
    -1.0606070756912231,
    1.0601650476455688,
    -0.2828488051891327,
    0.03850069269537926,
    -1.4108952283859253,
    0.4427119195461273,
    -1.5641263723373413,
    -0.24189947545528412,
    0.5371706485748291,
    -1.3904261589050293,
    1.369735836982727
  ],
  "CC#N.CC(=O)O": [
    2.1643948554992676,
    0.034129928797483444,
    0.23792003095149994,
    -0.019191375002264977,
    -0.0641184151172638,
    -1.2187334299087524,
    0.9309215545654297,
    -0.42325082421302795,
    0.15595725178718567,
    -1.4984734058380127,
    0.5470480918884277,
    -1.359585165977478,
    -0.16097231209278107,
    0.6681321263313293,
    -1.3749736547470093,
    1.4005173444747925
  ],
  "CCOCC": [
    1.846413254737854,
    0.7515919208526611,
    0.07631104439496994,
    -0.2060038298368454,
    -0.9006646871566772,
    -0.5324258208274841,
    1.7424570322036743,
    -0.47531193494796753,
    -0.5073009133338928,
    -0.9076244831085205,
    0.454449325799942,
    -1.8438663482666016,
    -0.5754177570343018,
    0.9674696326255798,
    -0.8844175934791565,
    1.0144752264022827
  ],
  "OCC(F)(F)F": [
    1.9762146472930908,
    -0.2634243667125702,
    0.009286750108003616,
    -0.1691923290491104,
    -0.0011231763055548072,
    -1.665977954864502,
    0.4800555408000946,
    -0.2391168624162674,
    0.2531627416610718,
    -1.8225736618041992,
    0.57164466381073,
    -0.8633435368537903,
    0.2852855622768402,
    0.7547414898872375,
    -0.9639513492584229,
    1.6777640581130981
  ],
  "O.OCC(F)(F)F": [
    1.6387050151824951,
    -0.8390707969665527,
    -0.06616511195898056,
    0.22281764447689056,
    0.32035553455352783,
    -1.9846574068069458,
    0.4067588150501251,
    0.13366343080997467,
    -0.2773217260837555,
    -1.4509197473526,
    0.5162578821182251,
    -0.8381081819534302,
    0.40131810307502747,
    0.84494948387146,
    -0.8688646554946899,
    1.8557307720184326
  ],
  "CN(C)C(C)=O": [
    2.1991043090820312,
    0.4533902704715729,
    0.527918815612793,
    -0.21592499315738678,
    -0.0736454576253891,
    -0.8585785627365112,
    1.1148831844329834,
    -0.47060734033584595,
    -0.20756223797798157,
    -1.2932088375091553,
    0.33963707089424133,
    -1.7381432056427002,
    -0.3656582832336426,
    0.6745529174804688,
    -1.2702903747558594,
    1.2033474445343018
  ],
  "CCCCCCCCCCO": [
    2.028683662414551,
    0.6817492842674255,
    0.20223437249660492,
    -0.3379725515842438,
    -0.5403213500976562,
    -0.47200843691825867,
    1.444666862487793,
    -0.5843185186386108,
    -0.6994280815124512,
    -0.9040219187736511,
    0.5820328593254089,
    -1.8576908111572266,
    -0.5908262133598328,
    1.0450210571289062,
    -0.9674494862556458,
    0.9878726005554199
  ],
  "OCC": [
    2.1860711574554443,
    0.06648926436901093,
    0.23408856987953186,
    -0.029950428754091263,
    0.09814202785491943,
    -1.1929048299789429,
    1.0211656093597412,
    -0.43014779686927795,
    -0.028313729912042618,
    -1.479227066040039,
    0.39133328199386597,
    -1.2860864400863647,
    -0.20524917542934418,
    0.7144001722335815,
    -1.4290790557861328,
    1.3915390968322754
  ],
  "C1CCOC1": [
    2.0407207012176514,
    0.6156008839607239,
    0.327505886554718,
    -0.1755991280078888,
    -0.6080541014671326,
    -0.5491015315055847,
    1.5126093626022339,
    -0.39708229899406433,
    -0.2887977361679077,
    -0.9440137147903442,
    0.46722614765167236,
    -1.9967865943908691,
    -0.5959047675132751,
    0.7391414642333984,
    -1.1246477365493774,
    0.995002031326294
  ],
  "[C@H]12CCC([C@H](OC1)O2)=O": [
    2.258664608001709,
    0.00965692475438118,
    0.4601289927959442,
    0.03228650242090225,
    0.2244311273097992,
    -1.1565091609954834,
    0.8650365471839905,
    -0.4648057222366333,
    -0.1497587412595749,
    -1.359732747077942,
    0.3242546021938324,
    -1.5371373891830444,
    -0.193976491689682,
    0.6683632135391235,
    -1.3127284049987793,
    1.3506520986557007
  ],
  "O=C(OCC)C": [
    1.8722355365753174,
    0.7622554302215576,
    0.11099034547805786,
    -0.059669774025678635,
    -0.8227164149284363,
    -0.45020732283592224,
    1.6723843812942505,
    -0.46824711561203003,
    -0.37385663390159607,
    -0.9110293984413147,
    0.5121835470199585,
    -1.933355450630188,
    -0.7072030305862427,
    0.8785757422447205,
    -1.0069046020507812,
    0.9436230659484863
  ],
  "CC(C)(C)OC": [
    1.681134581565857,
    0.7652910947799683,
    -0.11372006684541702,
    -0.3016795217990875,
    -1.1615360975265503,
    -0.5317843556404114,
    1.7934812307357788,
    -0.46647894382476807,
    -0.511601984500885,
    -0.8007100820541382,
    0.6162607669830322,
    -1.829054832458496,
    -0.6032867431640625,
    1.218997836112976,
    -0.5954046845436096,
    0.8614938855171204
  ],