{
  "CO": [
    2.029099464416504,
    -0.23264332115650177,
    0.045140717178583145,
    0.1651516705751419,
    0.1256459504365921,
    -1.6110560894012451,
    0.7687168717384338,
    -0.39061668515205383,
    0.11530622094869614,
    -1.5381029844284058,
    0.44203364849090576,
    -0.9927981495857239,
    0.023474514484405518,
    0.7958700656890869,
    -1.3040549755096436,
    1.5857821702957153
  ],
  "OCCO": [
    1.99089777469635,
    -0.4374547600746155,
    0.18261225521564484,
    0.39367347955703735,
    0.6768172979354858,
    -1.6336240768432617,
    0.6585417985916138,
    -0.30281999707221985,
    -0.18938229978084564,
    -1.4324676990509033,
    0.20632341504096985,
    -1.0941661596298218,
    0.001867407583631575,
    0.6999297738075256,
    -1.2799041271209717,
    1.5854378938674927
  ],
  "C(C(F)(F)F)(C(F)(F)F)O": [
    1.6930890083312988,
    -0.32511669397354126,
    -0.042213257402181625,
    -0.12213309109210968,
    -0.13175347447395325,
    -1.8019189834594727,
    0.46414321660995483,
    -0.1099873036146164,
    0.19693119823932648,
    -1.9804325103759766,
    0.6021764874458313,
    -0.7333568334579468,
    0.45079657435417175,
    0.7010721564292908,
    -0.6734821796417236,
    1.8362170457839966
  ],
  "O1C(C)CCC1": [
    2.0317697525024414,
    0.7684380412101746,
    0.2524799108505249,
    -0.1187334880232811,
    -0.6107034087181091,
    -0.5735703706741333,
    1.583020567893982,
    -0.5154380202293396,
    -0.43338683247566223,
    -0.9850673079490662,
    0.34501412510871887,
    -1.8592888116836548,
    -0.597610592842102,
    0.8063333034515381,
    -1.0653175115585327,
    0.9972101449966431
  ],
  "C1CCCCC1": [
    1.9189320802688599,
    0.7149814367294312,
    -0.032420966774225235,
    -0.22006595134735107,
    -1.142933964729309,
    -0.9856292009353638,
    1.5883837938308716,
    -0.24799200892448425,
    -0.29209059476852417,
    -0.7949293255805969,
    0.7146689295768738,
    -1.824820876121521,
    -0.4654800295829773,
    0.9756453633308411,
    -0.7485251426696777,
    0.8671053647994995
  ],
  "CC(O)C": [
    2.1564600467681885,
    0.3825066089630127,
    0.30444371700286865,
    -0.04603183642029762,
    -0.042361222207546234,
    -1.1538591384887695,
    1.157134771347046,
    -0.46830248832702637,
    -0.1215108186006546,
    -1.455679178237915,
    0.36246493458747864,
    -1.4380425214767456,
    -0.327122300863266,
    0.726952850818634,
    -1.2880116701126099,
    1.2805567979812622
  ],
  "O.CC#N": [
    1.8404405117034912,
    -0.6425918936729431,
    0.05008053779602051,
    0.24435697495937347,
    0.34142547845840454,
    -1.8113901615142822,
    0.503324568271637,
    -0.056350354105234146,
    -0.10105925798416138,
    -1.4588786363601685,
    0.3214743435382843,
    -0.946833610534668,
    0.21088194847106934,
    0.8203445672988892,
    -1.1117770671844482,
    1.8185948133468628
  ],
  "CC#N": [
    2.207273244857788,
    0.24000272154808044,
    0.26639485359191895,
    0.033048588782548904,
    -0.12944644689559937,
    -1.1253468990325928,
    1.137900710105896,
    -0.4300100803375244,
    0.07540949434041977,
    -1.4494305849075317,
    0.36938023567199707,
    -1.4504178762435913,
    -0.25569844245910645,
    0.5884999632835388,
    -1.35246741771698,
    1.3025561571121216
  ],
  "CC#N.CC(=O)O": [
    2.2052221298217773,
    0.09120115637779236,
    0.213487446308136,
    0.022721709683537483,
    -0.04334569722414017,
    -1.2091569900512695,
    0.9677324295043945,
    -0.4322487413883209,
    0.1813810020685196,
    -1.5119928121566772,
    0.4594031572341919,
    -1.2928717136383057,
    -0.2748437523841858,
    0.6799885034561157,
    -1.389034390449524,
    1.36018705368042
  ],
  "CCOCC": [
    1.9113688468933105,
    0.8279067873954773,
    0.07739796489477158,
    -0.12841437757015228,
    -0.8601318597793579,
    -0.5597227215766907,
    1.7118678092956543,
    -0.49813783168792725,
    -0.4686415493488312,
    -0.9463258385658264,
    0.4401848614215851,
    -1.8288555145263672,
    -0.6262086033821106,
    0.890745222568512,
    -0.8846341371536255,
    0.9671912789344788
  ],
  "OCC(F)(F)F": [
    1.7556753158569336,
    -0.25788024067878723,
    0.10422185063362122,
    -0.09057092666625977,
    -0.20597973465919495,
    -1.7762783765792847,
    0.7191965579986572,
    -0.1424713283777237,
    0.23663440346717834,
    -1.7674940824508667,
    0.3786640763282776,
    -0.9760510325431824,
    0.2928192913532257,
    0.816983699798584,
    -0.8605911135673523,
    1.7987779378890991
  ],
  "O.OCC(F)(F)F": [
    1.7198704481124878,
    -0.6640779972076416,
    -0.0677030086517334,
    0.16490405797958374,
    0.2226240038871765,
    -2.009399175643921,
    0.5155578255653381,
    -0.09816474467515945,
    -0.20562970638275146,
    -1.630812406539917,
    0.5689692497253418,
    -0.7801125049591064,
    0.4476635158061981,
    0.811800479888916,
    -0.72395920753479,
    1.7532541751861572
  ],
  "CN(C)C(C)=O": [
    2.1838531494140625,
    0.5305914878845215,
    0.49054214358329773,
    -0.135677307844162,
    -0.11605121940374374,
    -0.8527877330780029,
    1.1903269290924072,
    -0.5311501622200012,
    -0.25036969780921936,
    -1.3238577842712402,
    0.2868094742298126,
    -1.7034895420074463,
    -0.4163930416107178,
    0.7680990099906921,
    -1.2234013080596924,
    1.1303677558898926
  ],
  "CCCCCCCCCCO": [
    2.0507428646087646,
    0.6743766069412231,
    0.22341574728488922,
    -0.3504078686237335,
    -0.5256050825119019,
    -0.5200602412223816,
    1.4750397205352783,
    -0.5587981939315796,
    -0.604141891002655,
    -0.9534825682640076,
    0.44841182231903076,
    -1.8000668287277222,
    -0.6081258654594421,
    1.0185428857803345,
    -1.0071114301681519,
    1.06144380569458
  ],
  "OCC": [
    2.102433681488037,
    0.10375797748565674,
    0.258998841047287,
    0.018052484840154648,
    0.018450671806931496,
    -1.271652340888977,
    1.1602189540863037,
    -0.40527859330177307,
    0.0786484032869339,
    -1.5061813592910767,
    0.24503201246261597,
    -1.3229552507400513,
    -0.2068709433078766,
    0.7223965525627136,
    -1.3522968292236328,
    1.387956976890564
  ],
  "C1CCOC1": [
    2.0877127647399902,
    0.6363086700439453,
    0.3176102638244629,
    -0.16744466125965118,
    -0.6053358912467957,
    -0.6050285696983337,
    1.5443366765975952,
    -0.4092009961605072,
    -0.2373133897781372,
    -0.9574883580207825,
    0.3459242284297943,
    -1.9071131944656372,
    -0.6113479733467102,
    0.7265780568122864,
    -1.1445927619934082,
    1.0108753442764282
  ],
  "[C@H]12CCC([C@H](OC1)O2)=O": [
    2.2337794303894043,
    0.05528144910931587,
    0.45444175601005554,
    0.08776408433914185,
    0.2594711184501648,
    -1.232213020324707,
    0.9110572934150696,
    -0.4814743995666504,
    -0.14516255259513855,
    -1.3928433656692505,
    0.25822246074676514,
    -1.4756699800491333,
    -0.2478511929512024,
    0.6970751881599426,
    -1.286604881286621,
    1.3319345712661743
  ],
  "O=C(OCC)C": [
    2.0216712951660156,
    0.7848340272903442,
    0.1935875117778778,
    -0.16027194261550903,
    -0.7310511469841003,
    -0.5971986651420593,
    1.629719853401184,
    -0.4285973012447357,
    -0.2752261757850647,
    -0.9666153192520142,
    0.38462716341018677,
    -1.8507673740386963,
    -0.6382392048835754,
    0.7716515064239502,
    -1.0700548887252808,
    0.9577009081840515
  ],
  "CC(C)(C)OC": [
    1.7636340856552124,
    0.7998979687690735,
    -0.11203283071517944,
    -0.3318532407283783,
    -1.1216548681259155,
    -0.5178059935569763,
    1.8199076652526855,
    -0.4979221820831299,
    -0.4070211350917816,
    -0.8686855435371399,
    0.49466925859451294,
    -1.7571110725402832,
    -0.6719967126846313,
    1.1885273456573486,
    -0.6036221385002136,
    0.8513546586036682
  ],