{
  "CO": [
    1.9459391832351685,
    -0.33432990312576294,
    0.011096257716417313,
    0.09443213790655136,
    0.16088055074214935,
    -1.510352611541748,
    0.8933300971984863,
    -0.49759745597839355,
    0.17057904601097107,
    -1.5475009679794312,
    0.6412795782089233,
    -1.0226974487304688,
    0.11522189527750015,
    0.6878543496131897,
    -1.3692677021026611,
    1.5748543739318848
  ],
  "OCCO": [
    1.9419176578521729,
    -0.5241154432296753,
    0.11504624783992767,
    0.42260536551475525,
    0.7350260019302368,
    -1.5155971050262451,
    0.7960662245750427,
    -0.30340155959129333,
    -0.23381255567073822,
    -1.3967125415802002,
    0.49479371309280396,
    -1.2859467267990112,
    0.0004977963981218636,
    0.5923988223075867,
    -1.3137354850769043,
    1.4877736568450928
  ],
  "C(C(F)(F)F)(C(F)(F)F)O": [
    1.4284316301345825,
    -0.22355642914772034,
    -0.0409107431769371,
    -0.3569212853908539,
    -0.696177065372467,
    -1.336574912071228,
    1.0707714557647705,
    -0.08944915235042572,
    0.4682721793651581,
    -2.1249308586120605,
    0.5906782150268555,
    -1.0490262508392334,
    0.40169039368629456,
    0.865433394908905,
    -0.5815240144729614,
    1.6915088891983032
  ],
  "O1C(C)CCC1": [
    2.0294852256774902,
    0.661480188369751,
    0.22678470611572266,
    -0.23535963892936707,
    -0.42857053875923157,
    -0.508661687374115,
    1.5649819374084473,
    -0.485100656747818,
    -0.2780822217464447,
    -1.0447885990142822,
    0.4189467430114746,
    -1.8953241109848022,
    -0.6004165410995483,
    0.7670252323150635,
    -1.1912236213684082,
    1.0133310556411743
  ],
  "C1CCCCC1": [
    1.893122673034668,
    0.5736262798309326,
    0.07197527587413788,
    -0.2828720510005951,
    -0.9274698495864868,
    -0.915756106376648,
    1.498246192932129,
    -0.1525418907403946,
    -0.2429678738117218,
    -0.8916348218917847,
    0.8532655239105225,
    -1.965835690498352,
    -0.3620917499065399,
    0.8498280644416809,
    -0.9556171894073486,
    0.9691148400306702
  ],
  "CC(O)C": [
    1.9994397163391113,
    0.4057008922100067,
    0.21556316316127777,
    0.09268470108509064,
    -0.029831822961568832,
    -0.8842942118644714,
    1.3305156230926514,
    -0.4911735951900482,
    -0.25349271297454834,
    -1.4186595678329468,
    0.6181594133377075,
    -1.723550796508789,
    -0.37799301743507385,
    0.6907554864883423,
    -1.3045382499694824,
    1.1461434364318848
  ],
  "O.CC#N": [
    1.8175114393234253,
    -0.7253862023353577,
    0.0019304004963487387,
    0.07445605099201202,
    0.3622727692127228,
    -1.67434561252594,
    0.6866946816444397,
    -0.08250923454761505,
    -0.06808511167764664,
    -1.5056146383285522,
    0.5323835611343384,
    -1.108276605606079,
    0.3888019919395447,
    0.6181255578994751,
    -1.0930120944976807,
    1.7851879596710205
  ],
  "CC#N": [
    2.1760196685791016,
    0.10892561823129654,
    0.23056480288505554,
    -0.02631334587931633,
    0.021008701995015144,
    -1.01527738571167,
    1.1184334754943848,
    -0.4620603322982788,
    0.09201936423778534,
    -1.452682375907898,
    0.5508447289466858,
    -1.4906649589538574,
    -0.21272240579128265,
    0.5137657523155212,
    -1.4453911781311035,
    1.3067744970321655
  ],
  "CC#N.CC(=O)O": [
    2.1091487407684326,
    0.010362708941102028,
    0.16582831740379333,
    0.036125026643276215,
    0.01081164088100195,
    -1.0352498292922974,
    1.0796728134155273,
    -0.44281885027885437,
    0.15415221452713013,
    -1.5292760133743286,
    0.655485212802887,
    -1.4483075141906738,
    -0.2079678475856781,
    0.5578725934028625,
    -1.4432642459869385,
    1.3406494855880737
  ],
  "CCOCC": [
    1.749355435371399,
    0.6918334364891052,
    0.031016116961836815,
    -0.23100361227989197,
    -0.854160726070404,
    -0.46166712045669556,
    1.8206286430358887,
    -0.4970580041408539,
    -0.3110896944999695,
    -0.9506167769432068,
    0.42171531915664673,
    -1.8954179286956787,
    -0.63509601354599,
    0.9759645462036133,
    -0.8940644860267639,
    1.0555366277694702
  ],
  "OCC(F)(F)F": [
    1.7822102308273315,
    -0.2622902989387512,
    0.007261147256940603,
    -0.17097917199134827,
    -0.11616261303424835,
    -1.550582766532898,
    0.9604263305664062,
    -0.23752643167972565,
    0.24804143607616425,
    -1.8014811277389526,
    0.5659214854240417,
    -1.0430549383163452,
    0.27923327684402466,
    0.7265852093696594,
    -1.058743953704834,
    1.6867016553878784
  ],
  "O.OCC(F)(F)F": [
    1.6893268823623657,
    -0.7992485165596008,
    -0.17428311705589294,
    0.15802866220474243,
    0.44066575169563293,
    -1.8680589199066162,
    0.4943799078464508,
    -0.07015170902013779,
    -0.15844126045703888,
    -1.544914722442627,
    0.6479542851448059,
    -0.7476210594177246,
    0.36140069365501404,
    0.7530491948127747,
    -0.9997639656066895,
    1.82918119430542
  ],
  "CN(C)C(C)=O": [
    2.135413646697998,
    0.478580117225647,
    0.4403381645679474,
    -0.1900966763496399,
    0.027806656435132027,
    -0.7259712219238281,
    1.187577724456787,
    -0.5373656749725342,
    -0.1743442714214325,
    -1.3429515361785889,
    0.4643738269805908,
    -1.7735111713409424,
    -0.44482365250587463,
    0.663194477558136,
    -1.3183469772338867,
    1.1237846612930298
  ],
  "CCCCCCCCCCO": [
    1.967075228691101,
    0.6727303862571716,
    0.12388983368873596,
    -0.40936732292175293,
    -0.37949880957603455,
    -0.4411812424659729,
    1.4684193134307861,
    -0.5761141180992126,
    -0.5513069033622742,
    -0.9835201501846313,
    0.6748554110527039,
    -1.8663618564605713,
    -0.6770742535591125,
    1.0777546167373657,
    -1.0307472944259644,
    0.9452635645866394
  ],
  "OCC": [
    2.0929346084594727,
    0.06081182137131691,
    0.16702330112457275,
    0.004783350042998791,
    0.18556049466133118,
    -1.0979503393173218,
    1.145998477935791,
    -0.4683586061000824,
    -0.03465908765792847,
    -1.521167278289795,
    0.5650314092636108,
    -1.3439384698867798,
    -0.2241402417421341,
    0.6327035427093506,
    -1.4798638820648193,
    1.3310753107070923
  ],
  "C1CCOC1": [
    1.8747066259384155,
    0.6275694370269775,
    0.14329801499843597,
    -0.10064332187175751,
    -0.5703936815261841,
    -0.35174062848091125,
    1.661912441253662,
    -0.5359536409378052,
    -0.34167206287384033,
    -0.9251725673675537,
    0.546988308429718,
    -2.0224738121032715,
    -0.7225738763809204,
    0.8666150569915771,
    -1.0819581747055054,
    0.9451451301574707
  ],
  "[C@H]12CCC([C@H](OC1)O2)=O": [
    2.194230556488037,
    0.01738542690873146,
    0.3970685601234436,
    0.06665223836898804,
    0.33047011494636536,
    -1.0434601306915283,
    0.9686731100082397,
    -0.5024371147155762,
    -0.12648160755634308,
    -1.3866124153137207,
    0.47160348296165466,
    -1.6032772064208984,
    -0.25947320461273193,
    0.5676753520965576,
    -1.3733344078063965,
    1.2936562299728394
  ],
  "O=C(OCC)C": [
    1.9472624063491821,
    0.7088042497634888,
    0.1414996087551117,
    -0.1380106806755066,
    -0.5480079054832458,
    -0.5377130508422852,
    1.6461548805236816,
    -0.4599302411079407,
    -0.2603119909763336,
    -1.002159595489502,
    0.5418323278427124,
    -1.898666501045227,
    -0.643987774848938,
    0.7854177355766296,
    -1.1935820579528809,
    0.9266993999481201
  ],
  "CC(C)(C)OC": [
    1.5997837781906128,
    0.7592892646789551,
    -0.21198280155658722,
    -0.3047492802143097,
    -0.9942720532417297,
    -0.5432668924331665,
    1.8585772514343262,
    -0.5357639789581299,
    -0.43282172083854675,
    -0.8645820021629333,
    0.6333286166191101,
    -1.8261266946792603,
    -0.6888671517372131,
    1.311707615852356,
    -0.5589242577552795,
    0.818462073802948
  ],