{
  "CO": [
    1.0876801013946533,
    -1.5452961921691895,
    0.5129194855690002,
    -0.22472363710403442,
    0.9589503407478333,
    -0.36220842599868774,
    -0.5330590009689331,
    -0.011784529313445091,
    -0.41677427291870117,
    -1.0858705043792725,
    1.3202449083328247,
    -0.5206657648086548,
    0.6127475500106812,
    0.901926577091217,
    -2.0794119834899902,
    1.3814435005187988
  ],
  "OCCO": [
    1.0987142324447632,
    -1.6228363513946533,
    0.7676897644996643,
    -0.014482559636235237,
    1.28133225440979,
    -0.3545217216014862,
    -0.43317797780036926,
    -0.05704502761363983,
    -0.8147959113121033,
    -0.934627890586853,
    1.4386204481124878,
    -0.7829316854476929,
    0.5966878533363342,
    0.7103189826011658,
    -1.8814994096755981,
    0.998077392578125
  ],
  "C(C(F)(F)F)(C(F)(F)F)O": [
    0.6717345714569092,
    -1.3196675777435303,
    0.3174578547477722,
    -1.0960477590560913,
    -0.5983462333679199,
    -0.08785787969827652,
    1.0789084434509277,
    0.5626647472381592,
    -0.1504291445016861,
    -1.9597036838531494,
    1.0644824504852295,
    -0.3942025303840637,
    0.6428523063659668,
    1.1056044101715088,
    -1.3075977563858032,
    1.472312331199646
  ],
  "O1C(C)CCC1": [
    1.1486403942108154,
    -1.1047558784484863,
    0.9464484453201294,
    -0.3022029995918274,
    0.20049357414245605,
    0.17099550366401672,
    0.7272217273712158,
    0.2094888538122177,
    -1.8410066366195679,
    -0.7513201832771301,
    1.1500053405761719,
    -1.366860032081604,
    0.34973546862602234,
    1.340792179107666,
    -1.5348961353302002,
    0.6557511687278748
  ],
  "C1CCCCC1": [
    0.9541686177253723,
    -0.7134556770324707,
    0.06534935534000397,
    -0.686113715171814,
    -0.7175147533416748,
    -0.4621695280075073,
    1.5356743335723877,
    0.5374858975410461,
    -1.8012962341308594,
    -0.21669574081897736,
    0.8943170309066772,
    -1.2273224592208862,
    -0.14855477213859558,
    2.1979377269744873,
    -0.48089802265167236,
    0.27279388904571533
  ],
  "CC(O)C": [
    1.0085461139678955,
    -1.3709625005722046,
    0.9876287579536438,
    -0.21001531183719635,
    0.6165644526481628,
    0.14438997209072113,
    0.2928955554962158,
    -0.08973927050828934,
    -1.1949313879013062,
    -1.2247916460037231,
    1.193943738937378,
    -1.001029133796692,
    0.5787507891654968,
    1.2408082485198975,
    -1.8835296630859375,
    0.90888911485672
  ],
  "O.CC#N": [
    0.9939749836921692,
    -1.7659469842910767,
    0.44875475764274597,
    -0.23694874346256256,
    0.9763914346694946,
    -0.4861423373222351,
    -0.3370194435119629,
    0.06287603080272675,
    -0.7770529389381409,
    -0.9859390258789062,
    1.5959354639053345,
    -0.5028485059738159,
    0.7274836897850037,
    0.7715654373168945,
    -1.7792106866836548,
    1.2906197309494019
  ],
  "CC#N": [
    1.1074632406234741,
    -1.4462165832519531,
    0.8741897940635681,
    -0.17151716351509094,
    0.6625599265098572,
    0.11090617626905441,
    -0.19147230684757233,
    -0.09975198656320572,
    -0.9206027984619141,
    -1.2967036962509155,
    1.467894434928894,
    -0.9007744193077087,
    0.726741373538971,
    0.8591707944869995,
    -1.8641130924224854,
    1.0784002542495728
  ],
  "CC#N.CC(=O)O": [
    1.0744764804840088,
    -1.4938772916793823,
    0.7994179725646973,
    -0.16338828206062317,
    0.719192385673523,
    0.038133732974529266,
    -0.21264466643333435,
    -0.0990234836935997,
    -0.7503572702407837,
    -1.2790659666061401,
    1.5230883359909058,
    -0.7573676705360413,
    0.6471036672592163,
    0.8455603122711182,
    -1.9896047115325928,
    1.0945830345153809
  ],
  "CCOCC": [
    1.0783390998840332,
    -1.0946635007858276,
    0.6983084678649902,
    -0.33348211646080017,
    -0.019450433552265167,
    0.048061780631542206,
    1.0708179473876953,
    0.30884096026420593,
    -2.009432315826416,
    -0.5812976360321045,
    1.213544249534607,
    -1.3496898412704468,
    0.3111429512500763,
    1.442668080329895,
    -1.3033398389816284,
    0.5193224549293518
  ],
  "OCC(F)(F)F": [
    0.9656084775924683,
    -1.544082522392273,
    0.5680937767028809,
    -0.6181381940841675,
    0.595008373260498,
    -0.4445084035396576,
    0.009603241458535194,
    -0.08662332594394684,
    -0.7384067177772522,
    -1.485603928565979,
    1.6047258377075195,
    -0.31069216132164,
    0.9367296695709229,
    0.9705827832221985,
    -1.6423777341842651,
    1.2177810668945312
  ],
  "O.OCC(F)(F)F": [
    0.8366971015930176,
    -1.7657533884048462,
    0.3115386664867401,
    -0.3062111735343933,
    0.8140271306037903,
    -0.6516461372375488,
    -0.24250750243663788,
    0.11571598052978516,
    -0.8190637826919556,
    -1.132204532623291,
    1.8578301668167114,
    -0.2582866847515106,
    0.7757338285446167,
    0.8203729391098022,
    -1.597596526145935,
    1.2386363744735718
  ],
  "CN(C)C(C)=O": [
    1.1964925527572632,
    -1.1850565671920776,
    1.1796903610229492,
    -0.29657915234565735,
    0.8433642983436584,
    0.12058804929256439,
    -0.008618339896202087,
    -0.1405053287744522,
    -1.348622441291809,
    -1.1576465368270874,
    1.2316360473632812,
    -1.1124943494796753,
    0.5295799374580383,
    1.1082102060317993,
    -1.7198712825775146,
    0.7563899159431458
  ],
  "CCCCCCCCCCO": [
    1.0367201566696167,
    -0.9561469554901123,
    0.6894210577011108,
    -0.5719980597496033,
    0.2500065267086029,
    0.25707632303237915,
    0.6385932564735413,
    0.09366367757320404,
    -2.0986649990081787,
    -0.5719545483589172,
    1.4219310283660889,
    -1.168844223022461,
    0.15968438982963562,
    1.6774251461029053,
    -1.2524055242538452,
    0.3949660062789917
  ],
  "OCC": [
    1.0909827947616577,
    -1.392177939414978,
    0.860313355922699,
    -0.20759108662605286,
    0.9183090925216675,
    -0.10882961004972458,
    -0.27061182260513306,
    -0.18409650027751923,
    -0.9655834436416626,
    -1.24893319606781,
    1.4615250825881958,
    -0.6557039022445679,
    0.6619211435317993,
    0.9447537660598755,
    -1.9261653423309326,
    1.0180292129516602
  ],
  "C1CCOC1": [
    1.0285457372665405,
    -1.212645173072815,
    0.8572736382484436,
    -0.21838915348052979,
    0.09260936826467514,
    0.411903977394104,
    0.8577685952186584,
    0.21531932055950165,
    -1.826116919517517,
    -0.5763094425201416,
    1.1748781204223633,
    -1.4779196977615356,
    0.12679332494735718,
    1.4739699363708496,
    -1.4384210109710693,
    0.5100268125534058
  ],
  "[C@H]12CCC([C@H](OC1)O2)=O": [
    1.232994556427002,
    -1.363296627998352,
    1.1384565830230713,
    -0.20485427975654602,
    1.00862717628479,
    -0.05977051705121994,
    -0.4525153636932373,
    -0.2196211963891983,
    -0.9232269525527954,
    -1.1132943630218506,
    1.4321458339691162,
    -1.0656794309616089,
    0.5971758961677551,
    0.8394918441772461,
    -1.713124394416809,
    0.8619142770767212
  ],
  "O=C(OCC)C": [
    0.9541612863540649,
    -1.0774654150009155,
    0.6839020252227783,
    -0.16684310138225555,
    -0.08491751551628113,
    0.23069243133068085,
    1.110121488571167,
    0.25448551774024963,
    -1.9915248155593872,
    -0.5910769701004028,
    1.1321161985397339,
    -1.291642427444458,
    0.16086024045944214,
    1.6028995513916016,
    -1.414013147354126,
    0.4882825016975403
  ],
  "CC(C)(C)OC": [
    1.0356875658035278,
    -1.0651543140411377,
    0.49307364225387573,
    -0.472716748714447,
    -0.2925858497619629,
    -0.06587081402540207,
    1.4059178829193115,
    0.5140069723129272,
    -1.9239463806152344,
    -0.5412898659706116,
    1.169996976852417,
    -1.2739940881729126,
    0.19397467374801636,
    1.5737364292144775,
    -1.161149263381958,
    0.41156265139579773
  ],