{
  "CO": [
    1.3849506378173828,
    -0.6395757794380188,
    0.24866163730621338,
    -0.24761441349983215,
    0.6981056332588196,
    -0.7696647047996521,
    0.7004809975624084,
    -0.8622052669525146,
    -0.45663273334503174,
    -1.221136450767517,
    1.6449298858642578,
    -1.3697142601013184,
    0.5217607617378235,
    0.6196973323822021,
    -1.6012297868728638,
    1.3368571996688843
  ],
  "OCCO": [
    1.5638787746429443,
    -0.6281667351722717,
    0.43479910492897034,
    -0.10988546907901764,
    1.1665735244750977,
    -0.7616751194000244,
    0.4784873127937317,
    -0.8143643140792847,
    -0.7273907661437988,
    -0.9860820770263672,
    1.4482710361480713,
    -1.4769850969314575,
    0.40304476022720337,
    0.46760907769203186,
    -1.6345884799957275,
    1.161970853805542
  ],
  "C(C(F)(F)F)(C(F)(F)F)O": [
    1.5427550077438354,
    -0.3327866494655609,
    0.12968245148658752,
    -0.7329431176185608,
    0.2798647880554199,
    -0.7978293299674988,
    0.8514704704284668,
    -0.6062653064727783,
    -0.08893132954835892,
    -1.79490327835083,
    1.538041353225708,
    -1.0565825700759888,
    0.507352888584137,
    0.37075793743133545,
    -1.331750512123108,
    1.51486337184906
  ],
  "O1C(C)CCC1": [
    1.4306005239486694,
    0.2998392879962921,
    0.40713754296302795,
    -0.3514237105846405,
    -0.09366986155509949,
    -0.08693116903305054,
    1.4285918474197388,
    -0.7399566173553467,
    -1.2058621644973755,
    -0.5611736178398132,
    1.2149717807769775,
    -2.056931495666504,
    -0.28046467900276184,
    0.8909087777137756,
    -1.3114917278289795,
    1.0060714483261108
  ],
  "C1CCCCC1": [
    1.228969931602478,
    0.43139252066612244,
    -0.19587919116020203,
    -0.6494653224945068,
    -0.7844826579093933,
    -0.6406034827232361,
    1.7413866519927979,
    -0.4319677948951721,
    -1.0535943508148193,
    -0.39080342650413513,
    1.0767409801483154,
    -1.7661508321762085,
    -0.5865408778190613,
    1.6522897481918335,
    -0.5276882648468018,
    0.8972809910774231
  ],
  "CC(O)C": [
    1.5619293451309204,
    -0.00886453315615654,
    0.5208542346954346,
    -0.38157784938812256,
    0.622479259967804,
    -0.4111146628856659,
    0.8145962357521057,
    -0.8605360388755798,
    -0.8324423432350159,
    -1.0679606199264526,
    1.4720953702926636,
    -1.663954734802246,
    0.10670037567615509,
    0.6088815927505493,
    -1.6594127416610718,
    1.1649041175842285
  ],
  "O.CC#N": [
    1.397071123123169,
    -0.8990782499313354,
    0.2062774896621704,
    -0.14010387659072876,
    0.8324159383773804,
    -1.0222867727279663,
    0.40566885471343994,
    -0.4545305073261261,
    -0.7420921921730042,
    -0.9806352257728577,
    1.6739745140075684,
    -1.3673627376556396,
    0.5565654635429382,
    0.5367423892021179,
    -1.477830171585083,
    1.4621741771697998
  ],
  "CC#N": [
    1.5559120178222656,
    -0.26141199469566345,
    0.4970470666885376,
    -0.23023666441440582,
    0.5766274929046631,
    -0.28144627809524536,
    0.7750415802001953,
    -0.796602189540863,
    -0.6342562437057495,
    -1.1340681314468384,
    1.4739351272583008,
    -1.753342628479004,
    0.23839744925498962,
    0.43067672848701477,
    -1.7104004621505737,
    1.2396990060806274
  ],
  "CC#N.CC(=O)O": [
    1.5524858236312866,
    -0.3248593807220459,
    0.436511367559433,
    -0.2952991724014282,
    0.5980276465415955,
    -0.3550807535648346,
    0.7002949118614197,
    -0.8680477142333984,
    -0.5184113383293152,
    -1.1691560745239258,
    1.558861255645752,
    -1.5456712245941162,
    0.22086969017982483,
    0.5291778445243835,
    -1.7868657112121582,
    1.2533371448516846
  ],
  "CCOCC": [
    1.2578942775726318,
    0.30567023158073425,
    0.16217008233070374,
    -0.4056113660335541,
    -0.46306681632995605,
    -0.08942247927188873,
    1.7636088132858276,
    -0.6766077280044556,
    -1.2316416501998901,
    -0.43512535095214844,
    1.12572181224823,
    -2.004584789276123,
    -0.4253717064857483,
    1.1600580215454102,
    -1.009210228919983,
    0.9602954983711243
  ],
  "OCC(F)(F)F": [
    1.6080307960510254,
    -0.42879483103752136,
    0.19113020598888397,
    -0.5258307456970215,
    0.6179695129394531,
    -0.8446540236473083,
    0.6216261982917786,
    -0.8119332790374756,
    -0.34716856479644775,
    -1.4582456350326538,
    1.581264615058899,
    -0.9894648194313049,
    0.4569268822669983,
    0.5468165278434753,
    -1.6230275630950928,
    1.3951247930526733
  ],
  "O.OCC(F)(F)F": [
    1.3285974264144897,
    -0.885766327381134,
    0.12784069776535034,
    -0.4530472457408905,
    0.8076008558273315,
    -1.1221510171890259,
    0.48577433824539185,
    -0.33328792452812195,
    -0.5145848393440247,
    -1.2921861410140991,
    1.5773485898971558,
    -1.101188063621521,
    0.6476997137069702,
    0.5637469291687012,
    -1.4409146308898926,
    1.5948997735977173
  ],
  "CN(C)C(C)=O": [
    1.6021126508712769,
    0.05243093892931938,
    0.747758150100708,
    -0.48026639223098755,
    0.5887377858161926,
    -0.23522348701953888,
    0.8377443552017212,
    -0.8255999088287354,
    -0.8510480523109436,
    -0.9775477647781372,
    1.3016090393066406,
    -1.8727798461914062,
    -0.007291868794709444,
    0.6180995106697083,
    -1.5882601737976074,
    1.0761898756027222
  ],
  "CCCCCCCCCCO": [
    1.3910516500473022,
    0.30772489309310913,
    0.29501107335090637,
    -0.6961907744407654,
    -0.12088880687952042,
    0.028160683810710907,
    1.3984771966934204,
    -0.7641025185585022,
    -1.3312042951583862,
    -0.4647035300731659,
    1.3186622858047485,
    -1.9270519018173218,
    -0.3546985983848572,
    1.174812912940979,
    -1.1233340501785278,
    0.8607855439186096
  ],
  "OCC": [
    1.5697152614593506,
    -0.28550559282302856,
    0.4554641544818878,
    -0.3020781874656677,
    0.7426105737686157,
    -0.44048866629600525,
    0.7517541646957397,
    -0.8812118768692017,
    -0.691256046295166,
    -1.1292301416397095,
    1.454636573791504,
    -1.4714338779449463,
    0.2110275775194168,
    0.5761487483978271,
    -1.797397494316101,
    1.224034309387207
  ],
  "C1CCOC1": [
    1.4486013650894165,
    0.16213317215442657,
    0.4977988302707672,
    -0.40417179465293884,
    -0.03037911094725132,
    -0.07827015221118927,
    1.4038326740264893,
    -0.6547128558158875,
    -1.0422006845474243,
    -0.5512437224388123,
    1.265837550163269,
    -2.1349635124206543,
    -0.29859045147895813,
    0.7841147184371948,
    -1.3812477588653564,
    1.003294825553894
  ],
  "[C@H]12CCC([C@H](OC1)O2)=O": [
    1.6664149761199951,
    -0.36483240127563477,
    0.6419698596000671,
    -0.2874108850955963,
    0.9373950958251953,
    -0.4433871805667877,
    0.4784051179885864,
    -0.8847329020500183,
    -0.6883479952812195,
    -0.9828371405601501,
    1.385819673538208,
    -1.6551295518875122,
    0.22956582903862,
    0.5030673146247864,
    -1.6937808990478516,
    1.1424227952957153
  ],
  "O=C(OCC)C": [
    1.4546679258346558,
    0.23788435757160187,
    0.3457687795162201,
    -0.35514020919799805,
    -0.018851611763238907,
    -0.10505813360214233,
    1.4717391729354858,
    -0.6594312787055969,
    -1.0387866497039795,
    -0.6116268634796143,
    1.2903047800064087,
    -1.9952456951141357,
    -0.33086490631103516,
    0.8105297684669495,
    -1.4948432445526123,
    0.9895098805427551
  ],
  "CC(C)(C)OC": [
    1.1500136852264404,
    0.36547499895095825,
    -0.05100091174244881,
    -0.46055835485458374,
    -0.5804679989814758,
    -0.27223122119903564,
    1.921718716621399,
    -0.5825944542884827,
    -1.1720116138458252,
    -0.45432576537132263,
    1.1801352500915527,
    -1.8502455949783325,
    -0.47533899545669556,
    1.3042383193969727,
    -0.9281046390533447,
    0.9030985236167908
  ],