{
  "CO": [
    1.884440302848816,
    -0.3181106448173523,
    0.11412413418292999,
    0.05312700942158699,
    0.028937308117747307,
    -1.6523728370666504,
    0.7105895280838013,
    -0.22084854543209076,
    0.33273664116859436,
    -1.6009129285812378,
    0.3235783278942108,
    -1.099703073501587,
    0.12337660044431686,
    0.8650742173194885,
    -1.1980009078979492,
    1.6768265962600708
  ],
  "OCCO": [
    2.00569486618042,
    -0.4542991816997528,
    0.14822733402252197,
    0.3349234163761139,
    0.6588082313537598,
    -1.6316170692443848,
    0.6383887529373169,
    -0.2871564030647278,
    -0.14842335879802704,
    -1.4325188398361206,
    0.22958490252494812,
    -1.0674896240234375,
    0.012435910291969776,
    0.7089460492134094,
    -1.2951645851135254,
    1.6028224229812622
  ],
  "C(C(F)(F)F)(C(F)(F)F)O": [
    1.627304196357727,
    -0.3408995270729065,
    -0.03393237665295601,
    -0.18054121732711792,
    -0.1752764731645584,
    -1.7571191787719727,
    0.2632693946361542,
    0.0172735508531332,
    0.40466180443763733,
    -2.021144390106201,
    0.5982255935668945,
    -0.8511188626289368,
    0.4547277092933655,
    0.6935825347900391,
    -0.5618921518325806,
    1.8808642625808716
  ],
  "O1C(C)CCC1": [
    2.12243390083313,
    0.6693998575210571,
    0.32200324535369873,
    -0.2425968199968338,
    -0.6013149619102478,
    -0.5772706270217896,
    1.5272272825241089,
    -0.4340631365776062,
    -0.25672751665115356,
    -0.9794499278068542,
    0.28041690587997437,
    -1.8337161540985107,
    -0.5928122401237488,
    0.7292883396148682,
    -1.1612249612808228,
    1.0505484342575073
  ],
  "C1CCCCC1": [
    1.685968041419983,
    0.7446317672729492,
    -0.16004537045955658,
    -0.5173142552375793,
    -1.2516298294067383,
    -0.8463225364685059,
    1.5230231285095215,
    -0.34716472029685974,
    -0.3590618371963501,
    -0.7839334011077881,
    0.6745952367782593,
    -1.7330620288848877,
    -0.6196814775466919,
    1.461665391921997,
    -0.3743537962436676,
    0.9262375235557556
  ],
  "CC(O)C": [
    2.1482784748077393,
    0.40448251366615295,
    0.3097328841686249,
    -0.05901169031858444,
    -0.0948382019996643,
    -1.096459150314331,
    1.1537643671035767,
    -0.4555957615375519,
    -0.14625151455402374,
    -1.449032187461853,
    0.4371216893196106,
    -1.4929145574569702,
    -0.34055766463279724,
    0.701076328754425,
    -1.2772057056427002,
    1.2827184200286865
  ],
  "O.CC#N": [
    1.8133054971694946,
    -0.6283009648323059,
    0.058431193232536316,
    0.22723984718322754,
    0.26061081886291504,
    -1.8786135911941528,
    0.5448795557022095,
    -0.03630433976650238,
    -0.1849742978811264,
    -1.4265313148498535,
    0.45549845695495605,
    -1.0730279684066772,
    0.27349424362182617,
    0.780379593372345,
    -0.9676793813705444,
    1.8000515699386597
  ],
  "CC#N": [
    2.1750986576080322,
    0.19918113946914673,
    0.3083648085594177,
    0.0272296741604805,
    -0.14774936437606812,
    -1.1308283805847168,
    1.1214274168014526,
    -0.34643349051475525,
    0.09952625632286072,
    -1.403350830078125,
    0.34869569540023804,
    -1.500425934791565,
    -0.24922017753124237,
    0.55340176820755,
    -1.3910638093948364,
    1.359122633934021
  ],
  "CC#N.CC(=O)O": [
    2.199620485305786,
    0.08865296840667725,
    0.23928064107894897,
    -0.020615939050912857,
    -0.08562681823968887,
    -1.2094727754592896,
    0.940101146697998,
    -0.41970038414001465,
    0.18390731513500214,
    -1.5009496212005615,
    0.512460470199585,
    -1.3418220281600952,
    -0.24757599830627441,
    0.6666543483734131,
    -1.3570711612701416,
    1.375740647315979
  ],
  "CCOCC": [
    1.9460828304290771,
    0.7910979390144348,
    0.13318458199501038,
    -0.178542360663414,
    -0.7957018613815308,
    -0.5752309560775757,
    1.6728215217590332,
    -0.41946864128112793,
    -0.40081682801246643,
    -0.9288724660873413,
    0.44500938057899475,
    -1.8577725887298584,
    -0.6622345447540283,
    0.8090345859527588,
    -0.9719933271408081,
    1.0156570672988892
  ],
  "OCC(F)(F)F": [
    1.8185290098190308,
    -0.31721359491348267,
    0.1563277691602707,
    -0.22085274755954742,
    -0.16816414892673492,
    -1.7308645248413086,
    0.7486361265182495,
    -0.3022559881210327,
    0.2397213727235794,
    -1.7195509672164917,
    0.5507419109344482,
    -0.9783267974853516,
    0.35072726011276245,
    0.8768894672393799,
    -0.934617280960083,
    1.654473900794983
  ],
  "O.OCC(F)(F)F": [
    1.5875812768936157,
    -0.7898105382919312,
    -0.0387021005153656,
    0.1932714730501175,
    0.24379001557826996,
    -2.0329620838165283,
    0.46133530139923096,
    0.13513146340847015,
    -0.21057935059070587,
    -1.4854878187179565,
    0.46515730023384094,
    -0.8194027543067932,
    0.40171846747398376,
    0.889872670173645,
    -0.8449862003326416,
    1.863520860671997
  ],
  "CN(C)C(C)=O": [
    2.1539499759674072,
    0.5408145189285278,
    0.4986083209514618,
    -0.14861269295215607,
    -0.17135171592235565,
    -0.8211266994476318,
    1.1843500137329102,
    -0.5181303024291992,
    -0.25106894969940186,
    -1.3191053867340088,
    0.36120161414146423,
    -1.7448599338531494,
    -0.42726534605026245,
    0.7614748477935791,
    -1.2136447429656982,
    1.1382362842559814
  ],
  "CCCCCCCCCCO": [
    1.9726547002792358,
    0.7084193229675293,
    0.23471207916736603,
    -0.3201579451560974,
    -0.6093863844871521,
    -0.5090405344963074,
    1.4453372955322266,
    -0.5411441326141357,
    -0.5975456237792969,
    -0.965781033039093,
    0.6348468065261841,
    -1.8830581903457642,
    -0.6402101516723633,
    1.0365750789642334,
    -0.9323476552963257,
    0.9871135354042053
  ],
  "OCC": [
    2.1534790992736816,
    0.08904220908880234,
    0.2038896530866623,
    0.0391995906829834,
    0.09082704037427902,
    -1.1923717260360718,
    1.0667352676391602,
    -0.39045315980911255,
    -0.02997317723929882,
    -1.4959195852279663,
    0.40166670083999634,
    -1.27693510055542,
    -0.2759283185005188,
    0.6980589628219604,
    -1.446162223815918,
    1.3907965421676636
  ],
  "C1CCOC1": [
    2.0234687328338623,
    0.6604413986206055,
    0.2709597945213318,
    -0.16567102074623108,
    -0.6711549162864685,
    -0.44756001234054565,
    1.5663654804229736,
    -0.46255946159362793,
    -0.27948400378227234,
    -0.9524808526039124,
    0.41872432827949524,
    -1.9530192613601685,
    -0.6873329281806946,
    0.7929236888885498,
    -1.073935866355896,
    0.9815036654472351
  ],
  "[C@H]12CCC([C@H](OC1)O2)=O": [
    2.2826273441314697,
    0.10805080085992813,
    0.4930644929409027,
    -0.018493734300136566,
    0.15589943528175354,
    -1.119686245918274,
    0.919326663017273,
    -0.5195131301879883,
    -0.12405417859554291,
    -1.3910835981369019,
    0.2583025097846985,
    -1.507385015487671,
    -0.24544912576675415,
    0.6726782321929932,
    -1.2706568241119385,
    1.3296513557434082
  ],
  "O=C(OCC)C": [
    1.9203866720199585,
    0.7941188812255859,
    0.1504247486591339,
    -0.12860305607318878,
    -0.8457878232002258,
    -0.48577192425727844,
    1.6762655973434448,
    -0.45631542801856995,
    -0.3263963758945465,
    -0.9225627779960632,
    0.40923333168029785,
    -1.8751473426818848,
    -0.6860693693161011,
    0.8365804553031921,
    -1.0210494995117188,
    0.982593297958374
  ],
  "CC(C)(C)OC": [
    1.7236711978912354,
    0.7690514326095581,
    -0.08274566382169724,
    -0.3717949092388153,
    -1.173020839691162,
    -0.47430554032325745,
    1.802132248878479,
    -0.4616493880748749,
    -0.375046968460083,
    -0.8754463791847229,
    0.5332244038581848,
    -1.793952465057373,
    -0.6792081594467163,
    1.1764342784881592,
    -0.5837645530700684,
    0.8910965919494629
  ],