{
  "CO": [
    1.857846975326538,
    -0.2975567579269409,
    0.049847956746816635,
    0.044447943568229675,
    0.06747891008853912,
    -1.7153443098068237,
    0.8342629671096802,
    -0.3508012294769287,
    0.21622037887573242,
    -1.6080222129821777,
    0.5107844471931458,
    -1.0565375089645386,
    0.12792453169822693,
    0.8941583633422852,
    -1.1364412307739258,
    1.5898598432540894
  ],
  "OCCO": [
    1.989437460899353,
    -0.4486841857433319,
    0.10348807275295258,
    0.4053564965724945,
    0.6529768109321594,
    -1.6700422763824463,
    0.6420285701751709,
    -0.2573569715023041,
    -0.16061550378799438,
    -1.4292376041412354,
    0.22929151356220245,
    -1.0532065629959106,
    -0.015797583386301994,
    0.7371946573257446,
    -1.2835758924484253,
    1.5849862098693848
  ],
  "C(C(F)(F)F)(C(F)(F)F)O": [
    1.7264176607131958,
    -0.3444557189941406,
    0.024099942296743393,
    -0.1518922746181488,
    -0.0741894468665123,
    -1.8246772289276123,
    0.5133535861968994,
    -0.14035534858703613,
    0.1264944225549698,
    -1.8781541585922241,
    0.5220445394515991,
    -0.7297177314758301,
    0.43730926513671875,
    0.7653131484985352,
    -0.7878331542015076,
    1.8405814170837402
  ],
  "O1C(C)CCC1": [
    2.0244216918945312,
    0.7320759892463684,
    0.2508980333805084,
    -0.134931743144989,
    -0.6723498106002808,
    -0.5167445540428162,
    1.622493028640747,
    -0.5192165374755859,
    -0.40467584133148193,
    -0.9407132267951965,
    0.2680168151855469,
    -1.8428436517715454,
    -0.6237583160400391,
    0.8234149217605591,
    -1.0750867128372192,
    1.0334677696228027
  ],
  "C1CCCCC1": [
    2.004396915435791,
    0.6256964802742004,
    0.12417510151863098,
    -0.29988545179367065,
    -1.0512522459030151,
    -0.9855042099952698,
    1.438022494316101,
    -0.14394506812095642,
    -0.21001626551151276,
    -0.8687620162963867,
    0.7564053535461426,
    -1.8665953874588013,
    -0.37318646907806396,
    0.8152756094932556,
    -0.9171927571296692,
    0.973822295665741
  ],
  "CC(O)C": [
    2.067884922027588,
    0.4254586100578308,
    0.27652302384376526,
    -0.006076984107494354,
    -0.2042294293642044,
    -1.0480514764785767,
    1.3325213193893433,
    -0.4606257677078247,
    -0.09636086225509644,
    -1.4268590211868286,
    0.262668251991272,
    -1.5396851301193237,
    -0.3306290805339813,
    0.7840372323989868,
    -1.2683320045471191,
    1.2614009380340576
  ],
  "O.CC#N": [
    1.8402526378631592,
    -0.6029186844825745,
    0.03330996260046959,
    0.2490607351064682,
    0.28410032391548157,
    -1.859028935432434,
    0.6006565093994141,
    -0.11042708903551102,
    -0.18170544505119324,
    -1.4817187786102295,
    0.45099398493766785,
    -0.9970102310180664,
    0.252693235874176,
    0.7660878896713257,
    -0.9923305511474609,
    1.770667314529419
  ],
  "CC#N": [
    2.2049176692962646,
    0.22448503971099854,
    0.2901957929134369,
    0.05058709904551506,
    -0.10027199238538742,
    -1.1097532510757446,
    1.143564224243164,
    -0.36294132471084595,
    0.08386919647455215,
    -1.4302202463150024,
    0.342165470123291,
    -1.4786568880081177,
    -0.29108574986457825,
    0.5506861805915833,
    -1.3912525177001953,
    1.3007911443710327
  ],
  "CC#N.CC(=O)O": [
    2.206456184387207,
    0.11997158825397491,
    0.19573135673999786,
    0.05146010220050812,
    -0.06945213675498962,
    -1.1781830787658691,
    0.9917272329330444,
    -0.43481549620628357,
    0.17023375630378723,
    -1.5160914659500122,
    0.475507527589798,
    -1.321410894393921,
    -0.2889840304851532,
    0.6603983640670776,
    -1.3811311721801758,
    1.3458869457244873
  ],
  "CCOCC": [
    1.858506202697754,
    0.7378742098808289,
    0.10395048558712006,
    -0.25888559222221375,
    -0.9592521786689758,
    -0.47143465280532837,
    1.783937931060791,
    -0.4652138948440552,
    -0.3151109218597412,
    -0.9394534826278687,
    0.2903822362422943,
    -1.827850580215454,
    -0.633139967918396,
    0.9341628551483154,
    -0.8653528094291687,
    1.0522161722183228
  ],
  "OCC(F)(F)F": [
    1.8663146495819092,
    -0.18475134670734406,
    0.11450833082199097,
    -0.12928053736686707,
    -0.16765378415584564,
    -1.6811760663986206,
    0.796307384967804,
    -0.32790806889533997,
    0.20522694289684296,
    -1.7640161514282227,
    0.5728759765625,
    -0.9930438995361328,
    0.25085362792015076,
    0.7907257676124573,
    -0.9659833908081055,
    1.644020915031433
  ],
  "O.OCC(F)(F)F": [
    1.608016848564148,
    -0.7739096879959106,
    -0.04232557862997055,
    0.2618749141693115,
    0.29856911301612854,
    -2.0429584980010986,
    0.4716910123825073,
    0.07847017049789429,
    -0.2283235341310501,
    -1.479817509651184,
    0.42131727933883667,
    -0.7734957337379456,
    0.3564630150794983,
    0.8919275403022766,
    -0.8762513995170593,
    1.8512837886810303
  ],
  "CN(C)C(C)=O": [
    2.1696343421936035,
    0.56649249792099,
    0.48311835527420044,
    -0.10777550935745239,
    -0.11501093953847885,
    -0.8311715722084045,
    1.202498197555542,
    -0.5181248784065247,
    -0.2912452220916748,
    -1.3028663396835327,
    0.30219778418540955,
    -1.7159274816513062,
    -0.45959895849227905,
    0.7414160966873169,
    -1.2344691753387451,
    1.1373416185379028
  ],
  "CCCCCCCCCCO": [
    2.0054376125335693,
    0.6793957352638245,
    0.27628326416015625,
    -0.3284838795661926,
    -0.4943244457244873,
    -0.5940065979957581,
    1.4687529802322388,
    -0.5276530385017395,
    -0.574103832244873,
    -1.013256311416626,
    0.5262890458106995,
    -1.8398724794387817,
    -0.6082260012626648,
    0.9818798899650574,
    -0.9848715662956238,
    1.0512338876724243
  ],
  "OCC": [
    2.1793298721313477,
    0.10467218607664108,
    0.26511695981025696,
    -0.015949880704283714,
    0.07008031755685806,
    -1.2754714488983154,
    1.0616724491119385,
    -0.4690210223197937,
    0.0005119054694660008,
    -1.4640144109725952,
    0.3172817826271057,
    -1.2038756608963013,
    -0.24317936599254608,
    0.746203601360321,
    -1.419528603553772,
    1.3760876655578613
  ],
  "C1CCOC1": [
    1.9945080280303955,
    0.6688625812530518,
    0.23694315552711487,
    -0.1188487559556961,
    -0.688565194606781,
    -0.4403356909751892,
    1.6366379261016846,
    -0.48576563596725464,
    -0.3308236002922058,
    -0.9097316265106201,
    0.38928237557411194,
    -1.9420232772827148,
    -0.7002903819084167,
    0.8147076964378357,
    -1.0638500452041626,
    0.9631738066673279
  ],
  "[C@H]12CCC([C@H](OC1)O2)=O": [
    2.276080369949341,
    -0.03736373782157898,
    0.37953394651412964,
    0.05400467291474342,
    0.31804895401000977,
    -1.2146440744400024,
    0.8553661704063416,
    -0.4789865016937256,
    -0.049684859812259674,
    -1.369238018989563,
    0.26992958784103394,
    -1.3622932434082031,
    -0.2525079846382141,
    0.6759399175643921,
    -1.4041014909744263,
    1.3662587404251099
  ],
  "O=C(OCC)C": [
    2.0437610149383545,
    0.7834838032722473,
    0.20815277099609375,
    -0.12490709125995636,
    -0.6701401472091675,
    -0.5588464736938477,
    1.598332405090332,
    -0.4292650818824768,
    -0.29227951169013977,
    -0.9610489010810852,
    0.3821670413017273,
    -1.8405258655548096,
    -0.6902633905410767,
    0.7632536888122559,
    -1.1359022855758667,
    0.9493083953857422
  ],
  "CC(C)(C)OC": [
    1.795978307723999,
    0.8284290432929993,
    -0.035316839814186096,
    -0.22830922901630402,
    -1.052549123764038,
    -0.5860658288002014,
    1.8390436172485352,
    -0.43344590067863464,
    -0.4119510054588318,
    -0.8474223017692566,
    0.524370014667511,
    -1.7649160623550415,
    -0.6729168891906738,
    0.97504061460495,
    -0.8148216009140015,
    0.9113957285881042
  ],