{
  "CO": [
    1.1602107286453247,
    -1.255890130996704,
    0.3531329929828644,
    -0.28446051478385925,
    0.9600464701652527,
    -0.5560658574104309,
    -0.14087501168251038,
    -0.32651105523109436,
    -0.6393295526504517,
    -1.103440761566162,
    1.6169031858444214,
    -0.593484103679657,
    0.6433315277099609,
    0.798523485660553,
    -2.0048739910125732,
    1.365616798400879
  ],
  "OCCO": [
    1.2298810482025146,
    -1.2824463844299316,
    0.48517122864723206,
    -0.10938477516174316,
    1.3485310077667236,
    -0.5318819284439087,
    -0.24029219150543213,
    -0.27189889550209045,
    -0.8274044990539551,
    -0.8890700936317444,
    1.5169999599456787,
    -0.8364729881286621,
    0.5309224724769592,
    0.6959312558174133,
    -1.9615623950958252,
    1.1348499059677124
  ],
  "C(C(F)(F)F)(C(F)(F)F)O": [
    0.8321583271026611,
    -0.9904597401618958,
    0.2645237147808075,
    -1.165163516998291,
    -0.5948523879051208,
    -0.35275912284851074,
    1.1037596464157104,
    0.2584300637245178,
    -0.2969549894332886,
    -1.7482041120529175,
    1.3859330415725708,
    -0.6223185062408447,
    0.636970043182373,
    1.3003849983215332,
    -1.3468996286392212,
    1.3368570804595947
  ],
  "O1C(C)CCC1": [
    1.3535696268081665,
    -0.6662257313728333,
    0.7230949997901917,
    -0.48125797510147095,
    0.29066550731658936,
    0.08441761881113052,
    0.9261787533760071,
    -0.1280680000782013,
    -1.6650633811950684,
    -0.6935932636260986,
    1.222780704498291,
    -1.520401954650879,
    0.17115971446037292,
    1.2254705429077148,
    -1.6670414209365845,
    0.8199455738067627
  ],
  "C1CCCCC1": [
    1.2678779363632202,
    -0.7145296335220337,
    0.39460256695747375,
    -0.6389807462692261,
    -0.3553889989852905,
    -0.35114941000938416,
    1.1816788911819458,
    0.3350479304790497,
    -1.5497509241104126,
    -0.4988526701927185,
    1.4420675039291382,
    -1.6076266765594482,
    0.22604598104953766,
    1.394672155380249,
    -1.2997387647628784,
    0.7723018527030945
  ],
  "CC(O)C": [
    1.318752646446228,
    -0.8795586228370667,
    0.7153881788253784,
    -0.4541170597076416,
    0.9085246324539185,
    -0.1599777340888977,
    0.13385732471942902,
    -0.3960261344909668,
    -1.0186100006103516,
    -1.2308608293533325,
    1.5533751249313354,
    -0.9865285754203796,
    0.4670218527317047,
    1.0011663436889648,
    -1.9265292882919312,
    0.9473337531089783
  ],
  "O.CC#N": [
    1.1316791772842407,
    -1.4132493734359741,
    0.26152780652046204,
    -0.3146701157093048,
    0.940622091293335,
    -0.6004197597503662,
    -0.0646439790725708,
    -0.25633832812309265,
    -0.8834381699562073,
    -1.011733055114746,
    1.8673458099365234,
    -0.6760962605476379,
    0.7190872430801392,
    0.7092561721801758,
    -1.6900571584701538,
    1.2743171453475952
  ],
  "CC#N": [
    1.2228692770004272,
    -1.0671192407608032,
    0.7183416485786438,
    -0.25995969772338867,
    0.7767493724822998,
    0.019761117175221443,
    0.022281531244516373,
    -0.29337239265441895,
    -0.9236469268798828,
    -1.1797982454299927,
    1.5772978067398071,
    -1.0942808389663696,
    0.5581121444702148,
    0.7653483152389526,
    -1.994240403175354,
    1.1441158056259155
  ],
  "CC#N.CC(=O)O": [
    1.267793893814087,
    -1.1060575246810913,
    0.6202386021614075,
    -0.34524139761924744,
    0.7880034446716309,
    -0.03823721408843994,
    0.043860554695129395,
    -0.4335614740848541,
    -0.7829511761665344,
    -1.2400680780410767,
    1.6331650018692017,
    -0.8710624575614929,
    0.5510851144790649,
    0.8146637678146362,
    -2.0222487449645996,
    1.1135079860687256
  ],
  "CCOCC": [
    1.2888716459274292,
    -0.6413949728012085,
    0.4286618232727051,
    -0.5976507067680359,
    0.08873485773801804,
    -0.012989218346774578,
    1.363736867904663,
    -0.0009896589908748865,
    -1.709319829940796,
    -0.5983448028564453,
    1.1993488073349,
    -1.4192368984222412,
    0.06648252159357071,
    1.3950251340866089,
    -1.5479296445846558,
    0.6949847340583801
  ],
  "OCC(F)(F)F": [
    1.211578130722046,
    -1.0289686918258667,
    0.4234969913959503,
    -0.7010549306869507,
    0.5630691051483154,
    -0.45835211873054504,
    0.3485425114631653,
    -0.4421288073062897,
    -0.732111394405365,
    -1.5391002893447876,
    1.7307418584823608,
    -0.5090762972831726,
    0.763888955116272,
    0.7803553938865662,
    -1.713720440864563,
    1.2975332736968994
  ],
  "O.OCC(F)(F)F": [
    0.9486747980117798,
    -1.4777767658233643,
    0.15639671683311462,
    -0.3274683952331543,
    0.9735908508300781,
    -0.8181633949279785,
    -0.11565960943698883,
    0.00997118465602398,
    -0.8857803344726562,
    -0.9750348925590515,
    1.794277310371399,
    -0.49976393580436707,
    0.6764230132102966,
    0.8522359728813171,
    -1.6955161094665527,
    1.377849817276001
  ],
  "CN(C)C(C)=O": [
    1.2844922542572021,
    -0.7999827861785889,
    0.912284791469574,
    -0.41676318645477295,
    0.8004955649375916,
    0.045035749673843384,
    0.3416728079319,
    -0.4003012776374817,
    -1.402635931968689,
    -1.0255566835403442,
    1.3620320558547974,
    -1.3319053649902344,
    0.4379769563674927,
    1.0875864028930664,
    -1.7516361474990845,
    0.8506268262863159
  ],
  "CCCCCCCCCCO": [
    1.1822986602783203,
    -0.4948650896549225,
    0.38826069235801697,
    -0.7526347637176514,
    0.04367894306778908,
    0.2475077509880066,
    0.995315432548523,
    -0.22479872405529022,
    -2.0650277137756348,
    -0.360542356967926,
    1.4292246103286743,
    -1.3162144422531128,
    0.0022880739998072386,
    1.705817461013794,
    -1.1623836755752563,
    0.38044360280036926
  ],
  "OCC": [
    1.2121485471725464,
    -1.0902445316314697,
    0.8025404810905457,
    -0.44949525594711304,
    0.8285971879959106,
    -0.03556453809142113,
    0.2786096930503845,
    -0.3615073263645172,
    -0.8533657789230347,
    -1.180891990661621,
    1.3360568284988403,
    -0.9989863634109497,
    0.5057366490364075,
    1.017404556274414,
    -2.07574725151062,
    1.0585448741912842
  ],
  "C1CCOC1": [
    1.182968020439148,
    -0.8291822671890259,
    0.6252708435058594,
    -0.417553186416626,
    0.15563301742076874,
    0.32156187295913696,
    1.1559228897094727,
    -0.10350222140550613,
    -1.6846580505371094,
    -0.521856963634491,
    1.2185511589050293,
    -1.5655930042266846,
    -0.01918972097337246,
    1.4032113552093506,
    -1.5738965272903442,
    0.6495922803878784
  ],
  "[C@H]12CCC([C@H](OC1)O2)=O": [
    1.4289183616638184,
    -0.9743479490280151,
    0.9207082986831665,
    -0.3080917298793793,
    1.0187745094299316,
    -0.15168538689613342,
    -0.17326340079307556,
    -0.5264990329742432,
    -0.9806613326072693,
    -1.0573692321777344,
    1.4933336973190308,
    -1.1872341632843018,
    0.5309902429580688,
    0.8021398186683655,
    -1.7855900526046753,
    0.9414525032043457
  ],
  "O=C(OCC)C": [
    1.1972004175186157,
    -0.6727667450904846,
    0.5263553857803345,
    -0.43207696080207825,
    0.02134975604712963,
    0.09109406173229218,
    1.2738738059997559,
    -0.055557794868946075,
    -1.7601131200790405,
    -0.588358998298645,
    1.2385849952697754,
    -1.4506046772003174,
    0.08754047751426697,
    1.3930308818817139,
    -1.5866336822509766,
    0.714532196521759
  ],
  "CC(C)(C)OC": [
    1.1298136711120605,
    -0.631152331829071,
    0.2566770017147064,
    -0.5494099855422974,
    -0.15405185520648956,
    -0.058749426156282425,
    1.5219972133636475,
    0.10823177546262741,
    -1.8360848426818848,
    -0.4097241759300232,
    1.3401366472244263,
    -1.4031182527542114,
    -0.04809637367725372,
    1.5717729330062866,
    -1.290388584136963,
    0.45180729031562805
  ],