{
  "CO": [
    1.99599027633667,
    -0.26023364067077637,
    0.04135104641318321,
    0.1515733301639557,
    0.13983961939811707,
    -1.6784765720367432,
    0.7631158232688904,
    -0.3954399526119232,
    0.08363305032253265,
    -1.510921597480774,
    0.4470282793045044,
    -0.9632765650749207,
    0.06254702806472778,
    0.8207167387008667,
    -1.2770476341247559,
    1.6067278385162354
  ],
  "OCCO": [
    1.9865466356277466,
    -0.45505407452583313,
    0.12559933960437775,
    0.4004528224468231,
    0.675991952419281,
    -1.6469411849975586,
    0.6515581011772156,
    -0.27485883235931396,
    -0.1676497906446457,
    -1.4307626485824585,
    0.19478759169578552,
    -1.0555440187454224,
    -0.01047590933740139,
    0.7330751419067383,
    -1.2910113334655762,
    1.591141700744629
  ],
  "C(C(F)(F)F)(C(F)(F)F)O": [
    1.648941993713379,
    -0.37335091829299927,
    -0.014109262265264988,
    -0.14292728900909424,
    -0.08172661066055298,
    -1.8506239652633667,
    0.4887921214103699,
    -0.10914706438779831,
    0.17120130360126495,
    -1.8572479486465454,
    0.45843592286109924,
    -0.7199887037277222,
    0.4656238853931427,
    0.7987037301063538,
    -0.7691929340362549,
    1.9103131294250488
  ],
  "O1C(C)CCC1": [
    2.037594795227051,
    0.6851612329483032,
    0.28197193145751953,
    -0.20413662493228912,
    -0.6800656914710999,
    -0.5206171870231628,
    1.639703631401062,
    -0.5019339919090271,
    -0.32935842871665955,
    -0.9705964922904968,
    0.215403214097023,
    -1.8214902877807617,
    -0.5932207703590393,
    0.8232802748680115,
    -1.0862714052200317,
    1.0503334999084473
  ],
  "C1CCCCC1": [
    1.7198967933654785,
    0.7258966565132141,
    -0.18225042521953583,
    -0.5156586766242981,
    -1.2156314849853516,
    -0.891042947769165,
    1.532498836517334,
    -0.3564993739128113,
    -0.31352850794792175,
    -0.8056263327598572,
    0.6298098564147949,
    -1.7103590965270996,
    -0.6135259866714478,
    1.4717587232589722,
    -0.3728514611721039,
    0.9241980910301208
  ],
  "CC(O)C": [
    2.0659751892089844,
    0.33913034200668335,
    0.3085549771785736,
    -0.06477637588977814,
    -0.1855708509683609,
    -1.0657380819320679,
    1.3283569812774658,
    -0.44912293553352356,
    0.07166002690792084,
    -1.472150206565857,
    0.16090363264083862,
    -1.493179202079773,
    -0.28235697746276855,
    0.7482183575630188,
    -1.288522720336914,
    1.3095245361328125
  ],
  "O.CC#N": [
    1.8614352941513062,
    -0.5850664377212524,
    0.020607339218258858,
    0.2312403917312622,
    0.3307446837425232,
    -1.8391519784927368,
    0.5762213468551636,
    -0.10399039834737778,
    -0.15925826132297516,
    -1.4737823009490967,
    0.4158249497413635,
    -0.997373640537262,
    0.23069889843463898,
    0.7786917686462402,
    -1.0335837602615356,
    1.7698757648468018
  ],
  "CC#N": [
    2.172490119934082,
    0.1877548098564148,
    0.2954304814338684,
    0.018217988312244415,
    -0.11201939731836319,
    -1.1955230236053467,
    1.1174181699752808,
    -0.3494478464126587,
    0.10211925208568573,
    -1.440260410308838,
    0.3479918837547302,
    -1.476953148841858,
    -0.22140054404735565,
    0.6028314232826233,
    -1.3501859903335571,
    1.3291621208190918
  ],
  "CC#N.CC(=O)O": [
    2.1805055141448975,
    0.10250185430049896,
    0.2140035778284073,
    0.054571494460105896,
    -0.05060218274593353,
    -1.1715761423110962,
    1.0063420534133911,
    -0.4048880636692047,
    0.11801189184188843,
    -1.5151538848876953,
    0.5146816372871399,
    -1.3736763000488281,
    -0.27717125415802,
    0.6592448949813843,
    -1.3730134963989258,
    1.3436850309371948
  ],
  "CCOCC": [
    1.8744359016418457,
    0.741748034954071,
    0.1072607934474945,
    -0.24827362596988678,
    -0.9512026906013489,
    -0.5139859914779663,
    1.7768605947494507,
    -0.452399343252182,
    -0.28693076968193054,
    -0.9570725560188293,
    0.28075483441352844,
    -1.8168319463729858,
    -0.6180775761604309,
    0.8962034583091736,
    -0.8785673379898071,
    1.0719122886657715
  ],
  "OCC(F)(F)F": [
    1.952257752418518,
    -0.21263772249221802,
    0.03447329252958298,
    -0.03385312110185623,
    -0.039712246507406235,
    -1.773505687713623,
    0.7146554589271545,
    -0.3022630214691162,
    -0.019801907241344452,
    -1.7263925075531006,
    0.6129220724105835,
    -0.9291565418243408,
    0.2885734438896179,
    0.8144053220748901,
    -0.930740475654602,
    1.578852653503418
  ],
  "O.OCC(F)(F)F": [
    1.7377034425735474,
    -0.7066333293914795,
    -0.05825524404644966,
    0.17341089248657227,
    0.3101884722709656,
    -1.9637566804885864,
    0.3777877390384674,
    -0.09082189202308655,
    -0.11239214986562729,
    -1.538448691368103,
    0.4242683947086334,
    -0.695724368095398,
    0.30921244621276855,
    0.8968517184257507,
    -0.9027498364448547,
    1.8623827695846558
  ],
  "CN(C)C(C)=O": [
    2.213346242904663,
    0.48380449414253235,
    0.49521562457084656,
    -0.1744026094675064,
    -0.0563892163336277,
    -0.8810684084892273,
    1.141654372215271,
    -0.4997767210006714,
    -0.16342483460903168,
    -1.3747507333755493,
    0.2723913788795471,
    -1.6311935186386108,
    -0.4242745637893677,
    0.7254886627197266,
    -1.2682608366012573,
    1.1697471141815186
  ],
  "CCCCCCCCCCO": [
    2.002166986465454,
    0.68183833360672,
    0.27874526381492615,
    -0.28564122319221497,
    -0.5237728357315063,
    -0.5923715829849243,
    1.4657795429229736,
    -0.5357605218887329,
    -0.6018876433372498,
    -1.0119327306747437,
    0.5383883118629456,
    -1.8262786865234375,
    -0.6054031252861023,
    1.0062944889068604,
    -0.9935553073883057,
    1.0284028053283691
  ],
  "OCC": [
    2.1575191020965576,
    0.09363065659999847,
    0.2164851427078247,
    0.03489965572953224,
    0.10342930257320404,
    -1.2504156827926636,
    1.0896836519241333,
    -0.3878820836544037,
    -0.03656964749097824,
    -1.4921343326568604,
    0.36775222420692444,
    -1.2843886613845825,
    -0.2655017375946045,
    0.7119570970535278,
    -1.395273208618164,
    1.3670649528503418
  ],
  "C1CCOC1": [
    2.035846710205078,
    0.6571648120880127,
    0.24336853623390198,
    -0.1503593474626541,
    -0.6356282830238342,
    -0.48432081937789917,
    1.599682331085205,
    -0.46806639432907104,
    -0.24702662229537964,
    -0.9939441680908203,
    0.37432101368904114,
    -1.9322073459625244,
    -0.6720296740531921,
    0.7999711632728577,
    -1.0636930465698242,
    0.962435245513916
  ],
  "[C@H]12CCC([C@H](OC1)O2)=O": [
    2.2697131633758545,
    -0.022346502169966698,
    0.3801299035549164,
    0.05246087908744812,
    0.3044995963573456,
    -1.2040756940841675,
    0.8777729868888855,
    -0.482785165309906,
    -0.05108509585261345,
    -1.3766528367996216,
    0.26062560081481934,
    -1.3792563676834106,
    -0.2518044114112854,
    0.6747729182243347,
    -1.3908641338348389,
    1.3659336566925049
  ],
  "O=C(OCC)C": [
    2.074716567993164,
    0.7399158477783203,
    0.20928412675857544,
    -0.13363754749298096,
    -0.6696006059646606,
    -0.6048128008842468,
    1.6032260656356812,
    -0.4121335446834564,
    -0.22282537817955017,
    -0.974101185798645,
    0.37338128685951233,
    -1.8140352964401245,
    -0.6584579348564148,
    0.7496116757392883,
    -1.1715706586837769,
    0.9376349449157715
  ],
  "CC(C)(C)OC": [
    1.8905954360961914,
    0.7844772338867188,
    0.015413637273013592,
    -0.26612043380737305,
    -0.9919738173484802,
    -0.6066876649856567,
    1.8034892082214355,
    -0.37503162026405334,
    -0.320186972618103,
    -0.9115875959396362,
    0.518479585647583,
    -1.7854793071746826,
    -0.6624922752380371,
    0.8970786333084106,
    -0.8526514768600464,
    0.8905175924301147
  ],