{
  "CO": [
    1.957016110420227,
    -0.3816577196121216,
    0.053111180663108826,
    0.08021615445613861,
    0.3435305953025818,
    -1.262313961982727,
    0.8744358420372009,
    -0.6778295040130615,
    0.0052558924071490765,
    -1.439862847328186,
    0.7166525721549988,
    -1.2040354013442993,
    0.2515384554862976,
    0.5326787233352661,
    -1.454849362373352,
    1.6084551811218262
  ],
  "OCCO": [
    1.8830100297927856,
    -0.5787760019302368,
    0.1520892083644867,
    0.3786400556564331,
    0.8957771062850952,
    -1.2993576526641846,
    0.7120394110679626,
    -0.46739742159843445,
    -0.3609606623649597,
    -1.277840256690979,
    0.6633411645889282,
    -1.4203859567642212,
    0.19333668053150177,
    0.47235074639320374,
    -1.4333475828170776,
    1.4885249137878418
  ],
  "C(C(F)(F)F)(C(F)(F)F)O": [
    1.545562505722046,
    -0.2720876634120941,
    0.03861115127801895,
    -0.32699134945869446,
    -0.5299310088157654,
    -1.2442442178726196,
    1.0680773258209229,
    -0.20418767631053925,
    0.2918543815612793,
    -2.0484583377838135,
    0.716726541519165,
    -1.194200038909912,
    0.4874025881290436,
    0.6403994560241699,
    -0.6995471715927124,
    1.739335060119629
  ],
  "O1C(C)CCC1": [
    1.8311479091644287,
    0.580411434173584,
    0.14577928185462952,
    -0.1048816442489624,
    -0.4583548903465271,
    -0.28519970178604126,
    1.7388867139816284,
    -0.588307797908783,
    -0.5241286754608154,
    -0.9158458709716797,
    0.4806058406829834,
    -2.0529346466064453,
    -0.5657845735549927,
    0.7877345085144043,
    -1.0901732444763184,
    1.027641773223877
  ],
  "C1CCCCC1": [
    1.5477898120880127,
    0.6180455684661865,
    -0.33225053548812866,
    -0.47561684250831604,
    -0.9838423728942871,
    -0.7661323547363281,
    1.7423137426376343,
    -0.34515854716300964,
    -0.40623366832733154,
    -0.8545181155204773,
    0.6889370679855347,
    -1.8546769618988037,
    -0.6255722045898438,
    1.5243879556655884,
    -0.2909701466560364,
    0.8284244537353516
  ],
  "CC(O)C": [
    2.0284368991851807,
    0.2546045184135437,
    0.24444106221199036,
    -0.007529818452894688,
    0.2349662482738495,
    -0.7763230800628662,
    1.157759189605713,
    -0.5970335602760315,
    -0.26812508702278137,
    -1.4635833501815796,
    0.7072771787643433,
    -1.6805731058120728,
    -0.1948213130235672,
    0.5374760627746582,
    -1.4255001544952393,
    1.2530282735824585
  ],
  "O.CC#N": [
    1.8751863241195679,
    -0.7395867705345154,
    -0.01847309060394764,
    0.15453854203224182,
    0.5910792946815491,
    -1.4353673458099365,
    0.5759196281433105,
    -0.34449467062950134,
    -0.24128904938697815,
    -1.335889458656311,
    0.7403217554092407,
    -1.171302318572998,
    0.40746185183525085,
    0.4725416302680969,
    -1.309583067893982,
    1.7784514427185059
  ],
  "CC#N": [
    2.045762777328491,
    0.01157059334218502,
    0.27118298411369324,
    0.05693775787949562,
    0.1669905036687851,
    -0.782658040523529,
    1.1509263515472412,
    -0.5098721385002136,
    -0.051113296300172806,
    -1.3836480379104614,
    0.5841469764709473,
    -1.702175259590149,
    -0.02217032201588154,
    0.33934056758880615,
    -1.5504955053329468,
    1.3770580291748047
  ],
  "CC#N.CC(=O)O": [
    2.0233962535858154,
    -0.1042487621307373,
    0.1815236359834671,
    0.05624128133058548,
    0.19754701852798462,
    -0.8433588743209839,
    1.0652140378952026,
    -0.5913492441177368,
    0.02804838865995407,
    -1.4734677076339722,
    0.7202578186988831,
    -1.5514150857925415,
    0.02987014688551426,
    0.4375132620334625,
    -1.5639656782150269,
    1.390498399734497
  ],
  "CCOCC": [
    1.655686855316162,
    0.5797235369682312,
    -0.001157569233328104,
    -0.2580016851425171,
    -0.7850789427757263,
    -0.3067004680633545,
    1.9515297412872314,
    -0.5315096974372864,
    -0.4476366639137268,
    -0.9374399185180664,
    0.47156935930252075,
    -1.9835492372512817,
    -0.5531051754951477,
    0.9875349402427673,
    -0.8268200755119324,
    0.9954219460487366
  ],
  "OCC(F)(F)F": [
    1.6752694845199585,
    -0.3023601472377777,
    0.16345348954200745,
    -0.318636953830719,
    -0.05626321956515312,
    -1.3299299478530884,
    1.0619041919708252,
    -0.299083948135376,
    0.2821715474128723,
    -1.7356981039047241,
    0.412240207195282,
    -1.2490946054458618,
    0.4321611821651459,
    0.4864647090435028,
    -1.0941689014434814,
    1.8765827417373657
  ],
  "O.OCC(F)(F)F": [
    1.5910197496414185,
    -0.8581059575080872,
    0.03862609714269638,
    -0.15087711811065674,
    0.3830394148826599,
    -1.5238844156265259,
    0.6731909513473511,
    -0.12151230126619339,
    -0.1325695961713791,
    -1.6631969213485718,
    0.7122094631195068,
    -1.0198843479156494,
    0.7169151306152344,
    0.558502197265625,
    -1.0563849210739136,
    1.85643470287323
  ],
  "CN(C)C(C)=O": [
    2.0632312297821045,
    0.3721751570701599,
    0.4873600900173187,
    -0.1345246583223343,
    0.2048710286617279,
    -0.5766969919204712,
    1.1527552604675293,
    -0.61089026927948,
    -0.35853540897369385,
    -1.3075164556503296,
    0.5757631063461304,
    -1.8656761646270752,
    -0.31298965215682983,
    0.5802844166755676,
    -1.404191255569458,
    1.1381256580352783
  ],
  "CCCCCCCCCCO": [
    1.9802436828613281,
    0.5743879079818726,
    0.10056063532829285,
    -0.4791880249977112,
    -0.2956468462944031,
    -0.19311882555484772,
    1.5572175979614258,
    -0.627369225025177,
    -0.6820420026779175,
    -0.9135997295379639,
    0.6322861313819885,
    -1.888813853263855,
    -0.606301486492157,
    0.9760902523994446,
    -1.0842045545578003,
    0.9566954970359802
  ],
  "OCC": [
    1.9636380672454834,
    -0.0282291267067194,
    0.19258150458335876,
    0.09920913726091385,
    0.29936787486076355,
    -0.8502450585365295,
    1.17255437374115,
    -0.5686652660369873,
    -0.15988443791866302,
    -1.4966500997543335,
    0.6591957807540894,
    -1.601399540901184,
    -0.026444796472787857,
    0.5093968510627747,
    -1.5120346546173096,
    1.3518860340118408
  ],
  "C1CCOC1": [
    1.9011282920837402,
    0.492803692817688,
    0.24000854790210724,
    -0.137907013297081,
    -0.36040782928466797,
    -0.34583914279937744,
    1.6603928804397583,
    -0.5155692100524902,
    -0.41861340403556824,
    -0.9293223023414612,
    0.5973371863365173,
    -2.1151843070983887,
    -0.5346229076385498,
    0.65840744972229,
    -1.169162392616272,
    0.9821338057518005
  ],
  "[C@H]12CCC([C@H](OC1)O2)=O": [
    2.131183385848999,
    -0.08414796739816666,
    0.41748514771461487,
    0.11591866612434387,
    0.5297501087188721,
    -0.8705306053161621,
    0.8730981945991516,
    -0.6662024259567261,
    -0.2674753665924072,
    -1.2991914749145508,
    0.5921079516410828,
    -1.7202130556106567,
    -0.04606122523546219,
    0.4341558516025543,
    -1.4484920501708984,
    1.309099793434143
  ],
  "O=C(OCC)C": [
    1.7081540822982788,
    0.6130408048629761,
    0.008373213931918144,
    -0.0855424776673317,
    -0.6575320959091187,
    -0.24666285514831543,
    1.899829626083374,
    -0.5456653833389282,
    -0.45808422565460205,
    -0.914814829826355,
    0.5340431332588196,
    -2.044052839279175,
    -0.6316554546356201,
    0.8768035173416138,
    -0.961087703704834,
    0.9140984416007996
  ],
  "CC(C)(C)OC": [
    1.5652157068252563,
    0.6627727746963501,
    -0.1873265951871872,
    -0.21183505654335022,
    -0.8923761248588562,
    -0.449409544467926,
    2.006042242050171,
    -0.49295613169670105,
    -0.5643227696418762,
    -0.8674409985542297,
    0.6628894805908203,
    -1.905914306640625,
    -0.6046335697174072,
    1.1299790143966675,
    -0.6627246737480164,
    0.8253118991851807
  ],