{
  "CO": [
    1.572052240371704,
    -0.6062588095664978,
    0.18144230544567108,
    -0.03275017812848091,
    0.6385101675987244,
    -1.0437850952148438,
    0.6802378296852112,
    -0.7848277688026428,
    -0.24964824318885803,
    -1.2725934982299805,
    1.2412432432174683,
    -1.2565367221832275,
    0.4286178946495056,
    0.5826031565666199,
    -1.6643517017364502,
    1.5771093368530273
  ],
  "OCCO": [
    1.6342154741287231,
    -0.6551756262779236,
    0.3448926508426666,
    0.14213642477989197,
    1.1051068305969238,
    -0.987041175365448,
    0.4769993722438812,
    -0.7199230790138245,
    -0.516758382320404,
    -1.2016286849975586,
    1.2052733898162842,
    -1.4941918849945068,
    0.34172067046165466,
    0.5099132657051086,
    -1.5235490798950195,
    1.328010082244873
  ],
  "C(C(F)(F)F)(C(F)(F)F)O": [
    1.5733239650726318,
    -0.483627587556839,
    0.1140357106924057,
    -0.4476347267627716,
    0.27680227160453796,
    -1.1018441915512085,
    0.6998591423034668,
    -0.5315606594085693,
    -0.05442972481250763,
    -1.7558541297912598,
    1.2453060150146484,
    -1.034491777420044,
    0.6116837859153748,
    0.4925074875354767,
    -1.3232530355453491,
    1.7141703367233276
  ],
  "O1C(C)CCC1": [
    1.7190501689910889,
    0.35447418689727783,
    0.39186838269233704,
    -0.32855653762817383,
    -0.10142011940479279,
    -0.23495350778102875,
    1.4581656455993652,
    -0.6445391178131104,
    -0.7224891781806946,
    -0.7908472418785095,
    0.9438213109970093,
    -2.0400519371032715,
    -0.41122108697891235,
    0.7883330583572388,
    -1.4367682933807373,
    1.0501646995544434
  ],
  "C1CCCCC1": [
    1.5530526638031006,
    0.36254575848579407,
    0.07498243451118469,
    -0.2978965938091278,
    -0.6808116436004639,
    -0.7317405343055725,
    1.5818219184875488,
    -0.3020138740539551,
    -0.6696261167526245,
    -0.6867468357086182,
    1.2255128622055054,
    -2.1042821407318115,
    -0.29483944177627563,
    0.9641121029853821,
    -0.9998676180839539,
    1.003997802734375
  ],
  "CC(O)C": [
    1.7232705354690552,
    0.0865868628025055,
    0.4669586718082428,
    -0.23874793946743011,
    0.46512824296951294,
    -0.5847936272621155,
    0.9324018955230713,
    -0.7866808176040649,
    -0.5764868259429932,
    -1.215770959854126,
    1.2054895162582397,
    -1.7209690809249878,
    0.0012541376054286957,
    0.5831252932548523,
    -1.614214301109314,
    1.2648968696594238
  ],
  "O.CC#N": [
    1.49979829788208,
    -0.9210697412490845,
    0.17244403064250946,
    -0.1244487464427948,
    0.7808787822723389,
    -1.1206169128417969,
    0.5003608465194702,
    -0.43699127435684204,
    -0.35685616731643677,
    -1.2724508047103882,
    1.209283471107483,
    -1.333693027496338,
    0.6345969438552856,
    0.5194790363311768,
    -1.4408751726150513,
    1.6810715198516846
  ],
  "CC#N": [
    1.6980334520339966,
    -0.20360100269317627,
    0.42079880833625793,
    -0.0728263109922409,
    0.4959603250026703,
    -0.5191006660461426,
    0.7959252595901489,
    -0.6642791032791138,
    -0.3771054446697235,
    -1.2946137189865112,
    1.2121020555496216,
    -1.7444285154342651,
    0.12816202640533447,
    0.45673930644989014,
    -1.711970329284668,
    1.3699476718902588
  ],
  "CC#N.CC(=O)O": [
    1.7239164113998413,
    -0.28636831045150757,
    0.33810997009277344,
    -0.10869248956441879,
    0.4851408302783966,
    -0.5738592743873596,
    0.7418498992919922,
    -0.779271125793457,
    -0.2433134764432907,
    -1.3392484188079834,
    1.2807718515396118,
    -1.5762031078338623,
    0.1629031002521515,
    0.5281278491020203,
    -1.731269121170044,
    1.3676061630249023
  ],
  "CCOCC": [
    1.4281986951828003,
    0.4710136950016022,
    0.07954704761505127,
    -0.26250746846199036,
    -0.5849665999412537,
    -0.22551310062408447,
    1.8162015676498413,
    -0.6801943778991699,
    -0.8988126516342163,
    -0.5977014899253845,
    0.9557899236679077,
    -2.019575357437134,
    -0.5680726170539856,
    1.0936309099197388,
    -0.9916610717773438,
    0.98404860496521
  ],
  "OCC(F)(F)F": [
    1.7032005786895752,
    -0.33332422375679016,
    0.2834831774234772,
    -0.40215039253234863,
    0.268508642911911,
    -0.9973577857017517,
    0.8494232892990112,
    -0.811958372592926,
    -0.27028214931488037,
    -1.601378083229065,
    1.2878726720809937,
    -1.1521550416946411,
    0.5212750434875488,
    0.5058096051216125,
    -1.3704431056976318,
    1.5138448476791382
  ],
  "O.OCC(F)(F)F": [
    1.412313461303711,
    -0.9492079019546509,
    -0.008040727116167545,
    -0.06650133430957794,
    0.7965615391731262,
    -1.3921010494232178,
    0.4062517285346985,
    -0.4063660502433777,
    -0.43082165718078613,
    -1.3293213844299316,
    1.3147505521774292,
    -1.0001602172851562,
    0.6139113903045654,
    0.64375239610672,
    -1.3295812606811523,
    1.7177515029907227
  ],
  "CN(C)C(C)=O": [
    1.7763817310333252,
    0.23364046216011047,
    0.6189283132553101,
    -0.2598605155944824,
    0.3920782506465912,
    -0.38838744163513184,
    0.9456347227096558,
    -0.8317832946777344,
    -0.7159730195999146,
    -1.0523184537887573,
    1.0582356452941895,
    -1.951528787612915,
    -0.1271066665649414,
    0.6673479080200195,
    -1.5013917684555054,
    1.1270710229873657
  ],
  "CCCCCCCCCCO": [
    1.5620423555374146,
    0.4793429970741272,
    0.2046930193901062,
    -0.48580729961395264,
    -0.16534531116485596,
    -0.145150288939476,
    1.4137232303619385,
    -0.7607208490371704,
    -1.0620810985565186,
    -0.6025331616401672,
    1.2367910146713257,
    -1.9777626991271973,
    -0.5541666746139526,
    1.1253662109375,
    -1.1329506635665894,
    0.8611789345741272
  ],
  "OCC": [
    1.6649333238601685,
    -0.1953822374343872,
    0.38968536257743835,
    -0.12126177549362183,
    0.5491188168525696,
    -0.5830582976341248,
    0.9758238792419434,
    -0.7972222566604614,
    -0.3530023396015167,
    -1.3345627784729004,
    1.09885573387146,
    -1.6189424991607666,
    0.13626359403133392,
    0.5794750452041626,
    -1.730844259262085,
    1.3322416543960571
  ],
  "C1CCOC1": [
    1.639434576034546,
    0.3203454613685608,
    0.42366138100624084,
    -0.25529950857162476,
    -0.1508539468050003,
    -0.22584357857704163,
    1.4424731731414795,
    -0.6196215748786926,
    -0.7431220412254333,
    -0.6830917596817017,
    1.071449875831604,
    -2.1835663318634033,
    -0.41360265016555786,
    0.7198245525360107,
    -1.3686472177505493,
    1.0202053785324097
  ],
  "[C@H]12CCC([C@H](OC1)O2)=O": [
    1.7935705184936523,
    -0.2759280800819397,
    0.5488022565841675,
    -0.08713556081056595,
    0.7902427315711975,
    -0.6175535321235657,
    0.5715057253837585,
    -0.8332266211509705,
    -0.47391876578330994,
    -1.2004088163375854,
    1.1645039319992065,
    -1.7510215044021606,
    0.16565948724746704,
    0.5139780044555664,
    -1.5745130777359009,
    1.2541502714157104
  ],
  "O=C(OCC)C": [
    1.5880343914031982,
    0.4235236942768097,
    0.2836747467517853,
    -0.19172707200050354,
    -0.23868806660175323,
    -0.27308928966522217,
    1.566707968711853,
    -0.6250026822090149,
    -0.7990174293518066,
    -0.705091118812561,
    1.0606540441513062,
    -2.052086591720581,
    -0.4513782262802124,
    0.7923104166984558,
    -1.4040833711624146,
    1.020677924156189
  ],
  "CC(C)(C)OC": [
    1.4440923929214478,
    0.5096014142036438,
    0.00785509217530489,
    -0.3427531123161316,
    -0.6994889378547668,
    -0.40712809562683105,
    1.8917466402053833,
    -0.5613980293273926,
    -0.8700402975082397,
    -0.5542634129524231,
    0.996902346611023,
    -1.9186122417449951,
    -0.5486317873001099,
    1.1046098470687866,
    -0.9858693480491638,
    0.9345360994338989
  ],