{
  "CO": [
    1.9089683294296265,
    -0.4741251766681671,
    -0.003024756908416748,
    0.10532055050134659,
    0.40057218074798584,
    -1.5842864513397217,
    0.4624720811843872,
    -0.21195785701274872,
    0.14228294789791107,
    -1.5501313209533691,
    0.4757783114910126,
    -0.9688997268676758,
    0.13512994349002838,
    0.8205276131629944,
    -1.3724923133850098,
    1.7255854606628418
  ],
  "OCCO": [
    1.9454199075698853,
    -0.5577859878540039,
    0.10859425365924835,
    0.3292480707168579,
    0.7699568867683411,
    -1.5393602848052979,
    0.6399235725402832,
    -0.30549490451812744,
    -0.21637725830078125,
    -1.397660255432129,
    0.3965038061141968,
    -1.1609301567077637,
    0.08192703127861023,
    0.6856160759925842,
    -1.3475871086120605,
    1.5810457468032837
  ],
  "C(C(F)(F)F)(C(F)(F)F)O": [
    1.585551381111145,
    -0.3221776783466339,
    0.013274387456476688,
    -0.2940143644809723,
    -0.17720362544059753,
    -1.5797804594039917,
    0.5174410939216614,
    -0.010861407034099102,
    0.4243611693382263,
    -2.109437942504883,
    0.6199020147323608,
    -0.9530559778213501,
    0.5398243069648743,
    0.58368319272995,
    -0.6660588979721069,
    1.8416004180908203
  ],
  "O1C(C)CCC1": [
    1.9445679187774658,
    0.6669041514396667,
    0.2581133246421814,
    -0.17269940674304962,
    -0.525748610496521,
    -0.562934398651123,
    1.5225611925125122,
    -0.5131247043609619,
    -0.42115679383277893,
    -1.0182015895843506,
    0.45003917813301086,
    -1.9881106615066528,
    -0.5362427234649658,
    0.870271623134613,
    -1.0309869050979614,
    1.071051836013794
  ],
  "C1CCCCC1": [
    1.872464895248413,
    0.5412725210189819,
    0.104343943297863,
    -0.259049654006958,
    -0.9247896671295166,
    -0.9934543967247009,
    1.4099608659744263,
    -0.15595024824142456,
    -0.26482725143432617,
    -0.9290273189544678,
    0.8773432970046997,
    -1.9862723350524902,
    -0.29572877287864685,
    0.89093416929245,
    -0.8965697884559631,
    1.0221192836761475
  ],
  "CC(O)C": [
    2.078268051147461,
    0.31418463587760925,
    0.2612527012825012,
    0.008584251627326012,
    0.0905558168888092,
    -1.001473307609558,
    1.1281929016113281,
    -0.4965567886829376,
    -0.19307011365890503,
    -1.4939302206039429,
    0.5327760577201843,
    -1.5581239461898804,
    -0.3049751818180084,
    0.7228105664253235,
    -1.346484661102295,
    1.2743964195251465
  ],
  "O.CC#N": [
    1.7712379693984985,
    -0.7109360694885254,
    -0.003956097178161144,
    0.23877878487110138,
    0.3640442490577698,
    -1.749031901359558,
    0.5488731861114502,
    -0.07528860121965408,
    -0.2347005307674408,
    -1.4253509044647217,
    0.6318814754486084,
    -1.1092664003372192,
    0.2837163507938385,
    0.7429807186126709,
    -1.066821813583374,
    1.803822636604309
  ],
  "CC#N": [
    2.0775253772735596,
    0.08771724253892899,
    0.2782953679561615,
    0.02208646573126316,
    -0.004895670339465141,
    -1.080650806427002,
    1.1115939617156982,
    -0.3742547631263733,
    0.05906921252608299,
    -1.4553745985031128,
    0.48365676403045654,
    -1.593672513961792,
    -0.1523902714252472,
    0.5699624419212341,
    -1.3955739736557007,
    1.3808261156082153
  ],
  "CC#N.CC(=O)O": [
    2.1008872985839844,
    -0.004296054132282734,
    0.18264912068843842,
    0.01175436470657587,
    0.0508088655769825,
    -1.1208935976028442,
    0.94575035572052,
    -0.4564489424228668,
    0.13039550185203552,
    -1.5563228130340576,
    0.641362726688385,
    -1.409780740737915,
    -0.1628216654062271,
    0.6664852499961853,
    -1.399730920791626,
    1.394536018371582
  ],
  "CCOCC": [
    1.8856127262115479,
    0.706143856048584,
    0.09011110663414001,
    -0.14093312621116638,
    -0.5577952861785889,
    -0.6450823545455933,
    1.6139425039291382,
    -0.4667762517929077,
    -0.4074477255344391,
    -1.0328975915908813,
    0.5805654525756836,
    -1.9305943250656128,
    -0.5939348340034485,
    0.9059873819351196,
    -1.000579833984375,
    1.0102814435958862
  ],
  "OCC(F)(F)F": [
    1.7252951860427856,
    -0.3257709741592407,
    0.0621475912630558,
    -0.17403347790241241,
    -0.14380289614200592,
    -1.6023483276367188,
    0.8395898938179016,
    -0.2520487308502197,
    0.22099262475967407,
    -1.8163559436798096,
    0.5702869296073914,
    -1.0552890300750732,
    0.36621183156967163,
    0.8515158891677856,
    -0.9561878442764282,
    1.7061653137207031
  ],
  "O.OCC(F)(F)F": [
    1.6667096614837646,
    -0.7095066905021667,
    -0.08291682600975037,
    0.035479381680488586,
    0.28302884101867676,
    -1.8774440288543701,
    0.569265604019165,
    -0.16376294195652008,
    -0.11027466505765915,
    -1.7095280885696411,
    0.7263326048851013,
    -0.8719663023948669,
    0.5536803007125854,
    0.720429003238678,
    -0.7589949369430542,
    1.7437914609909058
  ],
  "CN(C)C(C)=O": [
    2.055882215499878,
    0.47910648584365845,
    0.4920802116394043,
    -0.15864941477775574,
    -0.02043367177248001,
    -0.7875047326087952,
    1.167080044746399,
    -0.5362032055854797,
    -0.3317115902900696,
    -1.3194066286087036,
    0.46624675393104553,
    -1.827598214149475,
    -0.37069761753082275,
    0.7805150747299194,
    -1.2471225261688232,
    1.172780990600586
  ],
  "CCCCCCCCCCO": [
    1.9297680854797363,
    0.6491048336029053,
    0.1743004322052002,
    -0.34112298488616943,
    -0.4149724543094635,
    -0.4953462779521942,
    1.4171112775802612,
    -0.6262757182121277,
    -0.6696121096611023,
    -0.9961548447608948,
    0.6947019696235657,
    -1.9003422260284424,
    -0.5867348909378052,
    1.1295808553695679,
    -0.9361490607261658,
    0.9872904419898987
  ],
  "OCC": [
    2.006328582763672,
    0.025800231844186783,
    0.22192849218845367,
    0.046325139701366425,
    0.16518978774547577,
    -1.1251153945922852,
    1.1212114095687866,
    -0.40288445353507996,
    -0.06274382025003433,
    -1.5438402891159058,
    0.5326673984527588,
    -1.4786990880966187,
    -0.1680678129196167,
    0.6951347589492798,
    -1.400311827659607,
    1.3835066556930542
  ],
  "C1CCOC1": [
    1.8961288928985596,
    0.5952737927436829,
    0.18341751396656036,
    -0.11473538726568222,
    -0.5062585473060608,
    -0.43229150772094727,
    1.5417436361312866,
    -0.5205526947975159,
    -0.2946775555610657,
    -1.063936471939087,
    0.5497850179672241,
    -2.063249111175537,
    -0.6481612920761108,
    0.9155922532081604,
    -1.012273907661438,
    0.9891290068626404
  ],
  "[C@H]12CCC([C@H](OC1)O2)=O": [
    2.207416534423828,
    -0.11893032491207123,
    0.371877521276474,
    -0.0052282968536019325,
    0.40312254428863525,
    -1.0793169736862183,
    0.8295636773109436,
    -0.5038802027702332,
    -0.08150719851255417,
    -1.3884398937225342,
    0.4297349452972412,
    -1.4619295597076416,
    -0.17898760735988617,
    0.6485099196434021,
    -1.4482699632644653,
    1.3891379833221436
  ],
  "O=C(OCC)C": [
    1.783449649810791,
    0.7008923292160034,
    0.07972826808691025,
    -0.04327305778861046,
    -0.7246370315551758,
    -0.45210736989974976,
    1.6792635917663574,
    -0.5400551557540894,
    -0.39268720149993896,
    -0.9531611800193787,
    0.5563921332359314,
    -2.0079548358917236,
    -0.6873423457145691,
    0.9933918714523315,
    -0.923972487449646,
    0.9480412006378174
  ],
  "CC(C)(C)OC": [
    1.6565330028533936,
    0.7131103873252869,
    -0.1645759791135788,
    -0.3874233365058899,
    -0.9706088900566101,
    -0.5694064497947693,
    1.7499909400939941,
    -0.5311821103096008,
    -0.4016265273094177,
    -0.9786858558654785,
    0.6061742305755615,
    -1.8447526693344116,
    -0.5836189985275269,
    1.3515602350234985,
    -0.5090915560722351,
    0.8841885924339294
  ],