{
  "CO": [
    1.9425069093704224,
    -0.32230374217033386,
    0.0505501851439476,
    0.12348935753107071,
    0.11731930822134018,
    -1.5675439834594727,
    0.771160900592804,
    -0.4667820334434509,
    0.12223745882511139,
    -1.5644866228103638,
    0.5732815861701965,
    -1.0055177211761475,
    0.15587776899337769,
    0.7578088045120239,
    -1.3071147203445435,
    1.63645601272583
  ],
  "OCCO": [
    1.9995524883270264,
    -0.514427125453949,
    0.20586158335208893,
    0.3066804111003876,
    0.7596034407615662,
    -1.5264806747436523,
    0.6206393241882324,
    -0.30894285440444946,
    -0.20339995622634888,
    -1.3765552043914795,
    0.26966917514801025,
    -1.1555663347244263,
    0.06451224535703659,
    0.6425249576568604,
    -1.3678617477416992,
    1.5996800661087036
  ],
  "C(C(F)(F)F)(C(F)(F)F)O": [
    1.6907188892364502,
    -0.3508740961551666,
    -0.049268919974565506,
    -0.25306105613708496,
    -0.03666270896792412,
    -1.690315842628479,
    0.5690327882766724,
    -0.15082645416259766,
    0.263866126537323,
    -1.9893656969070435,
    0.6472145915031433,
    -0.8278372287750244,
    0.4534655809402466,
    0.6946052312850952,
    -0.7558339834213257,
    1.802748441696167
  ],
  "O1C(C)CCC1": [
    2.031130075454712,
    0.6914782524108887,
    0.27612775564193726,
    -0.17575512826442719,
    -0.5330697894096375,
    -0.5677663087844849,
    1.5024726390838623,
    -0.4749651253223419,
    -0.4001275599002838,
    -0.9894795417785645,
    0.417477548122406,
    -1.9114242792129517,
    -0.5383203625679016,
    0.7908045053482056,
    -1.1551322937011719,
    1.052817463874817
  ],
  "C1CCCCC1": [
    1.8551701307296753,
    0.6894553899765015,
    -0.05429570749402046,
    -0.21308667957782745,
    -1.082785725593567,
    -0.8592119812965393,
    1.6276068687438965,
    -0.26384466886520386,
    -0.36082279682159424,
    -0.7872793674468994,
    0.7713840007781982,
    -1.844478726387024,
    -0.5179533362388611,
    1.038709282875061,
    -0.8408647179603577,
    0.8609107732772827
  ],
  "CC(O)C": [
    2.1378281116485596,
    0.359969824552536,
    0.319873183965683,
    -0.051931463181972504,
    0.00115598039701581,
    -1.0407421588897705,
    1.0812805891036987,
    -0.48864278197288513,
    -0.16867849230766296,
    -1.434462070465088,
    0.461774617433548,
    -1.5187344551086426,
    -0.3020712733268738,
    0.6891260743141174,
    -1.3518412113189697,
    1.3240350484848022
  ],
  "O.CC#N": [
    1.768934726715088,
    -0.7183628678321838,
    0.07260432094335556,
    0.2498156726360321,
    0.3271488547325134,
    -1.8033446073532104,
    0.5463919639587402,
    -0.01035330444574356,
    -0.1970369666814804,
    -1.4037386178970337,
    0.4691958725452423,
    -1.131935477256775,
    0.3211131989955902,
    0.7366302609443665,
    -1.0385656356811523,
    1.8238043785095215
  ],
  "CC#N": [
    2.1885225772857666,
    0.1459924876689911,
    0.2589268982410431,
    0.03739790990948677,
    -0.03597119078040123,
    -0.9727356433868408,
    1.0817512273788452,
    -0.38245928287506104,
    0.013471798971295357,
    -1.4395389556884766,
    0.46609601378440857,
    -1.55606210231781,
    -0.23271220922470093,
    0.5365385413169861,
    -1.4336220026016235,
    1.340631365776062
  ],
  "CC#N.CC(=O)O": [
    2.120683193206787,
    -0.005048790946602821,
    0.18967950344085693,
    0.052163418382406235,
    0.01300809159874916,
    -1.1151494979858398,
    0.9649526476860046,
    -0.4255943298339844,
    0.11546401679515839,
    -1.5114383697509766,
    0.5876408219337463,
    -1.4352370500564575,
    -0.16334864497184753,
    0.6555401086807251,
    -1.4232782125473022,
    1.3965004682540894
  ],
  "CCOCC": [
    1.8461164236068726,
    0.7620734572410583,
    0.03515419363975525,
    -0.1485479325056076,
    -0.8030686974525452,
    -0.554630696773529,
    1.6947238445281982,
    -0.4946243166923523,
    -0.45245561003685,
    -0.9652342200279236,
    0.5375136137008667,
    -1.8662421703338623,
    -0.5894331932067871,
    0.9290642738342285,
    -0.9388997554779053,
    1.0265798568725586
  ],
  "OCC(F)(F)F": [
    1.8033123016357422,
    -0.26282718777656555,
    0.12101422995328903,
    -0.15971305966377258,
    -0.042671866714954376,
    -1.7099400758743286,
    0.7581180930137634,
    -0.3202287554740906,
    0.06945154070854187,
    -1.7265679836273193,
    0.6846684813499451,
    -1.0106136798858643,
    0.33065280318260193,
    0.8579973578453064,
    -1.0029001235961914,
    1.629128336906433
  ],
  "O.OCC(F)(F)F": [
    1.7162121534347534,
    -0.7929648160934448,
    -0.04775778204202652,
    0.1349267214536667,
    0.3739948272705078,
    -1.9176902770996094,
    0.44410794973373413,
    -0.11587072163820267,
    -0.19631440937519073,
    -1.500685453414917,
    0.5625718235969543,
    -0.7700612545013428,
    0.4283440113067627,
    0.8048392534255981,
    -0.9427176117897034,
    1.8337277173995972
  ],
  "CN(C)C(C)=O": [
    2.1339359283447266,
    0.5110532641410828,
    0.4678844213485718,
    -0.12313473969697952,
    -0.048307377845048904,
    -0.7402948141098022,
    1.14109468460083,
    -0.5334755182266235,
    -0.3198451101779938,
    -1.3343533277511597,
    0.42492440342903137,
    -1.768794059753418,
    -0.42637553811073303,
    0.7846286296844482,
    -1.278831958770752,
    1.1274237632751465
  ],
  "CCCCCCCCCCO": [
    2.067491054534912,
    0.6577352285385132,
    0.1702459305524826,
    -0.4122009873390198,
    -0.3958558738231659,
    -0.4348408281803131,
    1.398380160331726,
    -0.5691006183624268,
    -0.5576453804969788,
    -0.9914538264274597,
    0.5873323678970337,
    -1.8613619804382324,
    -0.611037015914917,
    1.0298442840576172,
    -1.0426403284072876,
    0.9822598099708557
  ],
  "OCC": [
    2.1416845321655273,
    0.04135200381278992,
    0.24305348098278046,
    -0.043579939752817154,
    0.15288373827934265,
    -1.194694995880127,
    0.9936138987541199,
    -0.44130006432533264,
    -0.01254016999155283,
    -1.499685287475586,
    0.42914146184921265,
    -1.292536973953247,
    -0.16881133615970612,
    0.7157685160636902,
    -1.453771710395813,
    1.408647060394287
  ],
  "C1CCOC1": [
    2.017653465270996,
    0.5917620658874512,
    0.25141391158103943,
    -0.16251324117183685,
    -0.556164562702179,
    -0.4735606610774994,
    1.5349557399749756,
    -0.46566078066825867,
    -0.2687585949897766,
    -0.9644777178764343,
    0.4406374394893646,
    -1.9714782238006592,
    -0.6246750354766846,
    0.7939650416374207,
    -1.1594488620758057,
    1.0324229001998901
  ],
  "[C@H]12CCC([C@H](OC1)O2)=O": [
    2.243246078491211,
    -0.0688101202249527,
    0.41775041818618774,
    0.040624573826789856,
    0.3634825050830841,
    -1.1282893419265747,
    0.8281800746917725,
    -0.4749719202518463,
    -0.13204026222229004,
    -1.3334885835647583,
    0.3251023292541504,
    -1.4721043109893799,
    -0.1948157250881195,
    0.6353461742401123,
    -1.4300017356872559,
    1.39628005027771
  ],
  "O=C(OCC)C": [
    2.0066583156585693,
    0.725780725479126,
    0.188245490193367,
    -0.15841403603553772,
    -0.6246637105941772,
    -0.5513671636581421,
    1.559457778930664,
    -0.42366963624954224,
    -0.2855071723461151,
    -0.9743083715438843,
    0.46848008036613464,
    -1.881672739982605,
    -0.617323637008667,
    0.7728596329689026,
    -1.1943602561950684,
    1.0068079233169556
  ],
  "CC(C)(C)OC": [
    1.6692789793014526,
    0.7386471033096313,
    -0.13343410193920135,
    -0.3738366961479187,
    -1.0604112148284912,
    -0.5027878880500793,
    1.8209073543548584,
    -0.48865005373954773,
    -0.3813645541667938,
    -0.8928552865982056,
    0.5621517300605774,
    -1.7954440116882324,
    -0.6492102146148682,
    1.2208423614501953,
    -0.6598412990570068,
    0.947054922580719
  ],