{
  "CO": [
    2.04997181892395,
    -0.2822120189666748,
    0.1040208488702774,
    0.08174635469913483,
    0.2118152379989624,
    -1.5234419107437134,
    0.7531859278678894,
    -0.5329065322875977,
    0.14081424474716187,
    -1.5127207040786743,
    0.4685088098049164,
    -0.9418123960494995,
    0.09373635053634644,
    0.666641891002655,
    -1.3904054164886475,
    1.6293721199035645
  ],
  "OCCO": [
    1.9497768878936768,
    -0.5664623379707336,
    0.16563618183135986,
    0.417599618434906,
    0.726515531539917,
    -1.5839658975601196,
    0.6712155938148499,
    -0.27429860830307007,
    -0.28816258907318115,
    -1.3460897207260132,
    0.3763856589794159,
    -1.2529737949371338,
    0.08401365578174591,
    0.6617537140846252,
    -1.27849280834198,
    1.5524084568023682
  ],
  "C(C(F)(F)F)(C(F)(F)F)O": [
    1.7175755500793457,
    -0.3577366769313812,
    -0.037943191826343536,
    -0.2088904231786728,
    -0.07437320798635483,
    -1.6161608695983887,
    0.5623965859413147,
    -0.15159957110881805,
    0.22414778172969818,
    -2.03275728225708,
    0.6675688624382019,
    -0.7944496870040894,
    0.4605056047439575,
    0.6304464340209961,
    -0.7930572032928467,
    1.8207082748413086
  ],
  "O1C(C)CCC1": [
    1.945520281791687,
    0.6644988656044006,
    0.22714956104755402,
    -0.12386439740657806,
    -0.5904327034950256,
    -0.4484577178955078,
    1.606598138809204,
    -0.5294494032859802,
    -0.43647655844688416,
    -0.9514755606651306,
    0.35346633195877075,
    -1.8990306854248047,
    -0.62481290102005,
    0.8890412449836731,
    -1.1322656869888306,
    1.0663083791732788
  ],
  "C1CCCCC1": [
    1.6668378114700317,
    0.708602786064148,
    -0.27293694019317627,
    -0.4373350739479065,
    -1.1146833896636963,
    -0.8945455551147461,
    1.522362232208252,
    -0.3653137981891632,
    -0.3934282660484314,
    -0.7853975296020508,
    0.6924304962158203,
    -1.7694568634033203,
    -0.613425076007843,
    1.5299456119537354,
    -0.3731502890586853,
    0.9197991490364075
  ],
  "CC(O)C": [
    2.1648170948028564,
    0.2947421371936798,
    0.2744390666484833,
    -0.07379837334156036,
    0.030692575499415398,
    -0.9894166588783264,
    1.0831085443496704,
    -0.4706137180328369,
    -0.056698091328144073,
    -1.48163640499115,
    0.4366253912448883,
    -1.467595100402832,
    -0.3436237871646881,
    0.7104628682136536,
    -1.3972495794296265,
    1.3041666746139526
  ],
  "O.CC#N": [
    1.829066514968872,
    -0.804458737373352,
    0.022257355973124504,
    0.24761055409908295,
    0.3901946246623993,
    -1.7158676385879517,
    0.4219695031642914,
    -0.013344056904315948,
    -0.16560497879981995,
    -1.3094879388809204,
    0.48184287548065186,
    -1.057144045829773,
    0.25151360034942627,
    0.8258658647537231,
    -1.2119882106781006,
    1.8177207708358765
  ],
  "CC#N": [
    2.2276618480682373,
    0.12251900881528854,
    0.3061748445034027,
    -0.032626621425151825,
    -0.01040193997323513,
    -1.0230940580368042,
    1.0317391157150269,
    -0.44463691115379333,
    0.06704665720462799,
    -1.401041865348816,
    0.3978024423122406,
    -1.4702723026275635,
    -0.2219141572713852,
    0.5733302235603333,
    -1.4661586284637451,
    1.3596724271774292
  ],
  "CC#N.CC(=O)O": [
    2.148479700088501,
    0.031054487451910973,
    0.20321591198444366,
    0.0453336164355278,
    0.007332927547395229,
    -1.0095701217651367,
    1.0020756721496582,
    -0.4300347566604614,
    0.10245718061923981,
    -1.51064133644104,
    0.5582504868507385,
    -1.454124093055725,
    -0.22180068492889404,
    0.6146308779716492,
    -1.4526821374893188,
    1.3818213939666748
  ],
  "CCOCC": [
    1.8137836456298828,
    0.7507824301719666,
    0.017465747892856598,
    -0.11033491045236588,
    -0.7727933526039124,
    -0.4933427572250366,
    1.7427866458892822,
    -0.5359612107276917,
    -0.5203673243522644,
    -0.9139991998672485,
    0.5218958854675293,
    -1.8840402364730835,
    -0.6371108889579773,
    0.952373206615448,
    -0.9223427772521973,
    1.0088653564453125
  ],
  "OCC(F)(F)F": [
    1.9695169925689697,
    -0.2758006155490875,
    0.04206216707825661,
    -0.18694430589675903,
    0.07211444526910782,
    -1.5772989988327026,
    0.5785399675369263,
    -0.2928864359855652,
    0.28700971603393555,
    -1.8302017450332642,
    0.5389604568481445,
    -0.8752051591873169,
    0.2804926633834839,
    0.6476442217826843,
    -1.065384030342102,
    1.704077124595642
  ],
  "O.OCC(F)(F)F": [
    1.6190999746322632,
    -0.8329966068267822,
    -0.057680316269397736,
    0.18935377895832062,
    0.3485766053199768,
    -1.9303420782089233,
    0.47451063990592957,
    0.0020668620709329844,
    -0.24028921127319336,
    -1.4443439245224,
    0.5440695881843567,
    -0.8342521786689758,
    0.4038134217262268,
    0.8458861112594604,
    -0.9575973749160767,
    1.8832963705062866
  ],
  "CN(C)C(C)=O": [
    2.101956367492676,
    0.4959363341331482,
    0.5045007467269897,
    -0.15863679349422455,
    -0.08567927777767181,
    -0.7470387816429138,
    1.1895790100097656,
    -0.5187765955924988,
    -0.31810709834098816,
    -1.2515252828598022,
    0.3827100396156311,
    -1.8159430027008057,
    -0.409900963306427,
    0.7487398386001587,
    -1.2855397462844849,
    1.1833522319793701
  ],
  "CCCCCCCCCCO": [
    1.9725773334503174,
    0.6706739068031311,
    0.18785779178142548,
    -0.2953945994377136,
    -0.45414307713508606,
    -0.4692454934120178,
    1.446528434753418,
    -0.6119017601013184,
    -0.6742665767669678,
    -0.9393692016601562,
    0.6420770287513733,
    -1.8760892152786255,
    -0.6201026439666748,
    1.0664691925048828,
    -1.0085536241531372,
    0.9791643023490906
  ],
  "OCC": [
    2.1393725872039795,
    0.0530167780816555,
    0.25431326031684875,
    -0.028529375791549683,
    0.12987622618675232,
    -1.1376023292541504,
    1.049416422843933,
    -0.4674743711948395,
    -0.03806242719292641,
    -1.4908145666122437,
    0.43119561672210693,
    -1.3213261365890503,
    -0.18874292075634003,
    0.6997317671775818,
    -1.4598335027694702,
    1.3940279483795166
  ],
  "C1CCOC1": [
    2.0115058422088623,
    0.567922055721283,
    0.2919582724571228,
    -0.16351038217544556,
    -0.5392929315567017,
    -0.5015690922737122,
    1.544530987739563,
    -0.4354492723941803,
    -0.2942986786365509,
    -0.932002604007721,
    0.45839977264404297,
    -1.9734090566635132,
    -0.6156108379364014,
    0.740807056427002,
    -1.1982393264770508,
    1.0532134771347046
  ],
  "[C@H]12CCC([C@H](OC1)O2)=O": [
    2.23995041847229,
    -0.08482612669467926,
    0.4077804684638977,
    0.03704027086496353,
    0.36369240283966064,
    -1.0810424089431763,
    0.8362737894058228,
    -0.4822971224784851,
    -0.1272847205400467,
    -1.3348474502563477,
    0.3333640992641449,
    -1.465920329093933,
    -0.21272706985473633,
    0.6420508623123169,
    -1.4589000940322876,
    1.4022754430770874
  ],
  "O=C(OCC)C": [
    2.002168893814087,
    0.7176408767700195,
    0.18844586610794067,
    -0.1260818988084793,
    -0.5838426351547241,
    -0.5184522867202759,
    1.5681816339492798,
    -0.45097726583480835,
    -0.3129904866218567,
    -0.9570759534835815,
    0.45748382806777954,
    -1.8878579139709473,
    -0.6486192941665649,
    0.7810419201850891,
    -1.2113136053085327,
    0.9986762404441833
  ],
  "CC(C)(C)OC": [
    1.846774697303772,
    0.7167021632194519,
    -0.008938138373196125,
    -0.25482937693595886,
    -0.8722075819969177,
    -0.5816891193389893,
    1.792434573173523,
    -0.37550872564315796,
    -0.3401297926902771,
    -0.9121845960617065,
    0.5986037850379944,
    -1.8464316129684448,
    -0.6493329405784607,
    0.9218391180038452,
    -0.934038519859314,
    0.9187582731246948
  ],