{
  "CO": [
    1.708881139755249,
    -0.48916348814964294,
    0.02506321296095848,
    -0.046566933393478394,
    0.18015626072883606,
    -1.5020344257354736,
    0.9433249831199646,
    -0.2862170338630676,
    0.22589559853076935,
    -1.6397485733032227,
    0.6360987424850464,
    -1.231261968612671,
    0.3005463182926178,
    0.7419990301132202,
    -1.2197704315185547,
    1.66317880153656
  ],
  "OCCO": [
    2.0869150161743164,
    -0.43120700120925903,
    0.1285761296749115,
    0.2840305268764496,
    0.7494930028915405,
    -1.397643804550171,
    0.7684487104415894,
    -0.46457743644714355,
    -0.2751781940460205,
    -1.4037195444107056,
    0.48141688108444214,
    -1.2632840871810913,
    0.10321496427059174,
    0.5276511311531067,
    -1.3342217206954956,
    1.449310064315796
  ],
  "C(C(F)(F)F)(C(F)(F)F)O": [
    1.6771643161773682,
    -0.39783579111099243,
    -0.1075076088309288,
    -0.22726279497146606,
    0.03227170929312706,
    -1.5588356256484985,
    0.7028582692146301,
    -0.11051980406045914,
    0.18864277005195618,
    -2.029513120651245,
    0.741689920425415,
    -0.8527533411979675,
    0.4685158133506775,
    0.5538694858551025,
    -0.8679276704788208,
    1.7983454465866089
  ],
  "O1C(C)CCC1": [
    1.9160813093185425,
    0.6821606755256653,
    0.13841702044010162,
    -0.061478324234485626,
    -0.4967712163925171,
    -0.4475533962249756,
    1.6751890182495117,
    -0.5470585227012634,
    -0.4881439507007599,
    -1.0028698444366455,
    0.45996978878974915,
    -1.94557523727417,
    -0.5844991207122803,
    0.8367363214492798,
    -1.0914897918701172,
    0.9694917798042297
  ],
  "C1CCCCC1": [
    1.633087158203125,
    0.6836438775062561,
    -0.3422626554965973,
    -0.4564446806907654,
    -1.03450345993042,
    -0.8540188670158386,
    1.673439383506775,
    -0.3420972526073456,
    -0.3738197088241577,
    -0.8629567623138428,
    0.6563882231712341,
    -1.7689261436462402,
    -0.613946795463562,
    1.5434364080429077,
    -0.32152214646339417,
    0.7996697425842285
  ],
  "CC(O)C": [
    2.0991158485412598,
    0.3459017276763916,
    0.19765408337116241,
    0.042006202042102814,
    0.11144598573446274,
    -0.8952695727348328,
    1.2009333372116089,
    -0.472613662481308,
    -0.3067881762981415,
    -1.4632890224456787,
    0.6175558567047119,
    -1.6339917182922363,
    -0.30115094780921936,
    0.579348087310791,
    -1.3379276990890503,
    1.228423833847046
  ],
  "O.CC#N": [
    1.8582054376602173,
    -0.6877717971801758,
    -0.05488436669111252,
    0.09019828587770462,
    0.37949880957603455,
    -1.6457756757736206,
    0.6905677318572998,
    -0.06489448249340057,
    -0.17320147156715393,
    -1.4951443672180176,
    0.5858675241470337,
    -1.1379482746124268,
    0.4479156732559204,
    0.5083000659942627,
    -1.0736517906188965,
    1.779504418373108
  ],
  "CC#N": [
    2.1490230560302734,
    0.10639315843582153,
    0.20461250841617584,
    0.04330077022314072,
    0.06299082189798355,
    -0.9036579728126526,
    1.1762241125106812,
    -0.44804996252059937,
    -0.07347803562879562,
    -1.4761713743209839,
    0.5769498944282532,
    -1.5688159465789795,
    -0.1526673138141632,
    0.42277267575263977,
    -1.430521845817566,
    1.32075035572052
  ],
  "CC#N.CC(=O)O": [
    2.095968246459961,
    -0.009172184392809868,
    0.13198953866958618,
    0.05346198007464409,
    0.052523475140333176,
    -1.0116841793060303,
    1.1117055416107178,
    -0.47843053936958313,
    0.07446879893541336,
    -1.5580847263336182,
    0.6638888120651245,
    -1.4450464248657227,
    -0.09382341057062149,
    0.5022328495979309,
    -1.436892032623291,
    1.3571377992630005
  ],
  "CCOCC": [
    1.7822504043579102,
    0.7418800592422485,
    -0.04447107017040253,
    -0.07849390804767609,
    -0.7093998193740845,
    -0.5057753324508667,
    1.8234041929244995,
    -0.5244677066802979,
    -0.5442525744438171,
    -0.9618876576423645,
    0.583737850189209,
    -1.8991583585739136,
    -0.6080805063247681,
    0.9189298152923584,
    -0.8896776437759399,
    0.9300723075866699
  ],
  "OCC(F)(F)F": [
    1.7866883277893066,
    -0.28079754114151,
    0.015751229599118233,
    -0.2365344911813736,
    -0.0647897943854332,
    -1.4933929443359375,
    1.0353152751922607,
    -0.25258830189704895,
    0.23108097910881042,
    -1.7748043537139893,
    0.5153685212135315,
    -1.0683461427688599,
    0.3588031828403473,
    0.6250448822975159,
    -1.0976375341415405,
    1.7131993770599365
  ],
  "O.OCC(F)(F)F": [
    1.6374903917312622,
    -0.8733099699020386,
    -0.16766783595085144,
    0.08891233056783676,
    0.4549703299999237,
    -1.8393815755844116,
    0.5272072553634644,
    -0.03889414295554161,
    -0.23609647154808044,
    -1.4719810485839844,
    0.6732265949249268,
    -0.7997422218322754,
    0.46747520565986633,
    0.7476978302001953,
    -1.0180505514144897,
    1.8561077117919922
  ],
  "CN(C)C(C)=O": [
    2.0507116317749023,
    0.4417552053928375,
    0.3881562054157257,
    -0.14258341491222382,
    -0.009726537391543388,
    -0.7080779671669006,
    1.3490320444107056,
    -0.5457069277763367,
    -0.28332215547561646,
    -1.3411250114440918,
    0.4415799677371979,
    -1.8204463720321655,
    -0.32994988560676575,
    0.7044685482978821,
    -1.2928261756896973,
    1.1101551055908203
  ],
  "CCCCCCCCCCO": [
    2.050156831741333,
    0.655475914478302,
    0.05821019783616066,
    -0.38786783814430237,
    -0.3423990309238434,
    -0.3538902997970581,
    1.5330709218978882,
    -0.6137550473213196,
    -0.6552207469940186,
    -0.9436314105987549,
    0.6106030344963074,
    -1.8572192192077637,
    -0.6237900257110596,
    1.0164470672607422,
    -1.0125234127044678,
    0.8793826103210449
  ],
  "OCC": [
    2.1150312423706055,
    0.037556082010269165,
    0.14453652501106262,
    0.012315027415752411,
    0.2519795596599579,
    -1.074320673942566,
    1.1229268312454224,
    -0.48105448484420776,
    -0.09801037609577179,
    -1.5501588582992554,
    0.5555369257926941,
    -1.3518998622894287,
    -0.12194905430078506,
    0.5750791430473328,
    -1.4636811017990112,
    1.338493824005127
  ],
  "C1CCOC1": [
    1.9256707429885864,
    0.6009340286254883,
    0.14628005027770996,
    -0.08538506925106049,
    -0.48281675577163696,
    -0.4297959506511688,
    1.6705060005187988,
    -0.49249228835105896,
    -0.39622679352760315,
    -0.9721863865852356,
    0.575878381729126,
    -2.035489559173584,
    -0.600563645362854,
    0.7452725768089294,
    -1.097732663154602,
    0.9397428035736084
  ],
  "[C@H]12CCC([C@H](OC1)O2)=O": [
    2.2427029609680176,
    0.011303331702947617,
    0.3913968801498413,
    0.07159494608640671,
    0.3820081353187561,
    -1.0107005834579468,
    0.9164140820503235,
    -0.5461524128913879,
    -0.22847013175487518,
    -1.3871604204177856,
    0.44740718603134155,
    -1.6125794649124146,
    -0.12404365837574005,
    0.5285131335258484,
    -1.3552268743515015,
    1.2815523147583008
  ],
  "O=C(OCC)C": [
    1.7981879711151123,
    0.6802811622619629,
    0.0162497628480196,
    -0.08715706318616867,
    -0.724345862865448,
    -0.3440439701080322,
    1.8609623908996582,
    -0.5142444372177124,
    -0.3544272780418396,
    -0.9398659467697144,
    0.429605633020401,
    -1.9532381296157837,
    -0.6890796422958374,
    0.9168574810028076,
    -0.9731617569923401,
    0.8920969367027283
  ],
  "CC(C)(C)OC": [
    1.785813808441162,
    0.6989004015922546,
    -0.08059846609830856,
    -0.23922505974769592,
    -0.8356292247772217,
    -0.5857276916503906,
    1.9013408422470093,
    -0.3941996395587921,
    -0.389261931180954,
    -0.9477759003639221,
    0.6253666877746582,
    -1.8618574142456055,
    -0.5968278646469116,
    0.944297194480896,
    -0.8499912023544312,
    0.8422278165817261
  ],