{
  "CO": [
    2.04738450050354,
    -0.3188607692718506,
    -0.02417146787047386,
    0.12048573791980743,
    0.259976863861084,
    -1.6240276098251343,
    0.4540552496910095,
    -0.3050142228603363,
    0.2173057347536087,
    -1.576839804649353,
    0.41845211386680603,
    -0.8882278203964233,
    0.08037573099136353,
    0.823789119720459,
    -1.31533944606781,
    1.6492592096328735
  ],
  "OCCO": [
    1.9651079177856445,
    -0.5234090089797974,
    0.15273860096931458,
    0.4131825268268585,
    0.6593981385231018,
    -1.6762975454330444,
    0.6421356201171875,
    -0.2187662124633789,
    -0.2747263014316559,
    -1.3820600509643555,
    0.34788158535957336,
    -1.233422875404358,
    0.06687800586223602,
    0.6972147226333618,
    -1.1766127347946167,
    1.559726357460022
  ],
  "C(C(F)(F)F)(C(F)(F)F)O": [
    1.3528063297271729,
    -0.42458853125572205,
    0.10780360549688339,
    -0.2963108718395233,
    -0.4606226086616516,
    -1.736609935760498,
    0.6626953482627869,
    -0.029353881254792213,
    0.2929757833480835,
    -1.9043432474136353,
    0.6977205276489258,
    -0.9887423515319824,
    0.5891030430793762,
    0.7733242511749268,
    -0.5398961901664734,
    1.9200834035873413
  ],
  "O1C(C)CCC1": [
    1.9804222583770752,
    0.6675724983215332,
    0.2789333760738373,
    -0.21606527268886566,
    -0.7000089287757874,
    -0.4912513196468353,
    1.5802127122879028,
    -0.4531043767929077,
    -0.38905003666877747,
    -0.9499999284744263,
    0.33512669801712036,
    -1.9181491136550903,
    -0.5709685683250427,
    0.8491095304489136,
    -1.0681865215301514,
    1.0836716890335083
  ],
  "C1CCCCC1": [
    1.7102493047714233,
    0.690588653087616,
    -0.1463676244020462,
    -0.4907733201980591,
    -1.2104779481887817,
    -0.9152517914772034,
    1.5116491317749023,
    -0.29267618060112,
    -0.36142390966415405,
    -0.7928804159164429,
    0.6788091063499451,
    -1.7915095090866089,
    -0.5375708937644958,
    1.4125646352767944,
    -0.4007952809333801,
    0.9567745923995972
  ],
  "CC(O)C": [
    2.1602566242218018,
    0.37961524724960327,
    0.29235297441482544,
    -0.0449507012963295,
    -0.04124581441283226,
    -1.0675411224365234,
    1.1046297550201416,
    -0.42104092240333557,
    -0.20506606996059418,
    -1.4509711265563965,
    0.46630653738975525,
    -1.5472019910812378,
    -0.3158828020095825,
    0.7136281132698059,
    -1.2745994329452515,
    1.2733839750289917
  ],
  "O.CC#N": [
    1.8861886262893677,
    -0.6262984871864319,
    0.022581670433282852,
    0.1319180279970169,
    0.27760282158851624,
    -1.813820242881775,
    0.5774567127227783,
    -0.157119020819664,
    -0.20394721627235413,
    -1.468314528465271,
    0.5635029673576355,
    -1.0649915933609009,
    0.3479338586330414,
    0.717970073223114,
    -0.9306169748306274,
    1.7562223672866821
  ],
  "CC#N": [
    2.1617796421051025,
    0.1328418105840683,
    0.3203011155128479,
    -0.03657802939414978,
    -0.13090969622135162,
    -1.165115475654602,
    1.0839157104492188,
    -0.3345477879047394,
    0.10481870919466019,
    -1.4082822799682617,
    0.3745585083961487,
    -1.515846610069275,
    -0.15381886065006256,
    0.5909978747367859,
    -1.376892328262329,
    1.3725992441177368
  ],
  "CC#N.CC(=O)O": [
    2.1820709705352783,
    0.012294668704271317,
    0.23241522908210754,
    -0.004465792328119278,
    -0.01848549395799637,
    -1.203489065170288,
    0.9027828574180603,
    -0.39063557982444763,
    0.14750276505947113,
    -1.481610655784607,
    0.5117994546890259,
    -1.3543007373809814,
    -0.1954987794160843,
    0.6747816205024719,
    -1.4084960222244263,
    1.4130240678787231
  ],
  "CCOCC": [
    1.81271493434906,
    0.7329272031784058,
    0.062436435371637344,
    -0.2053026407957077,
    -0.9663253426551819,
    -0.48620355129241943,
    1.7482298612594604,
    -0.48253700137138367,
    -0.4337027668952942,
    -0.9098342657089233,
    0.4555363655090332,
    -1.8944088220596313,
    -0.6035025715827942,
    0.9992154836654663,
    -0.8064684271812439,
    0.9973562359809875
  ],
  "OCC(F)(F)F": [
    1.87374746799469,
    -0.22435906529426575,
    0.1259137988090515,
    -0.15148653090000153,
    -0.10835536569356918,
    -1.7580151557922363,
    0.678585410118103,
    -0.28829094767570496,
    0.02958102338016033,
    -1.7398350238800049,
    0.6693247556686401,
    -0.9089339375495911,
    0.33287814259529114,
    0.804588258266449,
    -0.9588624238967896,
    1.6444041728973389
  ],
  "O.OCC(F)(F)F": [
    1.5694423913955688,
    -0.8344017863273621,
    -0.058922939002513885,
    0.14987331628799438,
    0.2588232159614563,
    -2.044578790664673,
    0.389748215675354,
    0.17185448110103607,
    -0.2343958616256714,
    -1.458502173423767,
    0.4849550724029541,
    -0.8385149836540222,
    0.4552450478076935,
    0.8905372023582458,
    -0.7709962725639343,
    1.8853600025177002
  ],
  "CN(C)C(C)=O": [
    2.1346373558044434,
    0.5298895835876465,
    0.5058730244636536,
    -0.16064713895320892,
    -0.1598641276359558,
    -0.7917589545249939,
    1.1551989316940308,
    -0.5115405917167664,
    -0.3242640793323517,
    -1.2770999670028687,
    0.3923256993293762,
    -1.7898659706115723,
    -0.4078729450702667,
    0.7822617292404175,
    -1.221189260482788,
    1.1632061004638672
  ],
  "CCCCCCCCCCO": [
    2.131027936935425,
    0.6506046056747437,
    0.18280397355556488,
    -0.436953067779541,
    -0.4969184994697571,
    -0.39234447479248047,
    1.3937928676605225,
    -0.557613730430603,
    -0.6200119256973267,
    -0.9090790152549744,
    0.5147706866264343,
    -1.8506051301956177,
    -0.6102869510650635,
    1.0243966579437256,
    -0.9927509427070618,
    0.9873804450035095
  ],
  "OCC": [
    2.1668341159820557,
    0.08830820024013519,
    0.2799396812915802,
    -0.028718430548906326,
    0.07962913066148758,
    -1.2209959030151367,
    0.9925959706306458,
    -0.44349679350852966,
    -0.05272958427667618,
    -1.4671813249588013,
    0.39521995186805725,
    -1.28509521484375,
    -0.19586221873760223,
    0.7198547720909119,
    -1.4248744249343872,
    1.41836416721344
  ],
  "C1CCOC1": [
    2.0393776893615723,
    0.6253610253334045,
    0.31153032183647156,
    -0.17531614005565643,
    -0.6312689781188965,
    -0.5158160328865051,
    1.506795883178711,
    -0.4081105887889862,
    -0.3048281669616699,
    -0.9204456806182861,
    0.4605661630630493,
    -2.0012776851654053,
    -0.6070359349250793,
    0.7431821823120117,
    -1.1185024976730347,
    1.013015627861023
  ],
  "[C@H]12CCC([C@H](OC1)O2)=O": [
    2.236391544342041,
    0.015119172632694244,
    0.4332803189754486,
    0.07398072630167007,
    0.2508563697338104,
    -1.1858532428741455,
    0.8548073172569275,
    -0.45459872484207153,
    -0.16624191403388977,
    -1.3699185848236084,
    0.3410668671131134,
    -1.5324114561080933,
    -0.21649645268917084,
    0.6859419345855713,
    -1.30479097366333,
    1.3580902814865112
  ],
  "O=C(OCC)C": [
    1.8716472387313843,
    0.7207817435264587,
    0.1382974237203598,
    -0.1954064667224884,
    -0.9094288945198059,
    -0.3885258138179779,
    1.7255719900131226,
    -0.44780945777893066,
    -0.27597370743751526,
    -0.921001672744751,
    0.34989234805107117,
    -1.9140247106552124,
    -0.6662182807922363,
    0.9150830507278442,
    -0.9714191555976868,
    0.9883785247802734
  ],
  "CC(C)(C)OC": [
    1.770272970199585,
    0.7896327972412109,
    -0.06856409460306168,
    -0.24199582636356354,
    -1.0745683908462524,
    -0.5869873762130737,
    1.7986466884613037,
    -0.4348390996456146,
    -0.480509877204895,
    -0.8098129630088806,
    0.6119588613510132,
    -1.8130340576171875,
    -0.6161905527114868,
    1.0361870527267456,
    -0.7655342221260071,
    0.9064145088195801
  ],