{
  "CO": [
    1.9671282768249512,
    -0.36375564336776733,
    0.030343029648065567,
    0.15675893425941467,
    0.27020442485809326,
    -1.6529185771942139,
    0.5117781162261963,
    -0.21754515171051025,
    0.1013217642903328,
    -1.4830129146575928,
    0.4459840953350067,
    -0.9522560834884644,
    0.06507031619548798,
    0.847263753414154,
    -1.3909196853637695,
    1.6836808919906616
  ],
  "OCCO": [
    2.021214485168457,
    -0.4576752483844757,
    0.20801031589508057,
    0.33642125129699707,
    0.6336096525192261,
    -1.623616099357605,
    0.6928921937942505,
    -0.2958280146121979,
    -0.21182172000408173,
    -1.4052906036376953,
    0.2729071378707886,
    -1.1889830827713013,
    0.04159251227974892,
    0.6922051310539246,
    -1.2403757572174072,
    1.5467143058776855
  ],
  "C(C(F)(F)F)(C(F)(F)F)O": [
    1.3375768661499023,
    -0.34513697028160095,
    0.1374770849943161,
    -0.30453068017959595,
    -0.4788002669811249,
    -1.7476592063903809,
    0.5904865860939026,
    0.13311900198459625,
    0.4300929307937622,
    -1.9626387357711792,
    0.3636568486690521,
    -0.9586870074272156,
    0.4848288595676422,
    0.7579511404037476,
    -0.4433651268482208,
    2.0234134197235107
  ],
  "O1C(C)CCC1": [
    2.1172239780426025,
    0.6896985769271851,
    0.32188424468040466,
    -0.28184908628463745,
    -0.6070195436477661,
    -0.5467493534088135,
    1.4822323322296143,
    -0.4285925626754761,
    -0.2410859614610672,
    -1.0140819549560547,
    0.31941089034080505,
    -1.860918641090393,
    -0.571159303188324,
    0.7350910902023315,
    -1.1459599733352661,
    1.0522502660751343
  ],
  "C1CCCCC1": [
    1.9429327249526978,
    0.6256097555160522,
    0.08927810192108154,
    -0.28973349928855896,
    -1.0900630950927734,
    -0.956092357635498,
    1.46307373046875,
    -0.15014031529426575,
    -0.20532932877540588,
    -0.8682476878166199,
    0.7849521040916443,
    -1.9114271402359009,
    -0.4070677161216736,
    0.9022101759910583,
    -0.8375996947288513,
    0.9268022775650024
  ],
  "CC(O)C": [
    2.154757022857666,
    0.38415512442588806,
    0.3019604980945587,
    -0.034367263317108154,
    -0.06970721483230591,
    -1.0855904817581177,
    1.1451423168182373,
    -0.44236814975738525,
    -0.14578324556350708,
    -1.4256298542022705,
    0.42810916900634766,
    -1.4952224493026733,
    -0.35195598006248474,
    0.7124937176704407,
    -1.32511305809021,
    1.2731413841247559
  ],
  "O.CC#N": [
    1.8413240909576416,
    -0.6240928769111633,
    0.02472088299691677,
    0.18239519000053406,
    0.3016310930252075,
    -1.8195853233337402,
    0.4785705506801605,
    -0.05889323726296425,
    -0.0990983173251152,
    -1.4586886167526245,
    0.4382590353488922,
    -0.9846450686454773,
    0.23173877596855164,
    0.8061316013336182,
    -1.0670918226242065,
    1.8246557712554932
  ],
  "CC#N": [
    2.1878504753112793,
    0.21124126017093658,
    0.32724183797836304,
    -0.028030166402459145,
    -0.1600508838891983,
    -1.0958610773086548,
    1.1059942245483398,
    -0.3325446546077728,
    0.05853075534105301,
    -1.4112249612808228,
    0.4347704350948334,
    -1.5355980396270752,
    -0.27072110772132874,
    0.5591211915016174,
    -1.3601731061935425,
    1.3310233354568481
  ],
  "CC#N.CC(=O)O": [
    2.151418685913086,
    0.09466564655303955,
    0.21109503507614136,
    0.01515534520149231,
    -0.10605508089065552,
    -1.1663509607315063,
    0.9983916878700256,
    -0.3880263566970825,
    0.1709044724702835,
    -1.5339641571044922,
    0.5786690711975098,
    -1.4119116067886353,
    -0.223737895488739,
    0.6528285145759583,
    -1.3593682050704956,
    1.3387607336044312
  ],
  "CCOCC": [
    1.8728286027908325,
    0.786699116230011,
    0.08363433182239532,
    -0.21395456790924072,
    -0.8955202102661133,
    -0.5121608972549438,
    1.7160741090774536,
    -0.4699900448322296,
    -0.4270555078983307,
    -0.9465036392211914,
    0.45511025190353394,
    -1.832816481590271,
    -0.6311120390892029,
    0.9300909638404846,
    -0.9013724327087402,
    1.007776141166687
  ],
  "OCC(F)(F)F": [
    1.7887475490570068,
    -0.25011885166168213,
    0.06354239583015442,
    -0.13315518200397491,
    -0.1640310287475586,
    -1.804545521736145,
    0.6714079976081848,
    -0.15425121784210205,
    0.13034753501415253,
    -1.754830241203308,
    0.5339402556419373,
    -0.9883569478988647,
    0.3449961543083191,
    0.8153353333473206,
    -0.8246068954467773,
    1.746963381767273
  ],
  "O.OCC(F)(F)F": [
    1.5750179290771484,
    -0.8140323758125305,
    -0.046241432428359985,
    0.1605852097272873,
    0.24723482131958008,
    -2.068650484085083,
    0.44179293513298035,
    0.12225654721260071,
    -0.2878398895263672,
    -1.4819527864456177,
    0.5790454149246216,
    -0.8494021892547607,
    0.48033225536346436,
    0.893220841884613,
    -0.7375242114067078,
    1.8044981956481934
  ],
  "CN(C)C(C)=O": [
    2.1650006771087646,
    0.545985221862793,
    0.502896249294281,
    -0.1701715588569641,
    -0.16704149544239044,
    -0.805088222026825,
    1.174876093864441,
    -0.5169423222541809,
    -0.28518879413604736,
    -1.2880609035491943,
    0.3617871105670929,
    -1.7653884887695312,
    -0.4172918200492859,
    0.7587987184524536,
    -1.2101595401763916,
    1.1377257108688354
  ],
  "CCCCCCCCCCO": [
    2.0416290760040283,
    0.7289621233940125,
    0.24496564269065857,
    -0.32320982217788696,
    -0.5661993622779846,
    -0.4557134509086609,
    1.4414604902267456,
    -0.5936536192893982,
    -0.700832724571228,
    -0.8902105093002319,
    0.5692757964134216,
    -1.8619052171707153,
    -0.631851851940155,
    1.0098536014556885,
    -0.9494635462760925,
    0.9565248489379883
  ],
  "OCC": [
    2.172327756881714,
    0.14106829464435577,
    0.2664037346839905,
    -0.03818637505173683,
    0.04302520677447319,
    -1.203896164894104,
    1.0653655529022217,
    -0.4335554242134094,
    -0.02833821438252926,
    -1.47682523727417,
    0.39535748958587646,
    -1.3045971393585205,
    -0.2457396388053894,
    0.6883267164230347,
    -1.399263858795166,
    1.3830372095108032
  ],
  "C1CCOC1": [
    1.9623374938964844,
    0.6756101846694946,
    0.24158865213394165,
    -0.15959447622299194,
    -0.735673725605011,
    -0.37475311756134033,
    1.6049360036849976,
    -0.46844810247421265,
    -0.3322657644748688,
    -0.8964200615882874,
    0.4528757929801941,
    -1.973242163658142,
    -0.7093294262886047,
    0.828350305557251,
    -1.06606125831604,
    0.9693809747695923
  ],
  "[C@H]12CCC([C@H](OC1)O2)=O": [
    2.2821297645568848,
    0.0006755588110536337,
    0.43415653705596924,
    -0.0040365527383983135,
    0.27422958612442017,
    -1.1599509716033936,
    0.8705115914344788,
    -0.4551487863063812,
    -0.11033397912979126,
    -1.3541038036346436,
    0.3030596673488617,
    -1.4597103595733643,
    -0.24338960647583008,
    0.6665908098220825,
    -1.3685778379440308,
    1.3456348180770874
  ],
  "O=C(OCC)C": [
    2.0426697731018066,
    0.743187665939331,
    0.21064338088035583,
    -0.1785450279712677,
    -0.6954532861709595,
    -0.5407348275184631,
    1.5697243213653564,
    -0.4043087363243103,
    -0.23111556470394135,
    -0.9675975441932678,
    0.4441954791545868,
    -1.8539597988128662,
    -0.673679769039154,
    0.7703928351402283,
    -1.1649764776229858,
    0.9509905576705933
  ],
  "CC(C)(C)OC": [
    1.760981798171997,
    0.7962058782577515,
    -0.0431232787668705,
    -0.31733447313308716,
    -1.1186001300811768,
    -0.592607319355011,
    1.792568564414978,
    -0.43184536695480347,
    -0.3782263696193695,
    -0.8863936066627502,
    0.5635033845901489,
    -1.7764121294021606,
    -0.6319016814231873,
    1.116254210472107,
    -0.7063001394271851,
    0.8774605393409729
  ],