{
  "CO": [
    1.981186032295227,
    -0.24477453529834747,
    0.03151901438832283,
    0.16133500635623932,
    0.10933090001344681,
    -1.6964519023895264,
    0.7289923429489136,
    -0.4229925572872162,
    0.12994296848773956,
    -1.5539532899856567,
    0.4941195547580719,
    -0.9049490094184875,
    0.07567077875137329,
    0.7946662902832031,
    -1.2686493396759033,
    1.611801266670227
  ],
  "OCCO": [
    2.0868656635284424,
    -0.3650378882884979,
    0.15363599359989166,
    0.350280225276947,
    0.6206374168395996,
    -1.6032503843307495,
    0.7257888317108154,
    -0.3932219445705414,
    -0.18925175070762634,
    -1.4448484182357788,
    0.21609966456890106,
    -1.1176401376724243,
    -0.022487908601760864,
    0.7433590292930603,
    -1.226465106010437,
    1.4938900470733643
  ],
  "C(C(F)(F)F)(C(F)(F)F)O": [
    1.2526410818099976,
    -0.3164886236190796,
    0.11004171520471573,
    -0.22703826427459717,
    -0.5313377976417542,
    -1.7989470958709717,
    0.6176029443740845,
    0.09167660027742386,
    0.42955055832862854,
    -1.9408190250396729,
    0.40808364748954773,
    -0.9693505764007568,
    0.4457835257053375,
    0.8711313605308533,
    -0.425052672624588,
    2.004070520401001
  ],
  "O1C(C)CCC1": [
    2.1323633193969727,
    0.6783751249313354,
    0.3442974388599396,
    -0.2038854956626892,
    -0.5494012832641602,
    -0.6364210247993469,
    1.5387073755264282,
    -0.44245800375938416,
    -0.2944008708000183,
    -0.997542679309845,
    0.24139565229415894,
    -1.8181113004684448,
    -0.5764557123184204,
    0.7486010789871216,
    -1.15366792678833,
    1.014756202697754
  ],
  "C1CCCCC1": [
    1.7575470209121704,
    0.6941636204719543,
    -0.1506030112504959,
    -0.4997555911540985,
    -1.1943565607070923,
    -0.9188100099563599,
    1.5224292278289795,
    -0.3012707829475403,
    -0.2197759747505188,
    -0.8385920524597168,
    0.6187372803688049,
    -1.782373070716858,
    -0.5709863901138306,
    1.3560973405838013,
    -0.4239499568939209,
    0.9773274064064026
  ],
  "CC(O)C": [
    2.1796576976776123,
    0.3065086603164673,
    0.2940284013748169,
    -0.059182606637477875,
    -0.04175467789173126,
    -1.1248966455459595,
    1.0971579551696777,
    -0.45445793867111206,
    -0.01624050922691822,
    -1.5045552253723145,
    0.38019755482673645,
    -1.397715449333191,
    -0.3554074466228485,
    0.7736133337020874,
    -1.3166290521621704,
    1.2697266340255737
  ],
  "O.CC#N": [
    1.877746820449829,
    -0.6714190244674683,
    0.014871574938297272,
    0.2878386378288269,
    0.29375168681144714,
    -1.8144164085388184,
    0.4132940173149109,
    -0.02036852203309536,
    -0.10284767299890518,
    -1.3859983682632446,
    0.41422948241233826,
    -0.978645920753479,
    0.14830388128757477,
    0.853115975856781,
    -1.1143536567687988,
    1.8049312829971313
  ],
  "CC#N": [
    2.187087059020996,
    0.21527588367462158,
    0.28922155499458313,
    0.05979086458683014,
    -0.09827489405870438,
    -1.0954090356826782,
    1.125062346458435,
    -0.34534764289855957,
    0.039387378841638565,
    -1.4395709037780762,
    0.40255460143089294,
    -1.5179654359817505,
    -0.2993887960910797,
    0.5618836283683777,
    -1.3688969612121582,
    1.3111556768417358
  ],
  "CC#N.CC(=O)O": [
    2.1657445430755615,
    0.08097723126411438,
    0.21176396310329437,
    0.045953694730997086,
    -0.08646409213542938,
    -1.2369626760482788,
    1.0125601291656494,
    -0.44792860746383667,
    0.17475774884223938,
    -1.5140661001205444,
    0.49035924673080444,
    -1.3400317430496216,
    -0.21122467517852783,
    0.6893393397331238,
    -1.3526290655136108,
    1.3456385135650635
  ],
  "CCOCC": [
    1.925614833831787,
    0.7900828123092651,
    0.0933859795331955,
    -0.17761540412902832,
    -0.8552513122558594,
    -0.5798967480659485,
    1.730909824371338,
    -0.46536749601364136,
    -0.4079703390598297,
    -0.9653280973434448,
    0.3847121298313141,
    -1.8020095825195312,
    -0.6188054084777832,
    0.8833790421485901,
    -0.912796676158905,
    1.003214716911316
  ],
  "OCC(F)(F)F": [
    1.8432868719100952,
    -0.18729306757450104,
    0.12379521876573563,
    -0.12096071988344193,
    -0.1246168315410614,
    -1.7738423347473145,
    0.7419569492340088,
    -0.3161095082759857,
    0.1406266987323761,
    -1.7801815271377563,
    0.5732735991477966,
    -0.9038807153701782,
    0.28917330503463745,
    0.8258146047592163,
    -0.9371430277824402,
    1.6342380046844482
  ],
  "O.OCC(F)(F)F": [
    1.6183527708053589,
    -0.7337643504142761,
    -0.02329513430595398,
    0.10401381552219391,
    0.26217949390411377,
    -1.9708220958709717,
    0.5027508735656738,
    0.05956798419356346,
    -0.17338621616363525,
    -1.6198208332061768,
    0.44381511211395264,
    -0.7868464589118958,
    0.4570792615413666,
    0.8513348698616028,
    -0.8185280561447144,
    1.8509193658828735
  ],
  "CN(C)C(C)=O": [
    2.2050774097442627,
    0.5420631170272827,
    0.48367223143577576,
    -0.11987587809562683,
    -0.11573753505945206,
    -0.8528373837471008,
    1.1947475671768188,
    -0.5406358242034912,
    -0.279242604970932,
    -1.2877897024154663,
    0.2751398980617523,
    -1.7135920524597168,
    -0.4096938371658325,
    0.7318485975265503,
    -1.2197778224945068,
    1.1333802938461304
  ],
  "CCCCCCCCCCO": [
    2.098111629486084,
    0.6601391434669495,
    0.24965021014213562,
    -0.40479084849357605,
    -0.49865254759788513,
    -0.49568015336990356,
    1.4093945026397705,
    -0.5233336091041565,
    -0.5636661052703857,
    -0.9930717945098877,
    0.41368457674980164,
    -1.7779725790023804,
    -0.6170265078544617,
    1.0213260650634766,
    -1.0365029573440552,
    1.0824122428894043
  ],
  "OCC": [
    2.0976760387420654,
    0.09235479682683945,
    0.22915150225162506,
    0.04500049725174904,
    0.04558565095067024,
    -1.275597333908081,
    1.1550031900405884,
    -0.4240493178367615,
    0.03081705793738365,
    -1.5172611474990845,
    0.3043331503868103,
    -1.3104891777038574,
    -0.18724079430103302,
    0.72946697473526,
    -1.3601946830749512,
    1.3760770559310913
  ],
  "C1CCOC1": [
    2.0016207695007324,
    0.6210603713989258,
    0.2628689110279083,
    -0.13445346057415009,
    -0.6902930736541748,
    -0.42111027240753174,
    1.6452773809432983,
    -0.4803696274757385,
    -0.2888525426387787,
    -0.9298672676086426,
    0.35881152749061584,
    -1.9138448238372803,
    -0.7043550610542297,
    0.8379226326942444,
    -1.1025530099868774,
    0.9630004167556763
  ],
  "[C@H]12CCC([C@H](OC1)O2)=O": [
    2.261333465576172,
    0.0527973398566246,
    0.3988341987133026,
    0.05424889922142029,
    0.24537232518196106,
    -1.1869515180587769,
    0.941855788230896,
    -0.4956168830394745,
    -0.11115437746047974,
    -1.4051721096038818,
    0.26460111141204834,
    -1.4375702142715454,
    -0.2542971670627594,
    0.6888192296028137,
    -1.3168697357177734,
    1.3273944854736328
  ],
  "O=C(OCC)C": [
    1.9191038608551025,
    0.8212323784828186,
    0.10884512960910797,
    -0.05743367224931717,
    -0.7697077989578247,
    -0.4685724079608917,
    1.7164539098739624,
    -0.5102159380912781,
    -0.4170786440372467,
    -0.9286164045333862,
    0.4081561863422394,
    -1.8416173458099365,
    -0.7295909523963928,
    0.8662545084953308,
    -1.0153483152389526,
    0.9240059852600098
  ],
  "CC(C)(C)OC": [
    1.9222228527069092,
    0.7755557894706726,
    0.03901886194944382,
    -0.2696846127510071,
    -0.9674869775772095,
    -0.6144030094146729,
    1.7814489603042603,
    -0.3636803925037384,
    -0.30780133605003357,
    -0.9198258519172668,
    0.5219854116439819,
    -1.7868378162384033,
    -0.6546235084533691,
    0.8873408436775208,
    -0.8871206045150757,
    0.8717377185821533
  ],