{
  "CO": [
    1.9483698606491089,
    -0.2714373469352722,
    0.0378747284412384,
    0.11942130327224731,
    0.04928620904684067,
    -1.6390434503555298,
    0.806614100933075,
    -0.3559280335903168,
    0.18571066856384277,
    -1.5330986976623535,
    0.5023465156555176,
    -1.079246997833252,
    0.0550868920981884,
    0.8436830639839172,
    -1.2422974109649658,
    1.5981687307357788
  ],
  "OCCO": [
    2.015897512435913,
    -0.442544162273407,
    0.11062426120042801,
    0.3525908887386322,
    0.6802512407302856,
    -1.6440038681030273,
    0.6284478306770325,
    -0.28670498728752136,
    -0.1419340819120407,
    -1.4319366216659546,
    0.22914983332157135,
    -1.0362011194229126,
    -0.014448026195168495,
    0.7301865816116333,
    -1.303625464439392,
    1.5798966884613037
  ],
  "C(C(F)(F)F)(C(F)(F)F)O": [
    1.4778770208358765,
    -0.3390480577945709,
    0.05658257380127907,
    -0.16413600742816925,
    -0.22950156033039093,
    -1.9055800437927246,
    0.5896450877189636,
    -0.032057661563158035,
    0.27885663509368896,
    -1.872084379196167,
    0.6188880205154419,
    -0.9355717301368713,
    0.4908069670200348,
    0.7694506645202637,
    -0.6345185041427612,
    1.8527010679244995
  ],
  "O1C(C)CCC1": [
    1.9825129508972168,
    0.7477645874023438,
    0.2305450290441513,
    -0.13300958275794983,
    -0.6653197407722473,
    -0.4985669255256653,
    1.63090181350708,
    -0.5093043446540833,
    -0.4102565050125122,
    -0.9373171925544739,
    0.33840906620025635,
    -1.8904087543487549,
    -0.6561625599861145,
    0.8468719124794006,
    -1.0491610765457153,
    0.9963847994804382
  ],
  "C1CCCCC1": [
    1.7109568119049072,
    0.7602340579032898,
    -0.22392086684703827,
    -0.4538126289844513,
    -1.2267482280731201,
    -0.8817437291145325,
    1.5054302215576172,
    -0.34894752502441406,
    -0.35831955075263977,
    -0.7718206644058228,
    0.6809372901916504,
    -1.7376856803894043,
    -0.6458637714385986,
    1.472469687461853,
    -0.34571534395217896,
    0.88990318775177
  ],
  "CC(O)C": [
    2.0781333446502686,
    0.44910043478012085,
    0.23429995775222778,
    0.030728299170732498,
    -0.1537158489227295,
    -1.0591193437576294,
    1.3127217292785645,
    -0.4608871042728424,
    -0.14291611313819885,
    -1.4477064609527588,
    0.386295348405838,
    -1.5650146007537842,
    -0.34089231491088867,
    0.742343544960022,
    -1.2482050657272339,
    1.2137371301651
  ],
  "O.CC#N": [
    1.8179936408996582,
    -0.6527621746063232,
    0.01567181758582592,
    0.22206251323223114,
    0.30736204981803894,
    -1.862879991531372,
    0.5503391027450562,
    -0.03344866633415222,
    -0.13488566875457764,
    -1.4612867832183838,
    0.4402488172054291,
    -1.0230211019515991,
    0.2838791012763977,
    0.7965089082717896,
    -1.0143167972564697,
    1.7698277235031128
  ],
  "CC#N": [
    2.187051773071289,
    0.21458540856838226,
    0.29642581939697266,
    -0.012479495257139206,
    -0.12880131602287292,
    -1.1465612649917603,
    1.1482797861099243,
    -0.369907021522522,
    0.14299558103084564,
    -1.4231040477752686,
    0.3347124755382538,
    -1.4725614786148071,
    -0.24805466830730438,
    0.5852355360984802,
    -1.384861707687378,
    1.3037240505218506
  ],
  "CC#N.CC(=O)O": [
    2.1750638484954834,
    0.13495826721191406,
    0.1733013391494751,
    0.06859029084444046,
    -0.08211210370063782,
    -1.1556897163391113,
    1.0210332870483398,
    -0.39905983209609985,
    0.15534178912639618,
    -1.5208758115768433,
    0.5502179265022278,
    -1.4069727659225464,
    -0.27785950899124146,
    0.6367072463035583,
    -1.3653130531311035,
    1.3186898231506348
  ],
  "CCOCC": [
    2.0398378372192383,
    0.7713215947151184,
    0.16798213124275208,
    -0.23376798629760742,
    -0.7193100452423096,
    -0.642463207244873,
    1.6286468505859375,
    -0.41469472646713257,
    -0.30704954266548157,
    -0.9833797216415405,
    0.4046623408794403,
    -1.8237700462341309,
    -0.6018451452255249,
    0.7788636088371277,
    -1.0269277095794678,
    0.9871441125869751
  ],
  "OCC(F)(F)F": [
    1.857505440711975,
    -0.26162654161453247,
    0.1021619513630867,
    -0.1492861956357956,
    -0.18036624789237976,
    -1.6888915300369263,
    0.7395746111869812,
    -0.2935519516468048,
    0.24863992631435394,
    -1.7499971389770508,
    0.5627704858779907,
    -0.9233477115631104,
    0.2793504595756531,
    0.8035837411880493,
    -1.004228949546814,
    1.6832600831985474
  ],
  "O.OCC(F)(F)F": [
    1.5482988357543945,
    -0.7840511798858643,
    -0.05512180179357529,
    0.19381938874721527,
    0.23694592714309692,
    -2.1104660034179688,
    0.4118568003177643,
    0.15132969617843628,
    -0.2159036099910736,
    -1.4830564260482788,
    0.496832013130188,
    -0.8173652291297913,
    0.42002037167549133,
    0.9334620833396912,
    -0.7397950291633606,
    1.8344060182571411
  ],
  "CN(C)C(C)=O": [
    2.1763510704040527,
    0.5453303456306458,
    0.48693278431892395,
    -0.14404433965682983,
    -0.14291591942310333,
    -0.8394358158111572,
    1.2343237400054932,
    -0.5249984860420227,
    -0.2689002752304077,
    -1.2401244640350342,
    0.2740328907966614,
    -1.7265788316726685,
    -0.4327132999897003,
    0.713538408279419,
    -1.2491239309310913,
    1.1634670495986938
  ],
  "CCCCCCCCCCO": [
    1.9893932342529297,
    0.7081379294395447,
    0.2366284728050232,
    -0.28183263540267944,
    -0.5271739363670349,
    -0.5796235799789429,
    1.4666223526000977,
    -0.5342322587966919,
    -0.6063501834869385,
    -1.0137652158737183,
    0.6134812831878662,
    -1.8593443632125854,
    -0.6169308423995972,
    1.0147240161895752,
    -0.9538905620574951,
    0.9683522582054138
  ],
  "OCC": [
    2.106801986694336,
    0.10088322311639786,
    0.26866644620895386,
    0.01383441686630249,
    0.015069492161273956,
    -1.2638744115829468,
    1.1511642932891846,
    -0.44930732250213623,
    0.08503120392560959,
    -1.4779343605041504,
    0.2900794744491577,
    -1.3216067552566528,
    -0.20585322380065918,
    0.7168150544166565,
    -1.380523920059204,
    1.3798524141311646
  ],
  "C1CCOC1": [
    2.0541903972625732,
    0.676231324672699,
    0.24185125529766083,
    -0.1513737440109253,
    -0.6289514303207397,
    -0.5121374726295471,
    1.583624005317688,
    -0.4615294337272644,
    -0.263695627450943,
    -0.9555655121803284,
    0.42555683851242065,
    -1.9332306385040283,
    -0.6681607365608215,
    0.7421181797981262,
    -1.08803391456604,
    0.9626696705818176
  ],
  "[C@H]12CCC([C@H](OC1)O2)=O": [
    2.286437511444092,
    0.0914573222398758,
    0.44398394227027893,
    0.049622755497694016,
    0.22945444285869598,
    -1.1729915142059326,
    0.903698205947876,
    -0.4818490147590637,
    -0.1331426203250885,
    -1.3789072036743164,
    0.2801973819732666,
    -1.5174281597137451,
    -0.2715979814529419,
    0.683239758014679,
    -1.2759498357772827,
    1.289597988128662
  ],
  "O=C(OCC)C": [
    1.9151171445846558,
    0.8299398422241211,
    0.1048986092209816,
    -0.06876485049724579,
    -0.8007811903953552,
    -0.46890291571617126,
    1.7254351377487183,
    -0.49194517731666565,
    -0.39769211411476135,
    -0.8862476944923401,
    0.4147852063179016,
    -1.8600032329559326,
    -0.737876296043396,
    0.8337908387184143,
    -1.0142194032669067,
    0.9267981052398682
  ],
  "CC(C)(C)OC": [
    1.7571765184402466,
    0.7939177751541138,
    -0.0931989923119545,
    -0.3855397403240204,
    -1.132761836051941,
    -0.47977396845817566,
    1.8106356859207153,
    -0.4661090075969696,
    -0.3702884018421173,
    -0.8589592576026917,
    0.4846969544887543,
    -1.7758982181549072,
    -0.6782918572425842,
    1.1446243524551392,
    -0.6385300755500793,
    0.9143430590629578
  ],