{
  "CO": [
    1.9815571308135986,
    -0.32425153255462646,
    0.04249975457787514,
    0.1336318850517273,
    0.2169625610113144,
    -1.631075382232666,
    0.7227358818054199,
    -0.3406330347061157,
    0.014412250369787216,
    -1.4561768770217896,
    0.5553889870643616,
    -1.0286235809326172,
    0.10709386318922043,
    0.7289937734603882,
    -1.3516494035720825,
    1.64668607711792
  ],
  "OCCO": [
    2.0320115089416504,
    -0.4863361418247223,
    0.19177328050136566,
    0.38293054699897766,
    0.6638514995574951,
    -1.575952172279358,
    0.6979416608810425,
    -0.287828654050827,
    -0.2697635293006897,
    -1.3621855974197388,
    0.34365007281303406,
    -1.2489638328552246,
    0.04645400866866112,
    0.6245463490486145,
    -1.2648721933364868,
    1.5307475328445435
  ],
  "C(C(F)(F)F)(C(F)(F)F)O": [
    1.5495796203613281,
    -0.2535310387611389,
    0.06422937661409378,
    -0.2402784526348114,
    -0.2878803610801697,
    -1.7252987623214722,
    0.7692402005195618,
    -0.04830954596400261,
    0.2961765229701996,
    -1.9159200191497803,
    0.567591667175293,
    -1.0147144794464111,
    0.44464951753616333,
    0.6792278289794922,
    -0.7191766500473022,
    1.8527382612228394
  ],
  "O1C(C)CCC1": [
    1.9633840322494507,
    0.7417677044868469,
    0.22600197792053223,
    -0.13447917997837067,
    -0.6594620943069458,
    -0.4593617618083954,
    1.6043808460235596,
    -0.5184003710746765,
    -0.47492778301239014,
    -0.9332166910171509,
    0.41269931197166443,
    -1.908947229385376,
    -0.6147336363792419,
    0.8464950323104858,
    -1.0777822732925415,
    1.0046107769012451
  ],
  "C1CCCCC1": [
    1.784082055091858,
    0.6766928434371948,
    -0.16746291518211365,
    -0.2522535026073456,
    -1.1795387268066406,
    -0.8348119854927063,
    1.6608421802520752,
    -0.3091597855091095,
    -0.31252172589302063,
    -0.8151125311851501,
    0.7683843970298767,
    -1.8611806631088257,
    -0.552112877368927,
    1.0953092575073242,
    -0.5804673433303833,
    0.899255633354187
  ],
  "CC(O)C": [
    2.1618614196777344,
    0.35658687353134155,
    0.2774762511253357,
    -0.047747742384672165,
    -0.017225712537765503,
    -1.0507444143295288,
    1.160917043685913,
    -0.4638369381427765,
    -0.1521812528371811,
    -1.4301788806915283,
    0.45974206924438477,
    -1.517914056777954,
    -0.31088152527809143,
    0.6721392273902893,
    -1.3374098539352417,
    1.2606631517410278
  ],
  "O.CC#N": [
    1.9550108909606934,
    -0.652767539024353,
    -0.013351794332265854,
    0.13797736167907715,
    0.3353337049484253,
    -1.7471386194229126,
    0.45699065923690796,
    -0.1193167194724083,
    -0.07387616485357285,
    -1.446908950805664,
    0.45210570096969604,
    -1.0060055255889893,
    0.2801631689071655,
    0.7318798899650574,
    -1.066832423210144,
    1.7911221981048584
  ],
  "CC#N": [
    2.185751438140869,
    0.17226603627204895,
    0.2596488893032074,
    -0.024518992751836777,
    -0.12542462348937988,
    -1.0824635028839111,
    1.1251201629638672,
    -0.36489632725715637,
    0.07599207758903503,
    -1.421521544456482,
    0.445595383644104,
    -1.5631386041641235,
    -0.17289675772190094,
    0.5589979887008667,
    -1.3624861240386963,
    1.313012719154358
  ],
  "CC#N.CC(=O)O": [
    2.2135252952575684,
    0.060528967529535294,
    0.22827249765396118,
    -0.02819233387708664,
    -0.037642281502485275,
    -1.1349717378616333,
    0.9423214197158813,
    -0.452251672744751,
    0.1595464050769806,
    -1.4879374504089355,
    0.550470232963562,
    -1.3548274040222168,
    -0.21852992475032806,
    0.6309081315994263,
    -1.4161770343780518,
    1.3640868663787842
  ],
  "CCOCC": [
    1.8481887578964233,
    0.7594085335731506,
    0.05381041392683983,
    -0.21044950187206268,
    -0.8903159499168396,
    -0.522318959236145,
    1.7601667642593384,
    -0.48546698689460754,
    -0.4968681037425995,
    -0.9072692394256592,
    0.47649115324020386,
    -1.8370134830474854,
    -0.5836145281791687,
    0.9460266828536987,
    -0.8928963541984558,
    1.0019487142562866
  ],
  "OCC(F)(F)F": [
    1.9805550575256348,
    -0.2731930613517761,
    0.0010518123162910342,
    -0.07340879738330841,
    0.05780796706676483,
    -1.6450409889221191,
    0.5996666550636292,
    -0.2782776653766632,
    0.09563358128070831,
    -1.7554408311843872,
    0.6202587485313416,
    -0.850098192691803,
    0.25897327065467834,
    0.7495331168174744,
    -1.1158405542373657,
    1.6473326683044434
  ],
  "O.OCC(F)(F)F": [
    1.68593430519104,
    -0.7733665704727173,
    -0.06371350586414337,
    0.11730664223432541,
    0.26198261976242065,
    -1.9718552827835083,
    0.5547996163368225,
    -0.01155516505241394,
    -0.26702824234962463,
    -1.5187959671020508,
    0.6124878525733948,
    -0.8503426313400269,
    0.47212764620780945,
    0.7696318626403809,
    -0.8018147945404053,
    1.8011529445648193
  ],
  "CN(C)C(C)=O": [
    2.1903328895568848,
    0.4561990201473236,
    0.49980008602142334,
    -0.2260020226240158,
    -0.05861002951860428,
    -0.8011851906776428,
    1.1413532495498657,
    -0.4801456332206726,
    -0.18033818900585175,
    -1.339411973953247,
    0.3816007077693939,
    -1.7101860046386719,
    -0.3931533992290497,
    0.6925901770591736,
    -1.3118709325790405,
    1.1586328744888306
  ],
  "CCCCCCCCCCO": [
    2.0173232555389404,
    0.6980546712875366,
    0.224365234375,
    -0.326942503452301,
    -0.5261950492858887,
    -0.48148229718208313,
    1.456249475479126,
    -0.5841610431671143,
    -0.6757307648658752,
    -0.9051797986030579,
    0.619145393371582,
    -1.8737142086029053,
    -0.6081582307815552,
    1.0065288543701172,
    -0.9838278293609619,
    0.9615694880485535
  ],
  "OCC": [
    2.0980286598205566,
    0.0554988719522953,
    0.28022828698158264,
    -0.03021170198917389,
    0.03495488688349724,
    -1.1749343872070312,
    1.1637791395187378,
    -0.4053625762462616,
    0.06161802262067795,
    -1.4855303764343262,
    0.3187136650085449,
    -1.3901571035385132,
    -0.16247588396072388,
    0.6733036637306213,
    -1.4092483520507812,
    1.3939152956008911
  ],
  "C1CCOC1": [
    2.058856725692749,
    0.5664038062095642,
    0.3232000470161438,
    -0.21640156209468842,
    -0.5454831719398499,
    -0.496504545211792,
    1.505722165107727,
    -0.4031437933444977,
    -0.23077979683876038,
    -0.9754119515419006,
    0.4846153259277344,
    -1.9362480640411377,
    -0.611774742603302,
    0.7547430396080017,
    -1.2441731691360474,
    0.9842756390571594
  ],
  "[C@H]12CCC([C@H](OC1)O2)=O": [
    2.280363082885742,
    -0.028217613697052002,
    0.40715935826301575,
    0.004553398583084345,
    0.3142653703689575,
    -1.131164789199829,
    0.8599266409873962,
    -0.474698543548584,
    -0.12762832641601562,
    -1.3416825532913208,
    0.3614501357078552,
    -1.4747397899627686,
    -0.20864827930927277,
    0.6248553991317749,
    -1.3972662687301636,
    1.349593997001648
  ],
  "O=C(OCC)C": [
    1.919673204421997,
    0.7709741592407227,
    0.12417729943990707,
    -0.12709636986255646,
    -0.7752879858016968,
    -0.4849134385585785,
    1.6638356447219849,
    -0.46187248826026917,
    -0.36388880014419556,
    -0.9482291340827942,
    0.523554801940918,
    -1.8959574699401855,
    -0.6445643305778503,
    0.8132448792457581,
    -1.0553321838378906,
    0.9604143500328064
  ],
  "CC(C)(C)OC": [
    1.7049540281295776,
    0.7563992142677307,
    -0.1264970302581787,
    -0.3345595598220825,
    -1.112457513809204,
    -0.5521919131278992,
    1.8077706098556519,
    -0.4598943591117859,
    -0.4595751464366913,
    -0.8563555479049683,
    0.6503983736038208,
    -1.799183964729309,
    -0.6078162789344788,
    1.1996513605117798,
    -0.6329299807548523,
    0.8445056676864624
  ],