{
  "CO": [
    1.4382649660110474,
    -0.5293715000152588,
    0.24269118905067444,
    -0.2409127801656723,
    0.6228975653648376,
    -0.7281414866447449,
    0.7481269836425781,
    -0.9769948720932007,
    -0.48660844564437866,
    -1.2797966003417969,
    1.6796261072158813,
    -1.2809746265411377,
    0.45292922854423523,
    0.592973530292511,
    -1.5870029926300049,
    1.3202266693115234
  ],
  "OCCO": [
    1.5433547496795654,
    -0.6614305973052979,
    0.40905311703681946,
    -0.03866219520568848,
    1.175426721572876,
    -0.7945096492767334,
    0.4587584137916565,
    -0.7818421721458435,
    -0.7358314394950867,
    -0.9845924377441406,
    1.4621692895889282,
    -1.4872359037399292,
    0.4047085642814636,
    0.45279067754745483,
    -1.616289734840393,
    1.1795605421066284
  ],
  "C(C(F)(F)F)(C(F)(F)F)O": [
    1.4663764238357544,
    -0.2736645042896271,
    0.147378072142601,
    -0.7414062023162842,
    0.18911230564117432,
    -0.8104814291000366,
    0.8249507546424866,
    -0.4216015338897705,
    0.037262022495269775,
    -1.8911187648773193,
    1.5108004808425903,
    -1.1856474876403809,
    0.4783313572406769,
    0.36633768677711487,
    -1.2664145231246948,
    1.5631221532821655
  ],
  "O1C(C)CCC1": [
    1.4371691942214966,
    0.25404199957847595,
    0.42169493436813354,
    -0.3869199752807617,
    -0.1271931380033493,
    -0.03314696252346039,
    1.533663034439087,
    -0.715535581111908,
    -1.1239640712738037,
    -0.5574643611907959,
    1.0686510801315308,
    -2.019193649291992,
    -0.34409239888191223,
    0.950110137462616,
    -1.3861079216003418,
    1.0198794603347778
  ],
  "C1CCCCC1": [
    1.2158011198043823,
    0.40365174412727356,
    -0.25705263018608093,
    -0.8157013654708862,
    -0.798258900642395,
    -0.5015687346458435,
    1.6903175115585327,
    -0.4166576564311981,
    -0.8901201486587524,
    -0.3879188299179077,
    1.009036660194397,
    -1.8480716943740845,
    -0.6208127737045288,
    1.764197587966919,
    -0.4177241921424866,
    0.8725665807723999
  ],
  "CC(O)C": [
    1.4748700857162476,
    0.02036397159099579,
    0.49333617091178894,
    -0.2837143838405609,
    0.4540548622608185,
    -0.28350624442100525,
    1.1551448106765747,
    -0.8715872764587402,
    -0.8085331916809082,
    -1.026584506034851,
    1.24796462059021,
    -1.775619387626648,
    0.04737129062414169,
    0.6768330335617065,
    -1.7145121097564697,
    1.1822577714920044
  ],
  "O.CC#N": [
    1.4660700559616089,
    -0.7235504388809204,
    0.1772722601890564,
    -0.19147467613220215,
    0.7583211064338684,
    -0.977806806564331,
    0.5523604154586792,
    -0.7205859422683716,
    -0.7102041244506836,
    -1.0972100496292114,
    1.7627605199813843,
    -1.320259690284729,
    0.5897971391677856,
    0.4482225179672241,
    -1.398022174835205,
    1.3713024854660034
  ],
  "CC#N": [
    1.5823875665664673,
    -0.24654951691627502,
    0.48417025804519653,
    -0.2730637490749359,
    0.5805017948150635,
    -0.3128301501274109,
    0.7686764001846313,
    -0.7762670516967773,
    -0.6176282167434692,
    -1.121894359588623,
    1.4450416564941406,
    -1.6949318647384644,
    0.21129584312438965,
    0.4496473968029022,
    -1.7634527683258057,
    1.2707593441009521
  ],
  "CC#N.CC(=O)O": [
    1.554490566253662,
    -0.3108828365802765,
    0.40779680013656616,
    -0.2604173421859741,
    0.5847340822219849,
    -0.3613465130329132,
    0.6895460486412048,
    -0.8566581606864929,
    -0.502983570098877,
    -1.177364706993103,
    1.5629222393035889,
    -1.569635272026062,
    0.21377451717853546,
    0.5326411724090576,
    -1.7815966606140137,
    1.2610448598861694
  ],
  "CCOCC": [
    1.3098046779632568,
    0.33517196774482727,
    0.15064533054828644,
    -0.3672771453857422,
    -0.39421752095222473,
    -0.13815677165985107,
    1.7236112356185913,
    -0.707373857498169,
    -1.2030627727508545,
    -0.4716247022151947,
    1.161392092704773,
    -2.024298906326294,
    -0.42452412843704224,
    1.1223678588867188,
    -1.0204225778579712,
    0.942182183265686
  ],
  "OCC(F)(F)F": [
    1.625136375427246,
    -0.3592681288719177,
    0.19874386489391327,
    -0.5276906490325928,
    0.5836437940597534,
    -0.8754120469093323,
    0.5877755284309387,
    -0.78917396068573,
    -0.31799575686454773,
    -1.494292140007019,
    1.587626576423645,
    -1.0109541416168213,
    0.45070523023605347,
    0.519609272480011,
    -1.5953270196914673,
    1.406515121459961
  ],
  "O.OCC(F)(F)F": [
    1.3257169723510742,
    -0.8194323182106018,
    0.19335950911045074,
    -0.5127628445625305,
    0.6381489038467407,
    -1.0798461437225342,
    0.800325334072113,
    -0.576729953289032,
    -0.47382423281669617,
    -1.3656760454177856,
    1.5979673862457275,
    -1.1302605867385864,
    0.6921126246452332,
    0.5146535038948059,
    -1.3330274820327759,
    1.520711064338684
  ],
  "CN(C)C(C)=O": [
    1.5488951206207275,
    0.08800984919071198,
    0.6866652965545654,
    -0.3831694722175598,
    0.5176894664764404,
    -0.2352699339389801,
    0.9333686232566833,
    -0.8633125424385071,
    -0.9703974723815918,
    -0.9224104285240173,
    1.3008238077163696,
    -1.927238941192627,
    0.007823816500604153,
    0.6554945707321167,
    -1.5288331508636475,
    1.0785548686981201
  ],
  "CCCCCCCCCCO": [
    1.3869787454605103,
    0.3281988203525543,
    0.2998298108577728,
    -0.581454873085022,
    -0.005648168735206127,
    -0.07971673458814621,
    1.3299531936645508,
    -0.77759850025177,
    -1.3727761507034302,
    -0.48260635137557983,
    1.4298893213272095,
    -1.9229846000671387,
    -0.36329036951065063,
    1.1208405494689941,
    -1.150452733039856,
    0.8324819207191467
  ],
  "OCC": [
    1.5717260837554932,
    -0.2571425437927246,
    0.48098114132881165,
    -0.3289536237716675,
    0.7345258593559265,
    -0.47036904096603394,
    0.7496830224990845,
    -0.8874552249908447,
    -0.6788670420646667,
    -1.1434118747711182,
    1.4572292566299438,
    -1.4991753101348877,
    0.22528623044490814,
    0.5629307627677917,
    -1.7545192241668701,
    1.2243238687515259
  ],
  "C1CCOC1": [
    1.383701205253601,
    0.18689103424549103,
    0.4006655514240265,
    -0.33001795411109924,
    -0.13017527759075165,
    0.03577424958348274,
    1.5031254291534424,
    -0.7016509771347046,
    -1.0888341665267944,
    -0.500236451625824,
    1.2096683979034424,
    -2.125169038772583,
    -0.4069412350654602,
    0.9217039346694946,
    -1.3301761150360107,
    0.9626792073249817
  ],
  "[C@H]12CCC([C@H](OC1)O2)=O": [
    1.6622339487075806,
    -0.255103200674057,
    0.7145403623580933,
    -0.25133803486824036,
    0.8377947807312012,
    -0.4657188653945923,
    0.5276733040809631,
    -0.9247607588768005,
    -0.7456899881362915,
    -0.9957697987556458,
    1.3838443756103516,
    -1.7645565271377563,
    0.23833340406417847,
    0.4935495853424072,
    -1.5832862854003906,
    1.1126806735992432
  ],
  "O=C(OCC)C": [
    1.4759056568145752,
    0.2846275866031647,
    0.41362902522087097,
    -0.39600419998168945,
    -0.0791088193655014,
    -0.2046683430671692,
    1.4701060056686401,
    -0.6292073130607605,
    -1.0537997484207153,
    -0.6134495735168457,
    1.2592605352401733,
    -2.0263450145721436,
    -0.2501756548881531,
    0.8129557371139526,
    -1.4415143728256226,
    0.9685825109481812
  ],
  "CC(C)(C)OC": [
    1.1439428329467773,
    0.3879779577255249,
    -0.0974041074514389,
    -0.5540030002593994,
    -0.6661815643310547,
    -0.25664255023002625,
    1.9186081886291504,
    -0.5605233907699585,
    -1.1558544635772705,
    -0.40320777893066406,
    1.090759515762329,
    -1.8476126194000244,
    -0.5306940078735352,
    1.4296969175338745,
    -0.7867326140403748,
    0.8870301842689514
  ],