{
  "CO": [
    1.975713849067688,
    -0.264863520860672,
    0.06656757742166519,
    0.09862276166677475,
    0.08449526876211166,
    -1.5156590938568115,
    0.8217063546180725,
    -0.4649999141693115,
    0.09509669989347458,
    -1.5384902954101562,
    0.5610958337783813,
    -1.096186637878418,
    0.09983257949352264,
    0.7409734129905701,
    -1.2866359949111938,
    1.6387569904327393
  ],
  "OCCO": [
    1.967287540435791,
    -0.5326285362243652,
    0.17887791991233826,
    0.369302898645401,
    0.7652482390403748,
    -1.5133711099624634,
    0.6739897131919861,
    -0.2805826961994171,
    -0.2499016970396042,
    -1.356612205505371,
    0.2894955575466156,
    -1.1935131549835205,
    0.029868975281715393,
    0.6504210233688354,
    -1.373549461364746,
    1.5907176733016968
  ],
  "C(C(F)(F)F)(C(F)(F)F)O": [
    1.452068567276001,
    -0.39733627438545227,
    0.08679047971963882,
    -0.3028966188430786,
    -0.40326136350631714,
    -1.5844769477844238,
    0.7362986207008362,
    -0.11938373744487762,
    0.3226580321788788,
    -2.0150704383850098,
    0.7630893588066101,
    -0.9996914267539978,
    0.5255477428436279,
    0.828015923500061,
    -0.6562716364860535,
    1.7806787490844727
  ],
  "O1C(C)CCC1": [
    2.0648672580718994,
    0.6575997471809387,
    0.3168812096118927,
    -0.18496008217334747,
    -0.4746967852115631,
    -0.5800595879554749,
    1.5002385377883911,
    -0.45740261673927307,
    -0.3545043468475342,
    -0.9965434074401855,
    0.40630096197128296,
    -1.9089349508285522,
    -0.5424464344978333,
    0.7417336106300354,
    -1.2008131742477417,
    1.0289702415466309
  ],
  "C1CCCCC1": [
    1.9784408807754517,
    0.5621564388275146,
    0.08374448865652084,
    -0.2974320948123932,
    -0.9976862072944641,
    -0.9109830260276794,
    1.4728243350982666,
    -0.17894180119037628,
    -0.23805966973304749,
    -0.8665632009506226,
    0.7555240392684937,
    -1.9140862226486206,
    -0.3536500036716461,
    0.8441041707992554,
    -0.9335423707962036,
    1.008895754814148
  ],
  "CC(O)C": [
    2.0754213333129883,
    0.3691250681877136,
    0.27698010206222534,
    -0.0503072626888752,
    -0.10862037539482117,
    -0.9418764114379883,
    1.2753406763076782,
    -0.4794771075248718,
    -0.16330528259277344,
    -1.3928440809249878,
    0.3376166820526123,
    -1.5815714597702026,
    -0.2928565442562103,
    0.7091591954231262,
    -1.3520562648773193,
    1.3372559547424316
  ],
  "O.CC#N": [
    1.7901620864868164,
    -0.6654090881347656,
    0.13070738315582275,
    0.05668023228645325,
    0.2632225751876831,
    -1.6513019800186157,
    0.582371175289154,
    -0.06388357281684875,
    -0.08724290877580643,
    -1.5356075763702393,
    0.43986061215400696,
    -1.116868257522583,
    0.3999568223953247,
    0.6960238814353943,
    -1.0924898386001587,
    1.8655730485916138
  ],
  "CC#N": [
    2.229922294616699,
    0.11693840473890305,
    0.30115604400634766,
    -0.03960711881518364,
    -0.023301677778363228,
    -1.0425182580947876,
    1.028761863708496,
    -0.42479458451271057,
    0.0735507532954216,
    -1.3905147314071655,
    0.39198037981987,
    -1.4644129276275635,
    -0.21075721085071564,
    0.5681455731391907,
    -1.4689799547195435,
    1.3701683282852173
  ],
  "CC#N.CC(=O)O": [
    2.102325201034546,
    -0.019872991368174553,
    0.19793690741062164,
    0.051717936992645264,
    0.008629717864096165,
    -1.1090919971466064,
    0.9901366233825684,
    -0.4321947395801544,
    0.10861193388700485,
    -1.4884932041168213,
    0.5916673541069031,
    -1.4541000127792358,
    -0.15430821478366852,
    0.640094518661499,
    -1.4308717250823975,
    1.413343906402588
  ],
  "CCOCC": [
    1.95023512840271,
    0.7114060521125793,
    0.11039890348911285,
    -0.20417900383472443,
    -0.639777660369873,
    -0.5639973282814026,
    1.6355904340744019,
    -0.4296654462814331,
    -0.3887493908405304,
    -0.9837470054626465,
    0.49117210507392883,
    -1.8749264478683472,
    -0.6102433204650879,
    0.8270446062088013,
    -1.0667248964309692,
    1.053470253944397
  ],
  "OCC(F)(F)F": [
    1.7197849750518799,
    -0.33593660593032837,
    0.13350090384483337,
    -0.1832050085067749,
    -0.10764467716217041,
    -1.6415653228759766,
    0.7940161228179932,
    -0.201612651348114,
    0.31161394715309143,
    -1.7378579378128052,
    0.37078025937080383,
    -1.056875228881836,
    0.3573886752128601,
    0.7162216305732727,
    -0.981540322303772,
    1.8588088750839233
  ],
  "O.OCC(F)(F)F": [
    1.7193224430084229,
    -0.8299262523651123,
    -0.13895340263843536,
    0.15611079335212708,
    0.3363141715526581,
    -1.9450446367263794,
    0.28941091895103455,
    0.05961987003684044,
    -0.1043824627995491,
    -1.452252745628357,
    0.48896464705467224,
    -0.8302130699157715,
    0.3457726538181305,
    0.9143160581588745,
    -0.8627127408981323,
    1.866269826889038
  ],
  "CN(C)C(C)=O": [
    2.177586317062378,
    0.4404028654098511,
    0.5081793069839478,
    -0.18025530874729156,
    0.0009946521604433656,
    -0.7923884987831116,
    1.1341991424560547,
    -0.5035727024078369,
    -0.22853200137615204,
    -1.2811681032180786,
    0.33805790543556213,
    -1.7310433387756348,
    -0.3924737870693207,
    0.6690784692764282,
    -1.3497198820114136,
    1.206663727760315
  ],
  "CCCCCCCCCCO": [
    2.025710105895996,
    0.6022384762763977,
    0.19549621641635895,
    -0.4681011438369751,
    -0.4567509889602661,
    -0.4057132601737976,
    1.398020625114441,
    -0.5357946157455444,
    -0.5061277747154236,
    -0.9944505095481873,
    0.563787043094635,
    -1.818282961845398,
    -0.6184278726577759,
    1.0496491193771362,
    -1.1083701848983765,
    1.0926954746246338
  ],
  "OCC": [
    2.150735378265381,
    0.05364106595516205,
    0.24617062509059906,
    -0.0022474585566669703,
    0.15278035402297974,
    -1.1321560144424438,
    1.0162485837936401,
    -0.4668603837490082,
    -0.060261521488428116,
    -1.4484254121780396,
    0.4072079360485077,
    -1.3034518957138062,
    -0.2125328630208969,
    0.6849251389503479,
    -1.5006756782531738,
    1.432519555091858
  ],
  "C1CCOC1": [
    1.9955286979675293,
    0.5939690470695496,
    0.2464398294687271,
    -0.13952386379241943,
    -0.5544134378433228,
    -0.44279566407203674,
    1.5515505075454712,
    -0.4786144196987152,
    -0.3065808415412903,
    -0.9579117894172668,
    0.4863433539867401,
    -1.9748148918151855,
    -0.6457091569900513,
    0.7925646901130676,
    -1.164562702178955,
    1.0140472650527954
  ],
  "[C@H]12CCC([C@H](OC1)O2)=O": [
    2.2248780727386475,
    -0.04767720028758049,
    0.41356945037841797,
    0.06092545762658119,
    0.35161733627319336,
    -1.0991591215133667,
    0.8442922830581665,
    -0.4772489070892334,
    -0.15381217002868652,
    -1.341389536857605,
    0.34179922938346863,
    -1.4835251569747925,
    -0.2169448286294937,
    0.6364004015922546,
    -1.4412306547164917,
    1.4021908044815063
  ],
  "O=C(OCC)C": [
    1.9222500324249268,
    0.7137866616249084,
    0.12578800320625305,
    -0.11701072007417679,
    -0.7105363607406616,
    -0.4738839566707611,
    1.6714997291564941,
    -0.4746619462966919,
    -0.3341967761516571,
    -0.9521849751472473,
    0.43469640612602234,
    -1.8676447868347168,
    -0.6647352576255798,
    0.8492177128791809,
    -1.1223554611206055,
    1.0172789096832275
  ],
  "CC(C)(C)OC": [
    1.8628031015396118,
    0.7127991914749146,
    0.025321369990706444,
    -0.27655571699142456,
    -0.9428150057792664,
    -0.6408827304840088,
    1.7747119665145874,
    -0.3758028447628021,
    -0.35944053530693054,
    -0.8741456866264343,
    0.6191901564598083,
    -1.847682237625122,
    -0.5755494832992554,
    0.889839768409729,
    -0.9043939113616943,
    0.9315819144248962
  ],