{
  "CO": [
    1.9404371976852417,
    -0.3654075860977173,
    0.017237350344657898,
    0.09171140193939209,
    0.3010961711406708,
    -1.6525115966796875,
    0.6246187686920166,
    -0.3355531394481659,
    0.10261949896812439,
    -1.5092025995254517,
    0.4886137545108795,
    -0.9431841969490051,
    0.15025527775287628,
    0.7657595276832581,
    -1.3536161184310913,
    1.6928178071975708
  ],
  "OCCO": [
    1.983665943145752,
    -0.5291522741317749,
    0.18949879705905914,
    0.38925448060035706,
    0.7307708263397217,
    -1.5506850481033325,
    0.6805316805839539,
    -0.29777956008911133,
    -0.23560315370559692,
    -1.3588976860046387,
    0.29205000400543213,
    -1.2230485677719116,
    0.06480006128549576,
    0.64363694190979,
    -1.3241101503372192,
    1.560765266418457
  ],
  "C(C(F)(F)F)(C(F)(F)F)O": [
    1.6663724184036255,
    -0.33023855090141296,
    -0.05826884135603905,
    -0.2190002202987671,
    -0.10057853907346725,
    -1.666510820388794,
    0.35598596930503845,
    -0.03809976577758789,
    0.3938496708869934,
    -2.0286712646484375,
    0.6137727499008179,
    -0.8893040418624878,
    0.44468286633491516,
    0.6910209059715271,
    -0.679326593875885,
    1.8585588932037354
  ],
  "O1C(C)CCC1": [
    2.062408447265625,
    0.673450231552124,
    0.31279125809669495,
    -0.1778951734304428,
    -0.4741973280906677,
    -0.6042796969413757,
    1.5004700422286987,
    -0.4582193195819855,
    -0.384967178106308,
    -0.9780055284500122,
    0.39566004276275635,
    -1.9019097089767456,
    -0.5314536094665527,
    0.7415111660957336,
    -1.2006233930587769,
    1.0416333675384521
  ],
  "C1CCCCC1": [
    1.7865042686462402,
    0.650813102722168,
    -0.15244093537330627,
    -0.2901982367038727,
    -1.0770643949508667,
    -0.969597578048706,
    1.5854772329330444,
    -0.2746520936489105,
    -0.2781325876712799,
    -0.8764744400978088,
    0.7292655110359192,
    -1.8472284078598022,
    -0.49583467841148376,
    1.1938707828521729,
    -0.606232762336731,
    0.9416560530662537
  ],
  "CC(O)C": [
    2.0158252716064453,
    0.3243468105792999,
    0.29566431045532227,
    -0.028118954971432686,
    -0.12618118524551392,
    -0.9646056294441223,
    1.3039084672927856,
    -0.47149232029914856,
    -0.06903216242790222,
    -1.4122439622879028,
    0.34705454111099243,
    -1.6363673210144043,
    -0.2701382339000702,
    0.7657276391983032,
    -1.3477568626403809,
    1.2925828695297241
  ],
  "O.CC#N": [
    1.9471198320388794,
    -0.6558765172958374,
    -0.023870952427387238,
    0.19042319059371948,
    0.3384663760662079,
    -1.7282155752182007,
    0.5459274649620056,
    -0.19863000512123108,
    -0.18243294954299927,
    -1.4532966613769531,
    0.5868222117424011,
    -1.058306336402893,
    0.3223799169063568,
    0.6688632965087891,
    -1.0266748666763306,
    1.7403286695480347
  ],
  "CC#N": [
    2.1737422943115234,
    0.13636678457260132,
    0.25835418701171875,
    0.03923754394054413,
    -0.055017609149217606,
    -0.988823413848877,
    1.0935529470443726,
    -0.40528789162635803,
    0.034255482256412506,
    -1.4237208366394043,
    0.46718257665634155,
    -1.5845472812652588,
    -0.21304240822792053,
    0.5619967579841614,
    -1.4133738279342651,
    1.3350704908370972
  ],
  "CC#N.CC(=O)O": [
    2.1049787998199463,
    -0.02158128097653389,
    0.2513602674007416,
    -0.0020222151651978493,
    -0.014718894846737385,
    -1.1494207382202148,
    0.9890341758728027,
    -0.3736284077167511,
    0.15659719705581665,
    -1.4696457386016846,
    0.5016907453536987,
    -1.4505208730697632,
    -0.13765665888786316,
    0.6287692189216614,
    -1.4373412132263184,
    1.440040111541748
  ],
  "CCOCC": [
    1.8479483127593994,
    0.7618600130081177,
    0.03400450572371483,
    -0.13358280062675476,
    -0.796815812587738,
    -0.522009015083313,
    1.7009371519088745,
    -0.4990251958370209,
    -0.46911129355430603,
    -0.9519968032836914,
    0.5363775491714478,
    -1.8813412189483643,
    -0.6198275089263916,
    0.9338986277580261,
    -0.9262088537216187,
    1.002888560295105
  ],
  "OCC(F)(F)F": [
    1.7692521810531616,
    -0.28972649574279785,
    0.09982194751501083,
    -0.10033107548952103,
    -0.1807931512594223,
    -1.6395397186279297,
    0.7656363844871521,
    -0.22400401532649994,
    0.2617230713367462,
    -1.75040602684021,
    0.4812122583389282,
    -1.0862339735031128,
    0.346426397562027,
    0.7799406051635742,
    -0.9807503819465637,
    1.7642011642456055
  ],
  "O.OCC(F)(F)F": [
    1.6074798107147217,
    -0.8471226096153259,
    0.009125299751758575,
    0.13599318265914917,
    0.3389219045639038,
    -1.956067681312561,
    0.4604242146015167,
    0.06212860718369484,
    -0.2540128231048584,
    -1.5012061595916748,
    0.5376176834106445,
    -0.8529773354530334,
    0.5044572353363037,
    0.835803747177124,
    -0.893587052822113,
    1.827329158782959
  ],
  "CN(C)C(C)=O": [
    2.1321911811828613,
    0.48726367950439453,
    0.5154916048049927,
    -0.1610770970582962,
    -0.07580765336751938,
    -0.8117868900299072,
    1.1651124954223633,
    -0.5038984417915344,
    -0.3006571829319,
    -1.2365280389785767,
    0.35641297698020935,
    -1.792749047279358,
    -0.37684258818626404,
    0.7100599408149719,
    -1.294920563697815,
    1.2035807371139526
  ],
  "CCCCCCCCCCO": [
    2.050124406814575,
    0.6514019966125488,
    0.184767484664917,
    -0.4499220848083496,
    -0.44804519414901733,
    -0.40527471899986267,
    1.382422685623169,
    -0.5434799194335938,
    -0.5605737566947937,
    -0.9976181983947754,
    0.554527759552002,
    -1.7995487451553345,
    -0.6258606314659119,
    1.0656960010528564,
    -1.0924066305160522,
    1.0502046346664429
  ],
  "OCC": [
    2.172647714614868,
    0.08462145179510117,
    0.2726844251155853,
    -0.05062639340758324,
    0.1388065218925476,
    -1.1466236114501953,
    1.0225564241409302,
    -0.4783714711666107,
    -0.040662672370672226,
    -1.4780715703964233,
    0.4018840193748474,
    -1.3310405015945435,
    -0.1863529235124588,
    0.6815035343170166,
    -1.4360636472702026,
    1.3918843269348145
  ],
  "C1CCOC1": [
    1.9374613761901855,
    0.6022585034370422,
    0.20656239986419678,
    -0.12049316614866257,
    -0.6259095072746277,
    -0.3897125720977783,
    1.6043621301651,
    -0.49304699897766113,
    -0.3351394534111023,
    -0.9219536781311035,
    0.47375229001045227,
    -1.996180534362793,
    -0.6664804220199585,
    0.8461540341377258,
    -1.117475152015686,
    1.0115631818771362
  ],
  "[C@H]12CCC([C@H](OC1)O2)=O": [
    2.232555627822876,
    -0.005390363745391369,
    0.40634602308273315,
    0.07107333093881607,
    0.291782021522522,
    -1.0682507753372192,
    0.8742470145225525,
    -0.48100242018699646,
    -0.13539965450763702,
    -1.3932826519012451,
    0.36954718828201294,
    -1.5662235021591187,
    -0.2187996804714203,
    0.6602137684822083,
    -1.3582894802093506,
    1.3367425203323364
  ],
  "O=C(OCC)C": [
    1.9061686992645264,
    0.7088450789451599,
    0.1051519587635994,
    -0.1126726046204567,
    -0.7124924659729004,
    -0.4338274896144867,
    1.6940560340881348,
    -0.48957762122154236,
    -0.3495527505874634,
    -0.9485698342323303,
    0.41189926862716675,
    -1.858539342880249,
    -0.6893386840820312,
    0.9074624180793762,
    -1.1143758296966553,
    0.9936445355415344
  ],
  "CC(C)(C)OC": [
    1.8472826480865479,
    0.734128475189209,
    -0.024948133155703545,
    -0.20855113863945007,
    -0.8713691830635071,
    -0.5785844922065735,
    1.7927321195602417,
    -0.40027502179145813,
    -0.34491661190986633,
    -0.8855546116828918,
    0.6144018173217773,
    -1.8412081003189087,
    -0.6858526468276978,
    0.9540480971336365,
    -0.9432740211486816,
    0.8625999689102173
  ],