{
  "CO": [
    1.932761549949646,
    -0.34098130464553833,
    0.025762945413589478,
    -0.001318254740908742,
    0.2212633192539215,
    -1.7510240077972412,
    0.6110873818397522,
    -0.3033546805381775,
    0.1664407104253769,
    -1.526076316833496,
    0.43984079360961914,
    -0.8905420303344727,
    0.18261933326721191,
    0.8083016276359558,
    -1.2567201852798462,
    1.7022372484207153
  ],
  "OCCO": [
    1.9924739599227905,
    -0.47750136256217957,
    0.16594819724559784,
    0.34899693727493286,
    0.6824377179145813,
    -1.6333630084991455,
    0.6138654947280884,
    -0.24833957850933075,
    -0.2372981458902359,
    -1.4025884866714478,
    0.29386118054389954,
    -1.14920973777771,
    0.03700975328683853,
    0.6938241124153137,
    -1.2577461004257202,
    1.597442388534546
  ],
  "C(C(F)(F)F)(C(F)(F)F)O": [
    1.711954116821289,
    -0.40370965003967285,
    -0.032209206372499466,
    -0.18760758638381958,
    -0.10547417402267456,
    -1.7940924167633057,
    0.4499550461769104,
    -0.09015368670225143,
    0.1420426368713379,
    -1.8814988136291504,
    0.6072315573692322,
    -0.7445304989814758,
    0.49390700459480286,
    0.7394420504570007,
    -0.7496490478515625,
    1.8627105951309204
  ],
  "O1C(C)CCC1": [
    1.9730273485183716,
    0.7507710456848145,
    0.25846755504608154,
    -0.14732161164283752,
    -0.6825804114341736,
    -0.48617368936538696,
    1.5704100131988525,
    -0.5060320496559143,
    -0.4807449281215668,
    -0.9416703581809998,
    0.39384138584136963,
    -1.9066647291183472,
    -0.6147826910018921,
    0.8852211833000183,
    -1.0468918085098267,
    1.0006753206253052
  ],
  "C1CCCCC1": [
    1.637271523475647,
    0.7136831879615784,
    -0.22403715550899506,
    -0.6079883575439453,
    -1.2064085006713867,
    -0.840678870677948,
    1.4173158407211304,
    -0.305274099111557,
    -0.3009761571884155,
    -0.7543150782585144,
    0.6720506548881531,
    -1.8296478986740112,
    -0.6230028867721558,
    1.57521390914917,
    -0.23472440242767334,
    0.9324050545692444
  ],
  "CC(O)C": [
    2.1490638256073,
    0.36701130867004395,
    0.3049246668815613,
    -0.07940450310707092,
    -0.06182362884283066,
    -1.0803483724594116,
    1.1116986274719238,
    -0.40729501843452454,
    -0.20196352899074554,
    -1.4481624364852905,
    0.4809117913246155,
    -1.5305038690567017,
    -0.323102742433548,
    0.723014235496521,
    -1.2723852396011353,
    1.290874719619751
  ],
  "O.CC#N": [
    1.8935118913650513,
    -0.6577460169792175,
    0.07155120372772217,
    0.1776072084903717,
    0.3340507745742798,
    -1.7744568586349487,
    0.4296515882015228,
    -0.09358822554349899,
    -0.1544286012649536,
    -1.385027527809143,
    0.44125667214393616,
    -1.0053423643112183,
    0.23027443885803223,
    0.7964651584625244,
    -1.1156954765319824,
    1.8268729448318481
  ],
  "CC#N": [
    2.1757254600524902,
    0.17093493044376373,
    0.2847294807434082,
    -0.0029063113033771515,
    -0.1331951916217804,
    -1.1403024196624756,
    1.0550063848495483,
    -0.32514411211013794,
    0.03644362837076187,
    -1.4293986558914185,
    0.4972536265850067,
    -1.5577832460403442,
    -0.22146965563297272,
    0.5961126685142517,
    -1.323021411895752,
    1.337266445159912
  ],
  "CC#N.CC(=O)O": [
    2.192291021347046,
    0.09595324099063873,
    0.21560154855251312,
    0.003160814056172967,
    -0.0861736387014389,
    -1.1106479167938232,
    0.9515141844749451,
    -0.39704397320747375,
    0.13235487043857574,
    -1.5188978910446167,
    0.5669230222702026,
    -1.421986699104309,
    -0.24674059450626373,
    0.658446192741394,
    -1.3669731616973877,
    1.3529452085494995
  ],
  "CCOCC": [
    1.9743484258651733,
    0.7096850275993347,
    0.14958587288856506,
    -0.2949219048023224,
    -0.7838022708892822,
    -0.5634257197380066,
    1.6239813566207886,
    -0.399249792098999,
    -0.27772390842437744,
    -0.9926308393478394,
    0.4263603091239929,
    -1.840103030204773,
    -0.6012535095214844,
    0.8601272106170654,
    -1.0247724056243896,
    1.0545830726623535
  ],
  "OCC(F)(F)F": [
    1.8958584070205688,
    -0.19632260501384735,
    0.07047724723815918,
    -0.10244058072566986,
    -0.1513833850622177,
    -1.6809192895889282,
    0.7059505581855774,
    -0.31078749895095825,
    0.05289572477340698,
    -1.7701654434204102,
    0.7311978936195374,
    -0.9919556975364685,
    0.2806522250175476,
    0.8190564513206482,
    -0.9334639310836792,
    1.602923035621643
  ],
  "O.OCC(F)(F)F": [
    1.5895153284072876,
    -0.8180504441261292,
    -0.0671633929014206,
    0.1490037441253662,
    0.23279128968715668,
    -2.0403640270233154,
    0.39987561106681824,
    0.12265918403863907,
    -0.2521912455558777,
    -1.4826866388320923,
    0.5414578914642334,
    -0.8164178133010864,
    0.47469377517700195,
    0.8946316242218018,
    -0.7648656368255615,
    1.8537570238113403
  ],
  "CN(C)C(C)=O": [
    2.2050986289978027,
    0.472095787525177,
    0.531639814376831,
    -0.21191014349460602,
    -0.09962788969278336,
    -0.8461252450942993,
    1.144041657447815,
    -0.48301926255226135,
    -0.23226283490657806,
    -1.2595024108886719,
    0.30016466975212097,
    -1.711868166923523,
    -0.39127057790756226,
    0.7170594334602356,
    -1.2948861122131348,
    1.1811844110488892
  ],
  "CCCCCCCCCCO": [
    2.0102484226226807,
    0.6784348487854004,
    0.25173714756965637,
    -0.36239415407180786,
    -0.5559656620025635,
    -0.5252695679664612,
    1.4295616149902344,
    -0.5508739948272705,
    -0.6248406171798706,
    -0.938381552696228,
    0.5872642993927002,
    -1.8636332750320435,
    -0.5961108803749084,
    1.0304239988327026,
    -0.9729381799697876,
    1.0218167304992676
  ],
  "OCC": [
    2.1613681316375732,
    0.10129809379577637,
    0.22711336612701416,
    -0.0326291099190712,
    0.05991780012845993,
    -1.2193882465362549,
    1.0482503175735474,
    -0.3994573950767517,
    -0.05781179293990135,
    -1.490506887435913,
    0.4266020953655243,
    -1.3188118934631348,
    -0.20613180100917816,
    0.7171463370323181,
    -1.3824533224105835,
    1.3889487981796265
  ],
  "C1CCOC1": [
    2.0353281497955322,
    0.6364110708236694,
    0.27961739897727966,
    -0.1975371539592743,
    -0.6660625338554382,
    -0.465117484331131,
    1.514859676361084,
    -0.44072699546813965,
    -0.26590222120285034,
    -0.9457119107246399,
    0.42987585067749023,
    -1.975062370300293,
    -0.6392374634742737,
    0.7974505424499512,
    -1.0941423177719116,
    1.0143530368804932
  ],
  "[C@H]12CCC([C@H](OC1)O2)=O": [
    2.3051156997680664,
    0.07446260005235672,
    0.44169434905052185,
    -0.004673854447901249,
    0.1955910474061966,
    -1.109754204750061,
    0.8635228276252747,
    -0.5140900015830994,
    -0.15062087774276733,
    -1.392472743988037,
    0.30592888593673706,
    -1.5199800729751587,
    -0.2286556512117386,
    0.7086195349693298,
    -1.2663499116897583,
    1.3124719858169556
  ],
  "O=C(OCC)C": [
    2.0148723125457764,
    0.7693020701408386,
    0.2179567664861679,
    -0.16937075555324554,
    -0.7017265558242798,
    -0.569049596786499,
    1.5444366931915283,
    -0.40285322070121765,
    -0.2967156767845154,
    -0.9668725728988647,
    0.46452006697654724,
    -1.8870596885681152,
    -0.6361977458000183,
    0.7853038907051086,
    -1.1244003772735596,
    0.9777206778526306
  ],
  "CC(C)(C)OC": [
    1.8735411167144775,
    0.7474705576896667,
    0.004615883808583021,
    -0.371854305267334,
    -0.9970650672912598,
    -0.5519604086875916,
    1.728084683418274,
    -0.39136171340942383,
    -0.2398001253604889,
    -0.9522252082824707,
    0.5380312204360962,
    -1.7810155153274536,
    -0.6383326053619385,
    1.0221362113952637,
    -0.884050726890564,
    0.9170153737068176
  ],