{
  "CO": [
    1.991740107536316,
    -0.2694467008113861,
    0.06504839658737183,
    0.12607881426811218,
    0.119014210999012,
    -1.6407524347305298,
    0.7689656615257263,
    -0.35732778906822205,
    0.16008295118808746,
    -1.568504810333252,
    0.43813028931617737,
    -1.021475076675415,
    0.0684376209974289,
    0.8300197720527649,
    -1.257558822631836,
    1.5750432014465332
  ],
  "OCCO": [
    2.0068793296813965,
    -0.4444602131843567,
    0.16211533546447754,
    0.41090235114097595,
    0.6475360989570618,
    -1.6460788249969482,
    0.7222319841384888,
    -0.32161039113998413,
    -0.24420581758022308,
    -1.4299625158309937,
    0.2633492946624756,
    -1.1278117895126343,
    0.00010349019430577755,
    0.7253972887992859,
    -1.2233010530471802,
    1.5263887643814087
  ],
  "C(C(F)(F)F)(C(F)(F)F)O": [
    1.6651743650436401,
    -0.41190657019615173,
    0.021136915311217308,
    -0.1542046219110489,
    -0.09704560786485672,
    -1.8659294843673706,
    0.5393636226654053,
    -0.11125054210424423,
    0.17503832280635834,
    -1.8016499280929565,
    0.4491861164569855,
    -0.75364089012146,
    0.48302918672561646,
    0.8024870753288269,
    -0.7998404502868652,
    1.8838603496551514
  ],
  "O1C(C)CCC1": [
    2.0173227787017822,
    0.7467559576034546,
    0.2706887125968933,
    -0.11749293655157089,
    -0.6571609973907471,
    -0.5326114892959595,
    1.6190261840820312,
    -0.5136097073554993,
    -0.42747122049331665,
    -0.9421643614768982,
    0.2889089286327362,
    -1.8576194047927856,
    -0.6241482496261597,
    0.8232244253158569,
    -1.0726088285446167,
    1.0039470195770264
  ],
  "C1CCCCC1": [
    2.004899024963379,
    0.623742401599884,
    0.12637300789356232,
    -0.29471391439437866,
    -1.0595279932022095,
    -0.9583170413970947,
    1.4454115629196167,
    -0.15010309219360352,
    -0.2109382450580597,
    -0.8834210634231567,
    0.7374260425567627,
    -1.8721336126327515,
    -0.36865130066871643,
    0.8154556155204773,
    -0.9124976992607117,
    0.9786721467971802
  ],
  "CC(O)C": [
    2.1058928966522217,
    0.44051992893218994,
    0.24999962747097015,
    -0.023886732757091522,
    -0.15006931126117706,
    -1.0592085123062134,
    1.2769434452056885,
    -0.4875030219554901,
    -0.11917699128389359,
    -1.4678993225097656,
    0.31261304020881653,
    -1.516972303390503,
    -0.3165726661682129,
    0.7716999053955078,
    -1.2372664213180542,
    1.250940203666687
  ],
  "O.CC#N": [
    1.8750280141830444,
    -0.4893738329410553,
    0.03173181414604187,
    0.18904778361320496,
    0.19242744147777557,
    -1.8434677124023438,
    0.6343823075294495,
    -0.16116099059581757,
    -0.14209997653961182,
    -1.5489684343338013,
    0.5217540860176086,
    -1.032010793685913,
    0.2709583640098572,
    0.7399860620498657,
    -0.945418655872345,
    1.7307523488998413
  ],
  "CC#N": [
    2.220519781112671,
    0.23762457072734833,
    0.27628055214881897,
    0.0345892570912838,
    -0.12055337429046631,
    -1.1544275283813477,
    1.1140573024749756,
    -0.38489750027656555,
    0.05416801944375038,
    -1.448023796081543,
    0.38683512806892395,
    -1.4754891395568848,
    -0.2638402283191681,
    0.5708398818969727,
    -1.3186019659042358,
    1.2983338832855225
  ],
  "CC#N.CC(=O)O": [
    2.206007242202759,
    0.09399516135454178,
    0.23736858367919922,
    -0.007847611792385578,
    -0.0740586668252945,
    -1.2230721712112427,
    0.9546694159507751,
    -0.44064414501190186,
    0.21683727204799652,
    -1.5029969215393066,
    0.4420032203197479,
    -1.275547981262207,
    -0.2558229863643646,
    0.6789938807487488,
    -1.3947168588638306,
    1.3723785877227783
  ],
  "CCOCC": [
    1.8618528842926025,
    0.7349411845207214,
    0.11440977454185486,
    -0.24706880748271942,
    -0.9747695922851562,
    -0.49700653553009033,
    1.7632890939712524,
    -0.4607818126678467,
    -0.28793245553970337,
    -0.9595202803611755,
    0.2672271728515625,
    -1.8077932596206665,
    -0.6134213209152222,
    0.9263095259666443,
    -0.8850157856941223,
    1.0905554294586182
  ],
  "OCC(F)(F)F": [
    1.805999994277954,
    -0.2496151179075241,
    0.13763830065727234,
    -0.16816695034503937,
    -0.10227926075458527,
    -1.7944302558898926,
    0.7300602197647095,
    -0.30941033363342285,
    0.1416783332824707,
    -1.7433375120162964,
    0.534947395324707,
    -0.9256197810173035,
    0.34983959794044495,
    0.922058641910553,
    -0.9305770397186279,
    1.629388451576233
  ],
  "O.OCC(F)(F)F": [
    1.5934512615203857,
    -0.7879006862640381,
    -0.05881401151418686,
    0.1502164900302887,
    0.2853950560092926,
    -2.0255072116851807,
    0.43022066354751587,
    0.10265596210956573,
    -0.14318974316120148,
    -1.5469387769699097,
    0.39368119835853577,
    -0.7350351810455322,
    0.43261125683784485,
    0.8897088170051575,
    -0.8346625566482544,
    1.87684166431427
  ],
  "CN(C)C(C)=O": [
    2.1521835327148438,
    0.5509418249130249,
    0.46815404295921326,
    -0.09628301113843918,
    -0.10375730693340302,
    -0.8806771039962769,
    1.2158854007720947,
    -0.5077273845672607,
    -0.28954634070396423,
    -1.3452973365783691,
    0.31143179535865784,
    -1.7114883661270142,
    -0.41934171319007874,
    0.7497442364692688,
    -1.2035006284713745,
    1.1369315385818481
  ],
  "CCCCCCCCCCO": [
    2.0697810649871826,
    0.6957572102546692,
    0.20614983141422272,
    -0.3142518401145935,
    -0.5147377252578735,
    -0.5003287196159363,
    1.4725627899169922,
    -0.6129277348518372,
    -0.6687951683998108,
    -0.9391176700592041,
    0.46806901693344116,
    -1.814868450164795,
    -0.5975348353385925,
    1.0329478979110718,
    -0.9538335204124451,
    0.9955868124961853
  ],
  "OCC": [
    2.161989450454712,
    0.07984454929828644,
    0.19379542768001556,
    0.05327821522951126,
    0.1265837699174881,
    -1.257303237915039,
    1.0634182691574097,
    -0.43138688802719116,
    0.013418453745543957,
    -1.4994986057281494,
    0.3280905485153198,
    -1.2159626483917236,
    -0.25510066747665405,
    0.7255582213401794,
    -1.4357433319091797,
    1.3793190717697144
  ],
  "C1CCOC1": [
    2.0682101249694824,
    0.6404106020927429,
    0.31509658694267273,
    -0.16534215211868286,
    -0.6180914044380188,
    -0.5648541450500488,
    1.5549362897872925,
    -0.4297063946723938,
    -0.24979490041732788,
    -0.9548087120056152,
    0.37594330310821533,
    -1.9321033954620361,
    -0.630448579788208,
    0.7284705638885498,
    -1.1156262159347534,
    1.0018284320831299
  ],
  "[C@H]12CCC([C@H](OC1)O2)=O": [
    2.247567653656006,
    0.0588589683175087,
    0.44060665369033813,
    0.09207639843225479,
    0.23958078026771545,
    -1.2046146392822266,
    0.9300733804702759,
    -0.5021049380302429,
    -0.12986382842063904,
    -1.394868016242981,
    0.24564193189144135,
    -1.4640843868255615,
    -0.25373584032058716,
    0.6970785856246948,
    -1.2986347675323486,
    1.3238393068313599
  ],
  "O=C(OCC)C": [
    1.9519652128219604,
    0.8065879344940186,
    0.13240164518356323,
    -0.10830200463533401,
    -0.792249321937561,
    -0.5205983519554138,
    1.7002874612808228,
    -0.46882861852645874,
    -0.34035375714302063,
    -0.9705204963684082,
    0.39092278480529785,
    -1.8319913148880005,
    -0.67678302526474,
    0.8312665224075317,
    -1.0215930938720703,
    0.9439871311187744
  ],
  "CC(C)(C)OC": [
    1.713973879814148,
    0.8089345693588257,
    -0.11935990303754807,
    -0.2864532470703125,
    -1.1472619771957397,
    -0.5279732346534729,
    1.8311865329742432,
    -0.47705337405204773,
    -0.4918554723262787,
    -0.8070576190948486,
    0.5614961981773376,
    -1.7844812870025635,
    -0.6740356087684631,
    1.1897891759872437,
    -0.5929301977157593,
    0.8303104639053345
  ],