{
  "CO": [
    1.9698468446731567,
    -0.31384697556495667,
    0.033634450286626816,
    0.1250409483909607,
    0.24594947695732117,
    -1.686557412147522,
    0.573815107345581,
    -0.23079431056976318,
    0.18093080818653107,
    -1.5382134914398193,
    0.3638157844543457,
    -0.9295762777328491,
    0.08509273082017899,
    0.8383799195289612,
    -1.3476594686508179,
    1.6553361415863037
  ],
  "OCCO": [
    1.9833317995071411,
    -0.4727586805820465,
    0.1659671515226364,
    0.4438493847846985,
    0.6416124701499939,
    -1.6947455406188965,
    0.6850912570953369,
    -0.27185630798339844,
    -0.2328634411096573,
    -1.41118586063385,
    0.2607268989086151,
    -1.16294264793396,
    0.027635788545012474,
    0.7227541208267212,
    -1.1912992000579834,
    1.533348798751831
  ],
  "C(C(F)(F)F)(C(F)(F)F)O": [
    1.5443196296691895,
    -0.3005008101463318,
    0.1111106127500534,
    -0.23848314583301544,
    -0.5738471746444702,
    -1.6297959089279175,
    0.6999142169952393,
    -0.10291416198015213,
    0.23637236654758453,
    -2.061769962310791,
    0.6494061946868896,
    -0.8946821689605713,
    0.5804314613342285,
    0.6862719058990479,
    -0.4895068109035492,
    1.8072012662887573
  ],
  "O1C(C)CCC1": [
    2.1297764778137207,
    0.6538811922073364,
    0.3223230540752411,
    -0.21174591779708862,
    -0.5628136992454529,
    -0.6000694632530212,
    1.5358073711395264,
    -0.4455873370170593,
    -0.2629848122596741,
    -1.024005651473999,
    0.26066553592681885,
    -1.81778085231781,
    -0.5793322324752808,
    0.7551485896110535,
    -1.1556124687194824,
    1.0283071994781494
  ],
  "C1CCCCC1": [
    1.9774011373519897,
    0.6400782465934753,
    0.07536789029836655,
    -0.26083362102508545,
    -1.0414389371871948,
    -1.0209382772445679,
    1.491896152496338,
    -0.15771649777889252,
    -0.2182241529226303,
    -0.887994110584259,
    0.7446977496147156,
    -1.8656694889068604,
    -0.41210851073265076,
    0.8899111151695251,
    -0.8386775851249695,
    0.9084071516990662
  ],
  "CC(O)C": [
    2.1592857837677,
    0.42199990153312683,
    0.2806035280227661,
    0.0025819968432188034,
    -0.05413072183728218,
    -1.1074354648590088,
    1.1638927459716797,
    -0.47607240080833435,
    -0.1793237030506134,
    -1.454623818397522,
    0.39010411500930786,
    -1.4766831398010254,
    -0.35570675134658813,
    0.7127333283424377,
    -1.2656859159469604,
    1.2674201726913452
  ],
  "O.CC#N": [
    1.8229252099990845,
    -0.6148038506507874,
    0.03736262023448944,
    0.2506657838821411,
    0.3001652956008911,
    -1.8823648691177368,
    0.5392163395881653,
    -0.040260300040245056,
    -0.15623527765274048,
    -1.4584105014801025,
    0.4083646535873413,
    -1.024194598197937,
    0.2520616948604584,
    0.8020398020744324,
    -0.9933715462684631,
    1.7790448665618896
  ],
  "CC#N": [
    2.2152938842773438,
    0.23745378851890564,
    0.2564380168914795,
    0.05891648307442665,
    -0.11127319186925888,
    -1.0825610160827637,
    1.1329022645950317,
    -0.37383949756622314,
    0.051362305879592896,
    -1.4645994901657104,
    0.412002295255661,
    -1.5014904737472534,
    -0.29685351252555847,
    0.5674485564231873,
    -1.34577476978302,
    1.272016167640686
  ],
  "CC#N.CC(=O)O": [
    2.16405987739563,
    0.09747448563575745,
    0.2143460214138031,
    0.053260453045368195,
    -0.08887054026126862,
    -1.2138898372650146,
    1.0143522024154663,
    -0.423829585313797,
    0.17778123915195465,
    -1.5227992534637451,
    0.48855629563331604,
    -1.3751280307769775,
    -0.21444223821163177,
    0.6702612638473511,
    -1.3524137735366821,
    1.3388032913208008
  ],
  "CCOCC": [
    2.035900354385376,
    0.7390629053115845,
    0.1622677892446518,
    -0.25697946548461914,
    -0.7528491616249084,
    -0.6136801838874817,
    1.6434284448623657,
    -0.42278721928596497,
    -0.25816547870635986,
    -0.9924352765083313,
    0.3178645670413971,
    -1.7814351320266724,
    -0.6003189086914062,
    0.8184287548065186,
    -1.0495599508285522,
    1.037546157836914
  ],
  "OCC(F)(F)F": [
    1.749419927597046,
    -0.3254770040512085,
    0.08936033397912979,
    -0.12106195092201233,
    -0.09747371822595596,
    -1.8415262699127197,
    0.6627686619758606,
    -0.22175796329975128,
    0.16370059549808502,
    -1.744978666305542,
    0.5640961527824402,
    -0.9217348098754883,
    0.38231003284454346,
    0.9021297693252563,
    -0.8959769010543823,
    1.6827834844589233
  ],
  "O.OCC(F)(F)F": [
    1.662259578704834,
    -0.7490444183349609,
    -0.03938137739896774,
    0.18919232487678528,
    0.3228186368942261,
    -1.9971531629562378,
    0.37769198417663574,
    -0.015255261212587357,
    -0.18987901508808136,
    -1.4850094318389893,
    0.4603121876716614,
    -0.7336909174919128,
    0.3161214292049408,
    0.9154698848724365,
    -0.8968044519424438,
    1.8840599060058594
  ],
  "CN(C)C(C)=O": [
    2.181448221206665,
    0.5087430477142334,
    0.5286023020744324,
    -0.15617184340953827,
    -0.10894273966550827,
    -0.8964036703109741,
    1.2138844728469849,
    -0.5034701824188232,
    -0.2421405166387558,
    -1.2723720073699951,
    0.23623685538768768,
    -1.6965757608413696,
    -0.39878302812576294,
    0.7246028184890747,
    -1.2549161911010742,
    1.1633367538452148
  ],
  "CCCCCCCCCCO": [
    2.0035147666931152,
    0.6488703489303589,
    0.23823359608650208,
    -0.37348729372024536,
    -0.5689387917518616,
    -0.5217944383621216,
    1.489713430404663,
    -0.5780137777328491,
    -0.5819867253303528,
    -0.9719153642654419,
    0.47333717346191406,
    -1.8311326503753662,
    -0.5777114629745483,
    1.0564074516296387,
    -0.9490969777107239,
    1.068109393119812
  ],
  "OCC": [
    2.1000893115997314,
    0.10609976947307587,
    0.2851991355419159,
    -0.020714886486530304,
    0.014776568859815598,
    -1.257990837097168,
    1.1823323965072632,
    -0.41375458240509033,
    0.08758784830570221,
    -1.4997386932373047,
    0.2121729552745819,
    -1.3272948265075684,
    -0.20070673525333405,
    0.7229229807853699,
    -1.3494954109191895,
    1.3894485235214233
  ],
  "C1CCOC1": [
    2.117117166519165,
    0.6377424001693726,
    0.3066738247871399,
    -0.19206896424293518,
    -0.5394465923309326,
    -0.5855243802070618,
    1.514917016029358,
    -0.4164676368236542,
    -0.216765359044075,
    -0.9969162344932556,
    0.36630892753601074,
    -1.8993706703186035,
    -0.6186493039131165,
    0.7418762445449829,
    -1.1654095649719238,
    0.9712901711463928
  ],
  "[C@H]12CCC([C@H](OC1)O2)=O": [
    2.2452969551086426,
    0.04003918915987015,
    0.44979655742645264,
    0.05132371932268143,
    0.21074075996875763,
    -1.20094895362854,
    0.9592356085777283,
    -0.48497146368026733,
    -0.10016033798456192,
    -1.3753013610839844,
    0.18864233791828156,
    -1.4622446298599243,
    -0.22110001742839813,
    0.6643174886703491,
    -1.3069826364517212,
    1.3692359924316406
  ],
  "O=C(OCC)C": [
    2.0144686698913574,
    0.7874736189842224,
    0.19098040461540222,
    -0.09140792489051819,
    -0.6861994862556458,
    -0.5758609771728516,
    1.628064513206482,
    -0.42915409803390503,
    -0.3254815638065338,
    -0.9503729939460754,
    0.4115751087665558,
    -1.848322868347168,
    -0.6934167742729187,
    0.757016658782959,
    -1.1120728254318237,
    0.9482485055923462
  ],
  "CC(C)(C)OC": [
    1.834602952003479,
    0.8132020235061646,
    -0.012697866186499596,
    -0.26640111207962036,
    -1.0781617164611816,
    -0.6165328621864319,
    1.8180818557739258,
    -0.4205443859100342,
    -0.404326856136322,
    -0.847147524356842,
    0.4998365342617035,
    -1.7711204290390015,
    -0.6184527277946472,
    0.9815685749053955,
    -0.7849576473236084,
    0.899932861328125
  ],