{
  "CO": [
    1.8146005868911743,
    -0.2502560317516327,
    0.28501349687576294,
    -0.20039215683937073,
    -0.12400590628385544,
    -1.5520704984664917,
    0.8142101764678955,
    -0.16254711151123047,
    0.4978049695491791,
    -1.612860918045044,
    0.09029661118984222,
    -1.142160177230835,
    0.11739054322242737,
    0.8276374340057373,
    -1.1563414335250854,
    1.7780040502548218
  ],
  "OCCO": [
    1.9651618003845215,
    -0.4705004096031189,
    0.1383221298456192,
    0.45944100618362427,
    0.6330882906913757,
    -1.7027922868728638,
    0.6771049499511719,
    -0.24250319600105286,
    -0.23190055787563324,
    -1.4081838130950928,
    0.3289998769760132,
    -1.1909610033035278,
    -0.007506897207349539,
    0.7253130674362183,
    -1.1818512678146362,
    1.5337209701538086
  ],
  "C(C(F)(F)F)(C(F)(F)F)O": [
    1.5473105907440186,
    -0.28819432854652405,
    0.08663949370384216,
    -0.2611643970012665,
    -0.4475046694278717,
    -1.6551575660705566,
    0.5967851281166077,
    -0.058335889130830765,
    0.2572377920150757,
    -2.1195101737976074,
    0.716225266456604,
    -0.8701848983764648,
    0.514068603515625,
    0.7070157527923584,
    -0.4868306517601013,
    1.7846970558166504
  ],
  "O1C(C)CCC1": [
    1.9981391429901123,
    0.782953143119812,
    0.24006138741970062,
    -0.11376940459012985,
    -0.6625658869743347,
    -0.4895223081111908,
    1.609971284866333,
    -0.5277203321456909,
    -0.4630705714225769,
    -0.9474352598190308,
    0.36307236552238464,
    -1.872488260269165,
    -0.6529322862625122,
    0.8429150581359863,
    -1.0495160818099976,
    0.9655947089195251
  ],
  "C1CCCCC1": [
    1.9286789894104004,
    0.7185903787612915,
    -0.02639060467481613,
    -0.2667523920536041,
    -1.1708959341049194,
    -0.9459658265113831,
    1.5890960693359375,
    -0.2544729709625244,
    -0.30545783042907715,
    -0.7472215294837952,
    0.7265386581420898,
    -1.8351616859436035,
    -0.48577257990837097,
    0.9914976358413696,
    -0.7248866558074951,
    0.8320890069007874
  ],
  "CC(O)C": [
    2.151411533355713,
    0.4295879602432251,
    0.30061158537864685,
    -0.07655324786901474,
    -0.08805178105831146,
    -1.1333677768707275,
    1.1822364330291748,
    -0.48302802443504333,
    -0.14687718451023102,
    -1.4241447448730469,
    0.43826791644096375,
    -1.5099190473556519,
    -0.32816165685653687,
    0.6984418630599976,
    -1.2382596731185913,
    1.255218505859375
  ],
  "O.CC#N": [
    2.0581769943237305,
    -0.6727913022041321,
    -0.10682723671197891,
    0.14682899415493011,
    0.2520868480205536,
    -1.7430042028427124,
    0.2961849570274353,
    -0.03411080315709114,
    0.014753635972738266,
    -1.4046289920806885,
    0.4450588822364807,
    -0.9584514498710632,
    0.13788357377052307,
    0.8554739952087402,
    -1.031940221786499,
    1.7637889385223389
  ],
  "CC#N": [
    2.232473134994507,
    0.2459387183189392,
    0.25276970863342285,
    0.043773263692855835,
    -0.11918356269598007,
    -1.0968683958053589,
    1.117786169052124,
    -0.42426055669784546,
    0.062469884753227234,
    -1.4461685419082642,
    0.4481405019760132,
    -1.4977480173110962,
    -0.2777627110481262,
    0.5576528310775757,
    -1.3340176343917847,
    1.2608181238174438
  ],
  "CC#N.CC(=O)O": [
    2.1728131771087646,
    0.11020806431770325,
    0.20453228056430817,
    0.056712426245212555,
    -0.11395178735256195,
    -1.1790390014648438,
    1.0190387964248657,
    -0.419339656829834,
    0.21352243423461914,
    -1.515854835510254,
    0.5136480927467346,
    -1.394489049911499,
    -0.24272775650024414,
    0.6437631845474243,
    -1.365188479423523,
    1.3222063779830933
  ],
  "CCOCC": [
    2.0246050357818604,
    0.7485623359680176,
    0.12972907721996307,
    -0.2577194571495056,
    -0.7455787062644958,
    -0.5590012073516846,
    1.649176836013794,
    -0.4282654821872711,
    -0.24955487251281738,
    -0.9990843534469604,
    0.38341814279556274,
    -1.7999773025512695,
    -0.6471678018569946,
    0.8037828207015991,
    -1.0424141883850098,
    1.0144704580307007
  ],
  "OCC(F)(F)F": [
    1.7699732780456543,
    -0.2714438736438751,
    0.09018515795469284,
    -0.14104034006595612,
    -0.20116670429706573,
    -1.7943792343139648,
    0.7058160901069641,
    -0.16896291077136993,
    0.2375628650188446,
    -1.7789753675460815,
    0.4400526285171509,
    -0.9698073267936707,
    0.32424139976501465,
    0.8613541126251221,
    -0.816790759563446,
    1.7387475967407227
  ],
  "O.OCC(F)(F)F": [
    1.620845913887024,
    -0.755470871925354,
    -0.029167603701353073,
    0.1695306897163391,
    0.228775754570961,
    -2.047429084777832,
    0.4371020793914795,
    0.09019768983125687,
    -0.18989406526088715,
    -1.5210460424423218,
    0.45394954085350037,
    -0.7958947420120239,
    0.418428897857666,
    0.8715070486068726,
    -0.7903739809989929,
    1.8600229024887085
  ],
  "CN(C)C(C)=O": [
    2.1562252044677734,
    0.5419715642929077,
    0.4649556279182434,
    -0.11479752510786057,
    -0.1661052405834198,
    -0.8581245541572571,
    1.2526885271072388,
    -0.5187995433807373,
    -0.23959185183048248,
    -1.2852473258972168,
    0.2991807460784912,
    -1.728896141052246,
    -0.43280190229415894,
    0.7300477027893066,
    -1.222076654434204,
    1.1470839977264404
  ],
  "CCCCCCCCCCO": [
    2.0076212882995605,
    0.7060929536819458,
    0.2458452582359314,
    -0.32786449790000916,
    -0.5286818742752075,
    -0.5420926213264465,
    1.4539180994033813,
    -0.5411170721054077,
    -0.5689089894294739,
    -0.9884373545646667,
    0.6020398736000061,
    -1.8749525547027588,
    -0.6394034624099731,
    0.9809116125106812,
    -0.9566985964775085,
    0.9947303533554077
  ],
  "OCC": [
    2.1936702728271484,
    0.12215085327625275,
    0.2068035751581192,
    -0.0030332067981362343,
    0.07948204129934311,
    -1.2329175472259521,
    1.0573477745056152,
    -0.44559770822525024,
    0.02443810924887657,
    -1.491974115371704,
    0.36463847756385803,
    -1.2266309261322021,
    -0.2661539316177368,
    0.7077876329421997,
    -1.4233193397521973,
    1.3619403839111328
  ],
  "C1CCOC1": [
    2.0306835174560547,
    0.6718814969062805,
    0.22925640642642975,
    -0.15366356074810028,
    -0.664950430393219,
    -0.46850836277008057,
    1.604001522064209,
    -0.46999576687812805,
    -0.2353367656469345,
    -0.9620975255966187,
    0.4072881042957306,
    -1.9581775665283203,
    -0.6836241483688354,
    0.7722635269165039,
    -1.0459803342819214,
    0.9504348635673523
  ],
  "[C@H]12CCC([C@H](OC1)O2)=O": [
    2.29390811920166,
    0.11229727417230606,
    0.4240543246269226,
    0.04820224642753601,
    0.20373187959194183,
    -1.1464189291000366,
    0.9246319532394409,
    -0.531459629535675,
    -0.13019850850105286,
    -1.3972100019454956,
    0.29937389492988586,
    -1.4873563051223755,
    -0.28154924511909485,
    0.6865079402923584,
    -1.2758392095565796,
    1.2832387685775757
  ],
  "O=C(OCC)C": [
    1.9400538206100464,
    0.8044281601905823,
    0.12743596732616425,
    -0.1180175170302391,
    -0.827241063117981,
    -0.502056896686554,
    1.7132258415222168,
    -0.47357726097106934,
    -0.33583664894104004,
    -0.9203507304191589,
    0.39577940106391907,
    -1.8498175144195557,
    -0.6844432950019836,
    0.8372374773025513,
    -1.017414927482605,
    0.9351004362106323
  ],
  "CC(C)(C)OC": [
    1.7290927171707153,
    0.8191725611686707,
    -0.11717721819877625,
    -0.2754496932029724,
    -1.1288576126098633,
    -0.5154402256011963,
    1.8221142292022705,
    -0.4712228775024414,
    -0.4830750524997711,
    -0.8225328922271729,
    0.6189310550689697,
    -1.793033242225647,
    -0.681397557258606,
    1.1553699970245361,
    -0.6268864274024963,
    0.7966424822807312
  ],