{
  "CO": [
    1.9407958984375,
    -0.2962796986103058,
    0.031281452625989914,
    0.12497670203447342,
    0.19865871965885162,
    -1.7367898225784302,
    0.525475025177002,
    -0.32172098755836487,
    0.1952514946460724,
    -1.5402508974075317,
    0.4340212643146515,
    -0.8581078052520752,
    0.08391812443733215,
    0.8382290601730347,
    -1.2993279695510864,
    1.7021855115890503
  ],
  "OCCO": [
    1.9873013496398926,
    -0.46462032198905945,
    0.1488710343837738,
    0.45047318935394287,
    0.6178411245346069,
    -1.6596472263336182,
    0.6906736493110657,
    -0.26810920238494873,
    -0.2092542052268982,
    -1.4192485809326172,
    0.3127932548522949,
    -1.2009354829788208,
    -0.009082114323973656,
    0.7135307192802429,
    -1.199790596961975,
    1.5333263874053955
  ],
  "C(C(F)(F)F)(C(F)(F)F)O": [
    1.6679633855819702,
    -0.25695720314979553,
    -0.029681682586669922,
    -0.16647039353847504,
    -0.2418886423110962,
    -1.6854751110076904,
    0.3400224447250366,
    -0.008240211755037308,
    0.41993448138237,
    -2.0892887115478516,
    0.5484778881072998,
    -0.8778565526008606,
    0.4236510396003723,
    0.6565044522285461,
    -0.5396544933319092,
    1.8587238788604736
  ],
  "O1C(C)CCC1": [
    1.9814319610595703,
    0.7424834966659546,
    0.23230797052383423,
    -0.17304737865924835,
    -0.7197279930114746,
    -0.4767060875892639,
    1.646201729774475,
    -0.48680660128593445,
    -0.37988176941871643,
    -0.9291812181472778,
    0.31494686007499695,
    -1.8916422128677368,
    -0.6490671038627625,
    0.8059687614440918,
    -1.0310150384902954,
    1.0359337329864502
  ],
  "C1CCCCC1": [
    1.8926855325698853,
    0.7280823588371277,
    -0.023464735597372055,
    -0.23625491559505463,
    -1.1703649759292603,
    -0.8859460949897766,
    1.593209147453308,
    -0.24811871349811554,
    -0.2987646460533142,
    -0.7682610154151917,
    0.7768735289573669,
    -1.8573524951934814,
    -0.5276200771331787,
    0.9731696248054504,
    -0.7573172450065613,
    0.8317410349845886
  ],
  "CC(O)C": [
    2.164232015609741,
    0.4314849078655243,
    0.26997557282447815,
    -0.0056313639506697655,
    -0.08341876417398453,
    -1.073203444480896,
    1.1652380228042603,
    -0.46037784218788147,
    -0.16806454956531525,
    -1.4399652481079102,
    0.4422890543937683,
    -1.5144747495651245,
    -0.3758225440979004,
    0.6988927721977234,
    -1.2706685066223145,
    1.2457313537597656
  ],
  "O.CC#N": [
    1.849461555480957,
    -0.6381151676177979,
    0.024923648685216904,
    0.24855084717273712,
    0.2797255516052246,
    -1.8312608003616333,
    0.47940319776535034,
    -0.06130638346076012,
    -0.12740080058574677,
    -1.4344305992126465,
    0.44138941168785095,
    -0.9874588847160339,
    0.20296001434326172,
    0.7991146445274353,
    -1.0522834062576294,
    1.8254945278167725
  ],
  "CC#N": [
    2.218594551086426,
    0.23867590725421906,
    0.31377750635147095,
    -0.01636718586087227,
    -0.16701187193393707,
    -1.114388108253479,
    1.1172703504562378,
    -0.426476389169693,
    0.060141440480947495,
    -1.4108104705810547,
    0.411540687084198,
    -1.480691909790039,
    -0.2662617862224579,
    0.5550624132156372,
    -1.3344943523406982,
    1.325514554977417
  ],
  "CC#N.CC(=O)O": [
    2.1876630783081055,
    0.10876357555389404,
    0.2270391881465912,
    -0.004124523140490055,
    -0.11199666559696198,
    -1.208001971244812,
    0.9839662909507751,
    -0.41991084814071655,
    0.19306465983390808,
    -1.5159658193588257,
    0.5093333721160889,
    -1.353590488433838,
    -0.2358613759279251,
    0.6419281363487244,
    -1.3426471948623657,
    1.365018367767334
  ],
  "CCOCC": [
    1.9446196556091309,
    0.8049955368041992,
    0.1006428524851799,
    -0.16639606654644012,
    -0.7880575656890869,
    -0.5637996196746826,
    1.6809568405151367,
    -0.43203309178352356,
    -0.3930244445800781,
    -0.9535671472549438,
    0.46015340089797974,
    -1.836843729019165,
    -0.6814632415771484,
    0.7992005944252014,
    -0.968809962272644,
    1.0165637731552124
  ],
  "OCC(F)(F)F": [
    2.029618263244629,
    -0.1878398060798645,
    -0.01798124797642231,
    -0.16529197990894318,
    -0.019602864980697632,
    -1.6295068264007568,
    0.5502979755401611,
    -0.2715168595314026,
    0.3477816879749298,
    -1.8570244312286377,
    0.4692503809928894,
    -0.8151379823684692,
    0.20907163619995117,
    0.6934450268745422,
    -0.9763504266738892,
    1.6655852794647217
  ],
  "O.OCC(F)(F)F": [
    1.6545833349227905,
    -0.7188438177108765,
    -0.07113330066204071,
    0.18764269351959229,
    0.2267686426639557,
    -2.0182347297668457,
    0.5024969577789307,
    -0.07001253962516785,
    -0.18614690005779266,
    -1.5680105686187744,
    0.5562803149223328,
    -0.7326676249504089,
    0.4101107120513916,
    0.8248176574707031,
    -0.8099258542060852,
    1.833861231803894
  ],
  "CN(C)C(C)=O": [
    2.1478936672210693,
    0.5825205445289612,
    0.49206453561782837,
    -0.14202602207660675,
    -0.1704113930463791,
    -0.826084554195404,
    1.2123688459396362,
    -0.5016299486160278,
    -0.2763225734233856,
    -1.313934087753296,
    0.3587697148323059,
    -1.757096767425537,
    -0.4467436671257019,
    0.7251349091529846,
    -1.1909419298171997,
    1.1307460069656372
  ],
  "CCCCCCCCCCO": [
    2.0932960510253906,
    0.7008400559425354,
    0.19793149828910828,
    -0.4089934527873993,
    -0.5219741463661194,
    -0.43453189730644226,
    1.435642123222351,
    -0.5444441437721252,
    -0.5412425398826599,
    -0.9784709215164185,
    0.519119918346405,
    -1.8186571598052979,
    -0.6644597053527832,
    0.9924989938735962,
    -0.9965094327926636,
    0.9923714399337769
  ],
  "OCC": [
    2.171147108078003,
    0.09129442274570465,
    0.23069053888320923,
    -0.03723739832639694,
    0.06118060275912285,
    -1.2554433345794678,
    1.066375494003296,
    -0.41815876960754395,
    0.02750309742987156,
    -1.5044313669204712,
    0.3930251896381378,
    -1.2797162532806396,
    -0.217681422829628,
    0.7123833894729614,
    -1.3758702278137207,
    1.3625154495239258
  ],
  "C1CCOC1": [
    2.0560660362243652,
    0.6651419997215271,
    0.3059532642364502,
    -0.16022798418998718,
    -0.6432358026504517,
    -0.5260878801345825,
    1.5519006252288818,
    -0.43221205472946167,
    -0.27504482865333557,
    -0.9181069731712341,
    0.4466223418712616,
    -1.9567724466323853,
    -0.6648316383361816,
    0.6998134255409241,
    -1.108313798904419,
    0.9806089401245117
  ],
  "[C@H]12CCC([C@H](OC1)O2)=O": [
    2.236112356185913,
    0.05607093870639801,
    0.4349883794784546,
    0.07993888109922409,
    0.2166110873222351,
    -1.1789438724517822,
    0.9345220327377319,
    -0.47301340103149414,
    -0.11327248811721802,
    -1.388867735862732,
    0.3001585602760315,
    -1.4993082284927368,
    -0.27403339743614197,
    0.6540070176124573,
    -1.3077446222305298,
    1.3469666242599487
  ],
  "O=C(OCC)C": [
    1.9334726333618164,
    0.8228510022163391,
    0.1276811957359314,
    -0.08162686228752136,
    -0.7903595566749573,
    -0.4631129801273346,
    1.6828497648239136,
    -0.48265165090560913,
    -0.3485491871833801,
    -0.9497625827789307,
    0.475868821144104,
    -1.863012433052063,
    -0.7311791777610779,
    0.788438081741333,
    -1.0296415090560913,
    0.9318557977676392
  ],
  "CC(C)(C)OC": [
    1.897156000137329,
    0.785116970539093,
    0.053304046392440796,
    -0.2934250831604004,
    -1.0171427726745605,
    -0.6244757175445557,
    1.7944157123565674,
    -0.34262317419052124,
    -0.3282606899738312,
    -0.8610773682594299,
    0.5893399715423584,
    -1.809267282485962,
    -0.6383489966392517,
    0.8188800811767578,
    -0.8783604502677917,
    0.8793936371803284
  ],