{
  "CO": [
    1.9398365020751953,
    -0.3991410732269287,
    -0.0287361778318882,
    0.1451890766620636,
    0.36966362595558167,
    -1.3812482357025146,
    0.7533972263336182,
    -0.39933469891548157,
    -0.0026357166934758425,
    -1.5445899963378906,
    0.6407731175422668,
    -1.0889153480529785,
    0.16855160892009735,
    0.5944876670837402,
    -1.441003680229187,
    1.6804132461547852
  ],
  "OCCO": [
    1.9355629682540894,
    -0.5392715334892273,
    0.11342081427574158,
    0.3799038529396057,
    0.8162654638290405,
    -1.418408751487732,
    0.7736988067626953,
    -0.3901776671409607,
    -0.3556361198425293,
    -1.404213309288025,
    0.5451321005821228,
    -1.290980339050293,
    0.14034490287303925,
    0.5350123047828674,
    -1.3295261859893799,
    1.4966431856155396
  ],
  "C(C(F)(F)F)(C(F)(F)F)O": [
    1.438295841217041,
    -0.32544493675231934,
    0.008911490440368652,
    -0.21572905778884888,
    -0.2813699543476105,
    -1.6344325542449951,
    0.8061034083366394,
    -0.052474670112133026,
    0.22440290451049805,
    -2.021585702896118,
    0.7136538624763489,
    -1.0560309886932373,
    0.5879408717155457,
    0.6060931086540222,
    -0.636777400970459,
    1.8482375144958496
  ],
  "O1C(C)CCC1": [
    1.984150767326355,
    0.6079732179641724,
    0.22894072532653809,
    -0.1390986293554306,
    -0.4447839558124542,
    -0.5500953793525696,
    1.6060261726379395,
    -0.4949931502342224,
    -0.4510219395160675,
    -1.0429495573043823,
    0.43003252148628235,
    -1.981526494026184,
    -0.43258002400398254,
    0.7397615909576416,
    -1.0914185047149658,
    1.0421421527862549
  ],
  "C1CCCCC1": [
    1.5653867721557617,
    0.5531911253929138,
    -0.43854448199272156,
    -0.7117279171943665,
    -0.9866420030593872,
    -0.7704635262489319,
    1.3699098825454712,
    -0.400627464056015,
    -0.15828390419483185,
    -0.790428102016449,
    0.49864616990089417,
    -1.901570439338684,
    -0.6186336874961853,
    1.8370685577392578,
    0.09083174914121628,
    0.8775530457496643
  ],
  "CC(O)C": [
    2.071240186691284,
    0.274680495262146,
    0.22904285788536072,
    0.05706869438290596,
    0.17000991106033325,
    -0.9339134693145752,
    1.1686958074569702,
    -0.5280037522315979,
    -0.2471373826265335,
    -1.5170506238937378,
    0.5613058805465698,
    -1.6016180515289307,
    -0.2227298468351364,
    0.6003151535987854,
    -1.345083475112915,
    1.2736003398895264
  ],
  "O.CC#N": [
    1.7172112464904785,
    -0.7685304284095764,
    -0.019626587629318237,
    0.2167365401983261,
    0.43215250968933105,
    -1.7069472074508667,
    0.6660759449005127,
    -0.06953208893537521,
    -0.32506218552589417,
    -1.4107619524002075,
    0.6729381680488586,
    -1.1971524953842163,
    0.4599967896938324,
    0.6004380583763123,
    -1.0444053411483765,
    1.7818313837051392
  ],
  "CC#N": [
    2.0911953449249268,
    0.05330684781074524,
    0.17687563598155975,
    0.11606106162071228,
    0.11600454896688461,
    -0.9464500546455383,
    1.1530689001083374,
    -0.45011216402053833,
    -0.08367084711790085,
    -1.5219770669937134,
    0.5732588171958923,
    -1.6350243091583252,
    -0.03747911751270294,
    0.4414329528808594,
    -1.3721743822097778,
    1.3340119123458862
  ],
  "CC#N.CC(=O)O": [
    2.059572696685791,
    -0.09243862330913544,
    0.1567959189414978,
    0.049403078854084015,
    0.1342109590768814,
    -1.0474244356155396,
    1.0426851511001587,
    -0.4725445508956909,
    0.06515141576528549,
    -1.5675817728042603,
    0.637995719909668,
    -1.4506816864013672,
    -0.013472408056259155,
    0.5352158546447754,
    -1.4396984577178955,
    1.4113200902938843
  ],
  "CCOCC": [
    1.8444015979766846,
    0.6787993907928467,
    0.02713240310549736,
    -0.09534204006195068,
    -0.5475549101829529,
    -0.5838034152984619,
    1.7448387145996094,
    -0.44738245010375977,
    -0.5169086456298828,
    -1.0352730751037598,
    0.559175968170166,
    -1.9508005380630493,
    -0.547126293182373,
    0.8550732135772705,
    -0.9550979733467102,
    0.9830376505851746
  ],
  "OCC(F)(F)F": [
    1.9178215265274048,
    -0.3292699456214905,
    -0.0757928118109703,
    -0.10069683194160461,
    0.21427644789218903,
    -1.535666823387146,
    0.6381924748420715,
    -0.3367502689361572,
    0.10783044248819351,
    -1.8186577558517456,
    0.7001125812530518,
    -0.9284893870353699,
    0.3313409686088562,
    0.6252478957176208,
    -1.0912097692489624,
    1.6908413171768188
  ],
  "O.OCC(F)(F)F": [
    1.7001419067382812,
    -0.7405111193656921,
    -0.12561045587062836,
    0.0795181393623352,
    0.3514176309108734,
    -1.7310227155685425,
    0.7167782187461853,
    -0.22136518359184265,
    -0.2579355835914612,
    -1.6840894222259521,
    0.8267552852630615,
    -0.9164459109306335,
    0.5737206339836121,
    0.5648901462554932,
    -0.8553254008293152,
    1.728287935256958
  ],
  "CN(C)C(C)=O": [
    2.098201274871826,
    0.38137832283973694,
    0.465311199426651,
    -0.154913529753685,
    0.09473856538534164,
    -0.732036828994751,
    1.1780297756195068,
    -0.5252119898796082,
    -0.27239540219306946,
    -1.400640606880188,
    0.4559935927391052,
    -1.8317147493362427,
    -0.2882304787635803,
    0.6366110444068909,
    -1.269180178642273,
    1.17337965965271
  ],
  "CCCCCCCCCCO": [
    1.8930476903915405,
    0.6419492363929749,
    0.16028963029384613,
    -0.27324792742729187,
    -0.3476082980632782,
    -0.5014262199401855,
    1.546440601348877,
    -0.5858989953994751,
    -0.7165119647979736,
    -1.0076982975006104,
    0.6946388483047485,
    -1.9461010694503784,
    -0.5489200949668884,
    1.0314332246780396,
    -0.9491866230964661,
    0.9209604263305664
  ],
  "OCC": [
    2.054452896118164,
    -0.05139398202300072,
    0.17746788263320923,
    0.033089280128479004,
    0.2925209105014801,
    -1.1379585266113281,
    1.0646401643753052,
    -0.4787045419216156,
    -0.1434672623872757,
    -1.544216513633728,
    0.5659959316253662,
    -1.343382477760315,
    -0.03128376975655556,
    0.6060097813606262,
    -1.4632080793380737,
    1.4098173379898071
  ],
  "C1CCOC1": [
    1.8605918884277344,
    0.5370248556137085,
    0.15943676233291626,
    -0.044721782207489014,
    -0.5055001378059387,
    -0.3661176562309265,
    1.7021609544754028,
    -0.5129299163818359,
    -0.42877405881881714,
    -0.9958745837211609,
    0.5092535018920898,
    -2.078178644180298,
    -0.6009109020233154,
    0.8518651127815247,
    -1.027791142463684,
    0.9518147110939026
  ],
  "[C@H]12CCC([C@H](OC1)O2)=O": [
    2.1883840560913086,
    -0.019751422107219696,
    0.3621352016925812,
    0.13186229765415192,
    0.4292098581790924,
    -0.9900069236755371,
    0.8842495083808899,
    -0.5729851722717285,
    -0.28527358174324036,
    -1.4485093355178833,
    0.5070669054985046,
    -1.638958215713501,
    -0.08720508962869644,
    0.5620061755180359,
    -1.307721734046936,
    1.2928258180618286
  ],
  "O=C(OCC)C": [
    1.8115745782852173,
    0.6885095834732056,
    0.047170404344797134,
    -0.028572790324687958,
    -0.6103649735450745,
    -0.48233604431152344,
    1.7595449686050415,
    -0.49787062406539917,
    -0.47277411818504333,
    -1.008108377456665,
    0.5428118109703064,
    -1.9776630401611328,
    -0.5865883827209473,
    0.8755075931549072,
    -0.9893159866333008,
    0.9412612915039062
  ],
  "CC(C)(C)OC": [
    1.7852132320404053,
    0.6757190227508545,
    -0.017019079998135567,
    -0.21020883321762085,
    -0.8422200083732605,
    -0.6745892763137817,
    1.8771110773086548,
    -0.36828023195266724,
    -0.4756816625595093,
    -0.9214198589324951,
    0.6416932344436646,
    -1.932195782661438,
    -0.4841023087501526,
    0.8951916098594666,
    -0.7937261462211609,
    0.8595201373100281
  ],