{
  "CO": [
    2.0287959575653076,
    -0.36282819509506226,
    0.00020574990776367486,
    0.06955739110708237,
    0.3401298522949219,
    -1.525308609008789,
    0.5182740688323975,
    -0.3514827489852905,
    0.2438519299030304,
    -1.5558334589004517,
    0.42373958230018616,
    -0.9265689849853516,
    0.09355269372463226,
    0.7874799370765686,
    -1.417426586151123,
    1.6485161781311035
  ],
  "OCCO": [
    1.9978630542755127,
    -0.538923978805542,
    0.17232437431812286,
    0.30595362186431885,
    0.7845080494880676,
    -1.4928430318832397,
    0.6155762076377869,
    -0.33410772681236267,
    -0.18855774402618408,
    -1.3795465230941772,
    0.2925736606121063,
    -1.1429378986358643,
    0.05264715850353241,
    0.6533937454223633,
    -1.3845583200454712,
    1.6008901596069336
  ],
  "C(C(F)(F)F)(C(F)(F)F)O": [
    1.4233460426330566,
    -0.17724427580833435,
    -0.03349290043115616,
    -0.3303360044956207,
    -0.8343607187271118,
    -1.3913383483886719,
    1.006224274635315,
    -0.1278666853904724,
    0.34498330950737,
    -2.052583694458008,
    0.694823682308197,
    -1.0749679803848267,
    0.37340471148490906,
    1.0279830694198608,
    -0.4768405556678772,
    1.648467779159546
  ],
  "O1C(C)CCC1": [
    1.9798126220703125,
    0.660284161567688,
    0.24863970279693604,
    -0.15728962421417236,
    -0.5607832074165344,
    -0.5213462710380554,
    1.569858193397522,
    -0.4937836825847626,
    -0.40808892250061035,
    -0.9676513671875,
    0.38134050369262695,
    -1.9412943124771118,
    -0.5688502788543701,
    0.8212690353393555,
    -1.1033395528793335,
    1.0767699480056763
  ],
  "C1CCCCC1": [
    1.6578588485717773,
    0.6372284889221191,
    -0.27178695797920227,
    -0.6678182482719421,
    -1.081770658493042,
    -0.8375539779663086,
    1.3906633853912354,
    -0.35211408138275146,
    -0.22477413713932037,
    -0.8658480048179626,
    0.6144866347312927,
    -1.8218212127685547,
    -0.5329632759094238,
    1.6631135940551758,
    -0.24046404659748077,
    0.9531905651092529
  ],
  "CC(O)C": [
    2.0345335006713867,
    0.3662135899066925,
    0.2312311977148056,
    -0.013158444315195084,
    -0.07480403035879135,
    -0.940506637096405,
    1.2667993307113647,
    -0.4938322901725769,
    -0.18482515215873718,
    -1.4544000625610352,
    0.4694966971874237,
    -1.6569898128509521,
    -0.2839439809322357,
    0.7684447169303894,
    -1.2758077383041382,
    1.2598044872283936
  ],
  "O.CC#N": [
    1.741563320159912,
    -0.7332996129989624,
    0.04280981421470642,
    0.2090577632188797,
    0.37311336398124695,
    -1.7824329137802124,
    0.5885576605796814,
    -0.0385904535651207,
    -0.26050692796707153,
    -1.3822120428085327,
    0.5696971416473389,
    -1.1786152124404907,
    0.33258068561553955,
    0.745719313621521,
    -1.0210357904434204,
    1.8049557209014893
  ],
  "CC#N": [
    2.2041146755218506,
    0.13122102618217468,
    0.2857387065887451,
    -0.03494288772344589,
    0.007967294193804264,
    -0.9898406863212585,
    1.0759633779525757,
    -0.41692423820495605,
    0.023094037547707558,
    -1.4216426610946655,
    0.4379154443740845,
    -1.5185929536819458,
    -0.22402198612689972,
    0.5324464440345764,
    -1.4387751817703247,
    1.3616632223129272
  ],
  "CC#N.CC(=O)O": [
    2.1144752502441406,
    0.010287953540682793,
    0.21497969329357147,
    0.022064978256821632,
    -0.0171897504478693,
    -1.072920560836792,
    1.0109463930130005,
    -0.44452252984046936,
    0.12663763761520386,
    -1.5124989748001099,
    0.5946528315544128,
    -1.4578875303268433,
    -0.19288299977779388,
    0.6343879699707031,
    -1.4073967933654785,
    1.392566204071045
  ],
  "CCOCC": [
    1.8044209480285645,
    0.6531069874763489,
    0.03879273682832718,
    -0.25218507647514343,
    -0.8693179488182068,
    -0.421991229057312,
    1.7725483179092407,
    -0.5008465647697449,
    -0.3364626169204712,
    -0.9802740812301636,
    0.36443886160850525,
    -1.8943390846252441,
    -0.5987038612365723,
    0.9835698008537292,
    -0.8499057292938232,
    1.1047563552856445
  ],
  "OCC(F)(F)F": [
    1.9402567148208618,
    -0.29754868149757385,
    -0.02311054617166519,
    -0.14486970007419586,
    0.12402356415987015,
    -1.6314098834991455,
    0.5861168503761292,
    -0.27799883484840393,
    0.2237035036087036,
    -1.765270709991455,
    0.5553671717643738,
    -0.8719199299812317,
    0.2559307813644409,
    0.7584930062294006,
    -1.1069198846817017,
    1.6919208765029907
  ],
  "O.OCC(F)(F)F": [
    1.585334300994873,
    -0.8813617825508118,
    -0.07156932353973389,
    0.19289010763168335,
    0.4005787968635559,
    -1.9724000692367554,
    0.36123552918434143,
    0.06035352498292923,
    -0.24913184344768524,
    -1.4383556842803955,
    0.5682711005210876,
    -0.853874921798706,
    0.43984055519104004,
    0.8523547053337097,
    -0.8625754117965698,
    1.8802765607833862
  ],
  "CN(C)C(C)=O": [
    2.1594367027282715,
    0.4287354648113251,
    0.5020616054534912,
    -0.17579524219036102,
    0.022350691258907318,
    -0.7922968864440918,
    1.1402517557144165,
    -0.5078762173652649,
    -0.23840078711509705,
    -1.3049651384353638,
    0.35963645577430725,
    -1.7363539934158325,
    -0.38683509826660156,
    0.6754844188690186,
    -1.3380104303359985,
    1.208357572555542
  ],
  "CCCCCCCCCCO": [
    1.9766889810562134,
    0.6399933695793152,
    0.19415032863616943,
    -0.36687374114990234,
    -0.43121370673179626,
    -0.46563950181007385,
    1.4168486595153809,
    -0.5447525978088379,
    -0.6050770282745361,
    -1.0302205085754395,
    0.6630437970161438,
    -1.8739053010940552,
    -0.6126719117164612,
    1.0874680280685425,
    -1.011777400970459,
    0.9807012677192688
  ],
  "OCC": [
    2.1101162433624268,
    0.11755237728357315,
    0.22916701436042786,
    0.010742771439254284,
    0.09337508678436279,
    -1.0699039697647095,
    1.123373031616211,
    -0.47147029638290405,
    -0.059789638966321945,
    -1.5450001955032349,
    0.43133819103240967,
    -1.445586085319519,
    -0.19098417460918427,
    0.6817420125007629,
    -1.3608357906341553,
    1.3646352291107178
  ],
  "C1CCOC1": [
    1.9932893514633179,
    0.594195544719696,
    0.27178293466567993,
    -0.1386883407831192,
    -0.5162133574485779,
    -0.4719270169734955,
    1.5301960706710815,
    -0.456261545419693,
    -0.3344437777996063,
    -0.9403201937675476,
    0.4942660927772522,
    -2.0215299129486084,
    -0.6303500533103943,
    0.7551249861717224,
    -1.1463022232055664,
    1.031585454940796
  ],
  "[C@H]12CCC([C@H](OC1)O2)=O": [
    2.2119028568267822,
    -0.09241460263729095,
    0.3912244737148285,
    0.054164987057447433,
    0.39062848687171936,
    -1.1029411554336548,
    0.8507806062698364,
    -0.4814770221710205,
    -0.1433275192975998,
    -1.3546603918075562,
    0.34693968296051025,
    -1.4712811708450317,
    -0.1977684646844864,
    0.6413091421127319,
    -1.4391095638275146,
    1.410497784614563
  ],
  "O=C(OCC)C": [
    1.826702356338501,
    0.7026453018188477,
    0.06411407142877579,
    -0.1400955319404602,
    -0.7806351184844971,
    -0.3664872348308563,
    1.7400931119918823,
    -0.49002954363822937,
    -0.33171001076698303,
    -0.9526527523994446,
    0.41658127307891846,
    -1.9335812330245972,
    -0.6836914420127869,
    0.9432594776153564,
    -0.9958748817443848,
    0.9987227320671082
  ],
  "CC(C)(C)OC": [
    1.8585906028747559,
    0.7329856753349304,
    -0.0709017887711525,
    -0.2578476667404175,
    -0.8027225136756897,
    -0.5532152056694031,
    1.7614216804504395,
    -0.4388222396373749,
    -0.27888113260269165,
    -0.9388288855552673,
    0.6188280582427979,
    -1.8271749019622803,
    -0.6820052862167358,
    0.9897406101226807,
    -0.9687073826789856,
    0.8778082132339478
  ],