{
  "CO": [
    1.8764859437942505,
    -0.419048547744751,
    0.09251494705677032,
    0.09084071964025497,
    0.2177180051803589,
    -1.5468132495880127,
    0.7249957323074341,
    -0.27035826444625854,
    0.1789362132549286,
    -1.5299906730651855,
    0.4981781244277954,
    -1.1915149688720703,
    0.15887290239334106,
    0.7938607931137085,
    -1.3247162103652954,
    1.6635788679122925
  ],
  "OCCO": [
    1.958745002746582,
    -0.5039308071136475,
    0.2171124517917633,
    0.29583507776260376,
    0.7213140726089478,
    -1.5108238458633423,
    0.7099688649177551,
    -0.3415353000164032,
    -0.2213417887687683,
    -1.418731927871704,
    0.3501052260398865,
    -1.251297950744629,
    0.06941346824169159,
    0.6636717319488525,
    -1.2944282293319702,
    1.5701546669006348
  ],
  "C(C(F)(F)F)(C(F)(F)F)O": [
    1.2314151525497437,
    -0.3987593650817871,
    0.12102736532688141,
    -0.3284348249435425,
    -0.3961144685745239,
    -1.7021368741989136,
    0.6468838453292847,
    0.11182577908039093,
    0.435897558927536,
    -1.9652113914489746,
    0.3511435091495514,
    -1.032886266708374,
    0.5192687511444092,
    0.8380919098854065,
    -0.4605908691883087,
    2.042201280593872
  ],
  "O1C(C)CCC1": [
    1.895281434059143,
    0.6717672348022461,
    0.21244491636753082,
    -0.097377248108387,
    -0.5248314142227173,
    -0.49775153398513794,
    1.5571480989456177,
    -0.5452976822853088,
    -0.48441532254219055,
    -0.9930768013000488,
    0.47682374715805054,
    -1.9841619729995728,
    -0.5962072014808655,
    0.9159950017929077,
    -1.045226812362671,
    1.0538405179977417
  ],
  "C1CCCCC1": [
    1.9056967496871948,
    0.5741236209869385,
    0.10469808429479599,
    -0.2902231812477112,
    -0.9378035664558411,
    -0.9227068424224854,
    1.4246995449066162,
    -0.18012763559818268,
    -0.30271100997924805,
    -0.8823471069335938,
    0.8421280384063721,
    -1.9898600578308105,
    -0.34771275520324707,
    0.8902806639671326,
    -0.8875360488891602,
    1.0125112533569336
  ],
  "CC(O)C": [
    2.091151237487793,
    0.33290985226631165,
    0.2771308720111847,
    -0.05060212314128876,
    0.07477711141109467,
    -1.0009316205978394,
    1.1090211868286133,
    -0.4840775728225708,
    -0.20277942717075348,
    -1.4986721277236938,
    0.5393268465995789,
    -1.5642796754837036,
    -0.3025357127189636,
    0.7167414426803589,
    -1.3107815980911255,
    1.2904170751571655
  ],
  "O.CC#N": [
    1.7620733976364136,
    -0.7195926904678345,
    0.0076179648749530315,
    0.18691304326057434,
    0.353219211101532,
    -1.7713570594787598,
    0.5843518972396851,
    -0.09438863396644592,
    -0.2566737234592438,
    -1.4311182498931885,
    0.6503856778144836,
    -1.1412242650985718,
    0.33781132102012634,
    0.731826901435852,
    -0.9818999767303467,
    1.7930054664611816
  ],
  "CC#N": [
    2.1684587001800537,
    0.10086636245250702,
    0.27370375394821167,
    -0.014420206658542156,
    0.031144481152296066,
    -1.0066436529159546,
    1.041574478149414,
    -0.4107626676559448,
    0.01997244358062744,
    -1.478886365890503,
    0.5092366337776184,
    -1.5368314981460571,
    -0.20461629331111908,
    0.5686323046684265,
    -1.40364408493042,
    1.356811285018921
  ],
  "CC#N.CC(=O)O": [
    2.0666661262512207,
    -0.0018431367352604866,
    0.20024174451828003,
    0.036876361817121506,
    0.028675638139247894,
    -1.1082115173339844,
    0.9956099390983582,
    -0.43458399176597595,
    0.1062789335846901,
    -1.5426489114761353,
    0.5995022654533386,
    -1.4702545404434204,
    -0.14121013879776,
    0.6510642170906067,
    -1.3906397819519043,
    1.4191220998764038
  ],
  "CCOCC": [
    1.9069976806640625,
    0.676325261592865,
    0.10927065461874008,
    -0.20070229470729828,
    -0.5629652738571167,
    -0.6331120729446411,
    1.5966850519180298,
    -0.4448896646499634,
    -0.3877337872982025,
    -1.0689656734466553,
    0.561381459236145,
    -1.9172195196151733,
    -0.5580746531486511,
    0.8755620121955872,
    -1.0036797523498535,
    1.0678170919418335
  ],
  "OCC(F)(F)F": [
    1.8168929815292358,
    -0.2669675946235657,
    0.07578212022781372,
    -0.12689262628555298,
    -0.10819534212350845,
    -1.6058024168014526,
    0.8285245299339294,
    -0.3418722152709961,
    0.11224090307950974,
    -1.7683461904525757,
    0.6339080929756165,
    -1.0469802618026733,
    0.3347068727016449,
    0.8295905590057373,
    -1.000531554222107,
    1.6508947610855103
  ],
  "O.OCC(F)(F)F": [
    1.5200408697128296,
    -0.8617148995399475,
    -0.0838710218667984,
    0.12279503792524338,
    0.37411487102508545,
    -1.9591652154922485,
    0.48339393734931946,
    0.049476783722639084,
    -0.2301550656557083,
    -1.5388109683990479,
    0.5910308361053467,
    -0.8120579123497009,
    0.4993552565574646,
    0.8444280028343201,
    -0.853646993637085,
    1.8680187463760376
  ],
  "CN(C)C(C)=O": [
    2.141416072845459,
    0.4121130406856537,
    0.503579318523407,
    -0.1881646066904068,
    0.03991476818919182,
    -0.7967236638069153,
    1.1091887950897217,
    -0.5224394202232361,
    -0.22782546281814575,
    -1.335808277130127,
    0.4033334255218506,
    -1.7602049112319946,
    -0.3719053864479065,
    0.7203717231750488,
    -1.3065905570983887,
    1.1947412490844727
  ],
  "CCCCCCCCCCO": [
    1.9198561906814575,
    0.6294749975204468,
    0.22331036627292633,
    -0.3383883535861969,
    -0.3706746995449066,
    -0.5303675532341003,
    1.4165419340133667,
    -0.5958144664764404,
    -0.6411044001579285,
    -0.9934314489364624,
    0.6794307827949524,
    -1.908117651939392,
    -0.6062827706336975,
    1.090949296951294,
    -0.9873272776603699,
    1.0274032354354858
  ],
  "OCC": [
    2.107295274734497,
    0.011463755741715431,
    0.20693260431289673,
    -0.008797149173915386,
    0.2026970088481903,
    -1.1471443176269531,
    1.013510823249817,
    -0.4580022394657135,
    -0.04819558188319206,
    -1.5193361043930054,
    0.47865748405456543,
    -1.3245952129364014,
    -0.1835528016090393,
    0.7245073914527893,
    -1.4498662948608398,
    1.411474347114563
  ],
  "C1CCOC1": [
    1.8997828960418701,
    0.5806196331977844,
    0.2025097757577896,
    -0.10901618003845215,
    -0.5451351404190063,
    -0.41392219066619873,
    1.5847526788711548,
    -0.5192334055900574,
    -0.36500877141952515,
    -0.9684664607048035,
    0.4995851218700409,
    -2.028679370880127,
    -0.656678318977356,
    0.8905376195907593,
    -1.0722768306732178,
    1.0352972745895386
  ],
  "[C@H]12CCC([C@H](OC1)O2)=O": [
    2.1724586486816406,
    -0.03305791690945625,
    0.40344417095184326,
    0.08520232141017914,
    0.35061660408973694,
    -1.1011402606964111,
    0.853454053401947,
    -0.5102286338806152,
    -0.18156789243221283,
    -1.4121884107589722,
    0.44740980863571167,
    -1.6081722974777222,
    -0.18352575600147247,
    0.6760575175285339,
    -1.298435091972351,
    1.353284478187561
  ],
  "O=C(OCC)C": [
    1.874879002571106,
    0.7189999222755432,
    0.12408459186553955,
    -0.07788200676441193,
    -0.6332964301109314,
    -0.5075581669807434,
    1.60861074924469,
    -0.5123159885406494,
    -0.4124755561351776,
    -0.9972081780433655,
    0.5309121608734131,
    -1.929794192314148,
    -0.6488775610923767,
    0.9073918461799622,
    -1.051381230354309,
    1.021803617477417
  ],
  "CC(C)(C)OC": [
    1.6030055284500122,
    0.7122637629508972,
    -0.15447847545146942,
    -0.263191282749176,
    -0.9762395620346069,
    -0.5968239903450012,
    1.8194102048873901,
    -0.491616427898407,
    -0.43304455280303955,
    -0.9477505683898926,
    0.6220489740371704,
    -1.8453782796859741,
    -0.62929368019104,
    1.270313024520874,
    -0.5984786748886108,
    0.9299706816673279
  ],