{
  "CO": [
    1.9723103046417236,
    -0.286032497882843,
    0.033991239964962006,
    0.14661841094493866,
    0.17068736255168915,
    -1.6688737869262695,
    0.6811003684997559,
    -0.33814069628715515,
    0.11920938640832901,
    -1.494152307510376,
    0.4701707363128662,
    -0.9688529372215271,
    0.06411928683519363,
    0.7864587903022766,
    -1.3303790092468262,
    1.6641368865966797
  ],
  "OCCO": [
    2.012341022491455,
    -0.4583694040775299,
    0.13462501764297485,
    0.3680391013622284,
    0.6474902033805847,
    -1.6283055543899536,
    0.6189150214195251,
    -0.2789148986339569,
    -0.15383940935134888,
    -1.4273560047149658,
    0.26286405324935913,
    -1.0844767093658447,
    -0.013293744064867496,
    0.7130670547485352,
    -1.2866551876068115,
    1.5970772504806519
  ],
  "C(C(F)(F)F)(C(F)(F)F)O": [
    1.4969573020935059,
    -0.2950708866119385,
    0.07707095146179199,
    -0.15572339296340942,
    -0.39750343561172485,
    -1.8590171337127686,
    0.5854597687721252,
    -0.03310543671250343,
    0.2988319993019104,
    -1.9153748750686646,
    0.597309947013855,
    -0.9419384002685547,
    0.4787817895412445,
    0.7632125020027161,
    -0.5379638671875,
    1.8587323427200317
  ],
  "O1C(C)CCC1": [
    1.9942889213562012,
    0.7478501796722412,
    0.2552502751350403,
    -0.16065041720867157,
    -0.7265090346336365,
    -0.48406583070755005,
    1.6288717985153198,
    -0.4988969564437866,
    -0.39927759766578674,
    -0.9250468611717224,
    0.31307828426361084,
    -1.8751038312911987,
    -0.6324971318244934,
    0.8077059388160706,
    -1.0533781051635742,
    1.030218243598938
  ],
  "C1CCCCC1": [
    1.6902679204940796,
    0.7586690783500671,
    -0.20586428046226501,
    -0.4359799325466156,
    -1.2631922960281372,
    -0.8544621467590332,
    1.5072565078735352,
    -0.35524478554725647,
    -0.4010029733181,
    -0.7029542326927185,
    0.700249969959259,
    -1.7658791542053223,
    -0.6662001013755798,
    1.4679166078567505,
    -0.3316422402858734,
    0.8811740875244141
  ],
  "CC(O)C": [
    2.184330701828003,
    0.40406787395477295,
    0.343058317899704,
    -0.08220288902521133,
    -0.11509834229946136,
    -1.045318603515625,
    1.1638073921203613,
    -0.5020178556442261,
    -0.08794967830181122,
    -1.4214115142822266,
    0.3666902482509613,
    -1.4653868675231934,
    -0.36568164825439453,
    0.6807122826576233,
    -1.3156033754348755,
    1.2837393283843994
  ],
  "O.CC#N": [
    1.9509679079055786,
    -0.6354249119758606,
    -0.028929250314831734,
    0.2048889398574829,
    0.2599048316478729,
    -1.7941498756408691,
    0.3897489309310913,
    -0.07906389236450195,
    -0.0015747258439660072,
    -1.4614225625991821,
    0.40187618136405945,
    -0.9796624779701233,
    0.15267063677310944,
    0.7993593215942383,
    -0.9857911467552185,
    1.8249074220657349
  ],
  "CC#N": [
    2.236859083175659,
    0.23509174585342407,
    0.277606338262558,
    0.016625195741653442,
    -0.1034509614109993,
    -1.0357856750488281,
    1.0987051725387573,
    -0.4014899730682373,
    0.0768568366765976,
    -1.4383426904678345,
    0.4073184132575989,
    -1.4728577136993408,
    -0.33374664187431335,
    0.5606770515441895,
    -1.3958113193511963,
    1.2959483861923218
  ],
  "CC#N.CC(=O)O": [
    2.182826280593872,
    0.08905774354934692,
    0.21587960422039032,
    -0.004248966462910175,
    -0.09876424819231033,
    -1.2017760276794434,
    0.9923899173736572,
    -0.4275122582912445,
    0.19957025349140167,
    -1.5049183368682861,
    0.5020121932029724,
    -1.3354414701461792,
    -0.2348078191280365,
    0.6602852940559387,
    -1.3752177953720093,
    1.3652530908584595
  ],
  "CCOCC": [
    1.9628835916519165,
    0.7823562026023865,
    0.1768307089805603,
    -0.21958501636981964,
    -0.8255305886268616,
    -0.6516954302787781,
    1.671152949333191,
    -0.40449076890945435,
    -0.3640441298484802,
    -0.9245648384094238,
    0.4474019408226013,
    -1.86653470993042,
    -0.5776664018630981,
    0.7606719136238098,
    -0.9604527950286865,
    1.0157461166381836
  ],
  "OCC(F)(F)F": [
    1.8360017538070679,
    -0.23447902500629425,
    0.05872463062405586,
    -0.06221025064587593,
    -0.12863808870315552,
    -1.7634483575820923,
    0.736124575138092,
    -0.2642029821872711,
    0.09766371548175812,
    -1.749896764755249,
    0.6401476263999939,
    -0.9529419541358948,
    0.2786170542240143,
    0.87068772315979,
    -0.9562903642654419,
    1.6192498207092285
  ],
  "O.OCC(F)(F)F": [
    1.5718146562576294,
    -0.7716600894927979,
    -0.03472249582409859,
    0.04888976737856865,
    0.22698137164115906,
    -1.969059944152832,
    0.471360981464386,
    0.11691305786371231,
    -0.11711546033620834,
    -1.6366082429885864,
    0.47710615396499634,
    -0.8026581406593323,
    0.495708703994751,
    0.8639839291572571,
    -0.7836790084838867,
    1.863601565361023
  ],
  "CN(C)C(C)=O": [
    2.164109230041504,
    0.5278610587120056,
    0.5348836779594421,
    -0.16958507895469666,
    -0.17219749093055725,
    -0.8480818271636963,
    1.2115163803100586,
    -0.49468994140625,
    -0.22948822379112244,
    -1.2620538473129272,
    0.2813791036605835,
    -1.7355037927627563,
    -0.4287577271461487,
    0.702243447303772,
    -1.240440011024475,
    1.1822700500488281
  ],
  "CCCCCCCCCCO": [
    2.093940496444702,
    0.6867779493331909,
    0.22266550362110138,
    -0.4435810148715973,
    -0.5122364163398743,
    -0.4441818296909332,
    1.4234915971755981,
    -0.4985682964324951,
    -0.49785712361335754,
    -1.035652995109558,
    0.4915159046649933,
    -1.7896353006362915,
    -0.6497343182563782,
    0.9725498557090759,
    -1.0362319946289062,
    1.0391466617584229
  ],
  "OCC": [
    2.1174871921539307,
    0.10550739616155624,
    0.2575601041316986,
    0.01512590516358614,
    -0.009698611684143543,
    -1.204411268234253,
    1.1575219631195068,
    -0.424895703792572,
    0.10439654439687729,
    -1.517587423324585,
    0.28930267691612244,
    -1.3344045877456665,
    -0.2109902948141098,
    0.691619336605072,
    -1.383148193359375,
    1.3741436004638672
  ],
  "C1CCOC1": [
    1.972792625427246,
    0.6664125919342041,
    0.243589848279953,
    -0.13961519300937653,
    -0.7330471873283386,
    -0.39573535323143005,
    1.637745976448059,
    -0.4761139452457428,
    -0.3076530992984772,
    -0.899056077003479,
    0.4243753254413605,
    -1.971552848815918,
    -0.7246313095092773,
    0.8101791739463806,
    -1.0377455949783325,
    0.9515998363494873
  ],
  "[C@H]12CCC([C@H](OC1)O2)=O": [
    2.291682481765747,
    -0.02352968417108059,
    0.4119841456413269,
    -0.0065943393856287,
    0.25546884536743164,
    -1.1640994548797607,
    0.8610564470291138,
    -0.4768277704715729,
    -0.022589847445487976,
    -1.353007197380066,
    0.2950575649738312,
    -1.4153883457183838,
    -0.25003811717033386,
    0.6400123238563538,
    -1.3939749002456665,
    1.3738640546798706
  ],
  "O=C(OCC)C": [
    1.8912200927734375,
    0.75837641954422,
    0.12342387437820435,
    -0.16972616314888,
    -0.9102158546447754,
    -0.36830395460128784,
    1.7523912191390991,
    -0.46408841013908386,
    -0.21480141580104828,
    -0.931547999382019,
    0.35358020663261414,
    -1.8782769441604614,
    -0.7457656860351562,
    0.8786221146583557,
    -0.9779654145240784,
    0.9267682433128357
  ],
  "CC(C)(C)OC": [
    1.6766445636749268,
    0.810870885848999,
    -0.12577424943447113,
    -0.2963545620441437,
    -1.1773443222045898,
    -0.5009828209877014,
    1.824858546257019,
    -0.46854761242866516,
    -0.47580578923225403,
    -0.7892707586288452,
    0.6034289002418518,
    -1.8020786046981812,
    -0.7094170451164246,
    1.1823042631149292,
    -0.5733700394630432,
    0.8453273773193359
  ],