{
  "CO": [
    1.959136962890625,
    -0.31254303455352783,
    0.06351588666439056,
    0.054695192724466324,
    0.07662610709667206,
    -1.5765693187713623,
    0.8034632205963135,
    -0.2885676324367523,
    0.14752523601055145,
    -1.5513215065002441,
    0.5522919297218323,
    -1.1935956478118896,
    0.12934567034244537,
    0.7611122727394104,
    -1.213460922241211,
    1.6070160865783691
  ],
  "OCCO": [
    2.0640408992767334,
    -0.474828839302063,
    0.1817660629749298,
    0.3401424288749695,
    0.6560108661651611,
    -1.5948930978775024,
    0.6697389483451843,
    -0.35497066378593445,
    -0.2859084904193878,
    -1.373961091041565,
    0.38217103481292725,
    -1.2138923406600952,
    0.04267600178718567,
    0.6811399459838867,
    -1.2105294466018677,
    1.5100980997085571
  ],
  "C(C(F)(F)F)(C(F)(F)F)O": [
    1.4914655685424805,
    -0.3560214936733246,
    0.1106717586517334,
    -0.3171849548816681,
    -0.48272576928138733,
    -1.626899242401123,
    0.7014485597610474,
    -0.07237609475851059,
    0.26447010040283203,
    -2.004141330718994,
    0.770115077495575,
    -0.9950749278068542,
    0.5405248999595642,
    0.7959318161010742,
    -0.5720018148422241,
    1.7698739767074585
  ],
  "O1C(C)CCC1": [
    2.08300518989563,
    0.6719603538513184,
    0.31504350900650024,
    -0.22009815275669098,
    -0.5687113404273987,
    -0.5622294545173645,
    1.5174751281738281,
    -0.4387570321559906,
    -0.3342537581920624,
    -0.9961666464805603,
    0.3769676387310028,
    -1.8840751647949219,
    -0.5540860891342163,
    0.748071551322937,
    -1.1599476337432861,
    1.0243936777114868
  ],
  "C1CCCCC1": [
    1.681766152381897,
    0.7264071702957153,
    -0.2220260351896286,
    -0.5656752586364746,
    -1.1554023027420044,
    -0.8703470230102539,
    1.4904096126556396,
    -0.3321666419506073,
    -0.3299097716808319,
    -0.8367049098014832,
    0.7040635943412781,
    -1.7694125175476074,
    -0.5600875616073608,
    1.5176814794540405,
    -0.3522644340991974,
    0.8954101204872131
  ],
  "CC(O)C": [
    2.0585832595825195,
    0.3564046621322632,
    0.29815101623535156,
    -0.04953475669026375,
    -0.18291963636875153,
    -1.0069667100906372,
    1.3010756969451904,
    -0.45270317792892456,
    -0.08396277576684952,
    -1.399803638458252,
    0.3509589433670044,
    -1.6136823892593384,
    -0.2645382285118103,
    0.7238792181015015,
    -1.3068914413452148,
    1.2931978702545166
  ],
  "O.CC#N": [
    1.8274712562561035,
    -0.6935322284698486,
    0.02822449430823326,
    0.2728675305843353,
    0.2999655306339264,
    -1.8028043508529663,
    0.5478373765945435,
    0.02609756402671337,
    -0.24739672243595123,
    -1.411189079284668,
    0.5159639120101929,
    -1.1311794519424438,
    0.2886618375778198,
    0.729888916015625,
    -1.0128726959228516,
    1.7762304544448853
  ],
  "CC#N": [
    2.2149500846862793,
    0.18927821516990662,
    0.2745104134082794,
    -0.0045799510553479195,
    -0.08442416787147522,
    -1.029248833656311,
    1.1081655025482178,
    -0.3996257483959198,
    0.022101091220974922,
    -1.4411836862564087,
    0.463373601436615,
    -1.535516381263733,
    -0.22192291915416718,
    0.5308604836463928,
    -1.3747621774673462,
    1.307230830192566
  ],
  "CC#N.CC(=O)O": [
    2.2161786556243896,
    0.051502443850040436,
    0.23971807956695557,
    -0.04552658647298813,
    -0.08841748535633087,
    -1.1311814785003662,
    0.9784538149833679,
    -0.4357684254646301,
    0.17245237529277802,
    -1.4729115962982178,
    0.51211017370224,
    -1.3805181980133057,
    -0.18239367008209229,
    0.626865029335022,
    -1.404317855834961,
    1.3630291223526
  ],
  "CCOCC": [
    1.882103681564331,
    0.7939018607139587,
    0.06510715186595917,
    -0.15543968975543976,
    -0.8621066212654114,
    -0.49706825613975525,
    1.6873414516448975,
    -0.49546149373054504,
    -0.5079188942909241,
    -0.9094206094741821,
    0.5373098254203796,
    -1.882690668106079,
    -0.6211965084075928,
    0.9154421091079712,
    -0.8917256593704224,
    0.9607715010643005
  ],
  "OCC(F)(F)F": [
    1.9489476680755615,
    -0.2961049973964691,
    0.01660935953259468,
    -0.1640550196170807,
    0.04278774559497833,
    -1.644249677658081,
    0.5721030235290527,
    -0.2462935447692871,
    0.17465616762638092,
    -1.7929768562316895,
    0.5928636789321899,
    -0.8710178732872009,
    0.29095733165740967,
    0.7312839031219482,
    -1.0327532291412354,
    1.6963779926300049
  ],
  "O.OCC(F)(F)F": [
    1.7444862127304077,
    -0.7956268787384033,
    -0.19894497096538544,
    0.12531603872776031,
    0.35687264800071716,
    -1.9597896337509155,
    0.28326696157455444,
    0.05428946018218994,
    -0.12187079340219498,
    -1.4470953941345215,
    0.4633261263370514,
    -0.7404903173446655,
    0.328339159488678,
    0.9263352751731873,
    -0.87604820728302,
    1.8726922273635864
  ],
  "CN(C)C(C)=O": [
    2.1886327266693115,
    0.4486159086227417,
    0.5088178515434265,
    -0.2170763611793518,
    -0.07702748477458954,
    -0.7944202423095703,
    1.1461725234985352,
    -0.4765018820762634,
    -0.19663208723068237,
    -1.3118380308151245,
    0.3554208278656006,
    -1.7304887771606445,
    -0.39555880427360535,
    0.6897364854812622,
    -1.3014496564865112,
    1.1827424764633179
  ],
  "CCCCCCCCCCO": [
    2.1102566719055176,
    0.6008546352386475,
    0.22716419398784637,
    -0.5337074398994446,
    -0.5456305742263794,
    -0.34736737608909607,
    1.4088648557662964,
    -0.5150368809700012,
    -0.5395117402076721,
    -0.919506847858429,
    0.4765999913215637,
    -1.815086841583252,
    -0.601550281047821,
    0.9791300296783447,
    -1.0621989965438843,
    1.0932062864303589
  ],
  "OCC": [
    2.1738548278808594,
    0.10745681822299957,
    0.26805371046066284,
    -0.05744343250989914,
    0.05639301985502243,
    -1.1858364343643188,
    1.064569354057312,
    -0.46035656332969666,
    -0.05531832575798035,
    -1.4820245504379272,
    0.43693697452545166,
    -1.3186091184616089,
    -0.18130259215831757,
    0.6817124485969543,
    -1.3985474109649658,
    1.3721691370010376
  ],
  "C1CCOC1": [
    2.0778119564056396,
    0.5983896255493164,
    0.3040143549442291,
    -0.2244579792022705,
    -0.5572909712791443,
    -0.5276644825935364,
    1.505469799041748,
    -0.40347471833229065,
    -0.23568397760391235,
    -0.9880121350288391,
    0.46690019965171814,
    -1.9502958059310913,
    -0.5825741291046143,
    0.7325005531311035,
    -1.1824179887771606,
    0.9849058985710144
  ],
  "[C@H]12CCC([C@H](OC1)O2)=O": [
    2.27880859375,
    0.03938242793083191,
    0.43912267684936523,
    0.05390148609876633,
    0.2662230432033539,
    -1.129971981048584,
    0.8508116006851196,
    -0.4678272604942322,
    -0.18737652897834778,
    -1.3644458055496216,
    0.36737746000289917,
    -1.5715044736862183,
    -0.21407712996006012,
    0.6536651253700256,
    -1.2994740009307861,
    1.3036543130874634
  ],
  "O=C(OCC)C": [
    2.049020290374756,
    0.7258763909339905,
    0.1935044825077057,
    -0.12532256543636322,
    -0.6172179579734802,
    -0.5587880611419678,
    1.568802833557129,
    -0.40288102626800537,
    -0.26435142755508423,
    -0.963843584060669,
    0.4814315736293793,
    -1.8660780191421509,
    -0.6440787315368652,
    0.7390035390853882,
    -1.2256907224655151,
    0.9300175309181213
  ],
  "CC(C)(C)OC": [
    1.8743541240692139,
    0.7402554154396057,
    0.04260618984699249,
    -0.31669387221336365,
    -1.00840425491333,
    -0.6544824838638306,
    1.7786989212036133,
    -0.35555967688560486,
    -0.36063501238822937,
    -0.8794264793395996,
    0.6178115010261536,
    -1.8323994874954224,
    -0.5457663536071777,
    0.8745569586753845,
    -0.8562037944793701,
    0.9022687673568726
  ],