{
  "CO": [
    2.0021471977233887,
    -0.28284335136413574,
    0.05061720311641693,
    0.04059627652168274,
    0.17876924574375153,
    -1.7004797458648682,
    0.6080878973007202,
    -0.3811478614807129,
    0.16447685658931732,
    -1.549659252166748,
    0.45430976152420044,
    -0.8791189193725586,
    0.13563145697116852,
    0.7747257351875305,
    -1.2651915550231934,
    1.66925048828125
  ],
  "OCCO": [
    1.9833823442459106,
    -0.4925999343395233,
    0.13728579878807068,
    0.344985693693161,
    0.6872119307518005,
    -1.6413222551345825,
    0.5932619571685791,
    -0.22956757247447968,
    -0.2296736091375351,
    -1.4035700559616089,
    0.2891782224178314,
    -1.137338638305664,
    0.042214103043079376,
    0.7195411920547485,
    -1.2529141902923584,
    1.6092652082443237
  ],
  "C(C(F)(F)F)(C(F)(F)F)O": [
    1.5375977754592896,
    -0.25861620903015137,
    0.026125123724341393,
    -0.2608700096607208,
    -0.5527011156082153,
    -1.6607075929641724,
    0.7443128824234009,
    -0.070616714656353,
    0.29924628138542175,
    -1.9885790348052979,
    0.5283688902854919,
    -0.9857759475708008,
    0.5569592118263245,
    0.8731639385223389,
    -0.5346099734306335,
    1.767115592956543
  ],
  "O1C(C)CCC1": [
    2.07686710357666,
    0.6679941415786743,
    0.3332625925540924,
    -0.22851651906967163,
    -0.5800781846046448,
    -0.6145855188369751,
    1.4878568649291992,
    -0.41952064633369446,
    -0.32500994205474854,
    -1.0012478828430176,
    0.341203898191452,
    -1.88961923122406,
    -0.5310789942741394,
    0.7846500873565674,
    -1.137435793876648,
    1.0547564029693604
  ],
  "C1CCCCC1": [
    1.921335220336914,
    0.6281592845916748,
    -0.005880700424313545,
    -0.272835373878479,
    -1.1563411951065063,
    -0.9351944923400879,
    1.5531905889511108,
    -0.24077387154102325,
    -0.25283846259117126,
    -0.7857033014297485,
    0.6956161260604858,
    -1.8598518371582031,
    -0.44733843207359314,
    1.0231406688690186,
    -0.7621346116065979,
    0.9170777201652527
  ],
  "CC(O)C": [
    2.196678876876831,
    0.321901798248291,
    0.34013891220092773,
    -0.13727086782455444,
    -0.060919854789972305,
    -1.0650664567947388,
    1.025811791419983,
    -0.4621291756629944,
    -0.03801456093788147,
    -1.474355936050415,
    0.426895409822464,
    -1.4765546321868896,
    -0.31009313464164734,
    0.7610817551612854,
    -1.3095651865005493,
    1.2838565111160278
  ],
  "O.CC#N": [
    1.8184870481491089,
    -0.6286518573760986,
    0.02523750066757202,
    0.15620176494121552,
    0.3157382309436798,
    -1.8465399742126465,
    0.5271775126457214,
    -0.04158244654536247,
    -0.1991501897573471,
    -1.4303672313690186,
    0.4899626672267914,
    -1.0422433614730835,
    0.3036666512489319,
    0.7811259031295776,
    -1.0176608562469482,
    1.8046385049819946
  ],
  "CC#N": [
    2.169734477996826,
    0.15914852917194366,
    0.3071356415748596,
    0.01677432283759117,
    -0.09190768003463745,
    -1.1151375770568848,
    1.036651372909546,
    -0.3017504811286926,
    0.03810654580593109,
    -1.4279730319976807,
    0.42888161540031433,
    -1.555219292640686,
    -0.22793684899806976,
    0.5817662477493286,
    -1.3706923723220825,
    1.3718370199203491
  ],
  "CC#N.CC(=O)O": [
    2.165604829788208,
    0.04716464504599571,
    0.24350744485855103,
    -0.05094704031944275,
    -0.08443619310855865,
    -1.217533826828003,
    0.9397450685501099,
    -0.38939088582992554,
    0.192927286028862,
    -1.4949865341186523,
    0.4854806065559387,
    -1.3583319187164307,
    -0.15854708850383759,
    0.6773374676704407,
    -1.3856730461120605,
    1.4086685180664062
  ],
  "CCOCC": [
    1.966663122177124,
    0.7635571360588074,
    0.16677027940750122,
    -0.23468610644340515,
    -0.7897830605506897,
    -0.6482929587364197,
    1.5911104679107666,
    -0.40393146872520447,
    -0.4195753037929535,
    -0.9445044994354248,
    0.5020986199378967,
    -1.906596302986145,
    -0.5302424430847168,
    0.8449373245239258,
    -0.9463256001472473,
    1.0082943439483643
  ],
  "OCC(F)(F)F": [
    1.8027209043502808,
    -0.2851558327674866,
    0.11898701637983322,
    -0.18757420778274536,
    -0.1013457328081131,
    -1.7437912225723267,
    0.693743884563446,
    -0.2601931393146515,
    0.07137791067361832,
    -1.7380505800247192,
    0.6765738129615784,
    -0.9758661389350891,
    0.3569900095462799,
    0.8883804082870483,
    -0.9418582320213318,
    1.6463159322738647
  ],
  "O.OCC(F)(F)F": [
    1.5335330963134766,
    -0.809813380241394,
    -0.002804105170071125,
    0.02169157564640045,
    0.24322280287742615,
    -2.014446258544922,
    0.45978236198425293,
    0.13975968956947327,
    -0.1640545129776001,
    -1.5561184883117676,
    0.4513680338859558,
    -0.8204393982887268,
    0.528056263923645,
    0.8780761957168579,
    -0.7599578499794006,
    1.889587163925171
  ],
  "CN(C)C(C)=O": [
    2.204094409942627,
    0.45742398500442505,
    0.5225127339363098,
    -0.21390986442565918,
    -0.08095769584178925,
    -0.869158148765564,
    1.1146090030670166,
    -0.4712534248828888,
    -0.21493792533874512,
    -1.287603497505188,
    0.31889617443084717,
    -1.722915530204773,
    -0.35669806599617004,
    0.7048366665840149,
    -1.2797714471817017,
    1.195008635520935
  ],
  "CCCCCCCCCCO": [
    2.000201940536499,
    0.6831576228141785,
    0.2152266502380371,
    -0.33470600843429565,
    -0.5425223112106323,
    -0.5100501775741577,
    1.4418505430221558,
    -0.5609719753265381,
    -0.6589244604110718,
    -0.9435272812843323,
    0.5742353796958923,
    -1.858436107635498,
    -0.5825768113136292,
    1.0629578828811646,
    -0.976921796798706,
    1.0101171731948853
  ],
  "OCC": [
    2.153172254562378,
    0.07276259362697601,
    0.25184494256973267,
    -0.03634316474199295,
    0.05941193550825119,
    -1.2832510471343994,
    0.9893909692764282,
    -0.40046149492263794,
    -0.0637960433959961,
    -1.4795689582824707,
    0.43735212087631226,
    -1.3040851354599,
    -0.15646371245384216,
    0.7417157292366028,
    -1.3695310354232788,
    1.4103295803070068
  ],
  "C1CCOC1": [
    2.0165650844573975,
    0.6191589832305908,
    0.32729020714759827,
    -0.18572376668453217,
    -0.6560173034667969,
    -0.5507659316062927,
    1.5030640363693237,
    -0.4030472934246063,
    -0.30364900827407837,
    -0.921154797077179,
    0.4694574177265167,
    -1.9984631538391113,
    -0.5843265652656555,
    0.7586665153503418,
    -1.1119886636734009,
    1.0382710695266724
  ],
  "[C@H]12CCC([C@H](OC1)O2)=O": [
    2.2348074913024902,
    0.030024737119674683,
    0.4699275493621826,
    -0.0037290495820343494,
    0.21084213256835938,
    -1.175135850906372,
    0.859165608882904,
    -0.463423490524292,
    -0.15848085284233093,
    -1.3983712196350098,
    0.33737942576408386,
    -1.537061095237732,
    -0.1890638768672943,
    0.7240726947784424,
    -1.2680954933166504,
    1.3473014831542969
  ],
  "O=C(OCC)C": [
    2.021498918533325,
    0.7274293303489685,
    0.19155944883823395,
    -0.13376423716545105,
    -0.6543140411376953,
    -0.5516144037246704,
    1.5389533042907715,
    -0.40091291069984436,
    -0.26225346326828003,
    -0.9802221059799194,
    0.4716565012931824,
    -1.880475640296936,
    -0.6539952158927917,
    0.7949060797691345,
    -1.183673620223999,
    0.9750412702560425
  ],
  "CC(C)(C)OC": [
    1.8881192207336426,
    0.7410075664520264,
    0.08726581186056137,
    -0.32815390825271606,
    -1.021632194519043,
    -0.6844371557235718,
    1.7323302030563354,
    -0.33248430490493774,
    -0.37556231021881104,
    -0.859376847743988,
    0.6018614172935486,
    -1.8583652973175049,
    -0.528520405292511,
    0.8846144080162048,
    -0.8390321135520935,
    0.9135178923606873
  ],