{
  "CO": [
    1.8537003993988037,
    -0.3100597858428955,
    0.1281002014875412,
    0.010956218466162682,
    0.12102342396974564,
    -1.7163217067718506,
    0.7373359203338623,
    -0.1692328304052353,
    0.291756272315979,
    -1.5437891483306885,
    0.2933853566646576,
    -1.1137996912002563,
    0.13669045269489288,
    0.8546255230903625,
    -1.2270197868347168,
    1.6786651611328125
  ],
  "OCCO": [
    1.9761028289794922,
    -0.4618231952190399,
    0.1586534082889557,
    0.4143608808517456,
    0.6777992844581604,
    -1.666685938835144,
    0.6489331722259521,
    -0.2731606066226959,
    -0.21789918839931488,
    -1.4243255853652954,
    0.22754791378974915,
    -1.0957624912261963,
    0.00879674218595028,
    0.7120168209075928,
    -1.2468996047973633,
    1.5885192155838013
  ],
  "C(C(F)(F)F)(C(F)(F)F)O": [
    1.4135067462921143,
    -0.347599595785141,
    0.09770288318395615,
    -0.2265431433916092,
    -0.4004925489425659,
    -1.8032969236373901,
    0.6421583294868469,
    -0.05212412402033806,
    0.28297922015190125,
    -1.9343397617340088,
    0.6249632239341736,
    -0.9188681840896606,
    0.521809458732605,
    0.7730599045753479,
    -0.5538502931594849,
    1.903415322303772
  ],
  "O1C(C)CCC1": [
    1.9763704538345337,
    0.7307537794113159,
    0.2606566250324249,
    -0.13360847532749176,
    -0.6463217735290527,
    -0.5429375767707825,
    1.6366480588912964,
    -0.498976469039917,
    -0.4126003384590149,
    -0.9537307024002075,
    0.3036428987979889,
    -1.8812131881713867,
    -0.6316571235656738,
    0.8576669692993164,
    -1.0525484085083008,
    1.0131993293762207
  ],
  "C1CCCCC1": [
    1.99973726272583,
    0.6219556927680969,
    0.1255396455526352,
    -0.2953220307826996,
    -1.0516389608383179,
    -0.9822996258735657,
    1.464637041091919,
    -0.15041017532348633,
    -0.20523791015148163,
    -0.8785526156425476,
    0.7363163232803345,
    -1.8677958250045776,
    -0.3832533657550812,
    0.8262892365455627,
    -0.8978890776634216,
    0.9604239463806152
  ],
  "CC(O)C": [
    2.0680415630340576,
    0.38564953207969666,
    0.30314284563064575,
    -0.01133481040596962,
    -0.1322060525417328,
    -1.1146798133850098,
    1.293660044670105,
    -0.47862616181373596,
    -0.05307420343160629,
    -1.419062614440918,
    0.2678433358669281,
    -1.5379728078842163,
    -0.29263922572135925,
    0.7462401390075684,
    -1.2798014879226685,
    1.2844822406768799
  ],
  "O.CC#N": [
    1.8604254722595215,
    -0.6443342566490173,
    0.028294876217842102,
    0.28366976976394653,
    0.24712033569812775,
    -1.8382670879364014,
    0.5168613195419312,
    -0.07159782201051712,
    -0.18312384188175201,
    -1.436869740486145,
    0.4754393696784973,
    -1.0643142461776733,
    0.26879793405532837,
    0.7871323823928833,
    -0.9805876612663269,
    1.7720693349838257
  ],
  "CC#N": [
    2.272181510925293,
    0.20419742166996002,
    0.2871534526348114,
    -0.0019840518943965435,
    -0.06587420403957367,
    -1.150662899017334,
    1.049781322479248,
    -0.4417423605918884,
    0.10442518442869186,
    -1.4340283870697021,
    0.3442029654979706,
    -1.3689780235290527,
    -0.28071364760398865,
    0.612145721912384,
    -1.3949867486953735,
    1.292959451675415
  ],
  "CC#N.CC(=O)O": [
    2.1648433208465576,
    0.10100289434194565,
    0.2036588191986084,
    0.05049489438533783,
    -0.059282850474119186,
    -1.2200711965560913,
    1.029547929763794,
    -0.4012952148914337,
    0.1338600218296051,
    -1.5145033597946167,
    0.47681334614753723,
    -1.3555128574371338,
    -0.22512632608413696,
    0.6522429585456848,
    -1.3684883117675781,
    1.3594433069229126
  ],
  "CCOCC": [
    1.8405992984771729,
    0.7886574268341064,
    0.033254217356443405,
    -0.15811720490455627,
    -0.9216169714927673,
    -0.5073362588882446,
    1.7642954587936401,
    -0.48954522609710693,
    -0.4774230122566223,
    -0.9120756387710571,
    0.4475952386856079,
    -1.852768063545227,
    -0.6548474431037903,
    0.9961854219436646,
    -0.8130756616592407,
    0.9422041177749634
  ],
  "OCC(F)(F)F": [
    1.941019892692566,
    -0.19780457019805908,
    0.02204473502933979,
    -0.07749517261981964,
    -0.11166317760944366,
    -1.7184264659881592,
    0.7289025783538818,
    -0.2877710461616516,
    0.2375185638666153,
    -1.7683719396591187,
    0.4282287359237671,
    -0.8858875036239624,
    0.27229785919189453,
    0.763493001461029,
    -0.9806354641914368,
    1.6623750925064087
  ],
  "O.OCC(F)(F)F": [
    1.632118582725525,
    -0.7402633428573608,
    -0.08413031697273254,
    0.1975204348564148,
    0.30486974120140076,
    -2.063847303390503,
    0.3829997479915619,
    0.045439720153808594,
    -0.18323802947998047,
    -1.5298831462860107,
    0.4768274426460266,
    -0.7551049590110779,
    0.3819546401500702,
    0.8920710682868958,
    -0.7779156565666199,
    1.843149185180664
  ],
  "CN(C)C(C)=O": [
    2.184748411178589,
    0.5370848774909973,
    0.4750841557979584,
    -0.13020971417427063,
    -0.11328382790088654,
    -0.843024492263794,
    1.2062517404556274,
    -0.5362859964370728,
    -0.266882061958313,
    -1.3262239694595337,
    0.2755643129348755,
    -1.6851575374603271,
    -0.42742228507995605,
    0.7755922675132751,
    -1.2283987998962402,
    1.1303417682647705
  ],
  "CCCCCCCCCCO": [
    1.9918395280838013,
    0.6577317118644714,
    0.24039873480796814,
    -0.36936020851135254,
    -0.6121856570243835,
    -0.5261480212211609,
    1.4873557090759277,
    -0.5779767036437988,
    -0.5781010389328003,
    -0.9825761914253235,
    0.49388542771339417,
    -1.8661656379699707,
    -0.5438482165336609,
    1.063186526298523,
    -0.8964127898216248,
    1.0423675775527954
  ],
  "OCC": [
    2.169102668762207,
    0.09906366467475891,
    0.2008940726518631,
    0.053710874170064926,
    0.12898124754428864,
    -1.2358874082565308,
    1.0859735012054443,
    -0.42697352170944214,
    -0.01801871322095394,
    -1.4947811365127563,
    0.31682059168815613,
    -1.2285921573638916,
    -0.2719486355781555,
    0.7069234848022461,
    -1.4317625761032104,
    1.3768932819366455
  ],
  "C1CCOC1": [
    2.0785200595855713,
    0.6577402949333191,
    0.30929774045944214,
    -0.13778752088546753,
    -0.5824370384216309,
    -0.5944657325744629,
    1.5499110221862793,
    -0.42245274782180786,
    -0.2604135274887085,
    -0.9641920924186707,
    0.39166581630706787,
    -1.9278106689453125,
    -0.6342441439628601,
    0.7144347429275513,
    -1.127671241760254,
    0.9746243357658386
  ],
  "[C@H]12CCC([C@H](OC1)O2)=O": [
    2.2853455543518066,
    0.07296685129404068,
    0.45372727513313293,
    0.02868347242474556,
    0.21239545941352844,
    -1.167813777923584,
    0.9230616688728333,
    -0.49606937170028687,
    -0.11738735437393188,
    -1.405313491821289,
    0.2155114710330963,
    -1.4848819971084595,
    -0.23267023265361786,
    0.708393394947052,
    -1.2695225477218628,
    1.3011783361434937
  ],
  "O=C(OCC)C": [
    2.0632288455963135,
    0.7661963701248169,
    0.21320141851902008,
    -0.13340651988983154,
    -0.6567484736442566,
    -0.6387677788734436,
    1.6075201034545898,
    -0.4107497036457062,
    -0.25897568464279175,
    -0.9792654514312744,
    0.4015183746814728,
    -1.8380931615829468,
    -0.6265324950218201,
    0.731536865234375,
    -1.1386932134628296,
    0.924480140209198
  ],
  "CC(C)(C)OC": [
    1.9134224653244019,
    0.77864670753479,
    0.064907506108284,
    -0.2793177664279938,
    -0.991018533706665,
    -0.6665276885032654,
    1.7885231971740723,
    -0.3516150414943695,
    -0.351981520652771,
    -0.8581866025924683,
    0.5463631749153137,
    -1.8124803304672241,
    -0.617603063583374,
    0.8442654013633728,
    -0.8632104992866516,
    0.882652997970581
  ],