{
  "CO": [
    1.764001488685608,
    -0.4847567081451416,
    0.09866656363010406,
    0.022344855591654778,
    0.3575916886329651,
    -1.204317569732666,
    0.8807814717292786,
    -0.662161111831665,
    0.04294539615511894,
    -1.5530508756637573,
    0.8495030999183655,
    -1.2627359628677368,
    0.410553902387619,
    0.5784111022949219,
    -1.4372140169143677,
    1.5995255708694458
  ],
  "OCCO": [
    1.825326681137085,
    -0.598056972026825,
    0.20025566220283508,
    0.2732877731323242,
    0.9438949227333069,
    -1.2162953615188599,
    0.6480875611305237,
    -0.5280640125274658,
    -0.3222504258155823,
    -1.3147072792053223,
    0.6690134406089783,
    -1.394337773323059,
    0.3106918931007385,
    0.4877272844314575,
    -1.506917119026184,
    1.5200639963150024
  ],
  "C(C(F)(F)F)(C(F)(F)F)O": [
    1.404228925704956,
    -0.4038156270980835,
    0.056099724024534225,
    -0.39277803897857666,
    -0.24947576224803925,
    -1.237121820449829,
    0.9081999659538269,
    -0.24260279536247253,
    0.31600186228752136,
    -2.0996408462524414,
    0.9413415789604187,
    -1.1342724561691284,
    0.6342628002166748,
    0.4687681794166565,
    -0.7764223217964172,
    1.811074137687683
  ],
  "O1C(C)CCC1": [
    1.8739147186279297,
    0.5394318103790283,
    0.260335773229599,
    -0.14862343668937683,
    -0.281374990940094,
    -0.4043371081352234,
    1.584384799003601,
    -0.5410045981407166,
    -0.5437407493591309,
    -0.9610634446144104,
    0.5968855023384094,
    -2.0567574501037598,
    -0.4578246474266052,
    0.7159578204154968,
    -1.233314037322998,
    1.0599371194839478
  ],
  "C1CCCCC1": [
    1.796814203262329,
    0.43796640634536743,
    0.04299374297261238,
    -0.27860260009765625,
    -0.8139476776123047,
    -0.6771830320358276,
    1.6701911687850952,
    -0.18097847700119019,
    -0.4411437213420868,
    -0.8071025609970093,
    0.833351731300354,
    -2.1146798133850098,
    -0.3473511040210724,
    0.8282912969589233,
    -0.9337913990020752,
    0.9898862838745117
  ],
  "CC(O)C": [
    1.9303972721099854,
    0.2124698907136917,
    0.25612932443618774,
    0.03366678208112717,
    0.28463560342788696,
    -0.7557910084724426,
    1.1349319219589233,
    -0.6476735472679138,
    -0.36962369084358215,
    -1.4314489364624023,
    0.816064715385437,
    -1.728127121925354,
    -0.09599752724170685,
    0.5630853772163391,
    -1.4570562839508057,
    1.2551625967025757
  ],
  "O.CC#N": [
    1.8510831594467163,
    -0.936293363571167,
    -0.12955579161643982,
    0.088081955909729,
    0.6069733500480652,
    -1.3882895708084106,
    0.2887583076953888,
    -0.2152281105518341,
    -0.14208507537841797,
    -1.2653250694274902,
    0.7590300440788269,
    -1.1369669437408447,
    0.43007513880729675,
    0.6687394380569458,
    -1.3169455528259277,
    1.8337010145187378
  ],
  "CC#N": [
    1.9274852275848389,
    -0.08887380361557007,
    0.32773295044898987,
    -0.03481872007250786,
    0.2228601723909378,
    -0.7941394448280334,
    1.0704020261764526,
    -0.519054114818573,
    -0.035413503646850586,
    -1.4510653018951416,
    0.6583586931228638,
    -1.724501609802246,
    0.12464942783117294,
    0.42093318700790405,
    -1.537688970565796,
    1.4318872690200806
  ],
  "CC#N.CC(=O)O": [
    1.9301800727844238,
    -0.1760587990283966,
    0.20087303221225739,
    0.034320633858442307,
    0.2767539918422699,
    -0.8027356863021851,
    0.956384003162384,
    -0.5734859704971313,
    -0.022273875772953033,
    -1.498917579650879,
    0.8339065313339233,
    -1.601142168045044,
    0.09567008912563324,
    0.4778120517730713,
    -1.570190668106079,
    1.4374350309371948
  ],
  "CCOCC": [
    1.7752468585968018,
    0.5913510918617249,
    0.044326845556497574,
    -0.17438866198062897,
    -0.46498480439186096,
    -0.4767845869064331,
    1.797369360923767,
    -0.4964717924594879,
    -0.5465303659439087,
    -0.9698848724365234,
    0.6545853614807129,
    -1.976264238357544,
    -0.5191315412521362,
    0.8294907212257385,
    -1.0629174709320068,
    1.0015358924865723
  ],
  "OCC(F)(F)F": [
    1.7462457418441772,
    -0.31421059370040894,
    0.13893283903598785,
    -0.19720368087291718,
    0.06763490289449692,
    -1.2567222118377686,
    0.9429951310157776,
    -0.5988598465919495,
    -0.004179740324616432,
    -1.7457977533340454,
    0.9231667518615723,
    -1.1609877347946167,
    0.4954797327518463,
    0.5422448515892029,
    -1.2161004543304443,
    1.6394981145858765
  ],
  "O.OCC(F)(F)F": [
    1.524420976638794,
    -0.9642860889434814,
    -0.059384334832429886,
    0.06778375804424286,
    0.5870474576950073,
    -1.590358853340149,
    0.41471126675605774,
    -0.206731379032135,
    -0.2892700731754303,
    -1.3970394134521484,
    0.8928935527801514,
    -0.9608958959579468,
    0.5996119976043701,
    0.6857335567474365,
    -1.1984776258468628,
    1.892741084098816
  ],
  "CN(C)C(C)=O": [
    1.9758909940719604,
    0.29678216576576233,
    0.523485541343689,
    -0.1833566427230835,
    0.24568551778793335,
    -0.591621994972229,
    1.1339263916015625,
    -0.6065018177032471,
    -0.3691052794456482,
    -1.305880069732666,
    0.6535776853561401,
    -1.8931148052215576,
    -0.2252279669046402,
    0.6247742772102356,
    -1.4392011165618896,
    1.1604160070419312
  ],
  "CCCCCCCCCCO": [
    1.8738839626312256,
    0.5902605056762695,
    0.09744686633348465,
    -0.3866470456123352,
    -0.27961865067481995,
    -0.26756343245506287,
    1.585513949394226,
    -0.6809598803520203,
    -0.8332223892211914,
    -0.8338008522987366,
    0.7387424111366272,
    -1.934622883796692,
    -0.5671733617782593,
    1.0172008275985718,
    -1.0378830432891846,
    0.9233336448669434
  ],
  "OCC": [
    1.873736023902893,
    -0.1353415995836258,
    0.24779696762561798,
    0.09724462032318115,
    0.39499810338020325,
    -0.8614148497581482,
    1.065029501914978,
    -0.5890005826950073,
    -0.19475644826889038,
    -1.4567373991012573,
    0.7414697408676147,
    -1.60629403591156,
    0.06741360574960709,
    0.536074697971344,
    -1.5848827362060547,
    1.4047298431396484
  ],
  "C1CCOC1": [
    1.7685511112213135,
    0.4556111693382263,
    0.17720642685890198,
    -0.13787688314914703,
    -0.4304465353488922,
    -0.21957217156887054,
    1.7491410970687866,
    -0.5437464714050293,
    -0.4683215022087097,
    -0.901838481426239,
    0.596496045589447,
    -2.1233675479888916,
    -0.5767166018486023,
    0.8192555904388428,
    -1.1374465227127075,
    0.9774678349494934
  ],
  "[C@H]12CCC([C@H](OC1)O2)=O": [
    2.056954860687256,
    -0.22782869637012482,
    0.41987374424934387,
    0.021370237693190575,
    0.6419615745544434,
    -0.8288443684577942,
    0.7418131232261658,
    -0.6494717597961426,
    -0.23790261149406433,
    -1.3066093921661377,
    0.6747235655784607,
    -1.6343343257904053,
    0.06013218313455582,
    0.4804016053676605,
    -1.584758996963501,
    1.3692508935928345
  ],
  "O=C(OCC)C": [
    1.7150077819824219,
    0.6209848523139954,
    0.0535583570599556,
    -0.017404453828930855,
    -0.4890940189361572,
    -0.34310707449913025,
    1.747208595275879,
    -0.5646273493766785,
    -0.5776275396347046,
    -0.9086950421333313,
    0.7108885645866394,
    -2.040654182434082,
    -0.5826742649078369,
    0.8202229738235474,
    -1.1208469867706299,
    0.9815806746482849
  ],
  "CC(C)(C)OC": [
    1.6924107074737549,
    0.5973195433616638,
    -0.11558260023593903,
    -0.28311973810195923,
    -0.7009214758872986,
    -0.5007433891296387,
    1.9680075645446777,
    -0.4302135109901428,
    -0.4335290789604187,
    -0.9037342071533203,
    0.6722173690795898,
    -1.894309401512146,
    -0.6106788516044617,
    0.9973710179328918,
    -0.9162560701370239,
    0.8720307350158691
  ],