{
  "CO": [
    1.9601377248764038,
    -0.26716864109039307,
    0.11797879636287689,
    0.051396723836660385,
    0.054350659251213074,
    -1.6658905744552612,
    0.8086950778961182,
    -0.3521610498428345,
    0.20446282625198364,
    -1.5347872972488403,
    0.3816862106323242,
    -1.0564751625061035,
    0.09747584909200668,
    0.8241573572158813,
    -1.2206847667694092,
    1.6238534450531006
  ],
  "OCCO": [
    2.006415367126465,
    -0.44573065638542175,
    0.12693756818771362,
    0.37823718786239624,
    0.6832509636878967,
    -1.6395114660263062,
    0.6292153000831604,
    -0.2908901572227478,
    -0.1593034863471985,
    -1.435267686843872,
    0.20023679733276367,
    -1.044942855834961,
    -0.009144064038991928,
    0.7357946634292603,
    -1.2935456037521362,
    1.5848579406738281
  ],
  "C(C(F)(F)F)(C(F)(F)F)O": [
    1.4807783365249634,
    -0.27302831411361694,
    0.023215672001242638,
    -0.11506358534097672,
    -0.34733960032463074,
    -1.894612193107605,
    0.5015590786933899,
    -0.004562412388622761,
    0.24887844920158386,
    -1.9895460605621338,
    0.5772063732147217,
    -0.8519794940948486,
    0.48762351274490356,
    0.7436026334762573,
    -0.4450366497039795,
    1.8812634944915771
  ],
  "O1C(C)CCC1": [
    2.1154119968414307,
    0.7105549573898315,
    0.33986562490463257,
    -0.1693880707025528,
    -0.5174726247787476,
    -0.6870062351226807,
    1.515703558921814,
    -0.43434327840805054,
    -0.3351611793041229,
    -1.0063488483428955,
    0.30603256821632385,
    -1.8537579774856567,
    -0.5486351847648621,
    0.7230483293533325,
    -1.1381244659423828,
    1.0053263902664185
  ],
  "C1CCCCC1": [
    1.9520263671875,
    0.6650685667991638,
    0.051540810614824295,
    -0.23580682277679443,
    -1.0680066347122192,
    -1.0205650329589844,
    1.5091067552566528,
    -0.1634075790643692,
    -0.2275075763463974,
    -0.8705796599388123,
    0.7438978552818298,
    -1.8727471828460693,
    -0.42770057916641235,
    0.9096094965934753,
    -0.8130380511283875,
    0.8923730254173279
  ],
  "CC(O)C": [
    2.2083420753479004,
    0.3535187542438507,
    0.3153759241104126,
    -0.07115574181079865,
    -0.030100781470537186,
    -1.0980796813964844,
    1.0840561389923096,
    -0.4886627793312073,
    -0.020220834761857986,
    -1.4933582544326782,
    0.3338586091995239,
    -1.386718511581421,
    -0.3615167438983917,
    0.7433884739875793,
    -1.327290415763855,
    1.2684216499328613
  ],
  "O.CC#N": [
    1.955559253692627,
    -0.5026472806930542,
    0.01510634459555149,
    0.1650789976119995,
    0.22013530135154724,
    -1.8016873598098755,
    0.6395845413208008,
    -0.22181162238121033,
    -0.11836759746074677,
    -1.5656468868255615,
    0.45320847630500793,
    -0.9595090746879578,
    0.26907187700271606,
    0.6992724537849426,
    -0.9553636312484741,
    1.7324676513671875
  ],
  "CC#N": [
    2.1982920169830322,
    0.20309790968894958,
    0.2942520081996918,
    0.024520935490727425,
    -0.09986942261457443,
    -1.183417797088623,
    1.1066992282867432,
    -0.3411025106906891,
    0.06253150850534439,
    -1.4388669729232788,
    0.38226836919784546,
    -1.4579931497573853,
    -0.2737806439399719,
    0.5776534676551819,
    -1.3506298065185547,
    1.3237799406051636
  ],
  "CC#N.CC(=O)O": [
    2.179159164428711,
    0.12391510605812073,
    0.259784460067749,
    -0.009614653885364532,
    -0.10713675618171692,
    -1.1999009847640991,
    1.0409923791885376,
    -0.41342517733573914,
    0.19671551883220673,
    -1.5075467824935913,
    0.4088563323020935,
    -1.3503531217575073,
    -0.22356432676315308,
    0.6471388936042786,
    -1.3726866245269775,
    1.3555567264556885
  ],
  "CCOCC": [
    1.999056339263916,
    0.7798705101013184,
    0.14207135140895844,
    -0.16018512845039368,
    -0.7077882289886475,
    -0.6639244556427002,
    1.6535711288452148,
    -0.43030422925949097,
    -0.3731383681297302,
    -0.9712672829627991,
    0.40380141139030457,
    -1.818377137184143,
    -0.6196316480636597,
    0.8154879212379456,
    -1.0189937353134155,
    0.9960892796516418
  ],
  "OCC(F)(F)F": [
    1.959679126739502,
    -0.22931262850761414,
    0.08315815776586533,
    -0.14004945755004883,
    0.0036320313811302185,
    -1.6921772956848145,
    0.5610660910606384,
    -0.26256388425827026,
    0.31223970651626587,
    -1.8179963827133179,
    0.4219037890434265,
    -0.8114163279533386,
    0.24739287793636322,
    0.7074394822120667,
    -1.020409345626831,
    1.7040246725082397
  ],
  "O.OCC(F)(F)F": [
    1.6348116397857666,
    -0.747606098651886,
    -0.05571868643164635,
    0.2530055642127991,
    0.3023914098739624,
    -2.0293140411376953,
    0.37028706073760986,
    0.0838799998164177,
    -0.1983526051044464,
    -1.5123374462127686,
    0.4431646466255188,
    -0.7566133141517639,
    0.3034876585006714,
    0.9120882153511047,
    -0.8481117486953735,
    1.8670343160629272
  ],
  "CN(C)C(C)=O": [
    2.211608409881592,
    0.4935862720012665,
    0.5217922329902649,
    -0.14549216628074646,
    -0.07677508890628815,
    -0.8796061277389526,
    1.181993842124939,
    -0.5085645914077759,
    -0.22655010223388672,
    -1.286516547203064,
    0.23599007725715637,
    -1.6484781503677368,
    -0.42673203349113464,
    0.7069100141525269,
    -1.2980087995529175,
    1.1719905138015747
  ],
  "CCCCCCCCCCO": [
    2.005434036254883,
    0.672518253326416,
    0.24141298234462738,
    -0.3442610800266266,
    -0.5662370920181274,
    -0.5300064086914062,
    1.4883562326431274,
    -0.5721131563186646,
    -0.6167161464691162,
    -0.9747660756111145,
    0.48562005162239075,
    -1.8154999017715454,
    -0.5815213918685913,
    1.062099575996399,
    -0.9666734337806702,
    1.0368958711624146
  ],
  "OCC": [
    2.158905506134033,
    0.10053031146526337,
    0.21997644007205963,
    0.016215194016695023,
    0.0861775204539299,
    -1.2832006216049194,
    1.0731760263442993,
    -0.43471240997314453,
    -0.01705719716846943,
    -1.5059198141098022,
    0.35599982738494873,
    -1.2275605201721191,
    -0.22453412413597107,
    0.7255443334579468,
    -1.3907264471054077,
    1.3775296211242676
  ],
  "C1CCOC1": [
    2.0567026138305664,
    0.6409947872161865,
    0.2995776832103729,
    -0.13391606509685516,
    -0.5924240946769714,
    -0.5549718737602234,
    1.5743030309677124,
    -0.4348407983779907,
    -0.27744975686073303,
    -0.9688155651092529,
    0.3989271819591522,
    -1.925568699836731,
    -0.654472291469574,
    0.7688630819320679,
    -1.1234840154647827,
    0.9518713355064392
  ],
  "[C@H]12CCC([C@H](OC1)O2)=O": [
    2.2576918601989746,
    0.06015199050307274,
    0.4328788220882416,
    0.07437512278556824,
    0.22031603753566742,
    -1.1902060508728027,
    0.9500235915184021,
    -0.48435673117637634,
    -0.10909391194581985,
    -1.3866959810256958,
    0.22195155918598175,
    -1.4635430574417114,
    -0.25532710552215576,
    0.6746678352355957,
    -1.3101415634155273,
    1.334663987159729
  ],
  "O=C(OCC)C": [
    1.940175175666809,
    0.8190326690673828,
    0.13802729547023773,
    -0.08098379522562027,
    -0.7890304923057556,
    -0.5132692456245422,
    1.70720374584198,
    -0.49157896637916565,
    -0.3941408693790436,
    -0.9292323589324951,
    0.3860326409339905,
    -1.8316057920455933,
    -0.6895699501037598,
    0.8450349569320679,
    -1.0281603336334229,
    0.9379462599754333
  ],
  "CC(C)(C)OC": [
    1.7468136548995972,
    0.829217791557312,
    -0.11187318712472916,
    -0.19840088486671448,
    -1.1025300025939941,
    -0.5324931144714355,
    1.8335520029067993,
    -0.47458383440971375,
    -0.4785229563713074,
    -0.8319871425628662,
    0.6016973257064819,
    -1.7963435649871826,
    -0.6867356300354004,
    1.0962378978729248,
    -0.6743348836898804,
    0.8075293898582458
  ],