{
  "CO": [
    1.7708717584609985,
    -0.3886038661003113,
    0.1107461228966713,
    -0.05842459574341774,
    0.16392365097999573,
    -1.477892518043518,
    0.9040797352790833,
    -0.2697731852531433,
    0.3765171766281128,
    -1.6407395601272583,
    0.30361589789390564,
    -1.1248176097869873,
    0.21017323434352875,
    0.7044255137443542,
    -1.3256012201309204,
    1.7536578178405762
  ],
  "OCCO": [
    1.9519292116165161,
    -0.5327681303024292,
    0.08100439608097076,
    0.37128567695617676,
    0.802188515663147,
    -1.4710248708724976,
    0.7437101602554321,
    -0.29892057180404663,
    -0.2323143631219864,
    -1.424863338470459,
    0.4424505829811096,
    -1.1651173830032349,
    0.04764065146446228,
    0.541435182094574,
    -1.398085117340088,
    1.5527029037475586
  ],
  "C(C(F)(F)F)(C(F)(F)F)O": [
    1.3590192794799805,
    -0.3167175054550171,
    0.029933476820588112,
    -0.2600402235984802,
    -0.3302357792854309,
    -1.6985896825790405,
    0.8406172394752502,
    0.006755712442100048,
    0.37422582507133484,
    -1.9697540998458862,
    0.569254457950592,
    -1.02565336227417,
    0.498206228017807,
    0.6824879050254822,
    -0.657314658164978,
    1.9104152917861938
  ],
  "O1C(C)CCC1": [
    1.938788890838623,
    0.6396920680999756,
    0.20420587062835693,
    -0.16538242995738983,
    -0.5413540601730347,
    -0.500449538230896,
    1.6807971000671387,
    -0.4981234669685364,
    -0.3551684319972992,
    -0.980901300907135,
    0.4122028946876526,
    -1.935943365097046,
    -0.58600914478302,
    0.8085237741470337,
    -1.1181211471557617,
    1.011257290840149
  ],
  "C1CCCCC1": [
    1.584230899810791,
    0.5970656275749207,
    -0.4593474268913269,
    -0.6756278276443481,
    -1.0029149055480957,
    -0.8073046207427979,
    1.39877450466156,
    -0.4001069962978363,
    -0.12531791627407074,
    -0.7567526698112488,
    0.5413995385169983,
    -1.8545341491699219,
    -0.6692351698875427,
    1.812502145767212,
    -0.033546965569257736,
    0.8683484792709351
  ],
  "CC(O)C": [
    2.1154332160949707,
    0.3265438377857208,
    0.23168648779392242,
    -0.06407248973846436,
    0.039067983627319336,
    -0.9504711031913757,
    1.1915184259414673,
    -0.5034679770469666,
    -0.05685008317232132,
    -1.5054377317428589,
    0.5390036106109619,
    -1.486539602279663,
    -0.3347589373588562,
    0.6240383386611938,
    -1.4080253839492798,
    1.2568719387054443
  ],
  "O.CC#N": [
    1.7590020895004272,
    -0.7672253847122192,
    -0.028025031089782715,
    0.18355900049209595,
    0.41492047905921936,
    -1.6786227226257324,
    0.6956315040588379,
    -0.021785855293273926,
    -0.17275060713291168,
    -1.49290132522583,
    0.6048121452331543,
    -1.1216224431991577,
    0.3702499568462372,
    0.5995873212814331,
    -1.1093480587005615,
    1.773712396621704
  ],
  "CC#N": [
    2.0867512226104736,
    0.10175806283950806,
    0.202376589179039,
    0.09541050344705582,
    0.0024056495167315006,
    -0.9315475821495056,
    1.2039330005645752,
    -0.3489701449871063,
    0.006514781154692173,
    -1.4787575006484985,
    0.5737688541412354,
    -1.6282347440719604,
    -0.2099020630121231,
    0.4399283528327942,
    -1.4281469583511353,
    1.3242677450180054
  ],
  "CC#N.CC(=O)O": [
    2.07297682762146,
    -0.014108020812273026,
    0.14501775801181793,
    0.04836621508002281,
    -0.007119887508451939,
    -1.063244342803955,
    1.1362242698669434,
    -0.409537672996521,
    0.1698407679796219,
    -1.5276883840560913,
    0.6025910377502441,
    -1.4608224630355835,
    -0.12782034277915955,
    0.5077321529388428,
    -1.4423980712890625,
    1.3821368217468262
  ],
  "CCOCC": [
    1.780458688735962,
    0.7585951089859009,
    -0.032863352447748184,
    -0.11404382437467575,
    -0.7525783777236938,
    -0.5124130845069885,
    1.817028284072876,
    -0.5289535522460938,
    -0.4778038263320923,
    -0.9493111968040466,
    0.5781374573707581,
    -1.8808062076568604,
    -0.6212865710258484,
    0.9314146637916565,
    -0.9153174161911011,
    0.9356222152709961
  ],
  "OCC(F)(F)F": [
    1.8152304887771606,
    -0.3037857413291931,
    0.01890692114830017,
    -0.13907106220722198,
    -0.03241048753261566,
    -1.560042142868042,
    0.9424859285354614,
    -0.37681326270103455,
    0.09532587975263596,
    -1.8123589754104614,
    0.7498383522033691,
    -0.9286008477210999,
    0.34473690390586853,
    0.6618632674217224,
    -1.083653211593628,
    1.6233247518539429
  ],
  "O.OCC(F)(F)F": [
    1.6469649076461792,
    -0.8932660222053528,
    -0.17363423109054565,
    0.13776284456253052,
    0.3949378430843353,
    -1.8737772703170776,
    0.5464735627174377,
    0.032871272414922714,
    -0.21176819503307343,
    -1.5423272848129272,
    0.6536927819252014,
    -0.8222984671592712,
    0.519412100315094,
    0.68614661693573,
    -0.9069520235061646,
    1.8161370754241943
  ],
  "CN(C)C(C)=O": [
    2.1239240169525146,
    0.44940754771232605,
    0.43947547674179077,
    -0.15483899414539337,
    0.01144604291766882,
    -0.7541189193725586,
    1.2605470418930054,
    -0.5331206917762756,
    -0.23567715287208557,
    -1.2922574281692505,
    0.4419848620891571,
    -1.7546412944793701,
    -0.3955540955066681,
    0.6358606815338135,
    -1.3645261526107788,
    1.1350135803222656
  ],
  "CCCCCCCCCCO": [
    1.976386308670044,
    0.6682671308517456,
    0.11053706705570221,
    -0.3701116442680359,
    -0.39699700474739075,
    -0.3978032171726227,
    1.5700064897537231,
    -0.6298590898513794,
    -0.6337796449661255,
    -0.9136945605278015,
    0.5928100943565369,
    -1.84507417678833,
    -0.6373024582862854,
    1.0104390382766724,
    -1.0499184131622314,
    0.9600284099578857
  ],
  "OCC": [
    2.1030871868133545,
    0.05922549590468407,
    0.17745153605937958,
    0.012547777965664864,
    0.19368837773799896,
    -1.0838909149169922,
    1.1534533500671387,
    -0.4821108281612396,
    -0.04445072263479233,
    -1.5166895389556885,
    0.523540735244751,
    -1.325400948524475,
    -0.20423121750354767,
    0.5804914236068726,
    -1.494640588760376,
    1.3624378442764282
  ],
  "C1CCOC1": [
    1.9772154092788696,
    0.5517601370811462,
    0.19991810619831085,
    -0.15457960963249207,
    -0.43995383381843567,
    -0.4477158486843109,
    1.5990269184112549,
    -0.44892317056655884,
    -0.21958065032958984,
    -1.0168275833129883,
    0.5586666464805603,
    -1.9692814350128174,
    -0.6219453811645508,
    0.743388295173645,
    -1.2537425756454468,
    0.9556415677070618
  ],
  "[C@H]12CCC([C@H](OC1)O2)=O": [
    2.209726572036743,
    -0.014666086062788963,
    0.3617696762084961,
    0.07392092049121857,
    0.33487212657928467,
    -1.022628664970398,
    0.9821906685829163,
    -0.5002779364585876,
    -0.11954620480537415,
    -1.4244683980941772,
    0.45574647188186646,
    -1.6076831817626953,
    -0.19351166486740112,
    0.5477389097213745,
    -1.3543407917022705,
    1.2828152179718018
  ],
  "O=C(OCC)C": [
    1.9335672855377197,
    0.7232674956321716,
    0.09906037151813507,
    -0.11305804550647736,
    -0.5460138916969299,
    -0.526323139667511,
    1.6851938962936401,
    -0.456670880317688,
    -0.30044025182724,
    -1.006195068359375,
    0.5368590950965881,
    -1.8956718444824219,
    -0.6363210678100586,
    0.7552214860916138,
    -1.1755632162094116,
    0.9377081990242004
  ],
  "CC(C)(C)OC": [
    1.7990273237228394,
    0.7077170014381409,
    -0.04297218844294548,
    -0.26236170530319214,
    -0.8819708824157715,
    -0.6310635805130005,
    1.8948042392730713,
    -0.37950530648231506,
    -0.337668776512146,
    -0.891592800617218,
    0.6479671597480774,
    -1.8554974794387817,
    -0.5928486585617065,
    0.8715237379074097,
    -0.8925448060035706,
    0.8643054962158203
  ],