{
  "CO": [
    1.9648703336715698,
    -0.2631293535232544,
    0.04969257488846779,
    0.09679685533046722,
    0.1809794157743454,
    -1.7174664735794067,
    0.6892714500427246,
    -0.3919042646884918,
    0.1548948884010315,
    -1.520350456237793,
    0.4621487855911255,
    -0.8867585062980652,
    0.07928958535194397,
    0.7877769470214844,
    -1.3102518320083618,
    1.6488051414489746
  ],
  "OCCO": [
    2.018073558807373,
    -0.4181951582431793,
    0.16556793451309204,
    0.3795739710330963,
    0.6220219731330872,
    -1.6447482109069824,
    0.7211900353431702,
    -0.31962448358535767,
    -0.21850484609603882,
    -1.4380356073379517,
    0.32765182852745056,
    -1.1596717834472656,
    -0.02614624798297882,
    0.7105957865715027,
    -1.2112767696380615,
    1.5172598361968994
  ],
  "C(C(F)(F)F)(C(F)(F)F)O": [
    1.7290213108062744,
    -0.26797667145729065,
    -0.14264945685863495,
    -0.10415329039096832,
    -0.11540238559246063,
    -1.7271840572357178,
    0.33749064803123474,
    -0.06502240151166916,
    0.31260302662849426,
    -2.0780422687530518,
    0.6448377966880798,
    -0.7440177798271179,
    0.3968033492565155,
    0.6845694184303284,
    -0.6379604935646057,
    1.7991223335266113
  ],
  "O1C(C)CCC1": [
    2.126004695892334,
    0.7223474383354187,
    0.33187365531921387,
    -0.21824873983860016,
    -0.5915239453315735,
    -0.642811119556427,
    1.5307444334030151,
    -0.44435030221939087,
    -0.3073585331439972,
    -0.9735400080680847,
    0.3367804288864136,
    -1.868065595626831,
    -0.549551784992218,
    0.696712076663971,
    -1.1104713678359985,
    0.985085129737854
  ],
  "C1CCCCC1": [
    1.8093115091323853,
    0.7032338976860046,
    -0.12954193353652954,
    -0.2793195843696594,
    -1.1608436107635498,
    -0.9424831867218018,
    1.5998698472976685,
    -0.28055810928344727,
    -0.24638426303863525,
    -0.8375601172447205,
    0.7536892890930176,
    -1.839387059211731,
    -0.5478712916374207,
    1.1118988990783691,
    -0.5887236595153809,
    0.8988319635391235
  ],
  "CC(O)C": [
    2.199336051940918,
    0.3365314304828644,
    0.28410160541534424,
    -0.0679144635796547,
    -0.0628916472196579,
    -1.095096230506897,
    1.0832632780075073,
    -0.47301679849624634,
    -0.005547684617340565,
    -1.4903771877288818,
    0.4225274622440338,
    -1.41261887550354,
    -0.3702515959739685,
    0.7483925223350525,
    -1.3223059177398682,
    1.2536484003067017
  ],
  "O.CC#N": [
    1.8395949602127075,
    -0.599174976348877,
    0.057126499712467194,
    0.1747211068868637,
    0.2733840346336365,
    -1.8228940963745117,
    0.5562186241149902,
    -0.04307406395673752,
    -0.08652294427156448,
    -1.515863060951233,
    0.4196624457836151,
    -1.0322544574737549,
    0.263173371553421,
    0.7547194957733154,
    -1.012947678565979,
    1.7949175834655762
  ],
  "CC#N": [
    2.234548568725586,
    0.23144733905792236,
    0.26164114475250244,
    0.013947274535894394,
    -0.10538771003484726,
    -1.0888713598251343,
    1.0863391160964966,
    -0.402913898229599,
    0.06014449894428253,
    -1.4507973194122314,
    0.48085781931877136,
    -1.4699854850769043,
    -0.3252452611923218,
    0.568849503993988,
    -1.3504375219345093,
    1.281206488609314
  ],
  "CC#N.CC(=O)O": [
    2.180511951446533,
    0.1459459811449051,
    0.1916077584028244,
    0.034825943410396576,
    -0.1114475429058075,
    -1.163107991218567,
    1.0214648246765137,
    -0.4213446378707886,
    0.15599364042282104,
    -1.52394437789917,
    0.5788185596466064,
    -1.4178547859191895,
    -0.2535192370414734,
    0.6346026659011841,
    -1.3317874670028687,
    1.3046408891677856
  ],
  "CCOCC": [
    1.96648108959198,
    0.8034147620201111,
    0.09182628989219666,
    -0.15914644300937653,
    -0.7388352751731873,
    -0.6030976176261902,
    1.6820499897003174,
    -0.43535152077674866,
    -0.3711727559566498,
    -0.9678127765655518,
    0.4612160921096802,
    -1.832505702972412,
    -0.6685745120048523,
    0.7966921925544739,
    -0.98614501953125,
    0.9855356216430664
  ],
  "OCC(F)(F)F": [
    1.9625493288040161,
    -0.24421261250972748,
    -0.026554550975561142,
    -0.09072859585285187,
    -0.01441701129078865,
    -1.701438307762146,
    0.5803329348564148,
    -0.2630961239337921,
    0.27344250679016113,
    -1.7730377912521362,
    0.5433440804481506,
    -0.8208538293838501,
    0.21470044553279877,
    0.7925460338592529,
    -1.05755615234375,
    1.6502498388290405
  ],
  "O.OCC(F)(F)F": [
    1.6271512508392334,
    -0.7469354867935181,
    -0.07296115905046463,
    0.20981599390506744,
    0.27292850613594055,
    -2.055877685546875,
    0.32210227847099304,
    0.10183057188987732,
    -0.16666269302368164,
    -1.506640076637268,
    0.49841195344924927,
    -0.7698142528533936,
    0.34100285172462463,
    0.9079880118370056,
    -0.8070513010025024,
    1.8645527362823486
  ],
  "CN(C)C(C)=O": [
    2.1785078048706055,
    0.5727182030677795,
    0.4837339520454407,
    -0.14200298488140106,
    -0.17762701213359833,
    -0.8237548470497131,
    1.2080405950546265,
    -0.5239423513412476,
    -0.25947505235671997,
    -1.272791862487793,
    0.3436695635318756,
    -1.737563967704773,
    -0.44457533955574036,
    0.709144651889801,
    -1.2260613441467285,
    1.1363799571990967
  ],
  "CCCCCCCCCCO": [
    2.0594849586486816,
    0.7193962931632996,
    0.21286968886852264,
    -0.3255711793899536,
    -0.526923418045044,
    -0.4968506395816803,
    1.4820955991744995,
    -0.6011247038841248,
    -0.621131420135498,
    -0.9214005470275879,
    0.5244643092155457,
    -1.8271174430847168,
    -0.6425545811653137,
    0.9704198241233826,
    -0.9765878319740295,
    0.993208110332489
  ],
  "OCC": [
    2.132331132888794,
    0.1512148529291153,
    0.2554100453853607,
    0.021864423528313637,
    -0.001311402185820043,
    -1.21378755569458,
    1.163255214691162,
    -0.4278453290462494,
    0.10475406050682068,
    -1.5068882703781128,
    0.2618182897567749,
    -1.3282917737960815,
    -0.25024211406707764,
    0.6864211559295654,
    -1.3780810832977295,
    1.358299970626831
  ],
  "C1CCOC1": [
    2.0566983222961426,
    0.6624982357025146,
    0.30332526564598083,
    -0.17807413637638092,
    -0.6625814437866211,
    -0.5396374464035034,
    1.5651443004608154,
    -0.4307798445224762,
    -0.2608570456504822,
    -0.9069686532020569,
    0.4319198429584503,
    -1.962201714515686,
    -0.6434391736984253,
    0.7034614682197571,
    -1.094132423400879,
    0.9774744510650635
  ],
  "[C@H]12CCC([C@H](OC1)O2)=O": [
    2.2870333194732666,
    -0.005867292173206806,
    0.38958460092544556,
    -0.00112704758066684,
    0.2875957489013672,
    -1.2018760442733765,
    0.8724362254142761,
    -0.4787028431892395,
    -0.04199321195483208,
    -1.3566546440124512,
    0.3124091625213623,
    -1.4108134508132935,
    -0.2382352650165558,
    0.6449803113937378,
    -1.3833998441696167,
    1.349258542060852
  ],
  "O=C(OCC)C": [
    1.931712031364441,
    0.8245128393173218,
    0.11597488075494766,
    -0.08545269072055817,
    -0.8043707609176636,
    -0.48435136675834656,
    1.6921206712722778,
    -0.4785660207271576,
    -0.3447350859642029,
    -0.9471380710601807,
    0.4936533272266388,
    -1.88169527053833,
    -0.7156121730804443,
    0.805092990398407,
    -0.9922314882278442,
    0.8951504230499268
  ],
  "CC(C)(C)OC": [
    1.8936474323272705,
    0.7736808061599731,
    0.011948945932090282,
    -0.3480311632156372,
    -1.0012034177780151,
    -0.5351770520210266,
    1.7745667695999146,
    -0.41794517636299133,
    -0.23883971571922302,
    -0.9274855852127075,
    0.5121469497680664,
    -1.7637685537338257,
    -0.6789258718490601,
    0.9594988226890564,
    -0.8790534138679504,
    0.8913094401359558
  ],