{
  "CO": [
    1.3250231742858887,
    -0.7653303146362305,
    0.25566041469573975,
    -0.35074079036712646,
    0.9209674000740051,
    -0.8549109697341919,
    0.44772234559059143,
    -0.7254565358161926,
    -0.5174798965454102,
    -1.089730978012085,
    1.5600039958953857,
    -1.093713641166687,
    0.5451372265815735,
    0.6149823665618896,
    -1.7857683897018433,
    1.501592755317688
  ],
  "OCCO": [
    1.4379768371582031,
    -0.7806629538536072,
    0.3598620593547821,
    -0.05625653266906738,
    1.321815013885498,
    -0.7673828601837158,
    0.24018247425556183,
    -0.6773892045021057,
    -0.7971326112747192,
    -0.9022234082221985,
    1.4873685836791992,
    -1.3063628673553467,
    0.42098569869995117,
    0.5019958019256592,
    -1.7419296503067017,
    1.2449098825454712
  ],
  "C(C(F)(F)F)(C(F)(F)F)O": [
    1.1014214754104614,
    -0.4086652994155884,
    0.0695844292640686,
    -0.8877671957015991,
    -0.35486653447151184,
    -0.597048819065094,
    1.4731420278549194,
    -0.4513649046421051,
    -0.22888945043087006,
    -1.7195656299591064,
    1.4423112869262695,
    -1.13974130153656,
    0.5303716659545898,
    0.7846757769584656,
    -1.1590582132339478,
    1.5436314344406128
  ],
  "O1C(C)CCC1": [
    1.4378312826156616,
    0.07315240055322647,
    0.43492650985717773,
    -0.45345640182495117,
    0.05289720371365547,
    -0.08668112754821777,
    1.4054385423660278,
    -0.6347607374191284,
    -1.3044846057891846,
    -0.5541978478431702,
    1.1584761142730713,
    -1.9893943071365356,
    -0.14743740856647491,
    0.9386173486709595,
    -1.3887521028518677,
    1.04899001121521
  ],
  "C1CCCCC1": [
    1.192022442817688,
    0.25158217549324036,
    -0.27025333046913147,
    -0.7494589686393738,
    -0.6274387836456299,
    -0.6780325174331665,
    1.7421042919158936,
    -0.36478108167648315,
    -1.153784990310669,
    -0.3980124592781067,
    1.1090706586837769,
    -1.7279802560806274,
    -0.4242934584617615,
    1.7836939096450806,
    -0.4864621162414551,
    0.8034751415252686
  ],
  "CC(O)C": [
    1.4903485774993896,
    -0.12924544513225555,
    0.538237452507019,
    -0.4349236786365509,
    0.7117816209793091,
    -0.37707120180130005,
    0.7425693273544312,
    -0.8127765655517578,
    -1.0027201175689697,
    -1.0639002323150635,
    1.4947773218154907,
    -1.610719084739685,
    0.24006426334381104,
    0.6714992523193359,
    -1.6327818632125854,
    1.1621266603469849
  ],
  "O.CC#N": [
    1.3043160438537598,
    -0.9473606944084167,
    0.15996390581130981,
    -0.15398907661437988,
    0.9526065587997437,
    -0.9039291143417358,
    0.276163786649704,
    -0.46522271633148193,
    -0.8544360995292664,
    -0.8950479626655579,
    1.7582628726959229,
    -1.216842770576477,
    0.545738935470581,
    0.5422483086585999,
    -1.5847301483154297,
    1.4694325923919678
  ],
  "CC#N": [
    1.4257529973983765,
    -0.4248356521129608,
    0.5384172797203064,
    -0.24863633513450623,
    0.6837339401245117,
    -0.2596455514431,
    0.6186460852622986,
    -0.6798917651176453,
    -0.750495433807373,
    -1.0921368598937988,
    1.5204739570617676,
    -1.6608349084854126,
    0.3138280510902405,
    0.4895171821117401,
    -1.7986347675323486,
    1.3109445571899414
  ],
  "CC#N.CC(=O)O": [
    1.4760477542877197,
    -0.47717753052711487,
    0.42352649569511414,
    -0.32166266441345215,
    0.7333282232284546,
    -0.34419581294059753,
    0.5458434224128723,
    -0.8540383577346802,
    -0.6266265511512756,
    -1.1483210325241089,
    1.6229239702224731,
    -1.4317892789840698,
    0.34676212072372437,
    0.569351315498352,
    -1.7974611520767212,
    1.270100712776184
  ],
  "CCOCC": [
    1.3581740856170654,
    0.11893011629581451,
    0.23562687635421753,
    -0.4652414321899414,
    -0.009343985468149185,
    -0.25474658608436584,
    1.572390079498291,
    -0.579865038394928,
    -1.355015754699707,
    -0.5636635422706604,
    1.2958911657333374,
    -1.9059478044509888,
    -0.17312614619731903,
    1.0190662145614624,
    -1.2709096670150757,
    0.9707379341125488
  ],
  "OCC(F)(F)F": [
    1.3909049034118652,
    -0.45793721079826355,
    0.3374854326248169,
    -0.7401951551437378,
    0.3328932523727417,
    -0.6182241439819336,
    0.9768837094306946,
    -0.6608288884162903,
    -0.4255814850330353,
    -1.4222626686096191,
    1.3772985935211182,
    -1.176611065864563,
    0.5326148867607117,
    0.6834288835525513,
    -1.667818546295166,
    1.5299023389816284
  ],
  "O.OCC(F)(F)F": [
    1.2203264236450195,
    -1.0781608819961548,
    0.10183348506689072,
    -0.3317083716392517,
    0.9829071164131165,
    -1.0198514461517334,
    0.3173847198486328,
    -0.3039436340332031,
    -0.8007476329803467,
    -1.0139563083648682,
    1.7317689657211304,
    -1.0578197240829468,
    0.6679278612136841,
    0.620191752910614,
    -1.5120011568069458,
    1.4654383659362793
  ],
  "CN(C)C(C)=O": [
    1.4694132804870605,
    -0.09247440844774246,
    0.6883300542831421,
    -0.41806140542030334,
    0.6751943230628967,
    -0.17271973192691803,
    0.8355560898780823,
    -0.8263217210769653,
    -1.1291416883468628,
    -0.9263912439346313,
    1.3377481698989868,
    -1.8191949129104614,
    0.1315881609916687,
    0.7503031492233276,
    -1.5718410015106201,
    1.0554094314575195
  ],
  "CCCCCCCCCCO": [
    1.3628190755844116,
    0.14617855846881866,
    0.22409483790397644,
    -0.6507664322853088,
    0.16127139329910278,
    -0.05989393591880798,
    1.312691330909729,
    -0.71332848072052,
    -1.5569205284118652,
    -0.473306804895401,
    1.4121620655059814,
    -1.7811769247055054,
    -0.24635981023311615,
    1.2251322269439697,
    -1.1926746368408203,
    0.8226990103721619
  ],
  "OCC": [
    1.4538242816925049,
    -0.4147234261035919,
    0.45191019773483276,
    -0.32600608468055725,
    0.8846398591995239,
    -0.40071579813957214,
    0.6195020079612732,
    -0.8179153800010681,
    -0.8453158736228943,
    -1.1353342533111572,
    1.5412737131118774,
    -1.3860626220703125,
    0.3333965837955475,
    0.6205896735191345,
    -1.7951651811599731,
    1.2033252716064453
  ],
  "C1CCOC1": [
    1.4010957479476929,
    -0.009953961707651615,
    0.486820787191391,
    -0.4262147545814514,
    0.15190234780311584,
    -0.059760283678770065,
    1.3067289590835571,
    -0.62289959192276,
    -1.2526230812072754,
    -0.5438988208770752,
    1.322104811668396,
    -2.0469324588775635,
    -0.17710848152637482,
    0.8835923075675964,
    -1.4125920534133911,
    0.9900384545326233
  ],
  "[C@H]12CCC([C@H](OC1)O2)=O": [
    1.5749832391738892,
    -0.3908317983150482,
    0.7283978462219238,
    -0.2890600562095642,
    0.9779267907142639,
    -0.3835240304470062,
    0.3935411274433136,
    -0.8698878288269043,
    -0.8488041758537292,
    -0.9647278785705566,
    1.441592812538147,
    -1.6793934106826782,
    0.2992430627346039,
    0.511953592300415,
    -1.6304713487625122,
    1.1140098571777344
  ],
  "O=C(OCC)C": [
    1.228042483329773,
    0.056429218500852585,
    0.24661071598529816,
    -0.307725191116333,
    -0.12431082874536514,
    -0.024029310792684555,
    1.6051390171051025,
    -0.6427527070045471,
    -1.3480345010757446,
    -0.4659763276576996,
    1.2785767316818237,
    -1.9983272552490234,
    -0.2917623519897461,
    1.11855947971344,
    -1.2579820156097412,
    0.9205947518348694
  ],
  "CC(C)(C)OC": [
    1.1367602348327637,
    0.20559756457805634,
    -0.12761329114437103,
    -0.6017810702323914,
    -0.5091303586959839,
    -0.3326219618320465,
    1.8798528909683228,
    -0.4949561655521393,
    -1.3749128580093384,
    -0.390188992023468,
    1.1844521760940552,
    -1.7695598602294922,
    -0.3283768594264984,
    1.5144143104553223,
    -0.7896211743354797,
    0.7967296242713928
  ],