{
  "CO": [
    1.8494868278503418,
    -0.26238614320755005,
    0.14753620326519012,
    -0.03242948278784752,
    0.030133714899420738,
    -1.669111967086792,
    0.7548431754112244,
    -0.21874330937862396,
    0.3866511285305023,
    -1.5985974073410034,
    0.16695886850357056,
    -1.0504486560821533,
    0.11267583817243576,
    0.8416594862937927,
    -1.183261513710022,
    1.7512398958206177
  ],
  "OCCO": [
    2.0118823051452637,
    -0.43291422724723816,
    0.2083086520433426,
    0.37599852681159973,
    0.6487541794776917,
    -1.6119136810302734,
    0.731537938117981,
    -0.3078814744949341,
    -0.19473141431808472,
    -1.421990156173706,
    0.18525144457817078,
    -1.1488910913467407,
    0.023648448288440704,
    0.6763192415237427,
    -1.2712208032608032,
    1.5545835494995117
  ],
  "C(C(F)(F)F)(C(F)(F)F)O": [
    1.2977848052978516,
    -0.31001272797584534,
    0.02427523210644722,
    -0.2314084768295288,
    -0.35555464029312134,
    -1.8461827039718628,
    0.5821971297264099,
    0.10281609743833542,
    0.44442009925842285,
    -1.926741361618042,
    0.2685670554637909,
    -0.8692687153816223,
    0.4626508057117462,
    0.7326189279556274,
    -0.4574178159236908,
    2.102389097213745
  ],
  "O1C(C)CCC1": [
    2.0876832008361816,
    0.7368437051773071,
    0.3016536831855774,
    -0.1796509027481079,
    -0.5743061900138855,
    -0.6428824067115784,
    1.5442049503326416,
    -0.4623134732246399,
    -0.35354968905448914,
    -1.0151783227920532,
    0.3197847604751587,
    -1.8431243896484375,
    -0.5471396446228027,
    0.7587756514549255,
    -1.109757661819458,
    1.0045305490493774
  ],
  "C1CCCCC1": [
    1.9516555070877075,
    0.6739025712013245,
    0.06499997526407242,
    -0.23949000239372253,
    -1.0649442672729492,
    -0.9665904641151428,
    1.5161091089248657,
    -0.16076554358005524,
    -0.2581198215484619,
    -0.8353893160820007,
    0.767989456653595,
    -1.8810842037200928,
    -0.468196302652359,
    0.9007925391197205,
    -0.8539064526557922,
    0.8766604661941528
  ],
  "CC(O)C": [
    2.1559176445007324,
    0.38623282313346863,
    0.31181320548057556,
    -0.047657810151576996,
    -0.05645662173628807,
    -1.1321682929992676,
    1.1816781759262085,
    -0.45682498812675476,
    -0.14687132835388184,
    -1.428636908531189,
    0.361648291349411,
    -1.465597152709961,
    -0.3381944000720978,
    0.7186997532844543,
    -1.291001319885254,
    1.2765835523605347
  ],
  "O.CC#N": [
    1.841769814491272,
    -0.6042839288711548,
    0.0357355922460556,
    0.2533746063709259,
    0.28437158465385437,
    -1.8255383968353271,
    0.5672733187675476,
    -0.059697363525629044,
    -0.16702218353748322,
    -1.4691344499588013,
    0.426290899515152,
    -1.0040439367294312,
    0.21069853007793427,
    0.7757485508918762,
    -1.0446323156356812,
    1.8010406494140625
  ],
  "CC#N": [
    2.2076523303985596,
    0.226090207695961,
    0.2711217999458313,
    0.054800815880298615,
    -0.11389835178852081,
    -1.1221797466278076,
    1.1308120489120483,
    -0.3596871495246887,
    0.048455409705638885,
    -1.4479873180389404,
    0.4067719280719757,
    -1.5073609352111816,
    -0.287932813167572,
    0.5637860298156738,
    -1.3313274383544922,
    1.288074016571045
  ],
  "CC#N.CC(=O)O": [
    2.18343186378479,
    0.09048305451869965,
    0.23335708677768707,
    0.022312752902507782,
    -0.06999082863330841,
    -1.2549837827682495,
    0.9653507471084595,
    -0.4333893954753876,
    0.1727866232395172,
    -1.4900275468826294,
    0.46440133452415466,
    -1.313237190246582,
    -0.2341938465833664,
    0.6798484325408936,
    -1.3702272176742554,
    1.3811280727386475
  ],
  "CCOCC": [
    1.874249815940857,
    0.8094836473464966,
    0.044717565178871155,
    -0.1162223145365715,
    -0.8624669313430786,
    -0.5433022975921631,
    1.7396035194396973,
    -0.5012782216072083,
    -0.46218594908714294,
    -0.9329807162284851,
    0.4877677857875824,
    -1.858259916305542,
    -0.6511660218238831,
    0.9120545387268066,
    -0.8570547699928284,
    0.9426916241645813
  ],
  "OCC(F)(F)F": [
    1.7340517044067383,
    -0.21168795228004456,
    0.13469389081001282,
    -0.15682390332221985,
    -0.22946734726428986,
    -1.735146403312683,
    0.7616938948631287,
    -0.12162414938211441,
    0.3229634165763855,
    -1.802798867225647,
    0.291261225938797,
    -0.9899921417236328,
    0.26045066118240356,
    0.80600506067276,
    -0.8520946502685547,
    1.8148664236068726
  ],
  "O.OCC(F)(F)F": [
    1.7275127172470093,
    -0.7201298475265503,
    -0.12479269504547119,
    0.18520188331604004,
    0.317412793636322,
    -1.9808241128921509,
    0.27883484959602356,
    0.01125301606953144,
    -0.047836385667324066,
    -1.5212422609329224,
    0.37868401408195496,
    -0.6783755421638489,
    0.26602011919021606,
    0.9352876543998718,
    -0.8923732042312622,
    1.8871725797653198
  ],
  "CN(C)C(C)=O": [
    2.159642219543457,
    0.5612725615501404,
    0.4746418297290802,
    -0.08618593961000443,
    -0.11375503987073898,
    -0.8718500137329102,
    1.2028136253356934,
    -0.5113800764083862,
    -0.2825571894645691,
    -1.319239616394043,
    0.3136661648750305,
    -1.7176945209503174,
    -0.43670853972435,
    0.7222419381141663,
    -1.2190827131271362,
    1.1509199142456055
  ],
  "CCCCCCCCCCO": [
    2.0103769302368164,
    0.6824861168861389,
    0.27437925338745117,
    -0.3152323365211487,
    -0.5323601365089417,
    -0.5857024192810059,
    1.464099407196045,
    -0.5374768972396851,
    -0.5944617986679077,
    -1.0071901082992554,
    0.543671190738678,
    -1.855491042137146,
    -0.5900982022285461,
    1.0074522495269775,
    -0.9493721127510071,
    1.0096372365951538
  ],
  "OCC": [
    2.18402361869812,
    0.08521604537963867,
    0.24479298293590546,
    -0.009035691618919373,
    0.07485369592905045,
    -1.2579041719436646,
    1.0661215782165527,
    -0.4555666148662567,
    0.009285452775657177,
    -1.4739974737167358,
    0.32304564118385315,
    -1.207152247428894,
    -0.24337030947208405,
    0.7433145642280579,
    -1.4251660108566284,
    1.3717522621154785
  ],
  "C1CCOC1": [
    2.055206537246704,
    0.6511602401733398,
    0.2905356287956238,
    -0.14427098631858826,
    -0.6072562336921692,
    -0.5620272755622864,
    1.561024785041809,
    -0.4300966262817383,
    -0.25801143050193787,
    -0.9785176515579224,
    0.3920276463031769,
    -1.922021746635437,
    -0.6405186057090759,
    0.7537276744842529,
    -1.122527837753296,
    0.9861928224563599
  ],
  "[C@H]12CCC([C@H](OC1)O2)=O": [
    2.2700493335723877,
    0.06695790588855743,
    0.4464598000049591,
    0.018283532932400703,
    0.20445851981639862,
    -1.1556503772735596,
    0.9605573415756226,
    -0.5065476298332214,
    -0.10630743205547333,
    -1.396212100982666,
    0.20404262840747833,
    -1.4673405885696411,
    -0.23996785283088684,
    0.6947063207626343,
    -1.2931294441223145,
    1.3271292448043823
  ],
  "O=C(OCC)C": [
    2.0623698234558105,
    0.7540237903594971,
    0.19309701025485992,
    -0.12040631473064423,
    -0.6449716687202454,
    -0.5389211773872375,
    1.6057400703430176,
    -0.436044842004776,
    -0.25346043705940247,
    -0.9798637628555298,
    0.3813090920448303,
    -1.8231021165847778,
    -0.703641951084137,
    0.7627967596054077,
    -1.1645742654800415,
    0.9318463206291199
  ],
  "CC(C)(C)OC": [
    1.7333770990371704,
    0.7811506986618042,
    -0.08922438323497772,
    -0.33219900727272034,
    -1.1253070831298828,
    -0.5087012648582458,
    1.8348369598388672,
    -0.471345454454422,
    -0.4116586446762085,
    -0.8753231167793274,
    0.4981535077095032,
    -1.7684423923492432,
    -0.6756216883659363,
    1.1799396276474,
    -0.620757520198822,
    0.8789979815483093
  ],