{
  "CO": [
    2.01717472076416,
    -0.26711052656173706,
    -0.01501283049583435,
    0.13817237317562103,
    0.2250148206949234,
    -1.727495551109314,
    0.4877631366252899,
    -0.3562640845775604,
    0.23620299994945526,
    -1.5936360359191895,
    0.38938209414482117,
    -0.8090133666992188,
    0.06532958149909973,
    0.8441774249076843,
    -1.2502143383026123,
    1.6415143013000488
  ],
  "OCCO": [
    1.9699530601501465,
    -0.44659876823425293,
    0.13973911106586456,
    0.40822845697402954,
    0.6587827205657959,
    -1.6612217426300049,
    0.6876703500747681,
    -0.24985675513744354,
    -0.19886215031147003,
    -1.4340410232543945,
    0.2179637998342514,
    -1.0874069929122925,
    -0.012340987101197243,
    0.7302340865135193,
    -1.2730391025543213,
    1.5776922702789307
  ],
  "C(C(F)(F)F)(C(F)(F)F)O": [
    1.4579516649246216,
    -0.31212133169174194,
    0.07341742515563965,
    -0.2139531522989273,
    -0.4691053628921509,
    -1.7157931327819824,
    0.7182675004005432,
    -0.1176854744553566,
    0.2725941836833954,
    -2.0194220542907715,
    0.6904220581054688,
    -0.9206094145774841,
    0.5323978662490845,
    0.7545445561408997,
    -0.523686408996582,
    1.8168758153915405
  ],
  "O1C(C)CCC1": [
    2.009146213531494,
    0.7215273380279541,
    0.25528186559677124,
    -0.15293899178504944,
    -0.6733601689338684,
    -0.5175371170043945,
    1.6369400024414062,
    -0.49171313643455505,
    -0.39165565371513367,
    -0.9356694221496582,
    0.26251524686813354,
    -1.8729568719863892,
    -0.6279972791671753,
    0.8193479776382446,
    -1.053573727607727,
    1.0373008251190186
  ],
  "C1CCCCC1": [
    1.7099820375442505,
    0.7145533561706543,
    -0.1823091059923172,
    -0.48433923721313477,
    -1.201961874961853,
    -0.9008305668830872,
    1.53435218334198,
    -0.33897483348846436,
    -0.28880298137664795,
    -0.8107452988624573,
    0.6412939429283142,
    -1.7368383407592773,
    -0.6244014501571655,
    1.4629918336868286,
    -0.3922680914402008,
    0.925128698348999
  ],
  "CC(O)C": [
    2.1708476543426514,
    0.38973864912986755,
    0.2927025854587555,
    -0.018755437806248665,
    -0.04080319404602051,
    -1.1225676536560059,
    1.1444814205169678,
    -0.4514619708061218,
    -0.1636006087064743,
    -1.4462817907333374,
    0.36264050006866455,
    -1.4403806924819946,
    -0.359590083360672,
    0.7143400311470032,
    -1.2973700761795044,
    1.2949156761169434
  ],
  "O.CC#N": [
    1.8644007444381714,
    -0.6122849583625793,
    0.026614977046847343,
    0.24875402450561523,
    0.3268313705921173,
    -1.8373565673828125,
    0.5513128042221069,
    -0.103894904255867,
    -0.18885979056358337,
    -1.432925820350647,
    0.4501427412033081,
    -1.0083894729614258,
    0.22262978553771973,
    0.7956314086914062,
    -1.047965168952942,
    1.7673768997192383
  ],
  "CC#N": [
    2.214177370071411,
    0.23246262967586517,
    0.2673022150993347,
    0.04755530506372452,
    -0.10370197892189026,
    -1.093511700630188,
    1.1241707801818848,
    -0.3949294686317444,
    0.04775729402899742,
    -1.4573311805725098,
    0.428074449300766,
    -1.5018309354782104,
    -0.2860549986362457,
    0.56357342004776,
    -1.3395782709121704,
    1.2789920568466187
  ],
  "CC#N.CC(=O)O": [
    2.1855478286743164,
    0.09634369611740112,
    0.23408672213554382,
    0.051444631069898605,
    -0.05304960533976555,
    -1.1924505233764648,
    0.9844232201576233,
    -0.3908061385154724,
    0.14021383225917816,
    -1.4896013736724854,
    0.4556269943714142,
    -1.3350788354873657,
    -0.2812216877937317,
    0.6564715504646301,
    -1.4134451150894165,
    1.3783234357833862
  ],
  "CCOCC": [
    1.8436013460159302,
    0.7913773059844971,
    0.025363462045788765,
    -0.1507900208234787,
    -0.9270084500312805,
    -0.509424090385437,
    1.7840930223464966,
    -0.4988369941711426,
    -0.49447181820869446,
    -0.9074907302856445,
    0.4437490999698639,
    -1.8461767435073853,
    -0.6467848420143127,
    0.9760792851448059,
    -0.7963056564331055,
    0.9390782117843628
  ],
  "OCC(F)(F)F": [
    1.8194135427474976,
    -0.2536807656288147,
    0.11484164744615555,
    -0.1343614161014557,
    -0.14283205568790436,
    -1.7421211004257202,
    0.7287553548812866,
    -0.2655077874660492,
    0.2090710550546646,
    -1.7487863302230835,
    0.521149218082428,
    -0.9161370396614075,
    0.29518231749534607,
    0.8392869830131531,
    -0.9920200705528259,
    1.6945098638534546
  ],
  "O.OCC(F)(F)F": [
    1.654977560043335,
    -0.7436525821685791,
    -0.08003783226013184,
    0.20116956532001495,
    0.31818926334381104,
    -2.025273084640503,
    0.40758973360061646,
    -0.014564193785190582,
    -0.19386589527130127,
    -1.4947023391723633,
    0.4679950773715973,
    -0.720250129699707,
    0.33598530292510986,
    0.9273766875267029,
    -0.8709433078765869,
    1.8526606559753418
  ],
  "CN(C)C(C)=O": [
    2.146585464477539,
    0.5361961722373962,
    0.47483178973197937,
    -0.10319938510656357,
    -0.11285404115915298,
    -0.8820998668670654,
    1.2225537300109863,
    -0.5050262212753296,
    -0.25420790910720825,
    -1.3379945755004883,
    0.3036492168903351,
    -1.7146377563476562,
    -0.4199431836605072,
    0.7524494528770447,
    -1.2186434268951416,
    1.1399534940719604
  ],
  "CCCCCCCCCCO": [
    2.035151720046997,
    0.6651121973991394,
    0.2599110007286072,
    -0.3259503245353699,
    -0.4894149601459503,
    -0.5733716487884521,
    1.4483262300491333,
    -0.5646547675132751,
    -0.5712915062904358,
    -0.9850975871086121,
    0.5054574608802795,
    -1.8269164562225342,
    -0.6169998049736023,
    1.0020428895950317,
    -0.9958036541938782,
    1.0577905178070068
  ],
  "OCC": [
    2.1724464893341064,
    0.07457197457551956,
    0.22369080781936646,
    0.020524119958281517,
    0.07930970191955566,
    -1.302170991897583,
    1.0451006889343262,
    -0.4379192888736725,
    0.00317784515209496,
    -1.47539484500885,
    0.33058929443359375,
    -1.1806447505950928,
    -0.22600145637989044,
    0.7417329549789429,
    -1.4300315380096436,
    1.3910412788391113
  ],
  "C1CCOC1": [
    2.0648372173309326,
    0.6602006554603577,
    0.3096701502799988,
    -0.1384924352169037,
    -0.601594090461731,
    -0.573495090007782,
    1.5528080463409424,
    -0.4366265535354614,
    -0.31102439761161804,
    -0.9324241876602173,
    0.4157388508319855,
    -1.9460121393203735,
    -0.6360524296760559,
    0.7218251824378967,
    -1.1062277555465698,
    0.9806729555130005
  ],
  "[C@H]12CCC([C@H](OC1)O2)=O": [
    2.279982328414917,
    0.014993827790021896,
    0.395120769739151,
    0.05613740533590317,
    0.30009081959724426,
    -1.1807770729064941,
    0.8935540914535522,
    -0.48815542459487915,
    -0.10746842622756958,
    -1.3899598121643066,
    0.2757861018180847,
    -1.4112608432769775,
    -0.2701765298843384,
    0.692291259765625,
    -1.3570661544799805,
    1.3242082595825195
  ],
  "O=C(OCC)C": [
    2.001171350479126,
    0.8065697550773621,
    0.17418906092643738,
    -0.09641480445861816,
    -0.699340283870697,
    -0.5756224393844604,
    1.6286393404006958,
    -0.4411686658859253,
    -0.32932835817337036,
    -0.9736559987068176,
    0.4304133653640747,
    -1.8676295280456543,
    -0.6753082871437073,
    0.7626821994781494,
    -1.061819314956665,
    0.9421250820159912
  ],
  "CC(C)(C)OC": [
    1.940036654472351,
    0.7943359017372131,
    -0.01740717701613903,
    -0.26382017135620117,
    -0.8946108818054199,
    -0.6140575408935547,
    1.7625408172607422,
    -0.3896137475967407,
    -0.22479093074798584,
    -0.9292090535163879,
    0.5330797433853149,
    -1.768558144569397,
    -0.6978349089622498,
    0.9144694805145264,
    -0.9527086615562439,
    0.8369075655937195
  ],