{
  "CO": [
    1.927632451057434,
    -0.34156307578086853,
    0.05510847270488739,
    0.07465268671512604,
    0.0832463875412941,
    -1.6317278146743774,
    0.755818784236908,
    -0.34225425124168396,
    0.17511586844921112,
    -1.5694984197616577,
    0.5029361248016357,
    -1.0783964395523071,
    0.1554044783115387,
    0.8254984021186829,
    -1.209386944770813,
    1.6375738382339478
  ],
  "OCCO": [
    1.9894816875457764,
    -0.513312578201294,
    0.16467450559139252,
    0.4092286229133606,
    0.6586937308311462,
    -1.6353431940078735,
    0.6455690860748291,
    -0.238351970911026,
    -0.2642801105976105,
    -1.3830764293670654,
    0.32898589968681335,
    -1.240127444267273,
    0.04771936312317848,
    0.6976426243782043,
    -1.2018733024597168,
    1.553488850593567
  ],
  "C(C(F)(F)F)(C(F)(F)F)O": [
    1.6339695453643799,
    -0.28753361105918884,
    0.01984262466430664,
    -0.25083160400390625,
    -0.25373420119285583,
    -1.6760544776916504,
    0.35378721356391907,
    0.019549420103430748,
    0.41340407729148865,
    -2.071674346923828,
    0.5477975010871887,
    -0.9086976647377014,
    0.5386569499969482,
    0.6273751258850098,
    -0.5532445311546326,
    1.8634026050567627
  ],
  "O1C(C)CCC1": [
    2.08807635307312,
    0.6568855047225952,
    0.3340914249420166,
    -0.21807706356048584,
    -0.5985568761825562,
    -0.566754162311554,
    1.5017136335372925,
    -0.4326426684856415,
    -0.3451659679412842,
    -0.9709908962249756,
    0.33200332522392273,
    -1.8890388011932373,
    -0.5553313493728638,
    0.7783356308937073,
    -1.1424576044082642,
    1.0468826293945312
  ],
  "C1CCCCC1": [
    1.6536486148834229,
    0.7026762962341309,
    -0.1966523379087448,
    -0.6431134343147278,
    -1.1931380033493042,
    -0.8443721532821655,
    1.4148212671279907,
    -0.31391772627830505,
    -0.31293046474456787,
    -0.7998803853988647,
    0.6223853230476379,
    -1.7842150926589966,
    -0.5825067758560181,
    1.6181607246398926,
    -0.2551831305027008,
    0.9357001781463623
  ],
  "CC(O)C": [
    2.135371685028076,
    0.3541872501373291,
    0.2857852280139923,
    -0.03144749253988266,
    -0.05564247816801071,
    -1.0843572616577148,
    1.1201294660568237,
    -0.4153154790401459,
    -0.20324748754501343,
    -1.4316092729568481,
    0.48090288043022156,
    -1.5462615489959717,
    -0.3155597448348999,
    0.7267930507659912,
    -1.2905622720718384,
    1.2924432754516602
  ],
  "O.CC#N": [
    1.960378646850586,
    -0.5955339074134827,
    0.0032360318582504988,
    0.15840168297290802,
    0.3177472949028015,
    -1.7847727537155151,
    0.4777522385120392,
    -0.1838298887014389,
    -0.12688645720481873,
    -1.4412357807159424,
    0.4906272888183594,
    -1.0054174661636353,
    0.26858481764793396,
    0.7245062589645386,
    -1.0262858867645264,
    1.7783483266830444
  ],
  "CC#N": [
    2.1693050861358643,
    0.15884383022785187,
    0.2553355395793915,
    0.03316338360309601,
    -0.14070852100849152,
    -1.0559920072555542,
    1.07423996925354,
    -0.34683758020401,
    0.02203279547393322,
    -1.450290560722351,
    0.5242541432380676,
    -1.6081665754318237,
    -0.19616784155368805,
    0.5943372845649719,
    -1.3269773721694946,
    1.312802791595459
  ],
  "CC#N.CC(=O)O": [
    2.1706323623657227,
    0.02665998972952366,
    0.22777390480041504,
    -0.021680166944861412,
    -0.04740246385335922,
    -1.226667881011963,
    0.919301450252533,
    -0.3956104815006256,
    0.14805394411087036,
    -1.4966570138931274,
    0.527984619140625,
    -1.371168851852417,
    -0.162201389670372,
    0.6840986013412476,
    -1.3653203248977661,
    1.402349829673767
  ],
  "CCOCC": [
    1.7815749645233154,
    0.7296500205993652,
    0.10540225356817245,
    -0.20847776532173157,
    -0.9809296131134033,
    -0.5003072619438171,
    1.7133140563964844,
    -0.45406368374824524,
    -0.44603970646858215,
    -0.8813128471374512,
    0.4676307737827301,
    -1.9176400899887085,
    -0.6036993265151978,
    1.0122487545013428,
    -0.8344360589981079,
    1.0360593795776367
  ],
  "OCC(F)(F)F": [
    1.8011540174484253,
    -0.3256792724132538,
    0.09060784429311752,
    -0.1028367206454277,
    -0.09773962199687958,
    -1.7828103303909302,
    0.6744503378868103,
    -0.17854346334934235,
    0.09972753375768661,
    -1.714600920677185,
    0.5970567464828491,
    -1.035536766052246,
    0.39213261008262634,
    0.8526579737663269,
    -0.9181295037269592,
    1.6681504249572754
  ],
  "O.OCC(F)(F)F": [
    1.4506964683532715,
    -0.7545325756072998,
    0.020380523055791855,
    -0.10195588320493698,
    0.1287442296743393,
    -1.945951223373413,
    0.4444885849952698,
    0.22545354068279266,
    -0.03162870928645134,
    -1.7056471109390259,
    0.3789624869823456,
    -0.8265751600265503,
    0.5632619261741638,
    0.863268256187439,
    -0.6638469099998474,
    1.971786379814148
  ],
  "CN(C)C(C)=O": [
    2.144235849380493,
    0.5270468592643738,
    0.5082609057426453,
    -0.14247672259807587,
    -0.14013467729091644,
    -0.8223780393600464,
    1.144439458847046,
    -0.48902007937431335,
    -0.3368186056613922,
    -1.2872374057769775,
    0.38342100381851196,
    -1.7868155241012573,
    -0.39608731865882874,
    0.7516403794288635,
    -1.2130030393600464,
    1.1743357181549072
  ],
  "CCCCCCCCCCO": [
    1.962233304977417,
    0.6890832781791687,
    0.23655709624290466,
    -0.34476011991500854,
    -0.6342048645019531,
    -0.4590550363063812,
    1.436844825744629,
    -0.5736817121505737,
    -0.6892536282539368,
    -0.9322729706764221,
    0.6340234279632568,
    -1.9183398485183716,
    -0.5612109303474426,
    1.1243482828140259,
    -0.8754229545593262,
    0.9238613843917847
  ],
  "OCC": [
    2.1641509532928467,
    0.04895181953907013,
    0.24613039195537567,
    -0.03136338293552399,
    0.07957085222005844,
    -1.2382147312164307,
    1.000661849975586,
    -0.4121047258377075,
    -0.022158605977892876,
    -1.485577940940857,
    0.40674105286598206,
    -1.2765012979507446,
    -0.1903837025165558,
    0.7400010824203491,
    -1.4138600826263428,
    1.4065823554992676
  ],
  "C1CCOC1": [
    2.009449005126953,
    0.6234666109085083,
    0.2966043949127197,
    -0.17748339474201202,
    -0.6476783156394958,
    -0.508171021938324,
    1.520737648010254,
    -0.4162413775920868,
    -0.2999483048915863,
    -0.9288848638534546,
    0.4481373429298401,
    -1.9855839014053345,
    -0.6135626435279846,
    0.7844222784042358,
    -1.123829960823059,
    1.0360676050186157
  ],
  "[C@H]12CCC([C@H](OC1)O2)=O": [
    2.253725051879883,
    -0.08276939392089844,
    0.3779207170009613,
    0.018774479627609253,
    0.3323591351509094,
    -1.210789680480957,
    0.7915359139442444,
    -0.4447830021381378,
    -0.09335066378116608,
    -1.3599549531936646,
    0.3431892693042755,
    -1.4201740026474,
    -0.18243606388568878,
    0.6818416714668274,
    -1.3901376724243164,
    1.4041266441345215
  ],
  "O=C(OCC)C": [
    1.8775262832641602,
    0.7220028042793274,
    0.1231861487030983,
    -0.1636083573102951,
    -0.8929649591445923,
    -0.4061533510684967,
    1.7169374227523804,
    -0.45864179730415344,
    -0.2829958498477936,
    -0.931298017501831,
    0.4059467017650604,
    -1.9232662916183472,
    -0.6713072657585144,
    0.918760359287262,
    -0.9644746780395508,
    0.9506644010543823
  ],
  "CC(C)(C)OC": [
    1.7111717462539673,
    0.7828698754310608,
    -0.07930037379264832,
    -0.24430105090141296,
    -1.103682279586792,
    -0.5705081224441528,
    1.8022189140319824,
    -0.44455686211586,
    -0.4564532935619354,
    -0.850196897983551,
    0.5986031293869019,
    -1.81679105758667,
    -0.6343603730201721,
    1.1502301692962646,
    -0.6945560574531555,
    0.8720446825027466
  ],