{
  "CO": [
    1.9694063663482666,
    -0.2914280593395233,
    0.04833800718188286,
    0.1288715898990631,
    0.17584073543548584,
    -1.6712076663970947,
    0.7137197852134705,
    -0.3450838029384613,
    0.10962716490030289,
    -1.520400881767273,
    0.45512130856513977,
    -0.943138837814331,
    0.07202392816543579,
    0.772724449634552,
    -1.3152644634246826,
    1.6633940935134888
  ],
  "OCCO": [
    2.006107807159424,
    -0.44342756271362305,
    0.1500655859708786,
    0.35594409704208374,
    0.6605324149131775,
    -1.6157928705215454,
    0.661427915096283,
    -0.27713507413864136,
    -0.18680338561534882,
    -1.4290679693222046,
    0.2484586238861084,
    -1.0941179990768433,
    0.003984197974205017,
    0.6912051439285278,
    -1.3000706434249878,
    1.5914974212646484
  ],
  "C(C(F)(F)F)(C(F)(F)F)O": [
    1.5895581245422363,
    -0.3095974922180176,
    0.0942874327301979,
    -0.2575501799583435,
    -0.5663642883300781,
    -1.6132590770721436,
    0.6952514052391052,
    -0.14453360438346863,
    0.2840772271156311,
    -2.0446455478668213,
    0.7157715559005737,
    -0.9380055069923401,
    0.5045101642608643,
    0.8132128715515137,
    -0.5138267874717712,
    1.713407278060913
  ],
  "O1C(C)CCC1": [
    2.0982279777526855,
    0.66659015417099,
    0.30376651883125305,
    -0.2062283158302307,
    -0.5875986218452454,
    -0.5692303776741028,
    1.5374503135681152,
    -0.44009464979171753,
    -0.2662806510925293,
    -0.9962643384933472,
    0.3006022870540619,
    -1.8435111045837402,
    -0.6049870252609253,
    0.7355981469154358,
    -1.1618775129318237,
    1.055748462677002
  ],
  "C1CCCCC1": [
    1.7006696462631226,
    0.7300664186477661,
    -0.15398073196411133,
    -0.37644243240356445,
    -1.2753523588180542,
    -0.8729137778282166,
    1.5435312986373901,
    -0.34593647718429565,
    -0.4008138179779053,
    -0.7190718054771423,
    0.7397257685661316,
    -1.7937273979187012,
    -0.6087102890014648,
    1.3585063219070435,
    -0.4132849872112274,
    0.9095142483711243
  ],
  "CC(O)C": [
    2.0388989448547363,
    0.3756888210773468,
    0.3340170085430145,
    -0.06108458712697029,
    -0.22700253129005432,
    -1.0666943788528442,
    1.315717339515686,
    -0.4371120035648346,
    -0.05230376124382019,
    -1.3876023292541504,
    0.2996978461742401,
    -1.58400297164917,
    -0.2954883873462677,
    0.7326100468635559,
    -1.2822208404541016,
    1.3218212127685547
  ],
  "O.CC#N": [
    1.859298586845398,
    -0.5770975947380066,
    0.013810024596750736,
    0.22771964967250824,
    0.24669918417930603,
    -1.8510987758636475,
    0.5643276572227478,
    -0.09435964375734329,
    -0.19415681064128876,
    -1.4720571041107178,
    0.5228963494300842,
    -1.0287593603134155,
    0.2591734528541565,
    0.7598952651023865,
    -0.9834479093551636,
    1.7661840915679932
  ],
  "CC#N": [
    2.1851704120635986,
    0.2104281485080719,
    0.2598237097263336,
    0.06223728135228157,
    -0.1324581354856491,
    -1.0594474077224731,
    1.1001133918762207,
    -0.36458802223205566,
    0.025516247376799583,
    -1.452362060546875,
    0.5005652904510498,
    -1.5492810010910034,
    -0.2789445221424103,
    0.5755864381790161,
    -1.353776216506958,
    1.2939773797988892
  ],
  "CC#N.CC(=O)O": [
    2.170736074447632,
    0.06853021681308746,
    0.21740344166755676,
    0.022211981937289238,
    -0.09249116480350494,
    -1.208064317703247,
    0.9718073010444641,
    -0.41427093744277954,
    0.16895557940006256,
    -1.503034234046936,
    0.5398582220077515,
    -1.3667387962341309,
    -0.2262376844882965,
    0.662192702293396,
    -1.3613269329071045,
    1.3736233711242676
  ],
  "CCOCC": [
    1.8831814527511597,
    0.8039670586585999,
    0.07917723804712296,
    -0.18082062900066376,
    -0.9008562564849854,
    -0.5376866459846497,
    1.7168903350830078,
    -0.467440128326416,
    -0.42279186844825745,
    -0.945935845375061,
    0.47380441427230835,
    -1.850750207901001,
    -0.6280075311660767,
    0.8864336609840393,
    -0.8758692741394043,
    0.9890953302383423
  ],
  "OCC(F)(F)F": [
    1.8837648630142212,
    -0.30147576332092285,
    0.050439853221178055,
    -0.1366463303565979,
    0.025011587888002396,
    -1.7680176496505737,
    0.5960005521774292,
    -0.26997169852256775,
    0.193527489900589,
    -1.7530608177185059,
    0.5479355454444885,
    -0.8002527952194214,
    0.2636371850967407,
    0.8285318613052368,
    -1.0234018564224243,
    1.6879448890686035
  ],
  "O.OCC(F)(F)F": [
    1.6346601247787476,
    -0.7540472149848938,
    -0.01306693721562624,
    0.118958979845047,
    0.2996753454208374,
    -1.9923144578933716,
    0.47951850295066833,
    0.005934728309512138,
    -0.15530279278755188,
    -1.5188391208648682,
    0.40031373500823975,
    -0.7537062168121338,
    0.40923011302948,
    0.8509836196899414,
    -0.8891913294792175,
    1.8970977067947388
  ],
  "CN(C)C(C)=O": [
    2.174089193344116,
    0.5412715673446655,
    0.4888181686401367,
    -0.15756583213806152,
    -0.17209911346435547,
    -0.8138799071311951,
    1.2035021781921387,
    -0.5212832093238831,
    -0.25650864839553833,
    -1.2839431762695312,
    0.3341393768787384,
    -1.7459406852722168,
    -0.4192432761192322,
    0.7322980165481567,
    -1.224510669708252,
    1.1437650918960571
  ],
  "CCCCCCCCCCO": [
    2.063283920288086,
    0.6903949975967407,
    0.2178683876991272,
    -0.37845176458358765,
    -0.5590830445289612,
    -0.4540579319000244,
    1.4324482679367065,
    -0.5428720712661743,
    -0.5891421437263489,
    -0.9431775808334351,
    0.5182012319564819,
    -1.8092453479766846,
    -0.6572490930557251,
    1.021741271018982,
    -1.0155237913131714,
    1.0256885290145874
  ],
  "OCC": [
    2.1052753925323486,
    0.10396832972764969,
    0.29159924387931824,
    0.0087805837392807,
    -0.022253360599279404,
    -1.2313475608825684,
    1.1494357585906982,
    -0.41845303773880005,
    0.0623975470662117,
    -1.4680492877960205,
    0.2896381616592407,
    -1.356151819229126,
    -0.21161320805549622,
    0.7014477849006653,
    -1.3812875747680664,
    1.402505874633789
  ],
  "C1CCOC1": [
    2.033834218978882,
    0.6762787103652954,
    0.307877779006958,
    -0.15658479928970337,
    -0.6417980790138245,
    -0.5334219932556152,
    1.5434540510177612,
    -0.4184211492538452,
    -0.29469916224479675,
    -0.921612024307251,
    0.43887948989868164,
    -1.9629100561141968,
    -0.6560527086257935,
    0.7283313870429993,
    -1.1158851385116577,
    0.993005633354187
  ],
  "[C@H]12CCC([C@H](OC1)O2)=O": [
    2.26487398147583,
    0.04555767402052879,
    0.4557620882987976,
    0.03430609777569771,
    0.18818292021751404,
    -1.153822898864746,
    0.9198649525642395,
    -0.4948609471321106,
    -0.11124227195978165,
    -1.3790514469146729,
    0.28095269203186035,
    -1.4850422143936157,
    -0.23882189393043518,
    0.6768722534179688,
    -1.3185820579528809,
    1.338080883026123
  ],
  "O=C(OCC)C": [
    2.035844564437866,
    0.772937536239624,
    0.25077787041664124,
    -0.1657494455575943,
    -0.7216843366622925,
    -0.612621545791626,
    1.588008165359497,
    -0.4004429280757904,
    -0.27592408657073975,
    -0.9394969344139099,
    0.4352320432662964,
    -1.8732783794403076,
    -0.6259405016899109,
    0.734177827835083,
    -1.1210856437683105,
    0.9413670301437378
  ],
  "CC(C)(C)OC": [
    1.8955363035202026,
    0.8022251129150391,
    0.030491305515170097,
    -0.2340680956840515,
    -0.9475756287574768,
    -0.5525662302970886,
    1.7658404111862183,
    -0.3717460036277771,
    -0.3402932286262512,
    -0.8625400066375732,
    0.610124409198761,
    -1.8322973251342773,
    -0.7152438163757324,
    0.8827139735221863,
    -0.9251341223716736,
    0.8187101483345032
  ],