{
  "CO": [
    1.4997106790542603,
    -0.6702213883399963,
    0.24514387547969818,
    -0.16174474358558655,
    0.8597415685653687,
    -0.8670890927314758,
    0.32212838530540466,
    -0.6790204048156738,
    -0.4449288249015808,
    -1.0982167720794678,
    1.4855998754501343,
    -1.2301971912384033,
    0.42272841930389404,
    0.5939900279045105,
    -1.8043580055236816,
    1.5129809379577637
  ],
  "OCCO": [
    1.5851702690124512,
    -0.5917642116546631,
    0.3690865635871887,
    -0.09456054866313934,
    1.1604211330413818,
    -0.8081390857696533,
    0.4981284439563751,
    -0.8091016411781311,
    -0.6680009365081787,
    -1.0547370910644531,
    1.3794193267822266,
    -1.4481695890426636,
    0.4168911874294281,
    0.49219706654548645,
    -1.6474913358688354,
    1.2069588899612427
  ],
  "C(C(F)(F)F)(C(F)(F)F)O": [
    1.46011483669281,
    -0.46673583984375,
    0.09372522681951523,
    -0.5909848213195801,
    0.5021374821662903,
    -0.96323561668396,
    0.6613636612892151,
    -0.5976555347442627,
    -0.24508607387542725,
    -1.6527044773101807,
    1.544050693511963,
    -0.9530031681060791,
    0.5474023222923279,
    0.5728909969329834,
    -1.4809054136276245,
    1.5607962608337402
  ],
  "O1C(C)CCC1": [
    1.581418514251709,
    0.26930704712867737,
    0.4547150731086731,
    -0.42837846279144287,
    0.009757760912179947,
    -0.11439888924360275,
    1.3839582204818726,
    -0.686506986618042,
    -0.9808942675590515,
    -0.6329305768013,
    1.1276774406433105,
    -2.028020143508911,
    -0.32121673226356506,
    0.7948788404464722,
    -1.4778637886047363,
    1.0390204191207886
  ],
  "C1CCCCC1": [
    1.469583511352539,
    0.18734979629516602,
    0.29805898666381836,
    -0.5054486989974976,
    -0.5650838017463684,
    -0.6131755709648132,
    1.4396363496780396,
    -0.2782711088657379,
    -0.8248344659805298,
    -0.5824052095413208,
    1.3741487264633179,
    -2.118917465209961,
    -0.08125733584165573,
    0.8986797332763672,
    -1.1703174114227295,
    1.0652775764465332
  ],
  "CC(O)C": [
    1.5914796590805054,
    -0.03475581109523773,
    0.4636850357055664,
    -0.30884262919425964,
    0.6132113337516785,
    -0.4112500250339508,
    0.8044793009757996,
    -0.8236239552497864,
    -0.7616890072822571,
    -1.093168020248413,
    1.4711264371871948,
    -1.644451379776001,
    0.0716010332107544,
    0.6529032588005066,
    -1.7345730066299438,
    1.131221890449524
  ],
  "O.CC#N": [
    1.3895671367645264,
    -0.8683575987815857,
    0.17647439241409302,
    -0.13086508214473724,
    0.8337962031364441,
    -1.0585139989852905,
    0.42658036947250366,
    -0.4813334047794342,
    -0.7265350818634033,
    -1.0276296138763428,
    1.6790388822555542,
    -1.3894531726837158,
    0.6087222099304199,
    0.4779239594936371,
    -1.3988325595855713,
    1.4765220880508423
  ],
  "CC#N": [
    1.615084171295166,
    -0.2185899317264557,
    0.47175952792167664,
    -0.2518860101699829,
    0.5619863867759705,
    -0.362030029296875,
    0.8078478574752808,
    -0.8556281328201294,
    -0.5946741104125977,
    -1.1397255659103394,
    1.4172356128692627,
    -1.7232649326324463,
    0.2529381811618805,
    0.4337635338306427,
    -1.6851832866668701,
    1.2564760446548462
  ],
  "CC#N.CC(=O)O": [
    1.5840383768081665,
    -0.3070337772369385,
    0.403049111366272,
    -0.2449176162481308,
    0.6216895580291748,
    -0.3552823066711426,
    0.7057417631149292,
    -0.8689993023872375,
    -0.4835764467716217,
    -1.1963990926742554,
    1.5331811904907227,
    -1.5900825262069702,
    0.20108473300933838,
    0.5233469605445862,
    -1.7651560306549072,
    1.225829005241394
  ],
  "CCOCC": [
    1.463247299194336,
    0.3532155454158783,
    0.2500024139881134,
    -0.4513275623321533,
    -0.20125313103199005,
    -0.2557336986064911,
    1.6397273540496826,
    -0.644011378288269,
    -1.0621827840805054,
    -0.5936999320983887,
    1.1840802431106567,
    -1.9800575971603394,
    -0.36104145646095276,
    0.9126025438308716,
    -1.2638849020004272,
    1.003626823425293
  ],
  "OCC(F)(F)F": [
    1.5794734954833984,
    -0.3819853663444519,
    0.35175713896751404,
    -0.6046685576438904,
    0.2950214743614197,
    -0.8002715706825256,
    0.9397631883621216,
    -0.8414180278778076,
    -0.34108254313468933,
    -1.4596319198608398,
    1.4578783512115479,
    -1.2092024087905884,
    0.5458995699882507,
    0.5105764865875244,
    -1.4752264022827148,
    1.424271583557129
  ],
  "O.OCC(F)(F)F": [
    1.2366507053375244,
    -0.9328885078430176,
    0.23450864851474762,
    -0.4938866198062897,
    0.6966219544410706,
    -1.0624091625213623,
    0.6298844814300537,
    -0.34818384051322937,
    -0.47454404830932617,
    -1.3149187564849854,
    1.5178537368774414,
    -1.126964807510376,
    0.7330190539360046,
    0.5878520011901855,
    -1.4908826351165771,
    1.5997231006622314
  ],
  "CN(C)C(C)=O": [
    1.6051198244094849,
    0.1299588978290558,
    0.7121426463127136,
    -0.40144193172454834,
    0.47837862372398376,
    -0.2218136489391327,
    0.9298791885375977,
    -0.8610395789146423,
    -0.9372988939285278,
    -0.902131974697113,
    1.2413978576660156,
    -1.9252628087997437,
    -0.06667175889015198,
    0.6684060096740723,
    -1.5446959733963013,
    1.082321286201477
  ],
  "CCCCCCCCCCO": [
    1.4024261236190796,
    0.3730023503303528,
    0.26988890767097473,
    -0.6006742715835571,
    -0.11035620421171188,
    -0.05431037023663521,
    1.3943008184432983,
    -0.7717353105545044,
    -1.3197404146194458,
    -0.48318326473236084,
    1.337479591369629,
    -1.9142787456512451,
    -0.41583359241485596,
    1.208821177482605,
    -1.1354259252548218,
    0.8128213286399841
  ],
  "OCC": [
    1.5948457717895508,
    -0.24088221788406372,
    0.48870399594306946,
    -0.3021557033061981,
    0.7294365763664246,
    -0.47979608178138733,
    0.748887836933136,
    -0.8945523500442505,
    -0.6763598918914795,
    -1.1252448558807373,
    1.4124358892440796,
    -1.4984188079833984,
    0.2064133882522583,
    0.5681532025337219,
    -1.7785850763320923,
    1.2341797351837158
  ],
  "C1CCOC1": [
    1.473117709159851,
    0.2071157991886139,
    0.4862532615661621,
    -0.3583771884441376,
    -0.040877796709537506,
    -0.08812498301267624,
    1.390999436378479,
    -0.6683470010757446,
    -1.0096790790557861,
    -0.5457606911659241,
    1.2783758640289307,
    -2.1314141750335693,
    -0.3438931703567505,
    0.7620019316673279,
    -1.4066691398620605,
    0.9853007793426514
  ],
  "[C@H]12CCC([C@H](OC1)O2)=O": [
    1.700561285018921,
    -0.34398651123046875,
    0.6486011743545532,
    -0.2748033106327057,
    0.9123068451881409,
    -0.4775587320327759,
    0.5045788288116455,
    -0.8824360966682434,
    -0.6427345275878906,
    -1.0006120204925537,
    1.3329482078552246,
    -1.6838622093200684,
    0.2284349799156189,
    0.4737476706504822,
    -1.6759792566299438,
    1.1657975912094116
  ],
  "O=C(OCC)C": [
    1.3593980073928833,
    0.3358730375766754,
    0.2612627148628235,
    -0.26154378056526184,
    -0.22480028867721558,
    -0.08804279565811157,
    1.5999268293380737,
    -0.7105787396430969,
    -1.0875952243804932,
    -0.576853334903717,
    1.2771334648132324,
    -2.0316221714019775,
    -0.42728888988494873,
    0.9384469389915466,
    -1.3010343313217163,
    0.9297823905944824
  ],
  "CC(C)(C)OC": [
    1.1500399112701416,
    0.4325143098831177,
    -0.08026939630508423,
    -0.47612664103507996,
    -0.706641674041748,
    -0.25751829147338867,
    1.9055033922195435,
    -0.5787268280982971,
    -1.1624120473861694,
    -0.36204099655151367,
    1.1150732040405273,
    -1.8751240968704224,
    -0.5561566352844238,
    1.3797270059585571,
    -0.7961742281913757,
    0.8673282265663147
  ],