{
  "CO": [
    1.6060775518417358,
    -0.6105579733848572,
    0.11537247896194458,
    -0.1769716441631317,
    0.845673143863678,
    -1.0243804454803467,
    0.31330156326293945,
    -0.6883942484855652,
    -0.16118967533111572,
    -1.257395625114441,
    1.3180534839630127,
    -1.1146900653839111,
    0.4029886722564697,
    0.6618322730064392,
    -1.7758021354675293,
    1.5347282886505127
  ],
  "OCCO": [
    1.6301190853118896,
    -0.6115154027938843,
    0.36374935507774353,
    0.048204950988292694,
    1.1460214853286743,
    -0.9276183843612671,
    0.44468939304351807,
    -0.8029385209083557,
    -0.6053577065467834,
    -1.1123180389404297,
    1.3573273420333862,
    -1.4361308813095093,
    0.3168138861656189,
    0.49762198328971863,
    -1.566898226737976,
    1.2460063695907593
  ],
  "C(C(F)(F)F)(C(F)(F)F)O": [
    1.0930367708206177,
    -0.30367979407310486,
    0.15889862179756165,
    -0.7995775938034058,
    -0.5635652542114258,
    -0.8785617351531982,
    1.3577677011489868,
    -0.14558447897434235,
    0.2856893837451935,
    -1.8608418703079224,
    1.0379501581192017,
    -1.3850432634353638,
    0.3027779757976532,
    0.7671377062797546,
    -0.8481624126434326,
    1.7829761505126953
  ],
  "O1C(C)CCC1": [
    1.6916669607162476,
    0.33399689197540283,
    0.41763803362846375,
    -0.4208703935146332,
    -0.0913795530796051,
    -0.14064691960811615,
    1.4517704248428345,
    -0.668020486831665,
    -0.8112691640853882,
    -0.6786461472511292,
    1.0287261009216309,
    -2.0069351196289062,
    -0.421976238489151,
    0.7511429786682129,
    -1.4775850772857666,
    1.0351370573043823
  ],
  "C1CCCCC1": [
    1.3401979207992554,
    0.49635323882102966,
    -0.14483791589736938,
    -0.5493729114532471,
    -0.8835543394088745,
    -0.6967319846153259,
    1.7522823810577393,
    -0.4241182506084442,
    -0.859572172164917,
    -0.40442079305648804,
    1.105459451675415,
    -1.8554590940475464,
    -0.6164563298225403,
    1.4586585760116577,
    -0.602623701095581,
    0.8858949542045593
  ],
  "CC(O)C": [
    1.542539358139038,
    0.09247118979692459,
    0.4577293395996094,
    -0.23915676772594452,
    0.31290730834007263,
    -0.3728553056716919,
    1.230293869972229,
    -0.8141230940818787,
    -0.6557198762893677,
    -1.0810390710830688,
    1.1589045524597168,
    -1.8216913938522339,
    -0.0632903128862381,
    0.7103990316390991,
    -1.6733944416046143,
    1.207059621810913
  ],
  "O.CC#N": [
    1.5123060941696167,
    -0.9717715382575989,
    0.14859317243099213,
    -0.050454895943403244,
    0.8549031019210815,
    -1.1001495122909546,
    0.2801956534385681,
    -0.36308813095092773,
    -0.4968618154525757,
    -0.990190327167511,
    1.3757808208465576,
    -1.3081289529800415,
    0.45966747403144836,
    0.6051748394966125,
    -1.5972849130630493,
    1.6292681694030762
  ],
  "CC#N": [
    1.7316429615020752,
    -0.19883422553539276,
    0.45081281661987305,
    -0.23771458864212036,
    0.5318616032600403,
    -0.45222312211990356,
    0.7871707677841187,
    -0.7725464701652527,
    -0.41825631260871887,
    -1.185153603553772,
    1.3060096502304077,
    -1.6583448648452759,
    0.14113754034042358,
    0.43955308198928833,
    -1.7721754312515259,
    1.2950077056884766
  ],
  "CC#N.CC(=O)O": [
    1.6402759552001953,
    -0.2828229069709778,
    0.3754604160785675,
    -0.1822509765625,
    0.5573042035102844,
    -0.4617026448249817,
    0.7431542277336121,
    -0.7927623987197876,
    -0.3802725076675415,
    -1.2410733699798584,
    1.4314982891082764,
    -1.612128734588623,
    0.14831559360027313,
    0.5118919610977173,
    -1.7644248008728027,
    1.2976329326629639
  ],
  "CCOCC": [
    1.3716518878936768,
    0.45613229274749756,
    0.10698449611663818,
    -0.335112601518631,
    -0.5469745993614197,
    -0.1567269116640091,
    1.8009713888168335,
    -0.6790789365768433,
    -1.0436290502548218,
    -0.49398910999298096,
    1.057284951210022,
    -1.9977216720581055,
    -0.5684289336204529,
    1.096745252609253,
    -1.0118210315704346,
    0.9409273266792297
  ],
  "OCC(F)(F)F": [
    1.6161764860153198,
    -0.4200606048107147,
    0.20210063457489014,
    -0.34686338901519775,
    0.4888080358505249,
    -0.9783873558044434,
    0.713796854019165,
    -0.7753186821937561,
    -0.4098278880119324,
    -1.442470669746399,
    1.4954653978347778,
    -1.1326172351837158,
    0.5083268284797668,
    0.547026515007019,
    -1.5286117792129517,
    1.4537007808685303
  ],
  "O.OCC(F)(F)F": [
    1.4163509607315063,
    -0.8509007692337036,
    0.10910084843635559,
    -0.2773016393184662,
    0.7703696489334106,
    -1.280255675315857,
    0.6159554123878479,
    -0.4343208968639374,
    -0.5033337473869324,
    -1.3259600400924683,
    1.3673161268234253,
    -1.0899467468261719,
    0.5823958516120911,
    0.5942628979682922,
    -1.3652182817459106,
    1.6639673709869385
  ],
  "CN(C)C(C)=O": [
    1.7177239656448364,
    0.15555939078330994,
    0.691980242729187,
    -0.39675644040107727,
    0.5336015224456787,
    -0.326833039522171,
    0.8932035565376282,
    -0.7922878265380859,
    -0.6899762749671936,
    -1.0410417318344116,
    1.190291404724121,
    -1.8826453685760498,
    -0.13872571289539337,
    0.5970709323883057,
    -1.6073806285858154,
    1.0853511095046997
  ],
  "CCCCCCCCCCO": [
    1.6293227672576904,
    0.4373913109302521,
    0.23920035362243652,
    -0.6965989470481873,
    -0.08961091935634613,
    -0.03284207731485367,
    1.370930552482605,
    -0.699820876121521,
    -1.0521103143692017,
    -0.5701265335083008,
    1.2378941774368286,
    -1.8896636962890625,
    -0.5629386305809021,
    1.0608834028244019,
    -1.261747121810913,
    0.8744573593139648
  ],
  "OCC": [
    1.6964280605316162,
    -0.16944287717342377,
    0.4139235019683838,
    -0.23213087022304535,
    0.6513878107070923,
    -0.5427669882774353,
    0.822147786617279,
    -0.8791977167129517,
    -0.5635507106781006,
    -1.2264254093170166,
    1.3308436870574951,
    -1.500868797302246,
    0.13419657945632935,
    0.5436549186706543,
    -1.7423954010009766,
    1.253416657447815
  ],
  "C1CCOC1": [
    1.5438692569732666,
    0.3009718060493469,
    0.44080081582069397,
    -0.32890114188194275,
    -0.1425771564245224,
    -0.12545309960842133,
    1.4636974334716797,
    -0.6461725831031799,
    -0.8837759494781494,
    -0.5535506010055542,
    1.1695975065231323,
    -2.1463639736175537,
    -0.43537402153015137,
    0.7352030873298645,
    -1.3976994752883911,
    0.9976100921630859
  ],
  "[C@H]12CCC([C@H](OC1)O2)=O": [
    1.7597377300262451,
    -0.2657647430896759,
    0.6428889036178589,
    -0.18635967373847961,
    0.8010109066963196,
    -0.5362990498542786,
    0.6286415457725525,
    -0.8923158049583435,
    -0.5549253821372986,
    -1.0769833326339722,
    1.2230788469314575,
    -1.7596591711044312,
    0.1689140647649765,
    0.4517626464366913,
    -1.6147475242614746,
    1.1977651119232178
  ],
  "O=C(OCC)C": [
    1.4434641599655151,
    0.42619559168815613,
    0.23914234340190887,
    -0.24494598805904388,
    -0.3180716633796692,
    -0.15313567221164703,
    1.638954758644104,
    -0.686025083065033,
    -0.9496536254882812,
    -0.5895363688468933,
    1.1847951412200928,
    -2.035630226135254,
    -0.5066838264465332,
    0.8922099471092224,
    -1.3007932901382446,
    0.9540112018585205
  ],
  "CC(C)(C)OC": [
    1.3453729152679443,
    0.4915248155593872,
    -0.01311869639903307,
    -0.3497947156429291,
    -0.6419599056243896,
    -0.3005010783672333,
    1.8784197568893433,
    -0.6030115485191345,
    -1.073897361755371,
    -0.4075949788093567,
    1.1630516052246094,
    -1.9060001373291016,
    -0.572115421295166,
    1.087976098060608,
    -0.9790899157524109,
    0.8791436553001404
  ],