{
  "CO": [
    1.8573896884918213,
    -0.3475823998451233,
    0.14452335238456726,
    -0.0644197091460228,
    0.09914200007915497,
    -1.6033116579055786,
    0.706153154373169,
    -0.21469746530056,
    0.3417520821094513,
    -1.600914716720581,
    0.24230104684829712,
    -1.0859674215316772,
    0.20809486508369446,
    0.8177274465560913,
    -1.2343331575393677,
    1.7529278993606567
  ],
  "OCCO": [
    1.9966686964035034,
    -0.5097845792770386,
    0.10920073837041855,
    0.35770824551582336,
    0.691254734992981,
    -1.6100000143051147,
    0.600989043712616,
    -0.24542562663555145,
    -0.21399201452732086,
    -1.392989993095398,
    0.2978859841823578,
    -1.109254240989685,
    0.041806671768426895,
    0.7078073024749756,
    -1.3072863817214966,
    1.6039057970046997
  ],
  "C(C(F)(F)F)(C(F)(F)F)O": [
    1.5861890316009521,
    -0.2490503191947937,
    0.049241404980421066,
    -0.2527439594268799,
    -0.42868977785110474,
    -1.6579792499542236,
    0.7521783709526062,
    -0.22010771930217743,
    0.19303792715072632,
    -2.0124452114105225,
    0.7402558326721191,
    -0.9402165412902832,
    0.5541731119155884,
    0.6695050597190857,
    -0.5364648103713989,
    1.772255539894104
  ],
  "O1C(C)CCC1": [
    1.9819532632827759,
    0.736975908279419,
    0.2439824789762497,
    -0.1472056657075882,
    -0.6723021864891052,
    -0.4955291748046875,
    1.572817087173462,
    -0.4958261251449585,
    -0.4689098298549652,
    -0.9213365316390991,
    0.36861345171928406,
    -1.9243528842926025,
    -0.5917750597000122,
    0.8417168259620667,
    -1.0540733337402344,
    1.0431023836135864
  ],
  "C1CCCCC1": [
    1.6844472885131836,
    0.6630243062973022,
    -0.2992969751358032,
    -0.47101348638534546,
    -1.2083287239074707,
    -0.879393458366394,
    1.4675052165985107,
    -0.3873474597930908,
    -0.2803436815738678,
    -0.6862229108810425,
    0.614530622959137,
    -1.806222677230835,
    -0.6506214737892151,
    1.5767598152160645,
    -0.23814961314201355,
    0.9214485883712769
  ],
  "CC(O)C": [
    2.0958759784698486,
    0.4093088209629059,
    0.26723113656044006,
    -0.07348337024450302,
    -0.19720260798931122,
    -1.0118834972381592,
    1.2264896631240845,
    -0.46586689352989197,
    -0.16718564927577972,
    -1.4374101161956787,
    0.41363731026649475,
    -1.6108132600784302,
    -0.24763962626457214,
    0.7792660593986511,
    -1.2269396781921387,
    1.2681584358215332
  ],
  "O.CC#N": [
    1.7911081314086914,
    -0.7162062525749207,
    0.07659722119569778,
    0.20381875336170197,
    0.2656227648258209,
    -1.7817506790161133,
    0.5305110812187195,
    0.04797525703907013,
    -0.1729125678539276,
    -1.4609440565109253,
    0.43810567259788513,
    -1.108691692352295,
    0.33584943413734436,
    0.7414344549179077,
    -1.0089328289031982,
    1.8327983617782593
  ],
  "CC#N": [
    2.1826915740966797,
    0.1497001349925995,
    0.2731870114803314,
    0.015098300762474537,
    -0.10822319239377975,
    -1.092567801475525,
    1.0563842058181763,
    -0.3440254330635071,
    0.028542930260300636,
    -1.4456260204315186,
    0.48886188864707947,
    -1.548716425895691,
    -0.20662109553813934,
    0.5625011324882507,
    -1.3477376699447632,
    1.3553508520126343
  ],
  "CC#N.CC(=O)O": [
    2.1951799392700195,
    0.04213893786072731,
    0.23454400897026062,
    -0.016084084287285805,
    -0.061741411685943604,
    -1.176616907119751,
    0.923469066619873,
    -0.41589847207069397,
    0.14860866963863373,
    -1.4910154342651367,
    0.5440223217010498,
    -1.3679935932159424,
    -0.19059376418590546,
    0.6629278659820557,
    -1.3922314643859863,
    1.3808321952819824
  ],
  "CCOCC": [
    1.9437670707702637,
    0.7491323351860046,
    0.11326226592063904,
    -0.19327540695667267,
    -0.7419865727424622,
    -0.5912670493125916,
    1.6370919942855835,
    -0.41152894496917725,
    -0.41380995512008667,
    -0.969512403011322,
    0.49029943346977234,
    -1.8694895505905151,
    -0.6088329553604126,
    0.8473049402236938,
    -0.9954178333282471,
    1.033875823020935
  ],
  "OCC(F)(F)F": [
    2.014724016189575,
    -0.23138122260570526,
    0.032902661710977554,
    -0.09452195465564728,
    -0.00542070996016264,
    -1.6603522300720215,
    0.6742440462112427,
    -0.34690922498703003,
    0.058187585324048996,
    -1.7145185470581055,
    0.5915564894676208,
    -0.8566603064537048,
    0.26858511567115784,
    0.7449716925621033,
    -1.0843658447265625,
    1.6297134160995483
  ],
  "O.OCC(F)(F)F": [
    1.6841527223587036,
    -0.8192802667617798,
    -0.08622285723686218,
    0.18363453447818756,
    0.33626753091812134,
    -1.9858165979385376,
    0.4140319526195526,
    0.010857803747057915,
    -0.2508354187011719,
    -1.455700159072876,
    0.5464755892753601,
    -0.809483528137207,
    0.4215429723262787,
    0.8547837734222412,
    -0.8564229607582092,
    1.8280788660049438
  ],
  "CN(C)C(C)=O": [
    2.1368825435638428,
    0.526984453201294,
    0.5177268385887146,
    -0.16124893724918365,
    -0.14629670977592468,
    -0.7918778657913208,
    1.1529295444488525,
    -0.4934680461883545,
    -0.32909026741981506,
    -1.2686017751693726,
    0.39257997274398804,
    -1.7993066310882568,
    -0.41034406423568726,
    0.7577580809593201,
    -1.2310926914215088,
    1.1652321815490723
  ],
  "CCCCCCCCCCO": [
    1.9765281677246094,
    0.6779673099517822,
    0.22503092885017395,
    -0.35385555028915405,
    -0.5631725788116455,
    -0.4521653652191162,
    1.42021906375885,
    -0.5624130964279175,
    -0.63345867395401,
    -0.9440508484840393,
    0.6696349382400513,
    -1.9190847873687744,
    -0.6174124479293823,
    1.0845715999603271,
    -0.9304220676422119,
    0.9403586983680725
  ],
  "OCC": [
    2.1621615886688232,
    0.06560137867927551,
    0.2690642178058624,
    -0.06561711430549622,
    0.0749443918466568,
    -1.267654299736023,
    1.007741093635559,
    -0.42838460206985474,
    -0.04038241133093834,
    -1.4812601804733276,
    0.4236050546169281,
    -1.2922810316085815,
    -0.14837834239006042,
    0.7345004677772522,
    -1.3830111026763916,
    1.3916096687316895
  ],
  "C1CCOC1": [
    2.0173726081848145,
    0.6152768135070801,
    0.291957825422287,
    -0.17899028956890106,
    -0.6370664238929749,
    -0.4808027148246765,
    1.5252631902694702,
    -0.42169076204299927,
    -0.30033227801322937,
    -0.9420346617698669,
    0.46548691391944885,
    -1.9767495393753052,
    -0.6191522479057312,
    0.78220134973526,
    -1.1394015550613403,
    1.0160707235336304
  ],
  "[C@H]12CCC([C@H](OC1)O2)=O": [
    2.257009267807007,
    -0.07331010699272156,
    0.3884647488594055,
    0.03354959934949875,
    0.32837608456611633,
    -1.2035433053970337,
    0.8005396723747253,
    -0.45100051164627075,
    -0.10376064479351044,
    -1.3476392030715942,
    0.3374529778957367,
    -1.436259150505066,
    -0.1806829571723938,
    0.6527706384658813,
    -1.3905147314071655,
    1.4068114757537842
  ],
  "O=C(OCC)C": [
    1.9304325580596924,
    0.7609046697616577,
    0.16345533728599548,
    -0.1341789960861206,
    -0.7837156653404236,
    -0.513298511505127,
    1.6314873695373535,
    -0.44738081097602844,
    -0.36753177642822266,
    -0.9486820101737976,
    0.47024354338645935,
    -1.8962360620498657,
    -0.6300919651985168,
    0.8535493612289429,
    -1.0519897937774658,
    0.9821687936782837
  ],
  "CC(C)(C)OC": [
    1.7813860177993774,
    0.7933304309844971,
    -0.04988894239068031,
    -0.24942487478256226,
    -1.0769437551498413,
    -0.5821961760520935,
    1.7897981405258179,
    -0.437882661819458,
    -0.4726307988166809,
    -0.8135140538215637,
    0.613963782787323,
    -1.8230392932891846,
    -0.5992752909660339,
    1.0289109945297241,
    -0.772146463394165,
    0.8903577923774719
  ],