{
  "CO": [
    2.0041396617889404,
    -0.26239895820617676,
    0.04604437202215195,
    0.10259807109832764,
    0.21347354352474213,
    -1.6970198154449463,
    0.6473757028579712,
    -0.42283961176872253,
    0.19385476410388947,
    -1.5419306755065918,
    0.43103691935539246,
    -0.8423544764518738,
    0.06619762629270554,
    0.7875202894210815,
    -1.3247309923171997,
    1.6244498491287231
  ],
  "OCCO": [
    1.986937165260315,
    -0.42805057764053345,
    0.14019769430160522,
    0.3994518220424652,
    0.6172745823860168,
    -1.681238055229187,
    0.7083022594451904,
    -0.28211864829063416,
    -0.1870906800031662,
    -1.4309425354003906,
    0.2971719801425934,
    -1.1627522706985474,
    0.01856057345867157,
    0.7185098528862,
    -1.2199748754501343,
    1.531327486038208
  ],
  "C(C(F)(F)F)(C(F)(F)F)O": [
    1.6561651229858398,
    -0.2550148665904999,
    -0.007877787575125694,
    -0.17186157405376434,
    -0.25996890664100647,
    -1.7098301649093628,
    0.34535515308380127,
    0.0034764253068715334,
    0.4293525516986847,
    -2.059619188308716,
    0.5409116744995117,
    -0.9177417755126953,
    0.4427601397037506,
    0.6569470763206482,
    -0.5289686918258667,
    1.855980634689331
  ],
  "O1C(C)CCC1": [
    2.1442677974700928,
    0.6675490140914917,
    0.3153055012226105,
    -0.23475970327854156,
    -0.5762355923652649,
    -0.5869919061660767,
    1.537007212638855,
    -0.44493934512138367,
    -0.2489149272441864,
    -0.9953626394271851,
    0.2896410822868347,
    -1.8258233070373535,
    -0.5920295119285583,
    0.7266953587532043,
    -1.1577571630477905,
    1.006800651550293
  ],
  "C1CCCCC1": [
    1.9102133512496948,
    0.7077571749687195,
    -0.0369061678647995,
    -0.226389542222023,
    -1.151581883430481,
    -0.9148524403572083,
    1.6002967357635498,
    -0.25864386558532715,
    -0.2807568907737732,
    -0.7647228837013245,
    0.7610758543014526,
    -1.8526391983032227,
    -0.5201630592346191,
    0.9765130281448364,
    -0.7545467019081116,
    0.8287398815155029
  ],
  "CC(O)C": [
    2.159564971923828,
    0.4035586416721344,
    0.2613438367843628,
    -0.01107589527964592,
    -0.05179762467741966,
    -1.1270686388015747,
    1.1608726978302002,
    -0.4258909225463867,
    -0.16215471923351288,
    -1.4554178714752197,
    0.4524748623371124,
    -1.4787629842758179,
    -0.3761148154735565,
    0.7054733037948608,
    -1.274993896484375,
    1.2478262186050415
  ],
  "O.CC#N": [
    1.914527416229248,
    -0.5757158994674683,
    0.014919738285243511,
    0.1938139647245407,
    0.3076768219470978,
    -1.815307378768921,
    0.5645943880081177,
    -0.11981264501810074,
    -0.13046443462371826,
    -1.4683091640472412,
    0.45946502685546875,
    -1.0265867710113525,
    0.21453988552093506,
    0.7394378185272217,
    -1.0148882865905762,
    1.7632687091827393
  ],
  "CC#N": [
    2.2657530307769775,
    0.20631514489650726,
    0.28202691674232483,
    -0.017227059230208397,
    -0.07922408729791641,
    -1.1232494115829468,
    1.060585856437683,
    -0.41664382815361023,
    0.10578883439302444,
    -1.43183434009552,
    0.42228350043296814,
    -1.3975270986557007,
    -0.3078469932079315,
    0.5631948709487915,
    -1.3973947763442993,
    1.2909996509552002
  ],
  "CC#N.CC(=O)O": [
    2.209961175918579,
    0.11834810674190521,
    0.19074250757694244,
    0.011791474185883999,
    -0.07295878231525421,
    -1.174180507659912,
    0.9903174042701721,
    -0.43456175923347473,
    0.18994654715061188,
    -1.5230252742767334,
    0.513541042804718,
    -1.3379374742507935,
    -0.26129549741744995,
    0.6533586382865906,
    -1.3723316192626953,
    1.3245054483413696
  ],
  "CCOCC": [
    1.8847322463989258,
    0.7968136072158813,
    0.039834387600421906,
    -0.19045016169548035,
    -0.945443332195282,
    -0.5020175576210022,
    1.756026029586792,
    -0.5037917494773865,
    -0.3979426324367523,
    -0.9163443446159363,
    0.4082129895687103,
    -1.8547589778900146,
    -0.6371876001358032,
    0.9419147968292236,
    -0.8052530884742737,
    0.9503028392791748
  ],
  "OCC(F)(F)F": [
    1.7750495672225952,
    -0.2798879146575928,
    0.10188205540180206,
    -0.09925609827041626,
    -0.1820637285709381,
    -1.781761646270752,
    0.719898521900177,
    -0.1808454394340515,
    0.2688811719417572,
    -1.7380585670471191,
    0.5137097239494324,
    -1.03006911277771,
    0.311326265335083,
    0.8206527829170227,
    -0.9017660617828369,
    1.7068121433258057
  ],
  "O.OCC(F)(F)F": [
    1.5898232460021973,
    -0.7748361229896545,
    -0.03129363805055618,
    0.19629161059856415,
    0.2755275070667267,
    -2.0441524982452393,
    0.448429137468338,
    0.08740576356649399,
    -0.17653168737888336,
    -1.529646873474121,
    0.47546014189720154,
    -0.7661550045013428,
    0.39918410778045654,
    0.8833189606666565,
    -0.854059636592865,
    1.8429045677185059
  ],
  "CN(C)C(C)=O": [
    2.19966459274292,
    0.484875351190567,
    0.49991539120674133,
    -0.1848389059305191,
    -0.07181726396083832,
    -0.8753765821456909,
    1.2010607719421387,
    -0.48739683628082275,
    -0.18657958507537842,
    -1.3352458477020264,
    0.30125534534454346,
    -1.661547064781189,
    -0.43353286385536194,
    0.7050958871841431,
    -1.271211862564087,
    1.142414927482605
  ],
  "CCCCCCCCCCO": [
    2.092078447341919,
    0.6871098279953003,
    0.21683096885681152,
    -0.3612806797027588,
    -0.5264221429824829,
    -0.4806581139564514,
    1.4897569417953491,
    -0.590912938117981,
    -0.6349666118621826,
    -0.8984057307243347,
    0.4613936245441437,
    -1.7992790937423706,
    -0.6167238354682922,
    0.9547406435012817,
    -1.0050965547561646,
    1.0343115329742432
  ],
  "OCC": [
    2.162471294403076,
    0.1181667149066925,
    0.24458251893520355,
    -0.022222934290766716,
    0.0635361596941948,
    -1.3017808198928833,
    1.0569391250610352,
    -0.4461394250392914,
    0.0004487463738769293,
    -1.4890977144241333,
    0.4122682809829712,
    -1.255695104598999,
    -0.22027747333049774,
    0.7229149341583252,
    -1.3738994598388672,
    1.35635244846344
  ],
  "C1CCOC1": [
    1.9857432842254639,
    0.6960516571998596,
    0.2223450392484665,
    -0.11243543028831482,
    -0.6960471868515015,
    -0.40646758675575256,
    1.6352941989898682,
    -0.5027000904083252,
    -0.32539278268814087,
    -0.9067156314849854,
    0.42245930433273315,
    -1.9532456398010254,
    -0.7291053533554077,
    0.8118502497673035,
    -1.051175594329834,
    0.9324536919593811
  ],
  "[C@H]12CCC([C@H](OC1)O2)=O": [
    2.2986881732940674,
    0.023242508992552757,
    0.39525875449180603,
    0.01915423385798931,
    0.2854294776916504,
    -1.1738057136535645,
    0.889683723449707,
    -0.49986201524734497,
    -0.08341524749994278,
    -1.36856210231781,
    0.3194148540496826,
    -1.4219520092010498,
    -0.2724148631095886,
    0.6708860993385315,
    -1.3641061782836914,
    1.307979702949524
  ],
  "O=C(OCC)C": [
    1.970314621925354,
    0.8005101084709167,
    0.1518799215555191,
    -0.13198572397232056,
    -0.8055667281150818,
    -0.5150524377822876,
    1.6808477640151978,
    -0.46102312207221985,
    -0.31919458508491516,
    -0.9354138970375061,
    0.4285595417022705,
    -1.8598493337631226,
    -0.6800940632820129,
    0.7853835821151733,
    -1.0257434844970703,
    0.9404526948928833
  ],
  "CC(C)(C)OC": [
    1.8084396123886108,
    0.8468311429023743,
    -0.08187901228666306,
    -0.215336874127388,
    -1.0958774089813232,
    -0.5642092227935791,
    1.8167331218719482,
    -0.46354931592941284,
    -0.464862585067749,
    -0.7889097332954407,
    0.5872937440872192,
    -1.79267418384552,
    -0.6613718867301941,
    0.9731897711753845,
    -0.7460073828697205,
    0.8667271733283997
  ],