{
  "CO": [
    1.8579524755477905,
    -0.3595976233482361,
    0.17172162234783173,
    -0.08356339484453201,
    0.029227174818515778,
    -1.6048396825790405,
    0.7783169746398926,
    -0.16388413310050964,
    0.31958577036857605,
    -1.5299618244171143,
    0.3027105927467346,
    -1.1825839281082153,
    0.15756452083587646,
    0.8291168808937073,
    -1.2294955253601074,
    1.7257039546966553
  ],
  "OCCO": [
    2.1015775203704834,
    -0.416406512260437,
    0.16386815905570984,
    0.3185299336910248,
    0.6471797823905945,
    -1.5534007549285889,
    0.7055084705352783,
    -0.38065090775489807,
    -0.25219154357910156,
    -1.3916113376617432,
    0.35160043835639954,
    -1.2170312404632568,
    0.011101603507995605,
    0.6744386553764343,
    -1.232521653175354,
    1.4892982244491577
  ],
  "C(C(F)(F)F)(C(F)(F)F)O": [
    1.440953016281128,
    -0.2748715877532959,
    0.019109347835183144,
    -0.3258112967014313,
    -0.5251682996749878,
    -1.6001847982406616,
    0.7613515257835388,
    0.022259309887886047,
    0.4437122941017151,
    -2.0052404403686523,
    0.3927953243255615,
    -0.9905524849891663,
    0.5152794122695923,
    0.7438333630561829,
    -0.5369483232498169,
    1.9369736909866333
  ],
  "O1C(C)CCC1": [
    2.026703357696533,
    0.7083550095558167,
    0.22394303977489471,
    -0.18737992644309998,
    -0.6383160948753357,
    -0.5021462440490723,
    1.5853832960128784,
    -0.5010942220687866,
    -0.384758859872818,
    -0.9666905999183655,
    0.40223926305770874,
    -1.8989678621292114,
    -0.5705288648605347,
    0.7912658452987671,
    -1.0868467092514038,
    1.017113447189331
  ],
  "C1CCCCC1": [
    1.6887495517730713,
    0.6757150888442993,
    -0.34156695008277893,
    -0.4743828773498535,
    -1.168144941329956,
    -0.8839741945266724,
    1.4892150163650513,
    -0.4041776955127716,
    -0.2246101200580597,
    -0.7575288414955139,
    0.6162478923797607,
    -1.777951955795288,
    -0.6585471630096436,
    1.549708366394043,
    -0.24952244758605957,
    0.9420682787895203
  ],
  "CC(O)C": [
    2.165250062942505,
    0.34243062138557434,
    0.25802892446517944,
    -0.038939204066991806,
    -0.016605693846940994,
    -1.0422824621200562,
    1.1433128118515015,
    -0.4548976421356201,
    -0.1300504356622696,
    -1.446388602256775,
    0.46239784359931946,
    -1.5002609491348267,
    -0.3253641128540039,
    0.6740190982818604,
    -1.347023606300354,
    1.2774343490600586
  ],
  "O.CC#N": [
    1.88435959815979,
    -0.6342045664787292,
    0.0017845028778538108,
    0.12976838648319244,
    0.31790661811828613,
    -1.776861548423767,
    0.6432880759239197,
    -0.09661483764648438,
    -0.22697988152503967,
    -1.4790583848953247,
    0.5911316871643066,
    -1.0861958265304565,
    0.3344264328479767,
    0.6811322569847107,
    -0.9893954992294312,
    1.721760630607605
  ],
  "CC#N": [
    2.1927835941314697,
    0.17750060558319092,
    0.27668431401252747,
    0.018172498792409897,
    -0.07205208390951157,
    -1.0247341394424438,
    1.119434118270874,
    -0.334661602973938,
    0.058613505214452744,
    -1.4226021766662598,
    0.4149065315723419,
    -1.544461727142334,
    -0.23557282984256744,
    0.5135400295257568,
    -1.4386645555496216,
    1.3198649883270264
  ],
  "CC#N.CC(=O)O": [
    2.1992082595825195,
    0.0522581972181797,
    0.2144692838191986,
    -0.01647474803030491,
    -0.01353578083217144,
    -1.146395206451416,
    0.9408646821975708,
    -0.4423947036266327,
    0.1504797488451004,
    -1.488898515701294,
    0.5615228414535522,
    -1.3407853841781616,
    -0.22820565104484558,
    0.6427982449531555,
    -1.4340074062347412,
    1.3682947158813477
  ],
  "CCOCC": [
    1.8587254285812378,
    0.735579788684845,
    0.03506205603480339,
    -0.23378188908100128,
    -0.8916571140289307,
    -0.5135331749916077,
    1.751316785812378,
    -0.4623657763004303,
    -0.4129984676837921,
    -0.9620059728622437,
    0.4965975284576416,
    -1.8449289798736572,
    -0.5772569179534912,
    0.9256018400192261,
    -0.8935987949371338,
    1.0092341899871826
  ],
  "OCC(F)(F)F": [
    1.8142021894454956,
    -0.3389475345611572,
    0.04688430577516556,
    -0.09573046118021011,
    -0.0877830907702446,
    -1.728452444076538,
    0.753106951713562,
    -0.25419315695762634,
    0.07030773162841797,
    -1.7133792638778687,
    0.671421229839325,
    -0.9736395478248596,
    0.3835650086402893,
    0.8327970504760742,
    -1.0048043727874756,
    1.644450306892395
  ],
  "O.OCC(F)(F)F": [
    1.7046077251434326,
    -0.7696981430053711,
    -0.10140322148799896,
    0.17904803156852722,
    0.29208269715309143,
    -1.9565294981002808,
    0.4919574558734894,
    -0.03458366543054581,
    -0.2671075463294983,
    -1.5034198760986328,
    0.6252221465110779,
    -0.7962842583656311,
    0.41712260246276855,
    0.797485888004303,
    -0.8723676800727844,
    1.8101952075958252
  ],
  "CN(C)C(C)=O": [
    2.1529781818389893,
    0.502605676651001,
    0.5193996429443359,
    -0.18193696439266205,
    -0.11532347649335861,
    -0.800926923751831,
    1.2174396514892578,
    -0.5000945925712585,
    -0.30228114128112793,
    -1.2368730306625366,
    0.3597395122051239,
    -1.7717828750610352,
    -0.38565438985824585,
    0.7054360508918762,
    -1.2898963689804077,
    1.1460551023483276
  ],
  "CCCCCCCCCCO": [
    1.9813213348388672,
    0.68410325050354,
    0.2464974820613861,
    -0.33924582600593567,
    -0.516823947429657,
    -0.5212929844856262,
    1.4608583450317383,
    -0.5570335984230042,
    -0.6397022008895874,
    -0.9567592740058899,
    0.6572577953338623,
    -1.8672327995300293,
    -0.5999424457550049,
    1.0232645273208618,
    -0.999252200126648,
    0.9625588655471802
  ],
  "OCC": [
    2.1742048263549805,
    0.08635208010673523,
    0.2037692815065384,
    0.012160971760749817,
    0.1363864243030548,
    -1.1274011135101318,
    1.0685362815856934,
    -0.39083132147789,
    -0.07206643372774124,
    -1.4931949377059937,
    0.4643142521381378,
    -1.3595751523971558,
    -0.24654436111450195,
    0.6463531851768494,
    -1.4360495805740356,
    1.3548860549926758
  ],
  "C1CCOC1": [
    2.0716333389282227,
    0.5600751042366028,
    0.31257057189941406,
    -0.21734623610973358,
    -0.536486029624939,
    -0.5324526429176331,
    1.5111531019210815,
    -0.39479202032089233,
    -0.19626161456108093,
    -0.9930709004402161,
    0.4819698929786682,
    -1.9344080686569214,
    -0.5953727960586548,
    0.7422918081283569,
    -1.2338194847106934,
    0.9727497100830078
  ],
  "[C@H]12CCC([C@H](OC1)O2)=O": [
    2.2513580322265625,
    0.02268102765083313,
    0.4299109876155853,
    0.07997377216815948,
    0.27868255972862244,
    -1.1291800737380981,
    0.8797290325164795,
    -0.4744313657283783,
    -0.16777165234088898,
    -1.3619706630706787,
    0.3618161380290985,
    -1.549553632736206,
    -0.2326643317937851,
    0.6348058581352234,
    -1.3364161252975464,
    1.3311066627502441
  ],
  "O=C(OCC)C": [
    1.9185529947280884,
    0.7696187496185303,
    0.11179899424314499,
    -0.11009106785058975,
    -0.7291218638420105,
    -0.46649104356765747,
    1.6793936491012573,
    -0.4762157201766968,
    -0.36777058243751526,
    -0.9655317068099976,
    0.5107182264328003,
    -1.877526044845581,
    -0.6727157831192017,
    0.8198628425598145,
    -1.077902913093567,
    0.9528148770332336
  ],
  "CC(C)(C)OC": [
    1.6887394189834595,
    0.754835307598114,
    -0.12191899865865707,
    -0.3887992799282074,
    -1.100242018699646,
    -0.5006786584854126,
    1.8280059099197388,
    -0.4861126244068146,
    -0.40724465250968933,
    -0.8577712774276733,
    0.5743464827537537,
    -1.7840890884399414,
    -0.6429157257080078,
    1.1924028396606445,
    -0.6508703827857971,
    0.9241148829460144
  ],