{
  "CO": [
    1.9437885284423828,
    -0.34097397327423096,
    -0.01921369880437851,
    0.11716144531965256,
    0.20692406594753265,
    -1.4220712184906006,
    0.9398080706596375,
    -0.46601322293281555,
    0.0387541688978672,
    -1.6064740419387817,
    0.682823657989502,
    -1.1116042137145996,
    0.19076043367385864,
    0.5644810199737549,
    -1.3077518939971924,
    1.6002202033996582
  ],
  "OCCO": [
    1.9916115999221802,
    -0.47917142510414124,
    0.09233583509922028,
    0.34291693568229675,
    0.7534211277961731,
    -1.4677761793136597,
    0.7902673482894897,
    -0.40223509073257446,
    -0.28110629320144653,
    -1.4115397930145264,
    0.5245276689529419,
    -1.2106590270996094,
    0.07645245641469955,
    0.5349048972129822,
    -1.3445532321929932,
    1.500700831413269
  ],
  "C(C(F)(F)F)(C(F)(F)F)O": [
    1.5169447660446167,
    -0.3404461145401001,
    -0.03138260915875435,
    -0.2192557454109192,
    -0.36995482444763184,
    -1.511539101600647,
    0.9493866562843323,
    -0.20286358892917633,
    0.22196736931800842,
    -2.0399107933044434,
    0.8485972881317139,
    -1.0232353210449219,
    0.5501208305358887,
    0.6461143493652344,
    -0.692002534866333,
    1.7103753089904785
  ],
  "O1C(C)CCC1": [
    2.047208309173584,
    0.6471450328826904,
    0.19138340651988983,
    -0.21031442284584045,
    -0.42935889959335327,
    -0.48227253556251526,
    1.5981311798095703,
    -0.4815700948238373,
    -0.33012208342552185,
    -1.0334268808364868,
    0.4129808843135834,
    -1.9060879945755005,
    -0.5517313480377197,
    0.703096330165863,
    -1.1841977834701538,
    1.02130126953125
  ],
  "C1CCCCC1": [
    1.5446115732192993,
    0.6102114915847778,
    -0.35666388273239136,
    -0.5385927557945251,
    -1.1004819869995117,
    -0.788058340549469,
    1.6444023847579956,
    -0.4043280780315399,
    -0.19854256510734558,
    -0.8379689455032349,
    0.5999855399131775,
    -1.8108352422714233,
    -0.6210460662841797,
    1.5930898189544678,
    -0.254901260137558,
    0.9365918040275574
  ],
  "CC(O)C": [
    1.9727689027786255,
    0.34824416041374207,
    0.1891576647758484,
    0.009901401586830616,
    -0.08050083369016647,
    -0.8994854688644409,
    1.4351035356521606,
    -0.49408218264579773,
    -0.15938811004161835,
    -1.4388481378555298,
    0.4475451111793518,
    -1.6507681608200073,
    -0.24371637403964996,
    0.668316662311554,
    -1.344064474105835,
    1.2535356283187866
  ],
  "O.CC#N": [
    1.7969422340393066,
    -0.7041979432106018,
    -0.07764120399951935,
    0.18411102890968323,
    0.46160775423049927,
    -1.6667022705078125,
    0.7191807627677917,
    -0.10816842317581177,
    -0.2456744760274887,
    -1.4545408487319946,
    0.6416848301887512,
    -1.0970712900161743,
    0.3610696792602539,
    0.5581285357475281,
    -1.1350005865097046,
    1.774029016494751
  ],
  "CC#N": [
    2.171431303024292,
    0.08805720508098602,
    0.20642118155956268,
    0.010257825255393982,
    0.0833345428109169,
    -0.9351944327354431,
    1.1423035860061646,
    -0.4416079521179199,
    -0.011212117969989777,
    -1.4691818952560425,
    0.561966061592102,
    -1.5047295093536377,
    -0.16671833395957947,
    0.4262765049934387,
    -1.4789249897003174,
    1.3277891874313354
  ],
  "CC#N.CC(=O)O": [
    2.118727207183838,
    -0.03125375136733055,
    0.11350905150175095,
    0.06684423238039017,
    0.1050667017698288,
    -1.055428147315979,
    1.0112524032592773,
    -0.4601311981678009,
    0.09118735045194626,
    -1.5387895107269287,
    0.666801929473877,
    -1.3646844625473022,
    -0.14736919105052948,
    0.5252178907394409,
    -1.489919900894165,
    1.3990665674209595
  ],
  "CCOCC": [
    1.7690831422805786,
    0.6709467172622681,
    -0.0032556173391640186,
    -0.21561381220817566,
    -0.899358332157135,
    -0.40014755725860596,
    1.8795280456542969,
    -0.49489039182662964,
    -0.4229103624820709,
    -0.9021531939506531,
    0.3985380232334137,
    -1.8925420045852661,
    -0.6030080914497375,
    0.9751335978507996,
    -0.8460749387741089,
    1.0013478994369507
  ],
  "OCC(F)(F)F": [
    1.8516795635223389,
    -0.23460687696933746,
    0.008786831982433796,
    -0.13031697273254395,
    -0.0007868427783250809,
    -1.4961202144622803,
    0.9874924421310425,
    -0.40267980098724365,
    0.008330943994224072,
    -1.7818835973739624,
    0.7948711514472961,
    -1.0720603466033936,
    0.3458136320114136,
    0.6455520391464233,
    -1.07530677318573,
    1.5643694400787354
  ],
  "O.OCC(F)(F)F": [
    1.592643141746521,
    -0.877800703048706,
    -0.1830691695213318,
    0.1397647112607956,
    0.4857257604598999,
    -1.8580524921417236,
    0.4888482987880707,
    0.00043927179649472237,
    -0.21254511177539825,
    -1.4663102626800537,
    0.5955992937088013,
    -0.7563162446022034,
    0.4201582372188568,
    0.7758064866065979,
    -1.0442384481430054,
    1.9075056314468384
  ],
  "CN(C)C(C)=O": [
    2.0873091220855713,
    0.4994889199733734,
    0.40867865085601807,
    -0.11894623935222626,
    -0.0054084304720163345,
    -0.7262876033782959,
    1.2687240839004517,
    -0.5479027628898621,
    -0.33645394444465637,
    -1.297939419746399,
    0.4922138750553131,
    -1.8243376016616821,
    -0.36645594239234924,
    0.6537149548530579,
    -1.2945667505264282,
    1.1193387508392334
  ],
  "CCCCCCCCCCO": [
    1.9501359462738037,
    0.6698114275932312,
    0.07162733376026154,
    -0.35848644375801086,
    -0.4117973744869232,
    -0.4394969642162323,
    1.5701388120651245,
    -0.605168342590332,
    -0.6222324371337891,
    -0.9529968500137329,
    0.6939994096755981,
    -1.886277198791504,
    -0.6125496029853821,
    1.028512954711914,
    -0.9815762639045715,
    0.899851381778717
  ],
  "OCC": [
    2.0831832885742188,
    0.0020035668276250362,
    0.12615588307380676,
    0.07062265276908875,
    0.2662087678909302,
    -1.06227445602417,
    1.1326165199279785,
    -0.43162015080451965,
    -0.1287858486175537,
    -1.5061124563217163,
    0.5701969861984253,
    -1.3461352586746216,
    -0.17486126720905304,
    0.5717824697494507,
    -1.5316672325134277,
    1.371017336845398
  ],
  "C1CCOC1": [
    2.028397560119629,
    0.5567510724067688,
    0.20503666996955872,
    -0.1767706722021103,
    -0.4241587519645691,
    -0.466092050075531,
    1.6059777736663818,
    -0.44066640734672546,
    -0.2767772078514099,
    -1.0079922676086426,
    0.530751645565033,
    -1.986281394958496,
    -0.5744565725326538,
    0.6992012858390808,
    -1.199180245399475,
    0.9383776783943176
  ],
  "[C@H]12CCC([C@H](OC1)O2)=O": [
    2.2015180587768555,
    -0.06837161630392075,
    0.34883642196655273,
    0.07685438543558121,
    0.41949358582496643,
    -1.038979172706604,
    0.914118230342865,
    -0.5102625489234924,
    -0.16557326912879944,
    -1.3700071573257446,
    0.47960013151168823,
    -1.515511393547058,
    -0.15991944074630737,
    0.4994293451309204,
    -1.464606761932373,
    1.3620073795318604
  ],
  "O=C(OCC)C": [
    1.9662424325942993,
    0.6695716381072998,
    0.10032736510038376,
    -0.11200378090143204,
    -0.5200624465942383,
    -0.5006786584854126,
    1.6838085651397705,
    -0.45175236463546753,
    -0.2959173917770386,
    -1.0107477903366089,
    0.5368528366088867,
    -1.8843411207199097,
    -0.6176272034645081,
    0.7489215135574341,
    -1.2203686237335205,
    0.9213777780532837
  ],
  "CC(C)(C)OC": [
    1.7837070226669312,
    0.7177374958992004,
    -0.09722970426082611,
    -0.22533033788204193,
    -0.8594458103179932,
    -0.5601682662963867,
    1.902052640914917,
    -0.415147989988327,
    -0.40902137756347656,
    -0.8926151394844055,
    0.6345540881156921,
    -1.8525465726852417,
    -0.6317639946937561,
    0.949258029460907,
    -0.8632054924964905,
    0.835939884185791
  ],