{
  "CO": [
    1.95612633228302,
    -0.3343662917613983,
    0.03702809661626816,
    0.1471269130706787,
    0.23097628355026245,
    -1.648520827293396,
    0.6079378128051758,
    -0.30698585510253906,
    0.08663885295391083,
    -1.4925957918167114,
    0.45174267888069153,
    -0.9581995010375977,
    0.09314035624265671,
    0.8183388710021973,
    -1.3618624210357666,
    1.6922582387924194
  ],
  "OCCO": [
    1.98594069480896,
    -0.48992568254470825,
    0.1598908007144928,
    0.30585983395576477,
    0.6953949332237244,
    -1.6529425382614136,
    0.5934389233589172,
    -0.26601067185401917,
    -0.20684275031089783,
    -1.404701828956604,
    0.2725153863430023,
    -1.108237385749817,
    0.06442921608686447,
    0.7247740626335144,
    -1.261048674583435,
    1.6073205471038818
  ],
  "C(C(F)(F)F)(C(F)(F)F)O": [
    1.45627760887146,
    -0.3895484209060669,
    0.1344606876373291,
    -0.32565662264823914,
    -0.4866650104522705,
    -1.6764830350875854,
    0.6970964074134827,
    -0.07475901395082474,
    0.2804584503173828,
    -1.9497747421264648,
    0.7135624289512634,
    -0.9892537593841553,
    0.5595731139183044,
    0.8421264886856079,
    -0.5720219016075134,
    1.7994948625564575
  ],
  "O1C(C)CCC1": [
    2.1105403900146484,
    0.6691005229949951,
    0.3238861858844757,
    -0.27335411310195923,
    -0.5827406048774719,
    -0.5628993511199951,
    1.4563210010528564,
    -0.415802001953125,
    -0.2758556306362152,
    -1.0337084531784058,
    0.3289303481578827,
    -1.8815621137619019,
    -0.5446045994758606,
    0.7698056101799011,
    -1.1312283277511597,
    1.0625535249710083
  ],
  "C1CCCCC1": [
    1.9782979488372803,
    0.5921286940574646,
    0.12310849130153656,
    -0.34067368507385254,
    -1.071343183517456,
    -0.9840275049209595,
    1.422420859336853,
    -0.13987767696380615,
    -0.2230222225189209,
    -0.8779646158218384,
    0.7617411613464355,
    -1.8981953859329224,
    -0.3250548243522644,
    0.8641914129257202,
    -0.8542656302452087,
    0.9899484515190125
  ],
  "CC(O)C": [
    2.1993792057037354,
    0.3067290484905243,
    0.31742778420448303,
    -0.11893082410097122,
    -0.04762759059667587,
    -1.0597108602523804,
    1.0247970819473267,
    -0.4462580680847168,
    -0.0323321670293808,
    -1.494401216506958,
    0.42648544907569885,
    -1.460479497909546,
    -0.324607789516449,
    0.7583447098731995,
    -1.315111517906189,
    1.2890733480453491
  ],
  "O.CC#N": [
    1.8251510858535767,
    -0.6435266137123108,
    -0.000985646271146834,
    0.16926300525665283,
    0.2571340501308441,
    -1.8572787046432495,
    0.5724871754646301,
    -0.0758400484919548,
    -0.24207182228565216,
    -1.4647560119628906,
    0.5706367492675781,
    -1.052839756011963,
    0.3423348069190979,
    0.7769317030906677,
    -0.9193486571311951,
    1.7596913576126099
  ],
  "CC#N": [
    2.2385525703430176,
    0.155997633934021,
    0.30438196659088135,
    -0.047057438641786575,
    -0.11418362706899643,
    -1.0832921266555786,
    1.007789134979248,
    -0.36753472685813904,
    0.057167161256074905,
    -1.4141621589660645,
    0.46283066272735596,
    -1.4981521368026733,
    -0.24307195842266083,
    0.5987186431884766,
    -1.3780964612960815,
    1.339905023574829
  ],
  "CC#N.CC(=O)O": [
    2.1374411582946777,
    0.06762269884347916,
    0.2754352390766144,
    -0.06232324615120888,
    -0.12284985184669495,
    -1.2463626861572266,
    0.9956296682357788,
    -0.3663490414619446,
    0.15529967844486237,
    -1.471563696861267,
    0.49899551272392273,
    -1.4233323335647583,
    -0.14939841628074646,
    0.6531985402107239,
    -1.331595778465271,
    1.4107556343078613
  ],
  "CCOCC": [
    1.9494218826293945,
    0.7641520500183105,
    0.1384517103433609,
    -0.20345613360404968,
    -0.7561633586883545,
    -0.6221950650215149,
    1.6062290668487549,
    -0.41132229566574097,
    -0.3867841362953186,
    -0.9807916283607483,
    0.4905811548233032,
    -1.8784267902374268,
    -0.5924498438835144,
    0.8580753803253174,
    -0.980304479598999,
    1.025256872177124
  ],
  "OCC(F)(F)F": [
    2.0078351497650146,
    -0.261178582906723,
    0.07885566353797913,
    -0.09438056498765945,
    -0.04748738929629326,
    -1.6845136880874634,
    0.6036426424980164,
    -0.35268765687942505,
    0.0762799084186554,
    -1.7061861753463745,
    0.5883519649505615,
    -0.8422765135765076,
    0.2924230396747589,
    0.7398996353149414,
    -1.0471863746643066,
    1.6689244508743286
  ],
  "O.OCC(F)(F)F": [
    1.755004644393921,
    -0.7579792141914368,
    -0.09805406630039215,
    0.07360687106847763,
    0.326343297958374,
    -1.9409757852554321,
    0.24734649062156677,
    -0.003400465939193964,
    -0.0881769210100174,
    -1.511447548866272,
    0.4339536130428314,
    -0.7211405038833618,
    0.350032240152359,
    0.9074562191963196,
    -0.8549282550811768,
    1.8984192609786987
  ],
  "CN(C)C(C)=O": [
    2.182161331176758,
    0.5329524278640747,
    0.49882084131240845,
    -0.15466080605983734,
    -0.15408194065093994,
    -0.8176687359809875,
    1.12516188621521,
    -0.5175692439079285,
    -0.31367796659469604,
    -1.2671045064926147,
    0.3641519546508789,
    -1.7787144184112549,
    -0.38497698307037354,
    0.7533348202705383,
    -1.211833119392395,
    1.1632781028747559
  ],
  "CCCCCCCCCCO": [
    1.9518725872039795,
    0.686566948890686,
    0.2421213984489441,
    -0.34410691261291504,
    -0.5517669320106506,
    -0.5384144186973572,
    1.4157485961914062,
    -0.515389084815979,
    -0.6159244775772095,
    -0.981967031955719,
    0.6789470314979553,
    -1.9117895364761353,
    -0.6049362421035767,
    1.0673617124557495,
    -0.9377338886260986,
    0.9786670207977295
  ],
  "OCC": [
    2.15840220451355,
    0.09880533069372177,
    0.2754153609275818,
    -0.05761180818080902,
    0.06909481436014175,
    -1.2532556056976318,
    1.008824110031128,
    -0.4381568133831024,
    -0.033775653690099716,
    -1.4981937408447266,
    0.42005428671836853,
    -1.3015117645263672,
    -0.17583349347114563,
    0.7336708307266235,
    -1.370538353919983,
    1.387904405593872
  ],
  "C1CCOC1": [
    2.052051544189453,
    0.608112633228302,
    0.3313470780849457,
    -0.22649314999580383,
    -0.646062433719635,
    -0.5617748498916626,
    1.496830701828003,
    -0.38457730412483215,
    -0.2481408268213272,
    -0.9417025446891785,
    0.42165592312812805,
    -1.9758503437042236,
    -0.5807385444641113,
    0.7539858818054199,
    -1.1195964813232422,
    1.0390777587890625
  ],
  "[C@H]12CCC([C@H](OC1)O2)=O": [
    2.2951483726501465,
    0.07085403800010681,
    0.4456125795841217,
    0.004282565787434578,
    0.20871388912200928,
    -1.1326984167099,
    0.8443164825439453,
    -0.5170474052429199,
    -0.17393644154071808,
    -1.388495683670044,
    0.3275805711746216,
    -1.52412748336792,
    -0.21755632758140564,
    0.7236625552177429,
    -1.2574238777160645,
    1.3115315437316895
  ],
  "O=C(OCC)C": [
    1.901889443397522,
    0.7909586429595947,
    0.1259259581565857,
    -0.08832494169473648,
    -0.806200385093689,
    -0.46927252411842346,
    1.637692928314209,
    -0.4699036180973053,
    -0.39916086196899414,
    -0.9323029518127441,
    0.536175549030304,
    -1.9214134216308594,
    -0.6803566217422485,
    0.86307293176651,
    -1.005211353302002,
    0.9360148906707764
  ],
  "CC(C)(C)OC": [
    1.7417150735855103,
    0.7646974325180054,
    -0.06145716458559036,
    -0.2978123128414154,
    -1.1107839345932007,
    -0.5754427313804626,
    1.784369945526123,
    -0.4410814344882965,
    -0.38739344477653503,
    -0.900636613368988,
    0.5703734159469604,
    -1.7886592149734497,
    -0.6173098087310791,
    1.1463686227798462,
    -0.7071501612663269,
    0.903266429901123
  ],