{
  "CO": [
    1.837345004081726,
    -0.3872012794017792,
    0.1024891808629036,
    0.0008471874753013253,
    0.0952048972249031,
    -1.6588479280471802,
    0.7516535520553589,
    -0.19134700298309326,
    0.28232187032699585,
    -1.550112009048462,
    0.3808344602584839,
    -1.1539244651794434,
    0.18827365338802338,
    0.8626530170440674,
    -1.2232005596160889,
    1.68121337890625
  ],
  "OCCO": [
    2.0171382427215576,
    -0.4948764145374298,
    0.18027998507022858,
    0.3163791596889496,
    0.6677148342132568,
    -1.596587896347046,
    0.7123711109161377,
    -0.29114681482315063,
    -0.23238587379455566,
    -1.3705246448516846,
    0.3236960768699646,
    -1.2336348295211792,
    0.0778019055724144,
    0.6766365170478821,
    -1.262599229812622,
    1.5280486345291138
  ],
  "C(C(F)(F)F)(C(F)(F)F)O": [
    1.71469247341156,
    -0.3734644949436188,
    -0.02529970370233059,
    -0.22372940182685852,
    -0.09634577482938766,
    -1.6848735809326172,
    0.513567328453064,
    -0.11667148768901825,
    0.23168323934078217,
    -1.9877724647521973,
    0.6929787993431091,
    -0.8165801167488098,
    0.4487265646457672,
    0.686424970626831,
    -0.7481057047843933,
    1.8024567365646362
  ],
  "O1C(C)CCC1": [
    2.0075831413269043,
    0.6882074475288391,
    0.224742591381073,
    -0.15092018246650696,
    -0.6086660623550415,
    -0.49050188064575195,
    1.5921871662139893,
    -0.5146421194076538,
    -0.38645026087760925,
    -0.9824483394622803,
    0.38788148760795593,
    -1.8731127977371216,
    -0.6062765717506409,
    0.8352329730987549,
    -1.1250059604644775,
    1.020801305770874
  ],
  "C1CCCCC1": [
    1.965656042098999,
    0.5985658168792725,
    0.0882093757390976,
    -0.30240359902381897,
    -1.0175144672393799,
    -0.9206514954566956,
    1.447691798210144,
    -0.16372047364711761,
    -0.23385676741600037,
    -0.8754012584686279,
    0.8180443048477173,
    -1.9036394357681274,
    -0.3465423285961151,
    0.8253777027130127,
    -0.9515650868415833,
    0.9873813390731812
  ],
  "CC(O)C": [
    2.040661096572876,
    0.3472895622253418,
    0.29563653469085693,
    -0.06617622822523117,
    -0.182756707072258,
    -0.977802574634552,
    1.3489809036254883,
    -0.46337777376174927,
    -0.04988265410065651,
    -1.402409315109253,
    0.32253316044807434,
    -1.6058963537216187,
    -0.27015039324760437,
    0.7195773720741272,
    -1.3268520832061768,
    1.291812539100647
  ],
  "O.CC#N": [
    1.87949538230896,
    -0.6518707871437073,
    0.031442515552043915,
    0.18754227459430695,
    0.30407753586769104,
    -1.7692724466323853,
    0.6131064891815186,
    -0.1063513532280922,
    -0.20781363546848297,
    -1.454756498336792,
    0.5447554588317871,
    -1.0780004262924194,
    0.32007160782814026,
    0.6924418807029724,
    -1.038102388381958,
    1.748377799987793
  ],
  "CC#N": [
    2.2410008907318115,
    0.16160421073436737,
    0.2923112213611603,
    -0.018202632665634155,
    -0.041373834013938904,
    -1.0285346508026123,
    1.0497840642929077,
    -0.38245585560798645,
    0.015481960959732533,
    -1.3876259326934814,
    0.46023696660995483,
    -1.4977173805236816,
    -0.26595351099967957,
    0.5197439193725586,
    -1.4432408809661865,
    1.3424842357635498
  ],
  "CC#N.CC(=O)O": [
    2.1770145893096924,
    0.04082139581441879,
    0.2054256796836853,
    0.008662603795528412,
    -0.01399335265159607,
    -1.1267238855361938,
    0.9739233255386353,
    -0.4118078649044037,
    0.12994112074375153,
    -1.4874202013015747,
    0.5607836246490479,
    -1.3840426206588745,
    -0.2047317922115326,
    0.6203730702400208,
    -1.4438951015472412,
    1.3740754127502441
  ],
  "CCOCC": [
    1.8200098276138306,
    0.7521668076515198,
    0.04769143834710121,
    -0.18800179660320282,
    -0.8469705581665039,
    -0.5341885089874268,
    1.7596168518066406,
    -0.48123812675476074,
    -0.45596063137054443,
    -0.9137231707572937,
    0.49962273240089417,
    -1.8601303100585938,
    -0.6142346262931824,
    0.9397569894790649,
    -0.9224703907966614,
    1.0175050497055054
  ],
  "OCC(F)(F)F": [
    1.8475295305252075,
    -0.2995031774044037,
    0.12754309177398682,
    -0.22030240297317505,
    -0.12228266149759293,
    -1.6615980863571167,
    0.7651537656784058,
    -0.3181059956550598,
    0.18867678940296173,
    -1.7301490306854248,
    0.5915476083755493,
    -0.9817020297050476,
    0.3545254170894623,
    0.8288617730140686,
    -1.0068888664245605,
    1.6564441919326782
  ],
  "O.OCC(F)(F)F": [
    1.5921272039413452,
    -0.7996507287025452,
    -0.005946049932390451,
    0.03403883054852486,
    0.2574334740638733,
    -1.938581943511963,
    0.47456544637680054,
    0.14962080121040344,
    -0.16862475872039795,
    -1.5934507846832275,
    0.54218989610672,
    -0.8798985481262207,
    0.5178779363632202,
    0.7974762320518494,
    -0.8174296021461487,
    1.853888988494873
  ],
  "CN(C)C(C)=O": [
    2.196631908416748,
    0.5052529573440552,
    0.4800198972225189,
    -0.1730780452489853,
    -0.07942209392786026,
    -0.7388932108879089,
    1.1899291276931763,
    -0.5435634255409241,
    -0.2738635838031769,
    -1.2598179578781128,
    0.33968064188957214,
    -1.7419897317886353,
    -0.4111775755882263,
    0.7350596189498901,
    -1.3161507844924927,
    1.110386610031128
  ],
  "CCCCCCCCCCO": [
    2.063141107559204,
    0.6262509226799011,
    0.19374725222587585,
    -0.4778288006782532,
    -0.4948813319206238,
    -0.4155033826828003,
    1.4236336946487427,
    -0.5409117341041565,
    -0.5199843049049377,
    -0.9774036407470703,
    0.5584964752197266,
    -1.8050947189331055,
    -0.6125605702400208,
    1.0204730033874512,
    -1.0741498470306396,
    1.0502058267593384
  ],
  "OCC": [
    2.159900426864624,
    0.033368274569511414,
    0.19916749000549316,
    -0.014154577627778053,
    0.14860080182552338,
    -1.1900283098220825,
    1.058864951133728,
    -0.4085865318775177,
    -0.00820581428706646,
    -1.465341329574585,
    0.41646215319633484,
    -1.2847471237182617,
    -0.20630058646202087,
    0.6657786965370178,
    -1.4802360534667969,
    1.3964694738388062
  ],
  "C1CCOC1": [
    1.9527690410614014,
    0.6365779638290405,
    0.20581261813640594,
    -0.13762697577476501,
    -0.6576265096664429,
    -0.37455564737319946,
    1.6155449151992798,
    -0.5015467405319214,
    -0.33774223923683167,
    -0.9068692326545715,
    0.467739999294281,
    -1.96644127368927,
    -0.6922736167907715,
    0.8383487462997437,
    -1.1151217222213745,
    0.9901733994483948
  ],
  "[C@H]12CCC([C@H](OC1)O2)=O": [
    2.2770540714263916,
    -0.07741998881101608,
    0.3844301998615265,
    0.022138671949505806,
    0.3622627854347229,
    -1.1437392234802246,
    0.8259735107421875,
    -0.4676549732685089,
    -0.09245265275239944,
    -1.3242565393447876,
    0.32363563776016235,
    -1.4259086847305298,
    -0.19034194946289062,
    0.6039490103721619,
    -1.4536728858947754,
    1.3929694890975952
  ],
  "O=C(OCC)C": [
    1.8644975423812866,
    0.7457296252250671,
    0.045933421701192856,
    -0.1337941586971283,
    -0.820533037185669,
    -0.39305925369262695,
    1.754976749420166,
    -0.48602020740509033,
    -0.34072357416152954,
    -0.9437178373336792,
    0.47150158882141113,
    -1.888391137123108,
    -0.696849524974823,
    0.9121792912483215,
    -0.994554340839386,
    0.9228465557098389
  ],
  "CC(C)(C)OC": [
    1.6702477931976318,
    0.7884774208068848,
    -0.18021297454833984,
    -0.24906094372272491,
    -1.1176530122756958,
    -0.5223501324653625,
    1.8179537057876587,
    -0.48409706354141235,
    -0.5058686137199402,
    -0.7828290462493896,
    0.6673726439476013,
    -1.819169044494629,
    -0.6759558320045471,
    1.2007173299789429,
    -0.6159790754318237,
    0.829642117023468
  ],