{
  "CO": [
    2.0015053749084473,
    -0.2941626012325287,
    -0.030393507331609726,
    0.14259521663188934,
    0.2475644052028656,
    -1.6993896961212158,
    0.4748367667198181,
    -0.2582106590270996,
    0.23548975586891174,
    -1.5641371011734009,
    0.3711584806442261,
    -0.8599673509597778,
    0.05126277729868889,
    0.8562848567962646,
    -1.3099262714385986,
    1.6593985557556152
  ],
  "OCCO": [
    2.036668539047241,
    -0.3796122074127197,
    0.1861942857503891,
    0.3351559638977051,
    0.601706326007843,
    -1.6228047609329224,
    0.7360303997993469,
    -0.3362109661102295,
    -0.1811930239200592,
    -1.4557554721832275,
    0.2856356203556061,
    -1.1594656705856323,
    -0.02588249184191227,
    0.7190475463867188,
    -1.2260135412216187,
    1.513180136680603
  ],
  "C(C(F)(F)F)(C(F)(F)F)O": [
    1.603052020072937,
    -0.32042673230171204,
    -0.03640810400247574,
    -0.1633215993642807,
    -0.16836705803871155,
    -1.7588460445404053,
    0.33206459879875183,
    -0.010443446226418018,
    0.3763309121131897,
    -2.037745952606201,
    0.5686419606208801,
    -0.7818495631217957,
    0.4445042312145233,
    0.7027016878128052,
    -0.6277562975883484,
    1.8985878229141235
  ],
  "O1C(C)CCC1": [
    2.0103015899658203,
    0.7839552760124207,
    0.23803389072418213,
    -0.10530950874090195,
    -0.6509215831756592,
    -0.515895426273346,
    1.59992253780365,
    -0.5209855437278748,
    -0.45876285433769226,
    -0.9302500486373901,
    0.3545026481151581,
    -1.8788459300994873,
    -0.6441934704780579,
    0.8077718019485474,
    -1.0574291944503784,
    0.9913447499275208
  ],
  "C1CCCCC1": [
    1.6849199533462524,
    0.726973295211792,
    -0.19476008415222168,
    -0.49256718158721924,
    -1.2411383390426636,
    -0.8819875121116638,
    1.524701476097107,
    -0.3556721806526184,
    -0.30895817279815674,
    -0.7606907486915588,
    0.6679396033287048,
    -1.7480217218399048,
    -0.6243470907211304,
    1.4656951427459717,
    -0.36944374442100525,
    0.9321104288101196
  ],
  "CC(O)C": [
    2.1749539375305176,
    0.37438932061195374,
    0.2549532949924469,
    -0.039677366614341736,
    -0.05035858601331711,
    -1.1235389709472656,
    1.1327624320983887,
    -0.42719054222106934,
    -0.0891350582242012,
    -1.4743738174438477,
    0.4317428767681122,
    -1.4271775484085083,
    -0.37800443172454834,
    0.7287759780883789,
    -1.3147727251052856,
    1.255120038986206
  ],
  "O.CC#N": [
    1.8483470678329468,
    -0.614935576915741,
    0.03508105129003525,
    0.2821548879146576,
    0.24150674045085907,
    -1.8700480461120605,
    0.5216847658157349,
    -0.010529614984989166,
    -0.16205571591854095,
    -1.4494383335113525,
    0.4466765522956848,
    -1.0471198558807373,
    0.22556045651435852,
    0.7665329575538635,
    -0.9801980257034302,
    1.7870099544525146
  ],
  "CC#N": [
    2.2463364601135254,
    0.23412145674228668,
    0.26393529772758484,
    0.007242259569466114,
    -0.10161702334880829,
    -1.1063696146011353,
    1.1011123657226562,
    -0.38757824897766113,
    0.07683160156011581,
    -1.4386920928955078,
    0.4192263185977936,
    -1.4470795392990112,
    -0.3112938702106476,
    0.5515065789222717,
    -1.3697091341018677,
    1.2881858348846436
  ],
  "CC#N.CC(=O)O": [
    2.201437473297119,
    0.0928122028708458,
    0.21186764538288116,
    -0.008969432674348354,
    -0.08205997943878174,
    -1.2393609285354614,
    0.9797641038894653,
    -0.437059223651886,
    0.2046341896057129,
    -1.4916307926177979,
    0.49592748284339905,
    -1.3096721172332764,
    -0.2347891628742218,
    0.6577107906341553,
    -1.3704110383987427,
    1.3560678958892822
  ],
  "CCOCC": [
    2.0266895294189453,
    0.753174364566803,
    0.14187684655189514,
    -0.25400510430336,
    -0.7643179893493652,
    -0.5904355049133301,
    1.6524837017059326,
    -0.4267422556877136,
    -0.23923945426940918,
    -0.9884464740753174,
    0.36967384815216064,
    -1.795867681503296,
    -0.6268574595451355,
    0.8116990923881531,
    -1.0443397760391235,
    1.0000600814819336
  ],
  "OCC(F)(F)F": [
    1.8716413974761963,
    -0.2321455180644989,
    0.03256452456116676,
    -0.06740070879459381,
    -0.044354431331157684,
    -1.798848271369934,
    0.6705096364021301,
    -0.28589701652526855,
    -0.006940697785466909,
    -1.7392421960830688,
    0.7080210447311401,
    -0.8958547115325928,
    0.291489839553833,
    0.8948642611503601,
    -0.9479542970657349,
    1.5761994123458862
  ],
  "O.OCC(F)(F)F": [
    1.580021858215332,
    -0.7561190128326416,
    -0.07288035750389099,
    0.1874651312828064,
    0.3017156720161438,
    -2.079573631286621,
    0.46092885732650757,
    0.09401901066303253,
    -0.21798783540725708,
    -1.4983192682266235,
    0.4692516028881073,
    -0.7764968872070312,
    0.3985869288444519,
    0.9017539024353027,
    -0.8111592531204224,
    1.8408703804016113
  ],
  "CN(C)C(C)=O": [
    2.184621810913086,
    0.5384218096733093,
    0.468854695558548,
    -0.15538573265075684,
    -0.12604689598083496,
    -0.8436263799667358,
    1.209583044052124,
    -0.530010461807251,
    -0.24200911819934845,
    -1.3098881244659424,
    0.3224753737449646,
    -1.710313081741333,
    -0.4244568347930908,
    0.7536418437957764,
    -1.228360652923584,
    1.1187406778335571
  ],
  "CCCCCCCCCCO": [
    2.078197956085205,
    0.6560627222061157,
    0.27406996488571167,
    -0.443533331155777,
    -0.5655794143676758,
    -0.46211376786231995,
    1.4176524877548218,
    -0.49649396538734436,
    -0.5326220393180847,
    -0.9943257570266724,
    0.44252195954322815,
    -1.7768000364303589,
    -0.6179370284080505,
    0.9977501034736633,
    -1.0518158674240112,
    1.0973796844482422
  ],
  "OCC": [
    2.121473550796509,
    0.10965591669082642,
    0.2525407373905182,
    0.0336870439350605,
    0.022253520786762238,
    -1.2405376434326172,
    1.150813341140747,
    -0.4369150698184967,
    0.05766473710536957,
    -1.4687645435333252,
    0.31775596737861633,
    -1.326046109199524,
    -0.2329913079738617,
    0.7040147185325623,
    -1.4025174379348755,
    1.3666554689407349
  ],
  "C1CCOC1": [
    2.067953586578369,
    0.6637817621231079,
    0.3057488799095154,
    -0.16438955068588257,
    -0.6099845170974731,
    -0.5580393075942993,
    1.5626013278961182,
    -0.4304617643356323,
    -0.27151596546173096,
    -0.9140188694000244,
    0.422964483499527,
    -1.9513109922409058,
    -0.6557838916778564,
    0.7099946737289429,
    -1.1157562732696533,
    0.9611756205558777
  ],
  "[C@H]12CCC([C@H](OC1)O2)=O": [
    2.2551357746124268,
    0.08565033227205276,
    0.39063480496406555,
    0.10454665124416351,
    0.22346237301826477,
    -1.1920937299728394,
    0.9194629788398743,
    -0.48717397451400757,
    -0.11989662796258926,
    -1.3933318853378296,
    0.3329855501651764,
    -1.5013960599899292,
    -0.28632083535194397,
    0.6696661710739136,
    -1.2878246307373047,
    1.3120399713516235
  ],
  "O=C(OCC)C": [
    2.0698423385620117,
    0.7701262831687927,
    0.2023809403181076,
    -0.1531614065170288,
    -0.6905815005302429,
    -0.5623844265937805,
    1.5939621925354004,
    -0.4226783812046051,
    -0.24916112422943115,
    -0.9480985403060913,
    0.4054592251777649,
    -1.8360843658447266,
    -0.6771571636199951,
    0.7341291308403015,
    -1.1485527753829956,
    0.9363551735877991
  ],
  "CC(C)(C)OC": [
    1.8159271478652954,
    0.8131332993507385,
    -0.015657618641853333,
    -0.2752054035663605,
    -1.0740870237350464,
    -0.6073733568191528,
    1.8335723876953125,
    -0.4210520386695862,
    -0.3866342008113861,
    -0.8588714599609375,
    0.5281472206115723,
    -1.7578009366989136,
    -0.6343905329704285,
    0.9805256128311157,
    -0.8062840700149536,
    0.8923998475074768
  ],