{
  "CO": [
    1.4238039255142212,
    -0.6601549386978149,
    0.42838114500045776,
    -0.32199251651763916,
    0.643995463848114,
    -0.8080142736434937,
    0.6779971718788147,
    -0.7201187014579773,
    -0.24276211857795715,
    -1.142135500907898,
    1.3675978183746338,
    -1.465821623802185,
    0.42917394638061523,
    0.6721424460411072,
    -1.7590609788894653,
    1.4652445316314697
  ],
  "OCCO": [
    1.601094126701355,
    -0.6130672693252563,
    0.3752530813217163,
    -0.060713429003953934,
    1.1399370431900024,
    -0.8348698019981384,
    0.4510360658168793,
    -0.8090131878852844,
    -0.6600673794746399,
    -1.0599570274353027,
    1.4189223051071167,
    -1.475933313369751,
    0.4173988103866577,
    0.5142667293548584,
    -1.5944666862487793,
    1.17658269405365
  ],
  "C(C(F)(F)F)(C(F)(F)F)O": [
    1.1315618753433228,
    -0.35983848571777344,
    0.1959669440984726,
    -0.9792349934577942,
    -0.6636328101158142,
    -0.8115137815475464,
    1.3131654262542725,
    -0.16634118556976318,
    0.12972798943519592,
    -1.684963345527649,
    1.3120644092559814,
    -1.3582162857055664,
    0.40715229511260986,
    0.7637913227081299,
    -0.900566816329956,
    1.6704840660095215
  ],
  "O1C(C)CCC1": [
    1.6261869668960571,
    0.3147472143173218,
    0.4571853578090668,
    -0.47550883889198303,
    -0.0017354062292724848,
    -0.09146025776863098,
    1.367502212524414,
    -0.688223123550415,
    -0.9331362843513489,
    -0.6761845946311951,
    1.119619607925415,
    -2.0210282802581787,
    -0.33436328172683716,
    0.7821305990219116,
    -1.469258427619934,
    1.0144591331481934
  ],
  "C1CCCCC1": [
    1.478273868560791,
    0.2591854929924011,
    0.2306584268808365,
    -0.4716944694519043,
    -0.592261791229248,
    -0.5933359861373901,
    1.4742107391357422,
    -0.32085978984832764,
    -0.855234682559967,
    -0.5733774304389954,
    1.3768839836120605,
    -2.1095104217529297,
    -0.13600707054138184,
    0.9063078165054321,
    -1.1228255033493042,
    1.0429767370224
  ],
  "CC(O)C": [
    1.5958552360534668,
    0.0052215829491615295,
    0.4981129467487335,
    -0.3024362623691559,
    0.6318333148956299,
    -0.4306868016719818,
    0.8505841493606567,
    -0.8581735491752625,
    -0.7788689136505127,
    -1.089145302772522,
    1.4049217700958252,
    -1.6931102275848389,
    0.07797641307115555,
    0.5983160734176636,
    -1.6784119606018066,
    1.1554185152053833
  ],
  "O.CC#N": [
    1.6727725267410278,
    -0.8861474990844727,
    -0.0026113763451576233,
    -0.18037988245487213,
    0.8615326881408691,
    -1.0414644479751587,
    0.2472435086965561,
    -0.48815566301345825,
    -0.43093568086624146,
    -1.0425490140914917,
    1.4752132892608643,
    -1.2331092357635498,
    0.426154762506485,
    0.6065319776535034,
    -1.5419549942016602,
    1.5454308986663818
  ],
  "CC#N": [
    1.678268313407898,
    -0.24058853089809418,
    0.4693225622177124,
    -0.27996158599853516,
    0.6125747561454773,
    -0.37362462282180786,
    0.7299855351448059,
    -0.8059621453285217,
    -0.49792301654815674,
    -1.1754138469696045,
    1.3692069053649902,
    -1.644095778465271,
    0.2062988132238388,
    0.4793691337108612,
    -1.7828463315963745,
    1.2421486377716064
  ],
  "CC#N.CC(=O)O": [
    1.5568692684173584,
    -0.32286787033081055,
    0.42446833848953247,
    -0.24615643918514252,
    0.5821232795715332,
    -0.4128037691116333,
    0.7318065166473389,
    -0.8107645511627197,
    -0.4737699627876282,
    -1.1928818225860596,
    1.5084927082061768,
    -1.633618950843811,
    0.24441637098789215,
    0.5312702059745789,
    -1.7563927173614502,
    1.256680965423584
  ],
  "CCOCC": [
    1.512089490890503,
    0.34387895464897156,
    0.25685667991638184,
    -0.5120939016342163,
    -0.26555192470550537,
    -0.13960084319114685,
    1.6390380859375,
    -0.6394346356391907,
    -0.961796224117279,
    -0.5684918165206909,
    1.1219700574874878,
    -1.9702848196029663,
    -0.4370816946029663,
    0.9122224450111389,
    -1.3188928365707397,
    1.0208947658538818
  ],
  "OCC(F)(F)F": [
    1.4520702362060547,
    -0.4204021096229553,
    0.25190943479537964,
    -0.563838005065918,
    0.37165695428848267,
    -0.9352725744247437,
    0.904101550579071,
    -0.7398720979690552,
    -0.38489431142807007,
    -1.4314614534378052,
    1.4593111276626587,
    -1.1792643070220947,
    0.5901259183883667,
    0.6696310043334961,
    -1.5233725309371948,
    1.471364974975586
  ],
  "O.OCC(F)(F)F": [
    1.3369210958480835,
    -0.8950694799423218,
    0.03591253235936165,
    -0.1919424682855606,
    0.8496133089065552,
    -1.2685781717300415,
    0.44886618852615356,
    -0.4688176214694977,
    -0.6964895725250244,
    -1.1404123306274414,
    1.6340826749801636,
    -1.09034264087677,
    0.6297976970672607,
    0.6039727330207825,
    -1.3503801822662354,
    1.5526206493377686
  ],
  "CN(C)C(C)=O": [
    1.623879313468933,
    0.1626051664352417,
    0.6943438649177551,
    -0.38027238845825195,
    0.4828985035419464,
    -0.26866647601127625,
    0.8996308445930481,
    -0.8564797639846802,
    -0.9504495859146118,
    -0.9065881371498108,
    1.2549368143081665,
    -1.9444353580474854,
    -0.03443162888288498,
    0.6330532431602478,
    -1.5119556188583374,
    1.088992953300476
  ],
  "CCCCCCCCCCO": [
    1.485124111175537,
    0.39491087198257446,
    0.2408243715763092,
    -0.5958691835403442,
    -0.040693774819374084,
    -0.06357912719249725,
    1.3613905906677246,
    -0.7923920750617981,
    -1.3077828884124756,
    -0.46956175565719604,
    1.3388961553573608,
    -1.8938159942626953,
    -0.4327097535133362,
    1.1029953956604004,
    -1.1856322288513184,
    0.8504789471626282
  ],
  "OCC": [
    1.5709519386291504,
    -0.221278578042984,
    0.5169188380241394,
    -0.25030118227005005,
    0.6153098344802856,
    -0.4464937746524811,
    0.8714433312416077,
    -0.8312566876411438,
    -0.6264417767524719,
    -1.1600137948989868,
    1.3718940019607544,
    -1.6938064098358154,
    0.18300065398216248,
    0.5800102949142456,
    -1.6990798711776733,
    1.206925630569458
  ],
  "C1CCOC1": [
    1.4508799314498901,
    0.23862743377685547,
    0.38439488410949707,
    -0.3567333519458771,
    -0.14730560779571533,
    0.017107807099819183,
    1.5225645303726196,
    -0.7017253041267395,
    -0.9999063611030579,
    -0.5193454027175903,
    1.1582684516906738,
    -2.1189606189727783,
    -0.4399436116218567,
    0.889154851436615,
    -1.3518644571304321,
    0.9665873050689697
  ],
  "[C@H]12CCC([C@H](OC1)O2)=O": [
    1.7075060606002808,
    -0.24896006286144257,
    0.684755802154541,
    -0.24116620421409607,
    0.8248561024665833,
    -0.47509512305259705,
    0.5438866019248962,
    -0.9376523494720459,
    -0.6711501479148865,
    -1.0379313230514526,
    1.3357064723968506,
    -1.7713640928268433,
    0.23278982937335968,
    0.48841747641563416,
    -1.5748684406280518,
    1.1254243850708008
  ],
  "O=C(OCC)C": [
    1.4939335584640503,
    0.3351123332977295,
    0.3421289920806885,
    -0.33511555194854736,
    -0.05449158325791359,
    -0.13826864957809448,
    1.4722031354904175,
    -0.6535619497299194,
    -0.981073796749115,
    -0.6233649849891663,
    1.257524013519287,
    -2.013590097427368,
    -0.3758256137371063,
    0.7775634527206421,
    -1.4922773838043213,
    0.9803385734558105
  ],
  "CC(C)(C)OC": [
    1.2525241374969482,
    0.45022398233413696,
    -0.06365540623664856,
    -0.5602508187294006,
    -0.6873834133148193,
    -0.27097252011299133,
    1.9062317609786987,
    -0.6007576584815979,
    -1.0620821714401245,
    -0.4323181211948395,
    1.0632845163345337,
    -1.8564823865890503,
    -0.5637098550796509,
    1.4004905223846436,
    -0.7983814477920532,
    0.8231019973754883
  ],