{
  "CO": [
    1.9782989025115967,
    -0.26384109258651733,
    0.058582138270139694,
    0.11961717158555984,
    0.17160874605178833,
    -1.6658834218978882,
    0.6966900825500488,
    -0.3897005021572113,
    0.11224454641342163,
    -1.5058913230895996,
    0.4834417998790741,
    -0.9495553970336914,
    0.06079641729593277,
    0.7904736995697021,
    -1.3230817317962646,
    1.6489341259002686
  ],
  "OCCO": [
    1.99644136428833,
    -0.4448038339614868,
    0.17197354137897491,
    0.39674386382102966,
    0.6128241419792175,
    -1.6456254720687866,
    0.7202595472335815,
    -0.31932905316352844,
    -0.23228155076503754,
    -1.4257047176361084,
    0.3226100206375122,
    -1.1668051481246948,
    -0.019533850252628326,
    0.7165180444717407,
    -1.2034862041473389,
    1.5442861318588257
  ],
  "C(C(F)(F)F)(C(F)(F)F)O": [
    1.6726621389389038,
    -0.35811465978622437,
    0.04431680589914322,
    -0.2595437467098236,
    -0.24781683087348938,
    -1.7073943614959717,
    0.4933710992336273,
    -0.06005939841270447,
    0.35678815841674805,
    -1.9901442527770996,
    0.5514377355575562,
    -0.8503175973892212,
    0.5122796893119812,
    0.6488077044487,
    -0.6416173577308655,
    1.855582594871521
  ],
  "O1C(C)CCC1": [
    2.078428268432617,
    0.7209312915802002,
    0.31272295117378235,
    -0.19137276709079742,
    -0.6004112362861633,
    -0.5767490863800049,
    1.5335662364959717,
    -0.4505184292793274,
    -0.3187468349933624,
    -0.9950079917907715,
    0.3313765525817871,
    -1.8572927713394165,
    -0.6021773219108582,
    0.7390158772468567,
    -1.1339812278747559,
    1.032393217086792
  ],
  "C1CCCCC1": [
    1.9213848114013672,
    0.6982383131980896,
    0.00904289074242115,
    -0.21504421532154083,
    -1.2124106884002686,
    -0.8151591420173645,
    1.6108896732330322,
    -0.2633061110973358,
    -0.28053608536720276,
    -0.7320491075515747,
    0.6700447797775269,
    -1.8504739999771118,
    -0.5404388308525085,
    0.938303530216217,
    -0.8133831024169922,
    0.895630955696106
  ],
  "CC(O)C": [
    2.156125783920288,
    0.408365398645401,
    0.325243204832077,
    -0.0785055011510849,
    -0.10032156854867935,
    -1.1065926551818848,
    1.1312923431396484,
    -0.45850256085395813,
    -0.12186615914106369,
    -1.4588783979415894,
    0.42842355370521545,
    -1.498384714126587,
    -0.32909372448921204,
    0.7040852308273315,
    -1.2574607133865356,
    1.2814944982528687
  ],
  "O.CC#N": [
    1.8012239933013916,
    -0.6314579844474792,
    0.07451017200946808,
    0.2141130417585373,
    0.2661675214767456,
    -1.8506208658218384,
    0.5762953162193298,
    -0.033758744597435,
    -0.15353268384933472,
    -1.4674080610275269,
    0.43895483016967773,
    -1.0436946153640747,
    0.271316796541214,
    0.7624760866165161,
    -1.0110830068588257,
    1.8058054447174072
  ],
  "CC#N": [
    2.1665356159210205,
    0.20577780902385712,
    0.26216447353363037,
    0.06494686007499695,
    -0.13114304840564728,
    -1.067631483078003,
    1.1071867942810059,
    -0.3596417307853699,
    0.04214879125356674,
    -1.468721628189087,
    0.48040828108787537,
    -1.5364527702331543,
    -0.2861073315143585,
    0.5901978015899658,
    -1.3545969724655151,
    1.30829656124115
  ],
  "CC#N.CC(=O)O": [
    2.1874587535858154,
    0.11675956845283508,
    0.2235008031129837,
    0.0010878099128603935,
    -0.1190936416387558,
    -1.1638514995574951,
    0.9820537567138672,
    -0.422409325838089,
    0.2049253135919571,
    -1.5218597650527954,
    0.5012326836585999,
    -1.339138388633728,
    -0.2624463140964508,
    0.6520470380783081,
    -1.3809809684753418,
    1.364780068397522
  ],
  "CCOCC": [
    1.999430537223816,
    0.7336899042129517,
    0.1647237092256546,
    -0.28120294213294983,
    -0.8368018865585327,
    -0.5738314390182495,
    1.6567522287368774,
    -0.41517361998558044,
    -0.24928206205368042,
    -0.9746623039245605,
    0.360755980014801,
    -1.8065569400787354,
    -0.6019971966743469,
    0.8052436709403992,
    -1.0119173526763916,
    1.053695559501648
  ],
  "OCC(F)(F)F": [
    1.8618965148925781,
    -0.18052875995635986,
    0.06785818189382553,
    -0.08239995688199997,
    -0.18838876485824585,
    -1.7079830169677734,
    0.7563921809196472,
    -0.32697272300720215,
    0.11458969861268997,
    -1.760287880897522,
    0.6528980731964111,
    -0.9568601250648499,
    0.26658061146736145,
    0.8330880403518677,
    -0.9564921855926514,
    1.6309199333190918
  ],
  "O.OCC(F)(F)F": [
    1.6149613857269287,
    -0.7762454748153687,
    -0.06796538829803467,
    0.22132426500320435,
    0.291403591632843,
    -2.041459798812866,
    0.3217034339904785,
    0.12294910848140717,
    -0.19688546657562256,
    -1.4828957319259644,
    0.49380987882614136,
    -0.8084813952445984,
    0.34529635310173035,
    0.9061363339424133,
    -0.8029037117958069,
    1.8775168657302856
  ],
  "CN(C)C(C)=O": [
    2.1415958404541016,
    0.5546208620071411,
    0.49458521604537964,
    -0.15922220051288605,
    -0.16282795369625092,
    -0.8422530293464661,
    1.2109777927398682,
    -0.4964591860771179,
    -0.2665691077709198,
    -1.3110191822052002,
    0.3450884222984314,
    -1.7465494871139526,
    -0.4164454936981201,
    0.7343170642852783,
    -1.211400032043457,
    1.155224084854126
  ],
  "CCCCCCCCCCO": [
    1.9659676551818848,
    0.7275823354721069,
    0.22443467378616333,
    -0.31764915585517883,
    -0.6306729316711426,
    -0.4563717544078827,
    1.4556810855865479,
    -0.5873029232025146,
    -0.6487154960632324,
    -0.9397839903831482,
    0.6366673707962036,
    -1.8874503374099731,
    -0.648188591003418,
    1.0856950283050537,
    -0.886886715888977,
    0.9283983707427979
  ],
  "OCC": [
    2.1462647914886475,
    0.098525770008564,
    0.22876979410648346,
    0.012559733353555202,
    0.05337941274046898,
    -1.2171988487243652,
    1.0862514972686768,
    -0.3833911418914795,
    -0.031565308570861816,
    -1.4731203317642212,
    0.396916002035141,
    -1.307374119758606,
    -0.2654736638069153,
    0.6890531182289124,
    -1.4122425317764282,
    1.4044744968414307
  ],
  "C1CCOC1": [
    2.0550413131713867,
    0.6349299550056458,
    0.31264349818229675,
    -0.19670416414737701,
    -0.6663169264793396,
    -0.5615010261535645,
    1.548676609992981,
    -0.40621551871299744,
    -0.240237295627594,
    -0.9405978322029114,
    0.42676401138305664,
    -1.9469929933547974,
    -0.6141065955162048,
    0.7041758894920349,
    -1.1078978776931763,
    1.0191432237625122
  ],
  "[C@H]12CCC([C@H](OC1)O2)=O": [
    2.271116256713867,
    0.01708894595503807,
    0.4246777892112732,
    0.037645112723112106,
    0.2565796673297882,
    -1.1832448244094849,
    0.8800990581512451,
    -0.4719778001308441,
    -0.09006091952323914,
    -1.3644964694976807,
    0.29291436076164246,
    -1.4518135786056519,
    -0.2629965841770172,
    0.6561952829360962,
    -1.348860740661621,
    1.360332727432251
  ],
  "O=C(OCC)C": [
    1.975437879562378,
    0.7950505018234253,
    0.22052732110023499,
    -0.14732089638710022,
    -0.7784105539321899,
    -0.5652220249176025,
    1.629791259765625,
    -0.427648663520813,
    -0.32440850138664246,
    -0.9211465120315552,
    0.4364476203918457,
    -1.89638090133667,
    -0.6562649607658386,
    0.7765305042266846,
    -1.046820878982544,
    0.9520171284675598
  ],
  "CC(C)(C)OC": [
    1.8829079866409302,
    0.7918042540550232,
    0.06094542518258095,
    -0.29131263494491577,
    -1.0333385467529297,
    -0.5561554431915283,
    1.7755193710327148,
    -0.3860844373703003,
    -0.36100760102272034,
    -0.8563945293426514,
    0.5365039706230164,
    -1.8239002227783203,
    -0.6622366905212402,
    0.9051644802093506,
    -0.8400425910949707,
    0.8816028237342834
  ],