{
  "CO": [
    1.9786062240600586,
    -0.23101544380187988,
    0.05231077969074249,
    0.11798013001680374,
    0.03665308654308319,
    -1.6226589679718018,
    0.817361056804657,
    -0.4375120997428894,
    0.2140003740787506,
    -1.5878262519836426,
    0.4766073524951935,
    -0.9870337843894958,
    0.06389258056879044,
    0.8085651993751526,
    -1.251246690750122,
    1.578642725944519
  ],
  "OCCO": [
    1.9920567274093628,
    -0.4486103653907776,
    0.14983196556568146,
    0.4328680634498596,
    0.6452821493148804,
    -1.682325839996338,
    0.6993967294692993,
    -0.2756153643131256,
    -0.23696660995483398,
    -1.424202799797058,
    0.27754247188568115,
    -1.148205041885376,
    -0.017151962965726852,
    0.7223817706108093,
    -1.1933234930038452,
    1.5337401628494263
  ],
  "C(C(F)(F)F)(C(F)(F)F)O": [
    1.4089609384536743,
    -0.2765344977378845,
    0.07639601081609726,
    -0.1770135909318924,
    -0.5286116003990173,
    -1.8343833684921265,
    0.5338075160980225,
    0.01794593222439289,
    0.3408827781677246,
    -1.9667000770568848,
    0.5723026990890503,
    -0.9559744596481323,
    0.5069066882133484,
    0.9130676984786987,
    -0.43437227606773376,
    1.8257502317428589
  ],
  "O1C(C)CCC1": [
    2.099724292755127,
    0.7137313485145569,
    0.3051222562789917,
    -0.18991819024085999,
    -0.5933318138122559,
    -0.6420014500617981,
    1.5575493574142456,
    -0.46306172013282776,
    -0.3346961438655853,
    -0.98802250623703,
    0.2878684401512146,
    -1.8241150379180908,
    -0.5496448278427124,
    0.7409726977348328,
    -1.1271628141403198,
    1.0319398641586304
  ],
  "C1CCCCC1": [
    1.7137880325317383,
    0.6826159954071045,
    -0.33071503043174744,
    -0.6318366527557373,
    -1.1522059440612793,
    -0.8610197305679321,
    1.3225170373916626,
    -0.39212092757225037,
    -0.17637115716934204,
    -0.733648419380188,
    0.5121431946754456,
    -1.773743987083435,
    -0.7003819942474365,
    1.6788439750671387,
    -0.1044747456908226,
    0.9713292121887207
  ],
  "CC(O)C": [
    2.128340244293213,
    0.4525589048862457,
    0.24910153448581696,
    -0.010283395648002625,
    -0.15240326523780823,
    -1.0665884017944336,
    1.267013669013977,
    -0.4933919608592987,
    -0.1508914679288864,
    -1.4440810680389404,
    0.3188907504081726,
    -1.5174371004104614,
    -0.3198251724243164,
    0.7474962472915649,
    -1.2315988540649414,
    1.252220869064331
  ],
  "O.CC#N": [
    1.8590072393417358,
    -0.6580332517623901,
    0.006412828341126442,
    0.26030299067497253,
    0.28589099645614624,
    -1.848731279373169,
    0.5265169143676758,
    5.1402952522039413e-05,
    -0.18580350279808044,
    -1.445631742477417,
    0.4757891893386841,
    -1.0790549516677856,
    0.2686876952648163,
    0.7709342241287231,
    -0.9677749872207642,
    1.7522979974746704
  ],
  "CC#N": [
    2.2313342094421387,
    0.24722009897232056,
    0.2873726785182953,
    0.01851062662899494,
    -0.13592879474163055,
    -1.0674241781234741,
    1.1434588432312012,
    -0.41182342171669006,
    0.048496365547180176,
    -1.4297245740890503,
    0.38512712717056274,
    -1.4882012605667114,
    -0.29822489619255066,
    0.5646525025367737,
    -1.352683186531067,
    1.2845234870910645
  ],
  "CC#N.CC(=O)O": [
    2.181215286254883,
    0.09258255362510681,
    0.2026517242193222,
    0.03428738936781883,
    -0.06279999762773514,
    -1.2438937425613403,
    0.9665644764900208,
    -0.41047680377960205,
    0.20666129887104034,
    -1.5140326023101807,
    0.47661852836608887,
    -1.3095694780349731,
    -0.25253280997276306,
    0.6794835329055786,
    -1.3804473876953125,
    1.3608437776565552
  ],
  "CCOCC": [
    1.9112319946289062,
    0.8204894661903381,
    0.060606084764003754,
    -0.13825088739395142,
    -0.8562934398651123,
    -0.5543601512908936,
    1.722505807876587,
    -0.49390503764152527,
    -0.45444920659065247,
    -0.9491285681724548,
    0.44566720724105835,
    -1.8283659219741821,
    -0.6400443911552429,
    0.8848217725753784,
    -0.8756899833679199,
    0.9705159664154053
  ],
  "OCC(F)(F)F": [
    1.9933156967163086,
    -0.23643118143081665,
    0.032394006848335266,
    -0.131759375333786,
    0.004080084152519703,
    -1.6657874584197998,
    0.6089807748794556,
    -0.2552712559700012,
    0.22097106277942657,
    -1.8113384246826172,
    0.4833701252937317,
    -0.810413658618927,
    0.2040274292230606,
    0.762397050857544,
    -1.0315163135528564,
    1.6602122783660889
  ],
  "O.OCC(F)(F)F": [
    1.619242548942566,
    -0.7814618945121765,
    -0.04407471418380737,
    0.1481027901172638,
    0.2205212414264679,
    -2.0457937717437744,
    0.40757840871810913,
    0.12781338393688202,
    -0.16526947915554047,
    -1.5068576335906982,
    0.43610090017318726,
    -0.7988647818565369,
    0.4377743899822235,
    0.8740828633308411,
    -0.7812668085098267,
    1.8734707832336426
  ],
  "CN(C)C(C)=O": [
    2.1830661296844482,
    0.5651639699935913,
    0.4882858395576477,
    -0.11007825285196304,
    -0.14507976174354553,
    -0.8427404761314392,
    1.1994491815567017,
    -0.5345999598503113,
    -0.3003200590610504,
    -1.2610529661178589,
    0.3060677945613861,
    -1.7325141429901123,
    -0.440213680267334,
    0.7231444716453552,
    -1.2205313444137573,
    1.1474398374557495
  ],
  "CCCCCCCCCCO": [
    2.041253089904785,
    0.7139312028884888,
    0.21097423136234283,
    -0.2729596793651581,
    -0.5156301856040955,
    -0.5207500457763672,
    1.4698240756988525,
    -0.5898573398590088,
    -0.6721213459968567,
    -0.9278002381324768,
    0.5054590702056885,
    -1.8249027729034424,
    -0.6405423879623413,
    1.0212366580963135,
    -0.9725093841552734,
    0.9981700778007507
  ],
  "OCC": [
    2.1831343173980713,
    0.11535732448101044,
    0.23156672716140747,
    0.0009440308203920722,
    0.07366561889648438,
    -1.2737451791763306,
    1.0592213869094849,
    -0.4528597295284271,
    0.008734476752579212,
    -1.5028985738754272,
    0.33552202582359314,
    -1.2237162590026855,
    -0.23379991948604584,
    0.7339898943901062,
    -1.3866158723831177,
    1.361519694328308
  ],
  "C1CCOC1": [
    2.0640604496002197,
    0.6436264514923096,
    0.3060540556907654,
    -0.1490139216184616,
    -0.6064629554748535,
    -0.5604066848754883,
    1.5702118873596191,
    -0.43649721145629883,
    -0.26928457617759705,
    -0.9306747913360596,
    0.3957655727863312,
    -1.9399170875549316,
    -0.6462884545326233,
    0.7244857549667358,
    -1.1211763620376587,
    0.9793021082878113
  ],
  "[C@H]12CCC([C@H](OC1)O2)=O": [
    2.2884247303009033,
    0.08226895332336426,
    0.44201502203941345,
    0.05111393705010414,
    0.2204388678073883,
    -1.165340542793274,
    0.9328187704086304,
    -0.48316845297813416,
    -0.11129739880561829,
    -1.3934909105300903,
    0.24327924847602844,
    -1.5001451969146729,
    -0.2668275535106659,
    0.6822103261947632,
    -1.2807705402374268,
    1.2855443954467773
  ],
  "O=C(OCC)C": [
    2.0267324447631836,
    0.7836509943008423,
    0.19769275188446045,
    -0.07777981460094452,
    -0.6735324859619141,
    -0.5773996114730835,
    1.6334775686264038,
    -0.4318578541278839,
    -0.3142715096473694,
    -0.9414962530136108,
    0.4093923270702362,
    -1.8425318002700806,
    -0.6981188654899597,
    0.7353929281234741,
    -1.1366124153137207,
    0.9325763583183289
  ],
  "CC(C)(C)OC": [
    1.7438549995422363,
    0.8210244178771973,
    -0.08945629745721817,
    -0.24156655371189117,
    -1.0869742631912231,
    -0.6025164127349854,
    1.8422735929489136,
    -0.459290474653244,
    -0.4205005466938019,
    -0.885356605052948,
    0.5624144673347473,
    -1.7572238445281982,
    -0.660060465335846,
    1.1174830198287964,
    -0.6940121650695801,
    0.8381426930427551
  ],