{
  "CO": [
    1.562916874885559,
    -0.5523691773414612,
    0.2430722564458847,
    -0.19199782609939575,
    0.7557855248451233,
    -0.9591760635375977,
    0.5447731018066406,
    -0.8755636215209961,
    -0.3143170475959778,
    -1.2090178728103638,
    1.4561748504638672,
    -1.142878532409668,
    0.42355626821517944,
    0.5599775314331055,
    -1.7552261352539062,
    1.4427040815353394
  ],
  "OCCO": [
    1.5700466632843018,
    -0.6869524121284485,
    0.3599090278148651,
    0.09433615207672119,
    1.1676716804504395,
    -0.909861147403717,
    0.453296959400177,
    -0.7370008230209351,
    -0.6494975090026855,
    -1.048326849937439,
    1.3865913152694702,
    -1.5081003904342651,
    0.36173561215400696,
    0.4661259353160858,
    -1.565101981163025,
    1.232150673866272
  ],
  "C(C(F)(F)F)(C(F)(F)F)O": [
    1.4918841123580933,
    -0.4250921905040741,
    0.046303290873765945,
    -0.5600258708000183,
    0.4184715747833252,
    -0.9905029535293579,
    0.7401315569877625,
    -0.5641606450080872,
    -0.12594234943389893,
    -1.7543704509735107,
    1.4955544471740723,
    -1.0068695545196533,
    0.5160406231880188,
    0.5300976634025574,
    -1.3859460353851318,
    1.5682399272918701
  ],
  "O1C(C)CCC1": [
    1.551613211631775,
    0.37670210003852844,
    0.4089750051498413,
    -0.37364205718040466,
    -0.19149909913539886,
    -0.15596270561218262,
    1.4871084690093994,
    -0.6957578063011169,
    -0.985831081867218,
    -0.5813615918159485,
    1.0723347663879395,
    -2.0720810890197754,
    -0.37825924158096313,
    0.8285157680511475,
    -1.347667932510376,
    1.0489842891693115
  ],
  "C1CCCCC1": [
    1.2475404739379883,
    0.5030773282051086,
    -0.23357288539409637,
    -0.6076792478561401,
    -0.8643057346343994,
    -0.6566751003265381,
    1.7558296918869019,
    -0.4471718668937683,
    -0.8668943643569946,
    -0.3740086853504181,
    1.0409326553344727,
    -1.7992773056030273,
    -0.6969029307365417,
    1.6209806203842163,
    -0.5207474827766418,
    0.9012659788131714
  ],
  "CC(O)C": [
    1.6630257368087769,
    0.0962357372045517,
    0.5192726254463196,
    -0.32881540060043335,
    0.49574387073516846,
    -0.47485020756721497,
    0.8847495317459106,
    -0.8487569093704224,
    -0.7579753398895264,
    -1.075067400932312,
    1.366390347480774,
    -1.7373125553131104,
    0.027702471241354942,
    0.5746403336524963,
    -1.6080751419067383,
    1.1913172006607056
  ],
  "O.CC#N": [
    1.4379533529281616,
    -0.9274741411209106,
    0.24846234917640686,
    -0.10169311612844467,
    0.8384313583374023,
    -1.0470243692398071,
    0.4478175938129425,
    -0.4730943441390991,
    -0.5943281054496765,
    -1.080301284790039,
    1.5135843753814697,
    -1.4064542055130005,
    0.5890281796455383,
    0.4977000951766968,
    -1.463979959487915,
    1.5094733238220215
  ],
  "CC#N": [
    1.6530835628509521,
    -0.2035379856824875,
    0.43170636892318726,
    -0.1761276125907898,
    0.5513277649879456,
    -0.39263471961021423,
    0.8064011335372925,
    -0.8079416155815125,
    -0.5178084373474121,
    -1.180539608001709,
    1.3832262754440308,
    -1.7439868450164795,
    0.18145404756069183,
    0.44194671511650085,
    -1.6992416381835938,
    1.2598627805709839
  ],
  "CC#N.CC(=O)O": [
    1.598702073097229,
    -0.2878267765045166,
    0.38449639081954956,
    -0.21113187074661255,
    0.5574464797973633,
    -0.47139930725097656,
    0.7573591470718384,
    -0.8127424716949463,
    -0.41014015674591064,
    -1.2335623502731323,
    1.4881291389465332,
    -1.6269549131393433,
    0.21433016657829285,
    0.5179167985916138,
    -1.7364431619644165,
    1.259613275527954
  ],
  "CCOCC": [
    1.3296434879302979,
    0.4218512773513794,
    0.12617719173431396,
    -0.326739639043808,
    -0.49641096591949463,
    -0.18826782703399658,
    1.7635102272033691,
    -0.6813169717788696,
    -1.1059056520462036,
    -0.44799870252609253,
    1.1395518779754639,
    -2.023728609085083,
    -0.5186087489128113,
    1.0789028406143188,
    -1.022101640701294,
    0.9473850131034851
  ],
  "OCC(F)(F)F": [
    1.618791937828064,
    -0.4188176393508911,
    0.2506723403930664,
    -0.48566150665283203,
    0.4903165400028229,
    -0.9895902276039124,
    0.7529643177986145,
    -0.8396294116973877,
    -0.31932300329208374,
    -1.4138473272323608,
    1.4648798704147339,
    -1.1102582216262817,
    0.5310631394386292,
    0.5390224456787109,
    -1.5220272541046143,
    1.4426085948944092
  ],
  "O.OCC(F)(F)F": [
    1.451682686805725,
    -0.8461681008338928,
    0.018188467249274254,
    -0.22043044865131378,
    0.7820948362350464,
    -1.2582576274871826,
    0.5206884741783142,
    -0.5683913826942444,
    -0.562125027179718,
    -1.3257743120193481,
    1.625510811805725,
    -1.030592918395996,
    0.6550036668777466,
    0.5623007416725159,
    -1.2867096662521362,
    1.4744418859481812
  ],
  "CN(C)C(C)=O": [
    1.7054213285446167,
    0.13032293319702148,
    0.712172269821167,
    -0.427767276763916,
    0.5413069128990173,
    -0.3090425729751587,
    0.8767626285552979,
    -0.8132531046867371,
    -0.7110199332237244,
    -1.0046907663345337,
    1.205370306968689,
    -1.8753323554992676,
    -0.1078610047698021,
    0.6079037189483643,
    -1.6200939416885376,
    1.0783358812332153
  ],
  "CCCCCCCCCCO": [
    1.6203563213348389,
    0.40365099906921387,
    0.26822179555892944,
    -0.7156908512115479,
    -0.07091649621725082,
    -0.006168670952320099,
    1.3772459030151367,
    -0.7149712443351746,
    -1.1141018867492676,
    -0.5496740341186523,
    1.2058948278427124,
    -1.857595443725586,
    -0.51067715883255,
    1.0612678527832031,
    -1.2966333627700806,
    0.8939095735549927
  ],
  "OCC": [
    1.648840308189392,
    -0.22819359600543976,
    0.43666356801986694,
    -0.2967548668384552,
    0.6783773303031921,
    -0.5532207489013672,
    0.7911284565925598,
    -0.8434829115867615,
    -0.5679370760917664,
    -1.211774468421936,
    1.3854047060012817,
    -1.534568428993225,
    0.18615178763866425,
    0.5779778361320496,
    -1.717109203338623,
    1.2373194694519043
  ],
  "C1CCOC1": [
    1.595168948173523,
    0.26138636469841003,
    0.4527895748615265,
    -0.40798723697662354,
    -0.030828211456537247,
    -0.1386628895998001,
    1.392329454421997,
    -0.6387655735015869,
    -0.8425233960151672,
    -0.6264880895614624,
    1.1920100450515747,
    -2.0883545875549316,
    -0.3819889724254608,
    0.7358956336975098,
    -1.480294108390808,
    0.9977238178253174
  ],
  "[C@H]12CCC([C@H](OC1)O2)=O": [
    1.782846450805664,
    -0.15598806738853455,
    0.6977866888046265,
    -0.25681668519973755,
    0.753048300743103,
    -0.47245582938194275,
    0.5727297067642212,
    -0.944585382938385,
    -0.6523957252502441,
    -1.0832934379577637,
    1.2905880212783813,
    -1.7865419387817383,
    0.15747764706611633,
    0.5144579410552979,
    -1.5322294235229492,
    1.1017528772354126
  ],
  "O=C(OCC)C": [
    1.5086708068847656,
    0.4052593410015106,
    0.313672810792923,
    -0.3274741768836975,
    -0.21803727746009827,
    -0.19178277254104614,
    1.5390666723251343,
    -0.6646008491516113,
    -0.9516112208366394,
    -0.6005884408950806,
    1.2034540176391602,
    -2.039207696914673,
    -0.4103334844112396,
    0.8110533356666565,
    -1.3752646446228027,
    0.9903910160064697
  ],
  "CC(C)(C)OC": [
    1.29515540599823,
    0.47849375009536743,
    -0.03379390388727188,
    -0.448639452457428,
    -0.6410844326019287,
    -0.28935787081718445,
    1.9250627756118774,
    -0.5964581370353699,
    -1.0348495244979858,
    -0.4710085988044739,
    1.0998023748397827,
    -1.852368950843811,
    -0.5795789361000061,
    1.2257567644119263,
    -0.9543958902359009,
    0.8767644762992859
  ],