{
  "CO": [
    1.9142972230911255,
    -0.343872994184494,
    0.030941523611545563,
    0.11640210449695587,
    0.26947447657585144,
    -1.7678797245025635,
    0.5510198473930359,
    -0.25003209710121155,
    0.1535133570432663,
    -1.5330413579940796,
    0.3923630714416504,
    -0.8794847726821899,
    0.10534761846065521,
    0.8730970025062561,
    -1.2901568412780762,
    1.6835076808929443
  ],
  "OCCO": [
    1.978655457496643,
    -0.4327956736087799,
    0.17775613069534302,
    0.39196866750717163,
    0.6221856474876404,
    -1.6843539476394653,
    0.7213158011436462,
    -0.28614380955696106,
    -0.19552789628505707,
    -1.4414499998092651,
    0.21757978200912476,
    -1.1482058763504028,
    0.016092466190457344,
    0.7327051758766174,
    -1.1941807270050049,
    1.5520049333572388
  ],
  "C(C(F)(F)F)(C(F)(F)F)O": [
    1.5054905414581299,
    -0.2572630047798157,
    0.061407823115587234,
    -0.20998045802116394,
    -0.6187435984611511,
    -1.6608203649520874,
    0.7176129221916199,
    -0.09102781116962433,
    0.357816606760025,
    -2.0321543216705322,
    0.5700591206550598,
    -0.970537543296814,
    0.48341044783592224,
    0.9201880693435669,
    -0.4831719398498535,
    1.7334719896316528
  ],
  "O1C(C)CCC1": [
    2.115936279296875,
    0.7037278413772583,
    0.3323027491569519,
    -0.17869022488594055,
    -0.5363106727600098,
    -0.689916729927063,
    1.5281569957733154,
    -0.43228819966316223,
    -0.31908339262008667,
    -1.0069998502731323,
    0.30715954303741455,
    -1.8501741886138916,
    -0.540624737739563,
    0.7112988233566284,
    -1.1308295726776123,
    1.0121053457260132
  ],
  "C1CCCCC1": [
    1.9959498643875122,
    0.6255505681037903,
    0.0850411057472229,
    -0.2732922434806824,
    -1.0497528314590454,
    -0.9916890859603882,
    1.4964613914489746,
    -0.16412697732448578,
    -0.21403640508651733,
    -0.8753709197044373,
    0.72004234790802,
    -1.8693673610687256,
    -0.4110523462295532,
    0.8784984946250916,
    -0.8470036387443542,
    0.9180588722229004
  ],
  "CC(O)C": [
    2.1491904258728027,
    0.3579278886318207,
    0.27574965357780457,
    -0.03573708236217499,
    -0.023301437497138977,
    -1.1549737453460693,
    1.1607825756072998,
    -0.42802152037620544,
    -0.10085960477590561,
    -1.4913800954818726,
    0.3793410658836365,
    -1.4403924942016602,
    -0.3467848300933838,
    0.7447263598442078,
    -1.278976321220398,
    1.263219952583313
  ],
  "O.CC#N": [
    1.9283841848373413,
    -0.6024926900863647,
    0.004583058413118124,
    0.2336759865283966,
    0.3035655617713928,
    -1.8161017894744873,
    0.43535730242729187,
    -0.13462844491004944,
    -0.04298173263669014,
    -1.4584401845932007,
    0.38968077301979065,
    -0.9331709742546082,
    0.18498016893863678,
    0.8287943601608276,
    -1.0756269693374634,
    1.7763651609420776
  ],
  "CC#N": [
    2.2213408946990967,
    0.22576549649238586,
    0.2670993208885193,
    0.03442453220486641,
    -0.09979508817195892,
    -1.1115586757659912,
    1.1018078327178955,
    -0.40962502360343933,
    0.055116135627031326,
    -1.4379193782806396,
    0.41628146171569824,
    -1.451945424079895,
    -0.3102058172225952,
    0.6035990715026855,
    -1.3703194856643677,
    1.2933861017227173
  ],
  "CC#N.CC(=O)O": [
    2.1988587379455566,
    0.1279156655073166,
    0.23874683678150177,
    0.002171868924051523,
    -0.0741228386759758,
    -1.1725295782089233,
    1.0197851657867432,
    -0.4372748136520386,
    0.15870875120162964,
    -1.5074900388717651,
    0.4506404995918274,
    -1.3210269212722778,
    -0.28097784519195557,
    0.673583984375,
    -1.3901653289794922,
    1.341357946395874
  ],
  "CCOCC": [
    1.9036104679107666,
    0.813093900680542,
    0.06390877813100815,
    -0.12726405262947083,
    -0.8456680178642273,
    -0.5652875304222107,
    1.709119439125061,
    -0.5020655393600464,
    -0.4573003351688385,
    -0.9468064904212952,
    0.4656239151954651,
    -1.831676721572876,
    -0.6302915811538696,
    0.8873429298400879,
    -0.8962089419364929,
    0.9852389097213745
  ],
  "OCC(F)(F)F": [
    1.870176911354065,
    -0.3086118698120117,
    0.04915110021829605,
    -0.09859559684991837,
    0.06929715722799301,
    -1.8151509761810303,
    0.5834957957267761,
    -0.26776036620140076,
    0.1605822592973709,
    -1.7526918649673462,
    0.48297959566116333,
    -0.7608439326286316,
    0.2842811346054077,
    0.8348380923271179,
    -1.004936933517456,
    1.7013397216796875
  ],
  "O.OCC(F)(F)F": [
    1.6524375677108765,
    -0.7867932915687561,
    -0.10579070448875427,
    0.2537430226802826,
    0.3292232155799866,
    -1.9944480657577515,
    0.2580537497997284,
    0.049883391708135605,
    -0.1471588909626007,
    -1.428005576133728,
    0.41845703125,
    -0.6855473518371582,
    0.24451807141304016,
    1.003141164779663,
    -0.9466232657432556,
    1.9053469896316528
  ],
  "CN(C)C(C)=O": [
    2.1461329460144043,
    0.500718355178833,
    0.4659688472747803,
    -0.11494749784469604,
    -0.11742232739925385,
    -0.8788123726844788,
    1.2649853229522705,
    -0.5193861126899719,
    -0.21972690522670746,
    -1.3318297863006592,
    0.2491123378276825,
    -1.6944198608398438,
    -0.4066680669784546,
    0.7825230360031128,
    -1.233786940574646,
    1.1362947225570679
  ],
  "CCCCCCCCCCO": [
    2.0562031269073486,
    0.6800177097320557,
    0.22040057182312012,
    -0.36205050349235535,
    -0.5164337158203125,
    -0.5124390125274658,
    1.407426118850708,
    -0.5366142988204956,
    -0.5667675137519836,
    -1.004408359527588,
    0.515821635723114,
    -1.814653754234314,
    -0.6407556533813477,
    1.050389051437378,
    -0.9892758727073669,
    1.0374135971069336
  ],
  "OCC": [
    2.1648335456848145,
    0.12399613112211227,
    0.2502214312553406,
    0.011719326488673687,
    0.05815768241882324,
    -1.2720435857772827,
    1.0766639709472656,
    -0.4636804163455963,
    -0.012917554937303066,
    -1.515018343925476,
    0.347488135099411,
    -1.2358429431915283,
    -0.22996120154857635,
    0.735373318195343,
    -1.3695704936981201,
    1.3612638711929321
  ],
  "C1CCOC1": [
    2.0588667392730713,
    0.66075599193573,
    0.26799750328063965,
    -0.1351543664932251,
    -0.6110566854476929,
    -0.5369433164596558,
    1.567304253578186,
    -0.4461072087287903,
    -0.27773168683052063,
    -0.9577913284301758,
    0.3852768838405609,
    -1.924522042274475,
    -0.655020534992218,
    0.7552432417869568,
    -1.1137369871139526,
    0.9870886206626892
  ],
  "[C@H]12CCC([C@H](OC1)O2)=O": [
    2.2748193740844727,
    0.021544165909290314,
    0.393496572971344,
    0.04355723038315773,
    0.2824174165725708,
    -1.1769129037857056,
    0.9154213070869446,
    -0.48230141401290894,
    -0.08564034104347229,
    -1.3827868700027466,
    0.25824639201164246,
    -1.4175344705581665,
    -0.2727837562561035,
    0.6749703288078308,
    -1.3595101833343506,
    1.3403438329696655
  ],
  "O=C(OCC)C": [
    1.9073237180709839,
    0.7946101427078247,
    0.1160152480006218,
    -0.11194826662540436,
    -0.8709861040115356,
    -0.4615783989429474,
    1.7490051984786987,
    -0.4591374695301056,
    -0.3153539001941681,
    -0.9290879964828491,
    0.3492972254753113,
    -1.850737452507019,
    -0.7146799564361572,
    0.8662487268447876,
    -0.9825495481491089,
    0.9396660923957825
  ],
  "CC(C)(C)OC": [
    1.7411046028137207,
    0.809382975101471,
    -0.08833271265029907,
    -0.2282111942768097,
    -1.0728378295898438,
    -0.5937826633453369,
    1.852269172668457,
    -0.4523649215698242,
    -0.39417633414268494,
    -0.9000202417373657,
    0.5432462096214294,
    -1.748914122581482,
    -0.6715982556343079,
    1.0932698249816895,
    -0.7371674180030823,
    0.8766465187072754
  ],