{
  "CO": [
    1.9767147302627563,
    -0.2574672996997833,
    0.0008055368671193719,
    0.08735493570566177,
    0.1948815882205963,
    -1.727336049079895,
    0.6291380524635315,
    -0.3486070930957794,
    0.20515698194503784,
    -1.5655977725982666,
    0.4190104305744171,
    -0.8653147220611572,
    0.07559806108474731,
    0.823506236076355,
    -1.267989993095398,
    1.646950125694275
  ],
  "OCCO": [
    2.0163798332214355,
    -0.4428534209728241,
    0.17245833575725555,
    0.3895453214645386,
    0.6928411722183228,
    -1.634345531463623,
    0.6583700776100159,
    -0.31969380378723145,
    -0.201547771692276,
    -1.4184861183166504,
    0.19698688387870789,
    -1.1053231954574585,
    0.00449883658438921,
    0.7171853184700012,
    -1.2577471733093262,
    1.558519959449768
  ],
  "C(C(F)(F)F)(C(F)(F)F)O": [
    1.5669785737991333,
    -0.2389395833015442,
    0.0005594317335635424,
    -0.14062795042991638,
    -0.36479613184928894,
    -1.7666808366775513,
    0.6625438928604126,
    -0.20623229444026947,
    0.22352714836597443,
    -2.0036778450012207,
    0.6990410685539246,
    -0.8757860660552979,
    0.4846199154853821,
    0.7338683605194092,
    -0.5430529117584229,
    1.7934255599975586
  ],
  "O1C(C)CCC1": [
    2.0104806423187256,
    0.7560255527496338,
    0.23759564757347107,
    -0.1386229395866394,
    -0.653695285320282,
    -0.5441305637359619,
    1.6143563985824585,
    -0.5013853311538696,
    -0.4349314570426941,
    -0.934695303440094,
    0.30329209566116333,
    -1.8842453956604004,
    -0.6183034777641296,
    0.8311921954154968,
    -1.0329798460006714,
    1.0147905349731445
  ],
  "C1CCCCC1": [
    2.014084577560425,
    0.641600489616394,
    0.09581655263900757,
    -0.2938617467880249,
    -1.070910096168518,
    -0.9446484446525574,
    1.4647449254989624,
    -0.15451793372631073,
    -0.21034523844718933,
    -0.8715949654579163,
    0.7280998229980469,
    -1.8567554950714111,
    -0.401347279548645,
    0.8229427933692932,
    -0.9026328325271606,
    0.9615955352783203
  ],
  "CC(O)C": [
    2.168090581893921,
    0.3826422095298767,
    0.2904633581638336,
    -0.03221167251467705,
    -0.05287038907408714,
    -1.1083812713623047,
    1.1646791696548462,
    -0.47501087188720703,
    -0.111762635409832,
    -1.451235294342041,
    0.3425474762916565,
    -1.430326223373413,
    -0.36209753155708313,
    0.7261838912963867,
    -1.3077905178070068,
    1.2866681814193726
  ],
  "O.CC#N": [
    1.9483424425125122,
    -0.6023535132408142,
    -0.011951441876590252,
    0.22025683522224426,
    0.28847193717956543,
    -1.816267967224121,
    0.3958829939365387,
    -0.12501107156276703,
    0.03507726639509201,
    -1.4815175533294678,
    0.34348756074905396,
    -0.9209132194519043,
    0.17011862993240356,
    0.8128848671913147,
    -1.032941222190857,
    1.798293113708496
  ],
  "CC#N": [
    2.2504422664642334,
    0.18416215479373932,
    0.2761366069316864,
    0.003159144427627325,
    -0.07874705642461777,
    -1.174508810043335,
    1.0315130949020386,
    -0.4011573791503906,
    0.10773765295743942,
    -1.4596202373504639,
    0.3907003700733185,
    -1.4054796695709229,
    -0.2709142565727234,
    0.6198702454566956,
    -1.3504897356033325,
    1.3050013780593872
  ],
  "CC#N.CC(=O)O": [
    2.160137891769409,
    0.09315408766269684,
    0.24293209612369537,
    0.010789362713694572,
    -0.11861105263233185,
    -1.2230868339538574,
    1.0399469137191772,
    -0.42072105407714844,
    0.2169497311115265,
    -1.514682650566101,
    0.4423055946826935,
    -1.3733965158462524,
    -0.2042534351348877,
    0.6669555902481079,
    -1.340002417564392,
    1.3495824337005615
  ],
  "CCOCC": [
    2.026726484298706,
    0.7700414657592773,
    0.15742795169353485,
    -0.2075873762369156,
    -0.7045363187789917,
    -0.6466957330703735,
    1.631229043006897,
    -0.4023263156414032,
    -0.34238678216934204,
    -1.002658724784851,
    0.3952091932296753,
    -1.8248964548110962,
    -0.6030431389808655,
    0.7863342761993408,
    -1.0142220258712769,
    1.0076326131820679
  ],
  "OCC(F)(F)F": [
    1.938126802444458,
    -0.2404956817626953,
    0.050256144255399704,
    -0.1396990865468979,
    -0.01747051440179348,
    -1.7054325342178345,
    0.5778984427452087,
    -0.2546955347061157,
    0.2894986569881439,
    -1.8265862464904785,
    0.4573991298675537,
    -0.8157119750976562,
    0.2576844096183777,
    0.7439782619476318,
    -0.9853322505950928,
    1.697603464126587
  ],
  "O.OCC(F)(F)F": [
    1.618204951286316,
    -0.7390809059143066,
    -0.030200039967894554,
    0.16964539885520935,
    0.2556374967098236,
    -1.999464988708496,
    0.43518850207328796,
    0.07821255922317505,
    -0.21474425494670868,
    -1.5635958909988403,
    0.44316357374191284,
    -0.7792550325393677,
    0.4064760208129883,
    0.90261310338974,
    -0.8232517838478088,
    1.8630986213684082
  ],
  "CN(C)C(C)=O": [
    2.153636932373047,
    0.5375209450721741,
    0.4856069087982178,
    -0.1479356437921524,
    -0.12077358365058899,
    -0.8855318427085876,
    1.2195725440979004,
    -0.5106667280197144,
    -0.2652277946472168,
    -1.3226882219314575,
    0.29515597224235535,
    -1.7065751552581787,
    -0.3961147367954254,
    0.7606408596038818,
    -1.217207670211792,
    1.1481966972351074
  ],
  "CCCCCCCCCCO": [
    2.0366873741149902,
    0.7128146290779114,
    0.21080006659030914,
    -0.28607192635536194,
    -0.5089495182037354,
    -0.528343141078949,
    1.4650226831436157,
    -0.586150586605072,
    -0.6596173644065857,
    -0.947461724281311,
    0.533150315284729,
    -1.8268868923187256,
    -0.6406274437904358,
    1.0363390445709229,
    -0.9637640714645386,
    0.9778099656105042
  ],
  "OCC": [
    2.1624345779418945,
    0.10636527836322784,
    0.23919689655303955,
    0.02741754613816738,
    0.08726423978805542,
    -1.2988615036010742,
    1.056253433227539,
    -0.4582446813583374,
    -0.021376777440309525,
    -1.4799965620040894,
    0.31420114636421204,
    -1.1863517761230469,
    -0.23707857728004456,
    0.7351152300834656,
    -1.4156696796417236,
    1.399625301361084
  ],
  "C1CCOC1": [
    2.103228807449341,
    0.5888001322746277,
    0.3222483694553375,
    -0.18724258244037628,
    -0.5503104329109192,
    -0.5869719982147217,
    1.5214765071868896,
    -0.403146356344223,
    -0.19242002069950104,
    -1.0074901580810547,
    0.3850603401660919,
    -1.886662244796753,
    -0.6210646629333496,
    0.7511813640594482,
    -1.1947085857391357,
    0.983559250831604
  ],
  "[C@H]12CCC([C@H](OC1)O2)=O": [
    2.2593400478363037,
    -0.0042987545020878315,
    0.4019266664981842,
    0.07804913818836212,
    0.31256553530693054,
    -1.2104451656341553,
    0.8850523233413696,
    -0.4675953984260559,
    -0.10918328911066055,
    -1.3789092302322388,
    0.23653027415275574,
    -1.4016735553741455,
    -0.2560213506221771,
    0.690555989742279,
    -1.3681628704071045,
    1.3594316244125366
  ],
  "O=C(OCC)C": [
    1.914414405822754,
    0.7800121903419495,
    0.11694425344467163,
    -0.12365267425775528,
    -0.8553958535194397,
    -0.454849511384964,
    1.7383700609207153,
    -0.4646710157394409,
    -0.29590916633605957,
    -0.9430696964263916,
    0.3682933747768402,
    -1.8691786527633667,
    -0.7122188210487366,
    0.884231686592102,
    -0.9721394181251526,
    0.9152773022651672
  ],
  "CC(C)(C)OC": [
    1.7090060710906982,
    0.7923450469970703,
    -0.0928892120718956,
    -0.2945462763309479,
    -1.1464711427688599,
    -0.5170113444328308,
    1.838153600692749,
    -0.47352853417396545,
    -0.45137304067611694,
    -0.8199355006217957,
    0.541989803314209,
    -1.7854877710342407,
    -0.6931570768356323,
    1.177427887916565,
    -0.6150389313697815,
    0.8578314185142517
  ],