{
  "CO": [
    2.0568346977233887,
    -0.24904468655586243,
    -0.010488825850188732,
    0.11024387925863266,
    0.2466927468776703,
    -1.6485869884490967,
    0.512477695941925,
    -0.350142240524292,
    0.2827848792076111,
    -1.5796247720718384,
    0.34726405143737793,
    -0.8180142641067505,
    0.03293982148170471,
    0.8180078268051147,
    -1.346997618675232,
    1.6209821701049805
  ],
  "OCCO": [
    2.020603656768799,
    -0.4404808580875397,
    0.11357906460762024,
    0.3519733250141144,
    0.6846877932548523,
    -1.6318219900131226,
    0.636157751083374,
    -0.29569485783576965,
    -0.13328871130943298,
    -1.4364995956420898,
    0.2142254114151001,
    -1.0245863199234009,
    -0.01941285841166973,
    0.7315096259117126,
    -1.3186362981796265,
    1.5737842321395874
  ],
  "C(C(F)(F)F)(C(F)(F)F)O": [
    1.4139072895050049,
    -0.2851637899875641,
    0.0709225982427597,
    -0.20423854887485504,
    -0.5074917078018188,
    -1.8301032781600952,
    0.630511462688446,
    -0.018807705491781235,
    0.3651858866214752,
    -1.9289954900741577,
    0.5723214745521545,
    -0.9719892144203186,
    0.4836861491203308,
    0.9275193214416504,
    -0.5028740763664246,
    1.808893084526062
  ],
  "O1C(C)CCC1": [
    2.034773111343384,
    0.7985543608665466,
    0.21809013187885284,
    -0.10335353016853333,
    -0.6299957633018494,
    -0.5370423793792725,
    1.5678622722625732,
    -0.5256870985031128,
    -0.4359453022480011,
    -0.954882800579071,
    0.3711497485637665,
    -1.8731329441070557,
    -0.637645959854126,
    0.7782576084136963,
    -1.0540326833724976,
    1.0062555074691772
  ],
  "C1CCCCC1": [
    1.8296871185302734,
    0.7245230078697205,
    -0.11546382308006287,
    -0.29510214924812317,
    -1.1583919525146484,
    -0.9401775002479553,
    1.5961264371871948,
    -0.28056055307388306,
    -0.27629414200782776,
    -0.8504444360733032,
    0.7127887606620789,
    -1.8128377199172974,
    -0.5454702973365784,
    1.116873860359192,
    -0.5900421738624573,
    0.909857988357544
  ],
  "CC(O)C": [
    2.1764588356018066,
    0.40028876066207886,
    0.27799564599990845,
    -0.04324071854352951,
    -0.059711094945669174,
    -1.110307216644287,
    1.1860771179199219,
    -0.45347529649734497,
    -0.11159917712211609,
    -1.4449026584625244,
    0.3710253834724426,
    -1.4553821086883545,
    -0.3552932143211365,
    0.6907448768615723,
    -1.298877477645874,
    1.2588772773742676
  ],
  "O.CC#N": [
    1.8990797996520996,
    -0.6638152599334717,
    0.024182217195630074,
    0.25442636013031006,
    0.31174466013908386,
    -1.7879433631896973,
    0.41029539704322815,
    -0.033829741179943085,
    -0.0753948837518692,
    -1.3726004362106323,
    0.40202856063842773,
    -0.9732396602630615,
    0.1436946541070938,
    0.8498753905296326,
    -1.1692907810211182,
    1.8000391721725464
  ],
  "CC#N": [
    2.239914894104004,
    0.23573602735996246,
    0.27178654074668884,
    0.002901142928749323,
    -0.13907374441623688,
    -1.1490352153778076,
    1.1193560361862183,
    -0.405591756105423,
    0.09467806667089462,
    -1.43027663230896,
    0.37627530097961426,
    -1.4590013027191162,
    -0.25635430216789246,
    0.5578417778015137,
    -1.3284821510314941,
    1.29587984085083
  ],
  "CC#N.CC(=O)O": [
    2.2026748657226562,
    0.08539295196533203,
    0.21008099615573883,
    0.025554869323968887,
    -0.06942710280418396,
    -1.2125324010849,
    0.9697204828262329,
    -0.43511971831321716,
    0.17599637806415558,
    -1.4738460779190063,
    0.50714111328125,
    -1.3371140956878662,
    -0.256274551153183,
    0.6661715507507324,
    -1.387627363204956,
    1.3551346063613892
  ],
  "CCOCC": [
    1.8525300025939941,
    0.7541259527206421,
    0.053597401827573776,
    -0.25197869539260864,
    -1.0027267932891846,
    -0.42636072635650635,
    1.771146297454834,
    -0.4713509678840637,
    -0.4228436350822449,
    -0.894432008266449,
    0.35573405027389526,
    -1.8501298427581787,
    -0.6260749101638794,
    0.9827947020530701,
    -0.8052093982696533,
    1.0051931142807007
  ],
  "OCC(F)(F)F": [
    1.8863445520401,
    -0.26053526997566223,
    -0.007079062517732382,
    -0.13109079003334045,
    -0.020323632284998894,
    -1.773850679397583,
    0.5009750127792358,
    -0.21231801807880402,
    0.28392428159713745,
    -1.795388102531433,
    0.529573917388916,
    -0.8350017666816711,
    0.26583510637283325,
    0.8027167320251465,
    -0.9293326735496521,
    1.7202866077423096
  ],
  "O.OCC(F)(F)F": [
    1.7794222831726074,
    -0.6706845760345459,
    -0.07548742741346359,
    0.17050354182720184,
    0.2682289481163025,
    -1.983526587486267,
    0.4357435703277588,
    -0.11610551178455353,
    -0.1330495923757553,
    -1.559019923210144,
    0.496599406003952,
    -0.7251619696617126,
    0.35845640301704407,
    0.8067790865898132,
    -0.848547101020813,
    1.818426489830017
  ],
  "CN(C)C(C)=O": [
    2.1699650287628174,
    0.5802314281463623,
    0.4777161478996277,
    -0.13339146971702576,
    -0.13091544806957245,
    -0.8353549242019653,
    1.2036162614822388,
    -0.5116897225379944,
    -0.2976752817630768,
    -1.3109478950500488,
    0.3430926501750946,
    -1.742765188217163,
    -0.44603705406188965,
    0.7423434853553772,
    -1.1938081979751587,
    1.1116971969604492
  ],
  "CCCCCCCCCCO": [
    2.1363728046417236,
    0.6633621454238892,
    0.20399333536624908,
    -0.4294241964817047,
    -0.49661916494369507,
    -0.44163939356803894,
    1.4156877994537354,
    -0.5377182364463806,
    -0.5379246473312378,
    -0.9641033411026001,
    0.4259503483772278,
    -1.7805920839309692,
    -0.6402873992919922,
    0.974986732006073,
    -1.0405033826828003,
    1.0712811946868896
  ],
  "OCC": [
    2.11076021194458,
    0.14285103976726532,
    0.20577622950077057,
    0.057353973388671875,
    0.034662093967199326,
    -1.2393128871917725,
    1.111655592918396,
    -0.3831936717033386,
    -0.021410714834928513,
    -1.5455272197723389,
    0.4387688934803009,
    -1.3764209747314453,
    -0.24377095699310303,
    0.7354867458343506,
    -1.3250077962875366,
    1.3265070915222168
  ],
  "C1CCOC1": [
    2.074772596359253,
    0.6606221199035645,
    0.30057016015052795,
    -0.14669311046600342,
    -0.6155554056167603,
    -0.5645447969436646,
    1.5366599559783936,
    -0.43696990609169006,
    -0.2745784819126129,
    -0.9320811033248901,
    0.43437445163726807,
    -1.9497220516204834,
    -0.6354430317878723,
    0.7013971209526062,
    -1.1143244504928589,
    0.9841263890266418
  ],
  "[C@H]12CCC([C@H](OC1)O2)=O": [
    2.238295316696167,
    0.04400389641523361,
    0.4411470890045166,
    0.06531686335802078,
    0.24011874198913574,
    -1.2004294395446777,
    0.9406970739364624,
    -0.47513672709465027,
    -0.11721993237733841,
    -1.3744333982467651,
    0.2830970585346222,
    -1.482025146484375,
    -0.26480457186698914,
    0.6754640936851501,
    -1.3197245597839355,
    1.3317320346832275
  ],
  "O=C(OCC)C": [
    2.0126326084136963,
    0.8045344352722168,
    0.20092853903770447,
    -0.13717709481716156,
    -0.7493994832038879,
    -0.5847018957138062,
    1.6246031522750854,
    -0.43644192814826965,
    -0.3140433132648468,
    -0.9273149371147156,
    0.4151981472969055,
    -1.8690110445022583,
    -0.6532483100891113,
    0.755796492099762,
    -1.0659416913986206,
    0.9477121233940125
  ],
  "CC(C)(C)OC": [
    1.7751579284667969,
    0.798440158367157,
    -0.0720987543463707,
    -0.30827203392982483,
    -1.1169813871383667,
    -0.5197156667709351,
    1.8408496379852295,
    -0.45928096771240234,
    -0.35808226466178894,
    -0.886249303817749,
    0.48888054490089417,
    -1.7392137050628662,
    -0.6566243171691895,
    1.0721404552459717,
    -0.7479482293128967,
    0.9156720638275146
  ],