{
  "CO": [
    1.8260382413864136,
    -0.4210489094257355,
    0.037354882806539536,
    0.0633484497666359,
    0.31111761927604675,
    -1.258100986480713,
    0.942284882068634,
    -0.6045631170272827,
    0.03579973429441452,
    -1.5705382823944092,
    0.8279830813407898,
    -1.2616420984268188,
    0.31600481271743774,
    0.5545692443847656,
    -1.377609372138977,
    1.5826420783996582
  ],
  "OCCO": [
    1.9853999614715576,
    -0.4675278663635254,
    0.1431979089975357,
    0.2831830382347107,
    0.8520781397819519,
    -1.257836937904358,
    0.7330484986305237,
    -0.5571030378341675,
    -0.32739776372909546,
    -1.3312348127365112,
    0.6424452066421509,
    -1.3612704277038574,
    0.17488493025302887,
    0.47549009323120117,
    -1.4414957761764526,
    1.4561145305633545
  ],
  "C(C(F)(F)F)(C(F)(F)F)O": [
    1.7840514183044434,
    -0.2500920593738556,
    -0.12253997474908829,
    -0.21420890092849731,
    -0.02277194708585739,
    -1.264354944229126,
    0.7330003976821899,
    -0.2575625777244568,
    0.3259168565273285,
    -2.10901141166687,
    0.7965133190155029,
    -1.0008169412612915,
    0.40784209966659546,
    0.4085501432418823,
    -0.946293830871582,
    1.7377022504806519
  ],
  "O1C(C)CCC1": [
    1.9671852588653564,
    0.5703158378601074,
    0.2653205990791321,
    -0.18296246230602264,
    -0.3272939622402191,
    -0.4330610930919647,
    1.6184931993484497,
    -0.5326355695724487,
    -0.46127694845199585,
    -0.9942138195037842,
    0.5350674390792847,
    -2.031113862991333,
    -0.4404355585575104,
    0.6460074186325073,
    -1.1876213550567627,
    0.9944083094596863
  ],
  "C1CCCCC1": [
    1.5695639848709106,
    0.6127812266349792,
    -0.2791530191898346,
    -0.44640082120895386,
    -1.0465044975280762,
    -0.7364765405654907,
    1.8000288009643555,
    -0.36653587222099304,
    -0.4382258951663971,
    -0.8190803527832031,
    0.7007376551628113,
    -1.866163969039917,
    -0.576414942741394,
    1.4001293182373047,
    -0.3547157645225525,
    0.860455334186554
  ],
  "CC(O)C": [
    1.951597809791565,
    0.25918787717819214,
    0.24135121703147888,
    -0.058215051889419556,
    0.016926832497119904,
    -0.724015474319458,
    1.3872222900390625,
    -0.5881434679031372,
    -0.19445614516735077,
    -1.4246832132339478,
    0.5224493145942688,
    -1.7158451080322266,
    -0.1661214381456375,
    0.5983182787895203,
    -1.4039007425308228,
    1.3043200969696045
  ],
  "O.CC#N": [
    1.695432424545288,
    -0.7921012043952942,
    0.1293102651834488,
    0.0006828293553553522,
    0.37275809049606323,
    -1.3309824466705322,
    0.7419617772102356,
    -0.11093968152999878,
    -0.11396314948797226,
    -1.4776039123535156,
    0.5800276398658752,
    -1.289541482925415,
    0.5247974991798401,
    0.49343058466911316,
    -1.3084759712219238,
    1.8856894969940186
  ],
  "CC#N": [
    2.1067750453948975,
    -0.01781141571700573,
    0.24435122311115265,
    0.008785099722445011,
    0.2246718406677246,
    -0.8112483024597168,
    1.065289855003357,
    -0.5436593890190125,
    -0.04453803598880768,
    -1.4250026941299438,
    0.6324992179870605,
    -1.5932083129882812,
    -0.03202008083462715,
    0.3915570378303528,
    -1.5626713037490845,
    1.3586715459823608
  ],
  "CC#N.CC(=O)O": [
    2.0081443786621094,
    -0.126878559589386,
    0.14300201833248138,
    0.07416524738073349,
    0.2288723587989807,
    -0.8707586526870728,
    1.023389220237732,
    -0.577393114566803,
    -0.018750332295894623,
    -1.4867966175079346,
    0.8085982203483582,
    -1.5762550830841064,
    0.01619497872889042,
    0.46456965804100037,
    -1.503910779953003,
    1.3960261344909668
  ],
  "CCOCC": [
    1.6715062856674194,
    0.6186720728874207,
    -0.027735112234950066,
    -0.1379144936800003,
    -0.7328714728355408,
    -0.3430356979370117,
    1.9193017482757568,
    -0.5679347515106201,
    -0.5781245827674866,
    -0.8758742809295654,
    0.5721175670623779,
    -2.013564109802246,
    -0.6073774099349976,
    0.9885922074317932,
    -0.7874270081520081,
    0.9121266603469849
  ],
  "OCC(F)(F)F": [
    1.8375129699707031,
    -0.33989691734313965,
    0.0372999869287014,
    -0.14729250967502594,
    0.02817249298095703,
    -1.298588752746582,
    0.9895570278167725,
    -0.48037606477737427,
    0.0004593452613335103,
    -1.733466625213623,
    0.7484247088432312,
    -1.1217190027236938,
    0.47292762994766235,
    0.5350261926651001,
    -1.1978840827941895,
    1.6753017902374268
  ],
  "O.OCC(F)(F)F": [
    1.6288903951644897,
    -0.8968788385391235,
    -0.10297167301177979,
    0.11252385377883911,
    0.5002111792564392,
    -1.6742913722991943,
    0.5898652672767639,
    -0.19384120404720306,
    -0.36749938130378723,
    -1.4392427206039429,
    0.9086503386497498,
    -1.0375865697860718,
    0.6272222399711609,
    0.5837709903717041,
    -1.0145376920700073,
    1.778167486190796
  ],
  "CN(C)C(C)=O": [
    1.9921228885650635,
    0.38156917691230774,
    0.4432719945907593,
    -0.1432267129421234,
    0.12278459221124649,
    -0.5859200954437256,
    1.2897205352783203,
    -0.6271845102310181,
    -0.35543251037597656,
    -1.2938590049743652,
    0.5483663082122803,
    -1.9220173358917236,
    -0.26213112473487854,
    0.6288685202598572,
    -1.3433698415756226,
    1.1310601234436035
  ],
  "CCCCCCCCCCO": [
    1.9314494132995605,
    0.589704692363739,
    0.09469196945428848,
    -0.48325440287590027,
    -0.26991456747055054,
    -0.2662574350833893,
    1.565491795539856,
    -0.5966111421585083,
    -0.6052259206771851,
    -0.9859387874603271,
    0.7416384816169739,
    -1.9625955820083618,
    -0.5920388698577881,
    0.9719079732894897,
    -1.0116530656814575,
    0.886711597442627
  ],
  "OCC": [
    2.0577237606048584,
    0.016271274536848068,
    0.2454666942358017,
    -0.009657840244472027,
    0.33394506573677063,
    -0.8834238052368164,
    1.1055591106414795,
    -0.6426590085029602,
    -0.18679800629615784,
    -1.4535784721374512,
    0.6523957848548889,
    -1.485338568687439,
    -0.04851685091853142,
    0.4941565990447998,
    -1.5416558980941772,
    1.350447177886963
  ],
  "C1CCOC1": [
    1.9358785152435303,
    0.43779489398002625,
    0.24981997907161713,
    -0.14582166075706482,
    -0.2697017788887024,
    -0.3337775468826294,
    1.6108853816986084,
    -0.4913710951805115,
    -0.36025577783584595,
    -0.9751580357551575,
    0.639382541179657,
    -2.083502769470215,
    -0.5337778329849243,
    0.662636399269104,
    -1.2797770500183105,
    0.9425777792930603
  ],
  "[C@H]12CCC([C@H](OC1)O2)=O": [
    2.1514413356781006,
    -0.16826707124710083,
    0.39337557554244995,
    0.04518186300992966,
    0.6010782718658447,
    -0.8662096261978149,
    0.8097279071807861,
    -0.6307500004768372,
    -0.2308163046836853,
    -1.2924480438232422,
    0.5908350348472595,
    -1.6018658876419067,
    -0.04306405410170555,
    0.4675903916358948,
    -1.5588568449020386,
    1.333669900894165
  ],
  "O=C(OCC)C": [
    1.9061743021011353,
    0.5784100890159607,
    0.12652847170829773,
    -0.08947774767875671,
    -0.3712553381919861,
    -0.39507871866226196,
    1.6972250938415527,
    -0.4968941807746887,
    -0.37016624212265015,
    -1.0069003105163574,
    0.6289592385292053,
    -1.9818744659423828,
    -0.5596081018447876,
    0.7035436630249023,
    -1.267991542816162,
    0.9061955213546753
  ],
  "CC(C)(C)OC": [
    1.6670620441436768,
    0.6576412916183472,
    -0.13746660947799683,
    -0.22952701151371002,
    -0.8388147354125977,
    -0.4624372124671936,
    2.0056815147399902,
    -0.48308178782463074,
    -0.5486127734184265,
    -0.851844847202301,
    0.6445798277854919,
    -1.8822028636932373,
    -0.5875523686408997,
    0.9942010641098022,
    -0.7929152250289917,
    0.8578444719314575
  ],