{
  "CO": [
    1.8225220441818237,
    -0.2313341498374939,
    0.2558916211128235,
    -0.14658629894256592,
    -0.11481372267007828,
    -1.568131923675537,
    0.7925785183906555,
    -0.11724616587162018,
    0.4594006836414337,
    -1.601468801498413,
    0.06701236218214035,
    -1.1505544185638428,
    0.10400136560201645,
    0.8353869915008545,
    -1.1687450408935547,
    1.786641240119934
  ],
  "OCCO": [
    2.041696071624756,
    -0.4353078603744507,
    0.1683516502380371,
    0.3369266092777252,
    0.6842472553253174,
    -1.6005719900131226,
    0.6487752199172974,
    -0.3206569254398346,
    -0.13492128252983093,
    -1.42642343044281,
    0.18511492013931274,
    -1.0616495609283447,
    -0.010962854139506817,
    0.6946818232536316,
    -1.3183146715164185,
    1.5749571323394775
  ],
  "C(C(F)(F)F)(C(F)(F)F)O": [
    1.6508052349090576,
    -0.2761829197406769,
    -0.08266449719667435,
    -0.16812798380851746,
    -0.12043210119009018,
    -1.7471648454666138,
    0.4140039384365082,
    0.0035616280511021614,
    0.3366698920726776,
    -2.055513620376587,
    0.554753303527832,
    -0.8073109984397888,
    0.39451321959495544,
    0.7141229510307312,
    -0.6359529495239258,
    1.8481899499893188
  ],
  "O1C(C)CCC1": [
    1.997969627380371,
    0.747654139995575,
    0.26039451360702515,
    -0.11735829710960388,
    -0.6428683996200562,
    -0.5267859697341919,
    1.6226946115493774,
    -0.5117018818855286,
    -0.4265034794807434,
    -0.9570940136909485,
    0.326567143201828,
    -1.8582841157913208,
    -0.6423036456108093,
    0.8434192538261414,
    -1.0801894664764404,
    0.9891991019248962
  ],
  "C1CCCCC1": [
    2.0066640377044678,
    0.6044363975524902,
    0.1553240865468979,
    -0.3123251497745514,
    -1.0425502061843872,
    -1.000208854675293,
    1.4219285249710083,
    -0.11413444578647614,
    -0.19147394597530365,
    -0.866663932800293,
    0.7661939263343811,
    -1.8769913911819458,
    -0.35671496391296387,
    0.8099863529205322,
    -0.9425699710845947,
    0.960246205329895
  ],
  "CC(O)C": [
    2.171982765197754,
    0.4102926254272461,
    0.28214558959007263,
    -0.014348440803587437,
    -0.04617858678102493,
    -1.1046284437179565,
    1.1556980609893799,
    -0.4675394296646118,
    -0.14217671751976013,
    -1.4397504329681396,
    0.3841552734375,
    -1.4628902673721313,
    -0.375256210565567,
    0.7082294821739197,
    -1.2980000972747803,
    1.2666258811950684
  ],
  "O.CC#N": [
    1.824300765991211,
    -0.6284309029579163,
    0.011351211927831173,
    0.2225586622953415,
    0.3082744777202606,
    -1.8283212184906006,
    0.5178347229957581,
    -0.024806952103972435,
    -0.09662684798240662,
    -1.4656074047088623,
    0.3813691735267639,
    -0.9669712781906128,
    0.21801024675369263,
    0.8057324290275574,
    -1.0822694301605225,
    1.8247922658920288
  ],
  "CC#N": [
    2.193338394165039,
    0.2319573611021042,
    0.29071715474128723,
    0.019591104239225388,
    -0.11622512340545654,
    -1.1234842538833618,
    1.1461338996887207,
    -0.3382595479488373,
    0.08154381811618805,
    -1.4320181608200073,
    0.35671180486679077,
    -1.4839221239089966,
    -0.29363489151000977,
    0.5670931935310364,
    -1.3781543970108032,
    1.3054518699645996
  ],
  "CC#N.CC(=O)O": [
    2.167907476425171,
    0.11519335955381393,
    0.23291796445846558,
    0.0049395691603422165,
    -0.10006403177976608,
    -1.2429468631744385,
    1.0181198120117188,
    -0.39933639764785767,
    0.16864736378192902,
    -1.4916439056396484,
    0.46953845024108887,
    -1.3491291999816895,
    -0.23525311052799225,
    0.6496180295944214,
    -1.3578486442565918,
    1.3759771585464478
  ],
  "CCOCC": [
    2.014575242996216,
    0.7729994654655457,
    0.15157195925712585,
    -0.19558373093605042,
    -0.7288952469825745,
    -0.5944489240646362,
    1.6332728862762451,
    -0.40785732865333557,
    -0.3784939646720886,
    -0.9679490923881531,
    0.41375109553337097,
    -1.8376624584197998,
    -0.6432616114616394,
    0.7943829894065857,
    -1.009134292602539,
    1.007494330406189
  ],
  "OCC(F)(F)F": [
    1.981210708618164,
    -0.23415841162204742,
    0.04519430920481682,
    -0.1796911507844925,
    -0.010081427171826363,
    -1.656883955001831,
    0.6279250383377075,
    -0.23619963228702545,
    0.3309367597103119,
    -1.8118880987167358,
    0.41561439633369446,
    -0.86871337890625,
    0.24451325833797455,
    0.7147001624107361,
    -1.0098154544830322,
    1.6740500926971436
  ],
  "O.OCC(F)(F)F": [
    1.6448230743408203,
    -0.7345333695411682,
    -0.09204284846782684,
    0.19078634679317474,
    0.3328581750392914,
    -2.0136587619781494,
    0.4152573049068451,
    0.02703293412923813,
    -0.1879214495420456,
    -1.5058417320251465,
    0.45570042729377747,
    -0.7190773487091064,
    0.3167935013771057,
    0.8985828161239624,
    -0.885846734046936,
    1.8791226148605347
  ],
  "CN(C)C(C)=O": [
    2.2134103775024414,
    0.5098253488540649,
    0.49616509675979614,
    -0.16667091846466064,
    -0.09507372230291367,
    -0.8517664670944214,
    1.163982629776001,
    -0.5017483234405518,
    -0.17219023406505585,
    -1.310390830039978,
    0.26382774114608765,
    -1.6817078590393066,
    -0.4410097599029541,
    0.6745424866676331,
    -1.2646116018295288,
    1.1891833543777466
  ],
  "CCCCCCCCCCO": [
    2.0979347229003906,
    0.6754911541938782,
    0.2062845230102539,
    -0.38559550046920776,
    -0.501492977142334,
    -0.5031223297119141,
    1.42495858669281,
    -0.5429778099060059,
    -0.5258594751358032,
    -0.9934329986572266,
    0.49560460448265076,
    -1.819551944732666,
    -0.6350066661834717,
    1.018642783164978,
    -0.9914795160293579,
    1.0038272142410278
  ],
  "OCC": [
    2.173464298248291,
    0.13099873065948486,
    0.23946604132652283,
    -0.009937542490661144,
    0.06849859654903412,
    -1.2673437595367432,
    1.0575239658355713,
    -0.45049434900283813,
    0.015680478885769844,
    -1.4884939193725586,
    0.3470805287361145,
    -1.2267593145370483,
    -0.25121352076530457,
    0.7239406108856201,
    -1.407027006149292,
    1.3740109205245972
  ],
  "C1CCOC1": [
    2.0364036560058594,
    0.6757495403289795,
    0.2154812514781952,
    -0.15570968389511108,
    -0.6375653743743896,
    -0.4609890282154083,
    1.5989173650741577,
    -0.47665953636169434,
    -0.23313401639461517,
    -0.9690214395523071,
    0.36299070715904236,
    -1.9407926797866821,
    -0.6891471743583679,
    0.792091965675354,
    -1.0649486780166626,
    0.9705578088760376
  ],
  "[C@H]12CCC([C@H](OC1)O2)=O": [
    2.2649121284484863,
    0.11185707896947861,
    0.45859459042549133,
    0.03936469927430153,
    0.1904842108488083,
    -1.1779600381851196,
    0.926479160785675,
    -0.5088874101638794,
    -0.13821645081043243,
    -1.3844188451766968,
    0.24123090505599976,
    -1.476599097251892,
    -0.26721447706222534,
    0.6888248324394226,
    -1.2794934511184692,
    1.3372139930725098
  ],
  "O=C(OCC)C": [
    1.9688658714294434,
    0.8018867373466492,
    0.15140363574028015,
    -0.11275773495435715,
    -0.7844514846801758,
    -0.5248079895973206,
    1.67402982711792,
    -0.46330633759498596,
    -0.3336541950702667,
    -0.938924252986908,
    0.40719330310821533,
    -1.8509676456451416,
    -0.6858550310134888,
    0.8032668828964233,
    -1.039119005203247,
    0.9519568085670471
  ],
  "CC(C)(C)OC": [
    1.9313645362854004,
    0.7895805835723877,
    0.02852437272667885,
    -0.25363802909851074,
    -0.9620899558067322,
    -0.597842812538147,
    1.782843828201294,
    -0.3717159628868103,
    -0.3177875876426697,
    -0.8808833956718445,
    0.5274880528450012,
    -1.7921375036239624,
    -0.6866995692253113,
    0.8957298398017883,
    -0.8988003134727478,
    0.833450973033905
  ],