{
  "CO": [
    2.0109827518463135,
    -0.3328728675842285,
    -0.030182600021362305,
    0.10915859043598175,
    0.27220240235328674,
    -1.631445288658142,
    0.43578171730041504,
    -0.33621716499328613,
    0.22507835924625397,
    -1.5709041357040405,
    0.4619322717189789,
    -0.8667084574699402,
    0.11069032549858093,
    0.8167716860771179,
    -1.3326832056045532,
    1.6740190982818604
  ],
  "OCCO": [
    1.9639558792114258,
    -0.5284683704376221,
    0.14005155861377716,
    0.3742625415325165,
    0.7362827062606812,
    -1.5939526557922363,
    0.6082846522331238,
    -0.2601369321346283,
    -0.22500558197498322,
    -1.3769046068191528,
    0.3178325593471527,
    -1.1592051982879639,
    0.04877258464694023,
    0.6850731372833252,
    -1.31573486328125,
    1.6008323431015015
  ],
  "C(C(F)(F)F)(C(F)(F)F)O": [
    1.6983424425125122,
    -0.2502569556236267,
    -0.07766251266002655,
    -0.22094862163066864,
    -0.13312292098999023,
    -1.6874995231628418,
    0.3600749671459198,
    -0.07823275774717331,
    0.4037826955318451,
    -2.05482816696167,
    0.6218467354774475,
    -0.879622757434845,
    0.4491187632083893,
    0.6543892621994019,
    -0.6137160062789917,
    1.8235716819763184
  ],
  "O1C(C)CCC1": [
    1.9992622137069702,
    0.6945539116859436,
    0.2482958734035492,
    -0.15251953899860382,
    -0.5977940559387207,
    -0.5398958325386047,
    1.5276978015899658,
    -0.4837723970413208,
    -0.38832318782806396,
    -0.9620329141616821,
    0.38384392857551575,
    -1.9255657196044922,
    -0.572598397731781,
    0.811729371547699,
    -1.114948034286499,
    1.0880593061447144
  ],
  "C1CCCCC1": [
    1.6598412990570068,
    0.7193917036056519,
    -0.25622373819351196,
    -0.5801505446434021,
    -1.1462805271148682,
    -0.8353790044784546,
    1.466381311416626,
    -0.3782126307487488,
    -0.30386048555374146,
    -0.8297723531723022,
    0.6958965063095093,
    -1.787902593612671,
    -0.5625278949737549,
    1.5468430519104004,
    -0.32022517919540405,
    0.9323631525039673
  ],
  "CC(O)C": [
    2.1441166400909424,
    0.35129186511039734,
    0.2976185083389282,
    -0.04460091516375542,
    -0.006502983160316944,
    -1.036041498184204,
    1.057630181312561,
    -0.46745020151138306,
    -0.16903278231620789,
    -1.4397835731506348,
    0.480962336063385,
    -1.525956392288208,
    -0.32574719190597534,
    0.7105903625488281,
    -1.3373181819915771,
    1.3282408714294434
  ],
  "O.CC#N": [
    1.8518528938293457,
    -0.6994715929031372,
    0.03534531965851784,
    0.17468947172164917,
    0.4086974561214447,
    -1.7708170413970947,
    0.5419793128967285,
    -0.10414635390043259,
    -0.18225526809692383,
    -1.4133847951889038,
    0.44726353883743286,
    -1.0425806045532227,
    0.32692044973373413,
    0.7348131537437439,
    -1.0906457901000977,
    1.7953108549118042
  ],
  "CC#N": [
    2.1525607109069824,
    0.1291416883468628,
    0.3126932978630066,
    -0.019512468948960304,
    -0.05290846526622772,
    -1.1163681745529175,
    1.0631585121154785,
    -0.31553754210472107,
    0.07351955026388168,
    -1.422631859779358,
    0.3839890956878662,
    -1.514812707901001,
    -0.1868555098772049,
    0.5524070262908936,
    -1.4253897666931152,
    1.403334379196167
  ],
  "CC#N.CC(=O)O": [
    2.1534345149993896,
    0.019762836396694183,
    0.20820611715316772,
    0.036822568625211716,
    0.00644521601498127,
    -1.1053001880645752,
    0.9408103823661804,
    -0.4354868531227112,
    0.12352501600980759,
    -1.5073927640914917,
    0.5598008632659912,
    -1.4108823537826538,
    -0.18902818858623505,
    0.6607540249824524,
    -1.433536410331726,
    1.3889684677124023
  ],
  "CCOCC": [
    1.850685477256775,
    0.7602421641349792,
    0.04560140520334244,
    -0.13117054104804993,
    -0.7937602996826172,
    -0.5399535894393921,
    1.6884429454803467,
    -0.5044518709182739,
    -0.47682279348373413,
    -0.9458804130554199,
    0.5454954504966736,
    -1.8751722574234009,
    -0.620807945728302,
    0.9374929666519165,
    -0.931429386138916,
    1.009748935699463
  ],
  "OCC(F)(F)F": [
    1.7867594957351685,
    -0.27901071310043335,
    0.13245071470737457,
    -0.19205571711063385,
    -0.14851272106170654,
    -1.64258873462677,
    0.8058122396469116,
    -0.31109175086021423,
    0.19036918878555298,
    -1.7238738536834717,
    0.6497882604598999,
    -1.0835736989974976,
    0.35043710470199585,
    0.782212495803833,
    -0.9859029054641724,
    1.6864502429962158
  ],
  "O.OCC(F)(F)F": [
    1.5717945098876953,
    -0.8366565108299255,
    -0.05070528760552406,
    0.16808563470840454,
    0.3377417027950287,
    -1.97605562210083,
    0.47017982602119446,
    0.09222211688756943,
    -0.23671779036521912,
    -1.5115400552749634,
    0.5409613251686096,
    -0.8337671160697937,
    0.4610069990158081,
    0.841884434223175,
    -0.8756997585296631,
    1.852228045463562
  ],
  "CN(C)C(C)=O": [
    2.1148040294647217,
    0.5200874209403992,
    0.4545947015285492,
    -0.1051461398601532,
    -0.09020262211561203,
    -0.7867472171783447,
    1.1505546569824219,
    -0.5134459137916565,
    -0.3044203519821167,
    -1.3216915130615234,
    0.43172845244407654,
    -1.7936865091323853,
    -0.39676633477211,
    0.7591786980628967,
    -1.259943962097168,
    1.158258080482483
  ],
  "CCCCCCCCCCO": [
    1.971000075340271,
    0.6849984526634216,
    0.18813931941986084,
    -0.339888334274292,
    -0.5516751408576965,
    -0.434526652097702,
    1.4249317646026611,
    -0.6081101894378662,
    -0.6931643486022949,
    -0.9404610991477966,
    0.6572394371032715,
    -1.8986941576004028,
    -0.5920940041542053,
    1.1573145389556885,
    -0.908577024936676,
    0.9010890126228333
  ],
  "OCC": [
    2.0740432739257812,
    0.024527575820684433,
    0.27672716975212097,
    0.013340320438146591,
    0.06008271127939224,
    -1.1612910032272339,
    1.1038209199905396,
    -0.4165331721305847,
    0.08905307948589325,
    -1.512128472328186,
    0.31433969736099243,
    -1.3959027528762817,
    -0.15183569490909576,
    0.7170056104660034,
    -1.427147388458252,
    1.4118396043777466
  ],
  "C1CCOC1": [
    2.0098230838775635,
    0.6028741598129272,
    0.2599833011627197,
    -0.16072504222393036,
    -0.565954327583313,
    -0.45248234272003174,
    1.5313087701797485,
    -0.46561720967292786,
    -0.27912119030952454,
    -0.9786657691001892,
    0.45156773924827576,
    -1.9876031875610352,
    -0.6382153034210205,
    0.8224679231643677,
    -1.131103515625,
    0.9981442093849182
  ],
  "[C@H]12CCC([C@H](OC1)O2)=O": [
    2.2240538597106934,
    0.005028268322348595,
    0.41222164034843445,
    0.07880937308073044,
    0.3074069619178772,
    -1.1182125806808472,
    0.8377991914749146,
    -0.48892298340797424,
    -0.1593739092350006,
    -1.400928258895874,
    0.3830971419811249,
    -1.5513834953308105,
    -0.20089232921600342,
    0.6828824281692505,
    -1.3355640172958374,
    1.3403934240341187
  ],
  "O=C(OCC)C": [
    1.8449045419692993,
    0.728299081325531,
    0.06993413716554642,
    -0.15674571692943573,
    -0.8100528717041016,
    -0.38584938645362854,
    1.7244024276733398,
    -0.4700430929660797,
    -0.30910685658454895,
    -0.9532538056373596,
    0.42360472679138184,
    -1.9025899171829224,
    -0.6952776908874512,
    0.9607462882995605,
    -1.0173263549804688,
    0.9672090411186218
  ],
  "CC(C)(C)OC": [
    1.666580080986023,
    0.7562189102172852,
    -0.15679645538330078,
    -0.28033700585365295,
    -1.077983021736145,
    -0.523428201675415,
    1.812711238861084,
    -0.4960128962993622,
    -0.4470718204975128,
    -0.8600969314575195,
    0.6340702772140503,
    -1.8064441680908203,
    -0.6697362661361694,
    1.2366869449615479,
    -0.6318163871765137,
    0.8649640679359436
  ],