{
  "CO": [
    1.8557668924331665,
    -0.30343347787857056,
    0.20135270059108734,
    -0.12823405861854553,
    0.020881187170743942,
    -1.5472886562347412,
    0.8037042617797852,
    -0.21551229059696198,
    0.3909636437892914,
    -1.5832651853561401,
    0.19233177602291107,
    -1.1269468069076538,
    0.15028154850006104,
    0.7614815831184387,
    -1.2366198301315308,
    1.7826623916625977
  ],
  "OCCO": [
    2.013502359390259,
    -0.48576438426971436,
    0.16233982145786285,
    0.35454994440078735,
    0.6658805012702942,
    -1.6124833822250366,
    0.6870280504226685,
    -0.28541260957717896,
    -0.24005141854286194,
    -1.3782756328582764,
    0.3237352967262268,
    -1.198819637298584,
    0.09177225083112717,
    0.643028974533081,
    -1.272307276725769,
    1.549401879310608
  ],
  "C(C(F)(F)F)(C(F)(F)F)O": [
    1.7286012172698975,
    -0.2665717303752899,
    -0.06017439439892769,
    -0.25020062923431396,
    -0.12828329205513,
    -1.6401056051254272,
    0.39794236421585083,
    -0.05726657435297966,
    0.3196570873260498,
    -2.088482618331909,
    0.7031024694442749,
    -0.8584761023521423,
    0.44181692600250244,
    0.6619155406951904,
    -0.6554784178733826,
    1.7692735195159912
  ],
  "O1C(C)CCC1": [
    2.0005650520324707,
    0.7104568481445312,
    0.26589715480804443,
    -0.16087530553340912,
    -0.5952691435813904,
    -0.5382409691810608,
    1.5762656927108765,
    -0.48317620158195496,
    -0.4202267527580261,
    -0.9489378333091736,
    0.41746199131011963,
    -1.9170258045196533,
    -0.5851770043373108,
    0.8018609881401062,
    -1.1141769886016846,
    1.0088391304016113
  ],
  "C1CCCCC1": [
    1.67428719997406,
    0.7345179915428162,
    -0.2426300048828125,
    -0.49925118684768677,
    -1.1367384195327759,
    -0.9131994843482971,
    1.4933311939239502,
    -0.33833348751068115,
    -0.3727157711982727,
    -0.8167415857315063,
    0.7479497790336609,
    -1.7555146217346191,
    -0.6099720597267151,
    1.508001446723938,
    -0.3419264554977417,
    0.8908063769340515
  ],
  "CC(O)C": [
    2.0555033683776855,
    0.37392690777778625,
    0.2852913737297058,
    -0.06332960724830627,
    -0.18046538531780243,
    -0.995508074760437,
    1.3382022380828857,
    -0.4581320583820343,
    -0.07468705624341965,
    -1.4094644784927368,
    0.33055782318115234,
    -1.6022627353668213,
    -0.27310794591903687,
    0.7210886478424072,
    -1.304072618484497,
    1.2782080173492432
  ],
  "O.CC#N": [
    1.857483983039856,
    -0.6654981374740601,
    0.01322656124830246,
    0.2263917475938797,
    0.3202322721481323,
    -1.808171033859253,
    0.5594172477722168,
    -0.02926148846745491,
    -0.2556971609592438,
    -1.4008337259292603,
    0.543158233165741,
    -1.1246668100357056,
    0.3000687062740326,
    0.7066871523857117,
    -0.9980490803718567,
    1.7696573734283447
  ],
  "CC#N": [
    2.221320629119873,
    0.17097508907318115,
    0.29401934146881104,
    -0.03165441378951073,
    -0.07955027371644974,
    -1.049077033996582,
    1.1016238927841187,
    -0.4030616581439972,
    0.02678903192281723,
    -1.4218270778656006,
    0.45123156905174255,
    -1.5004239082336426,
    -0.21907958388328552,
    0.522025465965271,
    -1.3953437805175781,
    1.3308320045471191
  ],
  "CC#N.CC(=O)O": [
    2.18056321144104,
    0.06270658224821091,
    0.22357212007045746,
    -0.018825387582182884,
    -0.05831408128142357,
    -1.124997615814209,
    1.022541880607605,
    -0.421919047832489,
    0.1523328274488449,
    -1.4893102645874023,
    0.5434889197349548,
    -1.4143915176391602,
    -0.18731316924095154,
    0.6056382656097412,
    -1.4053001403808594,
    1.3488298654556274
  ],
  "CCOCC": [
    1.968560814857483,
    0.7480525970458984,
    0.14909613132476807,
    -0.23542584478855133,
    -0.758008599281311,
    -0.6445212364196777,
    1.674384593963623,
    -0.4307863414287567,
    -0.40355461835861206,
    -0.9178153276443481,
    0.48382046818733215,
    -1.860171914100647,
    -0.5476443767547607,
    0.7905587553977966,
    -1.004706859588623,
    1.0074692964553833
  ],
  "OCC(F)(F)F": [
    1.985798716545105,
    -0.24025236070156097,
    0.029106130823493004,
    -0.19873066246509552,
    0.049123216420412064,
    -1.6238093376159668,
    0.5872964859008789,
    -0.24179676175117493,
    0.21233056485652924,
    -1.781211495399475,
    0.5644922256469727,
    -0.911841630935669,
    0.24425405263900757,
    0.7206466197967529,
    -1.0498096942901611,
    1.6735631227493286
  ],
  "O.OCC(F)(F)F": [
    1.64030122756958,
    -0.7759836912155151,
    -0.0726148709654808,
    0.12615373730659485,
    0.3101555407047272,
    -2.000028371810913,
    0.4431476891040802,
    0.025592699646949768,
    -0.18511761724948883,
    -1.5010722875595093,
    0.5214277505874634,
    -0.7987961769104004,
    0.43846645951271057,
    0.8347906470298767,
    -0.8535662293434143,
    1.863026738166809
  ],
  "CN(C)C(C)=O": [
    2.216670036315918,
    0.4766034781932831,
    0.5017503499984741,
    -0.22679278254508972,
    -0.06456318497657776,
    -0.7777778506278992,
    1.1794359683990479,
    -0.5033711194992065,
    -0.20170065760612488,
    -1.2614047527313232,
    0.29840147495269775,
    -1.7146719694137573,
    -0.3912276029586792,
    0.6532291769981384,
    -1.3346302509307861,
    1.1689685583114624
  ],
  "CCCCCCCCCCO": [
    2.065070629119873,
    0.6397156715393066,
    0.2171349972486496,
    -0.5078233480453491,
    -0.47045812010765076,
    -0.45702487230300903,
    1.419370174407959,
    -0.4756455719470978,
    -0.48077937960624695,
    -1.036996841430664,
    0.5516508221626282,
    -1.8352739810943604,
    -0.5971958041191101,
    0.9715624451637268,
    -1.038735270500183,
    1.0538235902786255
  ],
  "OCC": [
    2.1087779998779297,
    0.0808706283569336,
    0.22865743935108185,
    0.03637709841132164,
    0.06835241615772247,
    -1.1477971076965332,
    1.1365489959716797,
    -0.37409624457359314,
    -0.0389883853495121,
    -1.4886177778244019,
    0.44584333896636963,
    -1.4299685955047607,
    -0.20011380314826965,
    0.6502989530563354,
    -1.4156190156936646,
    1.360637903213501
  ],
  "C1CCOC1": [
    1.9571090936660767,
    0.6393779516220093,
    0.21344837546348572,
    -0.13951483368873596,
    -0.6659907102584839,
    -0.3995632827281952,
    1.6166002750396729,
    -0.48814553022384644,
    -0.34257736802101135,
    -0.9187555909156799,
    0.49126335978507996,
    -1.9827778339385986,
    -0.6753057241439819,
    0.821726381778717,
    -1.0825809240341187,
    0.9732702970504761
  ],
  "[C@H]12CCC([C@H](OC1)O2)=O": [
    2.287994623184204,
    0.08228714019060135,
    0.471222460269928,
    -0.026225736364722252,
    0.21185164153575897,
    -1.0560036897659302,
    0.9196868538856506,
    -0.5137287378311157,
    -0.14904692769050598,
    -1.3768343925476074,
    0.31514641642570496,
    -1.537915587425232,
    -0.23099163174629211,
    0.6373907923698425,
    -1.3255000114440918,
    1.3093128204345703
  ],
  "O=C(OCC)C": [
    1.8592184782028198,
    0.7579491138458252,
    0.07939912378787994,
    -0.081965871155262,
    -0.8058984279632568,
    -0.4401998221874237,
    1.7145674228668213,
    -0.47611844539642334,
    -0.3271315395832062,
    -0.9288467764854431,
    0.508240818977356,
    -1.909708023071289,
    -0.7116028070449829,
    0.88022780418396,
    -1.0323022603988647,
    0.9335437417030334
  ],
  "CC(C)(C)OC": [
    1.707896113395691,
    0.7626700401306152,
    -0.1252099722623825,
    -0.3535018265247345,
    -1.1038235425949097,
    -0.5196687579154968,
    1.8146945238113403,
    -0.4819536805152893,
    -0.4519330859184265,
    -0.8531439900398254,
    0.6103771328926086,
    -1.79120671749115,
    -0.6236841678619385,
    1.1895378828048706,
    -0.6397449374198914,
    0.8805763721466064
  ],