{
  "CO": [
    1.90261971950531,
    -0.30306482315063477,
    0.10773632675409317,
    0.05417921766638756,
    0.09840981662273407,
    -1.6892694234848022,
    0.7308381795883179,
    -0.2150626927614212,
    0.28423911333084106,
    -1.5637571811676025,
    0.24118396639823914,
    -1.0541595220565796,
    0.11240694671869278,
    0.849714994430542,
    -1.2204798460006714,
    1.690618634223938
  ],
  "OCCO": [
    1.9926742315292358,
    -0.4320828914642334,
    0.17172658443450928,
    0.39428192377090454,
    0.6347795128822327,
    -1.6572993993759155,
    0.7104880213737488,
    -0.2758263349533081,
    -0.18584081530570984,
    -1.4356087446212769,
    0.19981664419174194,
    -1.1398969888687134,
    -0.007991188205778599,
    0.7274779081344604,
    -1.2272570133209229,
    1.5576300621032715
  ],
  "C(C(F)(F)F)(C(F)(F)F)O": [
    1.3896085023880005,
    -0.29324668645858765,
    0.10160663723945618,
    -0.21641376614570618,
    -0.47869670391082764,
    -1.7850513458251953,
    0.6371487975120544,
    -0.0036058377008885145,
    0.3969547748565674,
    -1.9194209575653076,
    0.4131052792072296,
    -0.923811137676239,
    0.4630247950553894,
    0.7512158155441284,
    -0.5222527384757996,
    2.011068344116211
  ],
  "O1C(C)CCC1": [
    2.05153226852417,
    0.7629281878471375,
    0.24932368099689484,
    -0.13436493277549744,
    -0.6261325478553772,
    -0.5610567927360535,
    1.5793837308883667,
    -0.5084010362625122,
    -0.3912097215652466,
    -0.9923714995384216,
    0.32143911719322205,
    -1.844648003578186,
    -0.6046238541603088,
    0.7913578152656555,
    -1.0759782791137695,
    1.0077815055847168
  ],
  "C1CCCCC1": [
    2.030876398086548,
    0.6471706032752991,
    0.10650409758090973,
    -0.28767064213752747,
    -1.0712460279464722,
    -0.8677685260772705,
    1.4705830812454224,
    -0.14455752074718475,
    -0.23437298834323883,
    -0.8060111403465271,
    0.7314901351928711,
    -1.884037971496582,
    -0.4589129686355591,
    0.8165886402130127,
    -0.9490571022033691,
    0.9217330813407898
  ],
  "CC(O)C": [
    2.082197904586792,
    0.41438859701156616,
    0.26415127515792847,
    0.04607067629694939,
    -0.11747261881828308,
    -1.1006237268447876,
    1.2555679082870483,
    -0.46283698081970215,
    -0.16788241267204285,
    -1.4641549587249756,
    0.42688363790512085,
    -1.5936254262924194,
    -0.3109131157398224,
    0.7706765532493591,
    -1.2078884840011597,
    1.1950165033340454
  ],
  "O.CC#N": [
    1.8913661241531372,
    -0.5453702807426453,
    0.0588906928896904,
    0.2320163995027542,
    0.29800140857696533,
    -1.8071118593215942,
    0.5900222063064575,
    -0.14912137389183044,
    -0.14789989590644836,
    -1.4814860820770264,
    0.4110024571418762,
    -1.0064104795455933,
    0.18566858768463135,
    0.7235321998596191,
    -1.0319817066192627,
    1.8011443614959717
  ],
  "CC#N": [
    2.192873477935791,
    0.22924883663654327,
    0.25454047322273254,
    0.06670937687158585,
    -0.12663686275482178,
    -1.0847094058990479,
    1.1418132781982422,
    -0.38290226459503174,
    0.03253314644098282,
    -1.459640383720398,
    0.4553595781326294,
    -1.50645112991333,
    -0.2964007556438446,
    0.574277400970459,
    -1.3453373908996582,
    1.2815890312194824
  ],
  "CC#N.CC(=O)O": [
    2.209719181060791,
    0.16184687614440918,
    0.21176446974277496,
    0.0498165488243103,
    -0.0894453302025795,
    -1.1051620244979858,
    1.0544919967651367,
    -0.45326104760169983,
    0.1708441525697708,
    -1.5211237668991089,
    0.45505592226982117,
    -1.3791683912277222,
    -0.29558882117271423,
    0.633769690990448,
    -1.3777769804000854,
    1.3019827604293823
  ],
  "CCOCC": [
    2.0296547412872314,
    0.767164409160614,
    0.18098972737789154,
    -0.22251787781715393,
    -0.7126592397689819,
    -0.6603497862815857,
    1.6267868280410767,
    -0.40220263600349426,
    -0.3205367922782898,
    -1.0061966180801392,
    0.38900914788246155,
    -1.8267271518707275,
    -0.5842369198799133,
    0.7874543070793152,
    -1.018134355545044,
    0.9986127614974976
  ],
  "OCC(F)(F)F": [
    1.976416826248169,
    -0.22954587638378143,
    0.06660329550504684,
    -0.14881056547164917,
    -0.020000040531158447,
    -1.659590482711792,
    0.5443768501281738,
    -0.2543395459651947,
    0.33680054545402527,
    -1.8544400930404663,
    0.44466865062713623,
    -0.8052665591239929,
    0.24753643572330475,
    0.692825436592102,
    -1.0032767057418823,
    1.6923850774765015
  ],
  "O.OCC(F)(F)F": [
    1.6136187314987183,
    -0.7524484992027283,
    -0.04875502735376358,
    0.15776431560516357,
    0.2725324332714081,
    -2.0567357540130615,
    0.5287129282951355,
    -0.04307010397315025,
    -0.2306029349565506,
    -1.5365208387374878,
    0.5373643636703491,
    -0.7409548163414001,
    0.4274154305458069,
    0.9037575125694275,
    -0.7994133234024048,
    1.7917433977127075
  ],
  "CN(C)C(C)=O": [
    2.2339751720428467,
    0.4861408770084381,
    0.5019042491912842,
    -0.17363910377025604,
    -0.07344286888837814,
    -0.8692699670791626,
    1.1862504482269287,
    -0.5089996457099915,
    -0.20295831561088562,
    -1.2809937000274658,
    0.21156112849712372,
    -1.655652403831482,
    -0.40223589539527893,
    0.6808139085769653,
    -1.2881606817245483,
    1.1813784837722778
  ],
  "CCCCCCCCCCO": [
    2.1081066131591797,
    0.6371649503707886,
    0.24709062278270721,
    -0.40767815709114075,
    -0.5121608376502991,
    -0.4904470443725586,
    1.4234158992767334,
    -0.5361519455909729,
    -0.5591821670532227,
    -0.9795905351638794,
    0.40309664607048035,
    -1.7668588161468506,
    -0.6023722887039185,
    0.9963684678077698,
    -1.0449769496917725,
    1.1076571941375732
  ],
  "OCC": [
    2.193193197250366,
    0.11923818290233612,
    0.22338928282260895,
    0.02169952541589737,
    0.0928850769996643,
    -1.2208889722824097,
    1.057855248451233,
    -0.46637067198753357,
    -0.0031831692904233932,
    -1.4749761819839478,
    0.31559526920318604,
    -1.2293143272399902,
    -0.25995421409606934,
    0.7171970009803772,
    -1.4336472749710083,
    1.3767215013504028
  ],
  "C1CCOC1": [
    2.0652666091918945,
    0.6550125479698181,
    0.2732485234737396,
    -0.154694601893425,
    -0.613869309425354,
    -0.5484524369239807,
    1.570410966873169,
    -0.44275256991386414,
    -0.26251018047332764,
    -0.9663099050521851,
    0.38671934604644775,
    -1.9224392175674438,
    -0.6395648121833801,
    0.7496709823608398,
    -1.1077440977096558,
    0.9824600219726562
  ],
  "[C@H]12CCC([C@H](OC1)O2)=O": [
    2.241215705871582,
    0.06864985078573227,
    0.42725276947021484,
    0.11594429612159729,
    0.2296939194202423,
    -1.2111587524414062,
    0.9276183843612671,
    -0.4916674494743347,
    -0.135672926902771,
    -1.385115146636963,
    0.25237947702407837,
    -1.4725066423416138,
    -0.26777181029319763,
    0.6841148138046265,
    -1.2977908849716187,
    1.341504693031311
  ],
  "O=C(OCC)C": [
    2.05800461769104,
    0.7772857546806335,
    0.19660170376300812,
    -0.1380721628665924,
    -0.6623822450637817,
    -0.5868523716926575,
    1.6082186698913574,
    -0.41659051179885864,
    -0.2474917769432068,
    -0.9862480163574219,
    0.37839511036872864,
    -1.8374887704849243,
    -0.663698136806488,
    0.7339317798614502,
    -1.1313252449035645,
    0.9436510801315308
  ],
  "CC(C)(C)OC": [
    1.719054102897644,
    0.8205616474151611,
    -0.11254485696554184,
    -0.254062294960022,
    -1.122355341911316,
    -0.5443234443664551,
    1.8191229104995728,
    -0.4645039141178131,
    -0.4804367125034332,
    -0.8295000791549683,
    0.6020889282226562,
    -1.795427918434143,
    -0.6832188963890076,
    1.1576001644134521,
    -0.6265743374824524,
    0.8215848207473755
  ],