{
  "CO": [
    1.9615849256515503,
    -0.2828557789325714,
    0.03881538286805153,
    0.07305534183979034,
    0.1958218514919281,
    -1.7308480739593506,
    0.6512784361839294,
    -0.3356042504310608,
    0.16535794734954834,
    -1.5294986963272095,
    0.4597335755825043,
    -0.9400780200958252,
    0.10671316087245941,
    0.7878972291946411,
    -1.2595261335372925,
    1.6618095636367798
  ],
  "OCCO": [
    2.0045619010925293,
    -0.4278075397014618,
    0.188533216714859,
    0.3683042824268341,
    0.6005382537841797,
    -1.6435879468917847,
    0.7107137441635132,
    -0.3026755452156067,
    -0.19673149287700653,
    -1.4510616064071655,
    0.3052803575992584,
    -1.1829442977905273,
    -0.010308535769581795,
    0.712679386138916,
    -1.1920608282089233,
    1.5415586233139038
  ],
  "C(C(F)(F)F)(C(F)(F)F)O": [
    1.767435073852539,
    -0.3266719877719879,
    -0.049889203161001205,
    -0.06320461630821228,
    -0.14648906886577606,
    -1.7735135555267334,
    0.49909648299217224,
    -0.1448398232460022,
    0.1354089379310608,
    -1.8796619176864624,
    0.5790216326713562,
    -0.7589102387428284,
    0.40230244398117065,
    0.7692331671714783,
    -0.8130496740341187,
    1.8256605863571167
  ],
  "O1C(C)CCC1": [
    2.042804718017578,
    0.7099948525428772,
    0.30028867721557617,
    -0.22912465035915375,
    -0.7060130834579468,
    -0.5305030941963196,
    1.5963183641433716,
    -0.4482554793357849,
    -0.3027471601963043,
    -0.9609731435775757,
    0.2950211465358734,
    -1.8835983276367188,
    -0.6029114127159119,
    0.754173219203949,
    -1.0572398900985718,
    1.0452625751495361
  ],
  "C1CCCCC1": [
    1.7387275695800781,
    0.728949248790741,
    -0.19742469489574432,
    -0.5298964381217957,
    -1.205432415008545,
    -0.8645784258842468,
    1.5405725240707397,
    -0.3277312219142914,
    -0.29465624690055847,
    -0.8369773626327515,
    0.6389053463935852,
    -1.7243452072143555,
    -0.6104750037193298,
    1.4457017183303833,
    -0.37482401728630066,
    0.8993139863014221
  ],
  "CC(O)C": [
    2.174877643585205,
    0.43988558650016785,
    0.28957056999206543,
    -0.02941047213971615,
    -0.09682580828666687,
    -1.0723590850830078,
    1.1602076292037964,
    -0.47203874588012695,
    -0.1421004831790924,
    -1.4267381429672241,
    0.4001167118549347,
    -1.4891307353973389,
    -0.387839138507843,
    0.6750115752220154,
    -1.2792762517929077,
    1.2821440696716309
  ],
  "O.CC#N": [
    1.821577787399292,
    -0.565919041633606,
    0.01977204903960228,
    0.134592205286026,
    0.24539858102798462,
    -1.8697078227996826,
    0.6487305164337158,
    -0.1551683247089386,
    -0.1641528308391571,
    -1.5195152759552002,
    0.5503475069999695,
    -1.029556155204773,
    0.3071126937866211,
    0.7709678411483765,
    -0.9160030484199524,
    1.7434790134429932
  ],
  "CC#N": [
    2.249966859817505,
    0.2085760235786438,
    0.284923255443573,
    -0.025554800406098366,
    -0.10010310262441635,
    -1.1167747974395752,
    1.0596436262130737,
    -0.4107746183872223,
    0.12658947706222534,
    -1.4415719509124756,
    0.39464324712753296,
    -1.4254765510559082,
    -0.2850508689880371,
    0.5909166932106018,
    -1.3828890323638916,
    1.2981919050216675
  ],
  "CC#N.CC(=O)O": [
    2.158306837081909,
    0.09640971571207047,
    0.2334972620010376,
    0.028573060408234596,
    -0.12180484086275101,
    -1.1876200437545776,
    1.0112546682357788,
    -0.3940856158733368,
    0.1870373636484146,
    -1.4844132661819458,
    0.5091281533241272,
    -1.4095760583877563,
    -0.2407194972038269,
    0.6441113948822021,
    -1.3718875646591187,
    1.3660374879837036
  ],
  "CCOCC": [
    1.877878189086914,
    0.8059197068214417,
    0.0736493170261383,
    -0.16604939103126526,
    -0.9040479063987732,
    -0.5483403205871582,
    1.7303929328918457,
    -0.47913479804992676,
    -0.40706655383110046,
    -0.9550139904022217,
    0.49691250920295715,
    -1.8450419902801514,
    -0.6300880312919617,
    0.8747677803039551,
    -0.8734689354896545,
    0.9724606871604919
  ],
  "OCC(F)(F)F": [
    1.8342667818069458,
    -0.20919165015220642,
    0.04695534333586693,
    -0.15060319006443024,
    -0.11776448041200638,
    -1.7446931600570679,
    0.7937017679214478,
    -0.19887757301330566,
    0.18009954690933228,
    -1.745097041130066,
    0.47368723154067993,
    -0.9735105037689209,
    0.2696913480758667,
    0.7680375576019287,
    -0.9304074645042419,
    1.7288272380828857
  ],
  "O.OCC(F)(F)F": [
    1.5867292881011963,
    -0.7781326174736023,
    -0.05899206921458244,
    0.22145476937294006,
    0.22737543284893036,
    -2.069166898727417,
    0.4366184175014496,
    0.08254185318946838,
    -0.24967296421527863,
    -1.4959105253219604,
    0.5468326807022095,
    -0.8315811157226562,
    0.4401743710041046,
    0.8851760625839233,
    -0.7517313361167908,
    1.8283615112304688
  ],
  "CN(C)C(C)=O": [
    2.1721792221069336,
    0.5509928464889526,
    0.5033871531486511,
    -0.17426985502243042,
    -0.1907101571559906,
    -0.8138226866722107,
    1.2457746267318726,
    -0.5203343033790588,
    -0.24117064476013184,
    -1.255342960357666,
    0.27452507615089417,
    -1.723494291305542,
    -0.43193843960762024,
    0.724820077419281,
    -1.246025562286377,
    1.1499378681182861
  ],
  "CCCCCCCCCCO": [
    2.035639762878418,
    0.6947630047798157,
    0.22632746398448944,
    -0.3498111963272095,
    -0.5742495059967041,
    -0.5098689794540405,
    1.477049469947815,
    -0.5757350921630859,
    -0.589134156703949,
    -0.9413313865661621,
    0.5297410488128662,
    -1.829786777496338,
    -0.6225800514221191,
    0.9845452904701233,
    -0.9688270092010498,
    1.0352239608764648
  ],
  "OCC": [
    2.107703447341919,
    0.11782970279455185,
    0.2650797367095947,
    0.006866796407848597,
    -0.009726390242576599,
    -1.2229015827178955,
    1.1753458976745605,
    -0.41200512647628784,
    0.07596058398485184,
    -1.4900161027908325,
    0.3099401295185089,
    -1.367725133895874,
    -0.2370196133852005,
    0.6928962469100952,
    -1.3588452339172363,
    1.3745585680007935
  ],
  "C1CCOC1": [
    1.9871513843536377,
    0.6364383101463318,
    0.24528753757476807,
    -0.13941805064678192,
    -0.7217454314231873,
    -0.3904053866863251,
    1.6451165676116943,
    -0.474674791097641,
    -0.2686510980129242,
    -0.91816246509552,
    0.4104268252849579,
    -1.9377080202102661,
    -0.7287496328353882,
    0.8025185465812683,
    -1.0851422548294067,
    0.9601291418075562
  ],
  "[C@H]12CCC([C@H](OC1)O2)=O": [
    2.265523672103882,
    0.019308049231767654,
    0.4144567847251892,
    0.036328211426734924,
    0.2526273727416992,
    -1.1647121906280518,
    0.895322322845459,
    -0.46908676624298096,
    -0.06588061898946762,
    -1.384019136428833,
    0.30448925495147705,
    -1.429883599281311,
    -0.28200793266296387,
    0.6588795185089111,
    -1.3769288063049316,
    1.3500670194625854
  ],
  "O=C(OCC)C": [
    1.9833451509475708,
    0.8063437342643738,
    0.1913934051990509,
    -0.1444566547870636,
    -0.7637656331062317,
    -0.5491510629653931,
    1.6312413215637207,
    -0.4389338791370392,
    -0.28794220089912415,
    -0.9563710689544678,
    0.4514426589012146,
    -1.8847501277923584,
    -0.6731849908828735,
    0.7688267230987549,
    -1.0459184646606445,
    0.935237467288971
  ],
  "CC(C)(C)OC": [
    1.719789743423462,
    0.8166614770889282,
    -0.10327469557523727,
    -0.28037312626838684,
    -1.1638543605804443,
    -0.47635596990585327,
    1.8116015195846558,
    -0.48558440804481506,
    -0.4178113639354706,
    -0.8163255453109741,
    0.5784338116645813,
    -1.813349723815918,
    -0.722011923789978,
    1.1605840921401978,
    -0.5975478291511536,
    0.8147003650665283
  ],