{
  "CO": [
    1.7474092245101929,
    -0.3553674817085266,
    0.2687818109989166,
    -0.20930692553520203,
    -0.08450619131326675,
    -1.5660347938537598,
    0.7748603224754333,
    -0.1030743345618248,
    0.41398885846138,
    -1.6102681159973145,
    0.13564041256904602,
    -1.1713594198226929,
    0.2004653960466385,
    0.8885937929153442,
    -1.1310746669769287,
    1.8204004764556885
  ],
  "OCCO": [
    1.978140950202942,
    -0.5090513825416565,
    0.16293418407440186,
    0.3619423806667328,
    0.6596503853797913,
    -1.6745632886886597,
    0.6301140189170837,
    -0.2626597583293915,
    -0.261907160282135,
    -1.3898952007293701,
    0.31290915608406067,
    -1.1850402355194092,
    0.11113005131483078,
    0.7165013551712036,
    -1.2004852294921875,
    1.5696293115615845
  ],
  "C(C(F)(F)F)(C(F)(F)F)O": [
    1.3738515377044678,
    -0.2986098527908325,
    0.06693461537361145,
    -0.2617843747138977,
    -0.5700144171714783,
    -1.7379035949707031,
    0.7235766053199768,
    -0.019755538552999496,
    0.35082152485847473,
    -1.9410386085510254,
    0.5420738458633423,
    -1.029532790184021,
    0.5254659652709961,
    0.9815019369125366,
    -0.48940274119377136,
    1.8035117387771606
  ],
  "O1C(C)CCC1": [
    2.109520196914673,
    0.6215686202049255,
    0.3456078767776489,
    -0.243312269449234,
    -0.5732471346855164,
    -0.5828956961631775,
    1.4814544916152954,
    -0.42001938819885254,
    -0.26958736777305603,
    -1.0072965621948242,
    0.32540327310562134,
    -1.8646326065063477,
    -0.5464152693748474,
    0.7785232663154602,
    -1.1826802492141724,
    1.047603726387024
  ],
  "C1CCCCC1": [
    1.7779046297073364,
    0.6717052459716797,
    -0.11294441670179367,
    -0.29507938027381897,
    -1.1518465280532837,
    -0.9674994349479675,
    1.5606210231781006,
    -0.2604901194572449,
    -0.29802849888801575,
    -0.8637996912002563,
    0.7475576400756836,
    -1.8532487154006958,
    -0.4818075895309448,
    1.1786926984786987,
    -0.5683622360229492,
    0.9374668598175049
  ],
  "CC(O)C": [
    2.1735053062438965,
    0.26799705624580383,
    0.2844519019126892,
    -0.08571462333202362,
    -0.023454537615180016,
    -1.097069263458252,
    1.0312659740447998,
    -0.4243212044239044,
    -0.04836220666766167,
    -1.5105093717575073,
    0.4597429633140564,
    -1.4465631246566772,
    -0.30747321248054504,
    0.7655732035636902,
    -1.3192871809005737,
    1.302856683731079
  ],
  "O.CC#N": [
    1.8210737705230713,
    -0.7260280251502991,
    0.030013468116521835,
    0.190140962600708,
    0.32657545804977417,
    -1.7934978008270264,
    0.43505406379699707,
    -0.020821604877710342,
    -0.1364496499300003,
    -1.4237128496170044,
    0.43532565236091614,
    -0.9958533644676208,
    0.2875478267669678,
    0.807173490524292,
    -1.070564866065979,
    1.8486039638519287
  ],
  "CC#N": [
    2.2428624629974365,
    0.1470053642988205,
    0.30664175748825073,
    -0.06175144389271736,
    -0.08555325865745544,
    -1.14156973361969,
    0.9959045648574829,
    -0.407198965549469,
    0.08343014121055603,
    -1.4082111120224,
    0.41115373373031616,
    -1.451287031173706,
    -0.19903160631656647,
    0.6165747046470642,
    -1.3809698820114136,
    1.3519890308380127
  ],
  "CC#N.CC(=O)O": [
    2.145331382751465,
    0.055311236530542374,
    0.19747117161750793,
    0.034002792090177536,
    -0.043909091502428055,
    -1.1723148822784424,
    0.9432485699653625,
    -0.4128723442554474,
    0.11669428646564484,
    -1.5194145441055298,
    0.5931881070137024,
    -1.4243577718734741,
    -0.18966954946517944,
    0.6850632429122925,
    -1.3600448369979858,
    1.372317910194397
  ],
  "CCOCC": [
    1.8188616037368774,
    0.7408362030982971,
    0.074805349111557,
    -0.18958505988121033,
    -0.9917742013931274,
    -0.4895209074020386,
    1.729828953742981,
    -0.48050493001937866,
    -0.48150360584259033,
    -0.8731323480606079,
    0.46385452151298523,
    -1.9090298414230347,
    -0.6041961908340454,
    1.001224398612976,
    -0.7786407470703125,
    0.9881225824356079
  ],
  "OCC(F)(F)F": [
    1.8339930772781372,
    -0.27829718589782715,
    0.059976834803819656,
    -0.10511055588722229,
    -0.1378898024559021,
    -1.7377313375473022,
    0.7114951610565186,
    -0.2452770620584488,
    0.08365093916654587,
    -1.745426058769226,
    0.6675472259521484,
    -1.0329853296279907,
    0.3824986219406128,
    0.8548327088356018,
    -0.9060254693031311,
    1.6155893802642822
  ],
  "O.OCC(F)(F)F": [
    1.6319080591201782,
    -0.7805057764053345,
    -0.09551259130239487,
    0.13058799505233765,
    0.3502323627471924,
    -2.0058913230895996,
    0.35310065746307373,
    0.04898576810956001,
    -0.21980135142803192,
    -1.4785821437835693,
    0.50362229347229,
    -0.7604849338531494,
    0.4019230008125305,
    0.8913507461547852,
    -0.8457820415496826,
    1.8909164667129517
  ],
  "CN(C)C(C)=O": [
    2.1422178745269775,
    0.5091557502746582,
    0.5149792432785034,
    -0.19674843549728394,
    -0.17881737649440765,
    -0.8302150964736938,
    1.1691163778305054,
    -0.48706507682800293,
    -0.28115203976631165,
    -1.2718968391418457,
    0.317511647939682,
    -1.7655750513076782,
    -0.36145275831222534,
    0.7670549750328064,
    -1.2323782444000244,
    1.2048251628875732
  ],
  "CCCCCCCCCCO": [
    2.051323652267456,
    0.6680375933647156,
    0.23303590714931488,
    -0.36292776465415955,
    -0.5312376022338867,
    -0.4853413999080658,
    1.4303700923919678,
    -0.5684716105461121,
    -0.6568132638931274,
    -0.916818380355835,
    0.5446456670761108,
    -1.8442445993423462,
    -0.5807110071182251,
    1.009399652481079,
    -1.0036697387695312,
    1.0316870212554932
  ],
  "OCC": [
    2.175041437149048,
    0.027200426906347275,
    0.20170587301254272,
    -0.009874898940324783,
    0.12252355366945267,
    -1.1884205341339111,
    1.0089216232299805,
    -0.3627071678638458,
    -0.03439982980489731,
    -1.4690340757369995,
    0.40486428141593933,
    -1.2864665985107422,
    -0.22214500606060028,
    0.7177169322967529,
    -1.4685031175613403,
    1.4059052467346191
  ],
  "C1CCOC1": [
    1.9614557027816772,
    0.6349530816078186,
    0.2548864483833313,
    -0.12703636288642883,
    -0.7091662883758545,
    -0.3943244516849518,
    1.565434217453003,
    -0.47886377573013306,
    -0.36323821544647217,
    -0.9175757169723511,
    0.47047916054725647,
    -2.004733085632324,
    -0.6726245284080505,
    0.8672459721565247,
    -1.0467978715896606,
    0.9778347015380859
  ],
  "[C@H]12CCC([C@H](OC1)O2)=O": [
    2.274407148361206,
    -0.07869987189769745,
    0.38901251554489136,
    0.004065249115228653,
    0.3208707571029663,
    -1.1720366477966309,
    0.7920177578926086,
    -0.4457143247127533,
    -0.10406951606273651,
    -1.3396748304367065,
    0.3377218246459961,
    -1.449394702911377,
    -0.18551594018936157,
    0.66550612449646,
    -1.3910561800003052,
    1.4010956287384033
  ],
  "O=C(OCC)C": [
    1.865122675895691,
    0.7582871913909912,
    0.13466162979602814,
    -0.11924368888139725,
    -0.8704513311386108,
    -0.4536210596561432,
    1.712633490562439,
    -0.4543903172016144,
    -0.3622652590274811,
    -0.8962454795837402,
    0.41529130935668945,
    -1.9196256399154663,
    -0.683472216129303,
    0.9066729545593262,
    -0.9755986332893372,
    0.962225615978241
  ],
  "CC(C)(C)OC": [
    1.6672625541687012,
    0.7722355127334595,
    -0.11376409977674484,
    -0.26630470156669617,
    -1.1340051889419556,
    -0.5130916833877563,
    1.7995582818984985,
    -0.4540419280529022,
    -0.47928526997566223,
    -0.8260771632194519,
    0.6375879049301147,
    -1.8361715078353882,
    -0.6589259505271912,
    1.2006205320358276,
    -0.6321187615394592,
    0.8584843277931213
  ],