{
  "CO": [
    1.0588616132736206,
    -1.5621455907821655,
    0.5203989744186401,
    -0.25203293561935425,
    0.8207442164421082,
    -0.359961599111557,
    -0.1512051373720169,
    -0.2775994539260864,
    -0.6397302150726318,
    -1.272472620010376,
    1.6036351919174194,
    -0.4241239130496979,
    0.7448144555091858,
    0.8933020830154419,
    -1.9066120386123657,
    1.200234293937683
  ],
  "OCCO": [
    1.2785189151763916,
    -1.4429394006729126,
    0.749761700630188,
    -0.15942838788032532,
    1.2776939868927002,
    -0.3251826763153076,
    -0.47466468811035156,
    -0.27364638447761536,
    -0.8365470170974731,
    -1.0493991374969482,
    1.5054727792739868,
    -0.7469646334648132,
    0.6193386912345886,
    0.7451273798942566,
    -1.7999916076660156,
    0.9276373386383057
  ],
  "C(C(F)(F)F)(C(F)(F)F)O": [
    0.8337143659591675,
    -1.4253379106521606,
    0.49573180079460144,
    -0.8029440641403198,
    0.07274135947227478,
    -0.45265859365463257,
    0.3785019814968109,
    0.1394381821155548,
    -0.6342201828956604,
    -1.7539124488830566,
    1.7199203968048096,
    -0.387516587972641,
    0.925402820110321,
    1.0062649250030518,
    -1.3905792236328125,
    1.2743985652923584
  ],
  "O1C(C)CCC1": [
    1.0717744827270508,
    -0.9777829647064209,
    0.7658421993255615,
    -0.3059273660182953,
    0.026487356051802635,
    0.2727096676826477,
    0.9299310445785522,
    0.17018383741378784,
    -1.9821009635925293,
    -0.5939885973930359,
    1.1054085493087769,
    -1.4100606441497803,
    0.23835495114326477,
    1.4906023740768433,
    -1.4451498985290527,
    0.6426589488983154
  ],
  "C1CCCCC1": [
    0.9470098614692688,
    -0.6260818839073181,
    -0.08669445663690567,
    -0.7903929352760315,
    -0.6379675269126892,
    -0.4776693284511566,
    1.5355383157730103,
    0.5080028176307678,
    -1.6538562774658203,
    -0.27323082089424133,
    0.884490966796875,
    -1.2387405633926392,
    -0.26795077323913574,
    2.325887680053711,
    -0.4185324013233185,
    0.2744426131248474
  ],
  "CC(O)C": [
    1.023704171180725,
    -1.294281244277954,
    0.9595969319343567,
    -0.25702810287475586,
    0.6269956827163696,
    0.11845079809427261,
    0.322125107049942,
    -0.10645180195569992,
    -1.2144348621368408,
    -1.186535120010376,
    1.2352168560028076,
    -1.0132161378860474,
    0.5564379692077637,
    1.217017412185669,
    -1.921647071838379,
    0.9309820532798767
  ],
  "O.CC#N": [
    0.9110129475593567,
    -1.7595046758651733,
    0.46886196732521057,
    -0.33608880639076233,
    0.8602383732795715,
    -0.4503345191478729,
    -0.34177303314208984,
    0.15348410606384277,
    -0.7908216714859009,
    -0.9822145700454712,
    1.6851201057434082,
    -0.593265175819397,
    0.8078352212905884,
    0.7789139747619629,
    -1.7132339477539062,
    1.2980200052261353
  ],
  "CC#N": [
    1.1844571828842163,
    -1.3355531692504883,
    0.8113795518875122,
    -0.1920381337404251,
    0.7715563774108887,
    0.09694071114063263,
    -0.20505782961845398,
    -0.14235715568065643,
    -0.8496330380439758,
    -1.2540398836135864,
    1.4485381841659546,
    -0.8628310561180115,
    0.6257675886154175,
    0.8009120225906372,
    -2.0141892433166504,
    1.1115331649780273
  ],
  "CC#N.CC(=O)O": [
    1.0896809101104736,
    -1.4128834009170532,
    0.7638856768608093,
    -0.18695175647735596,
    0.764288604259491,
    -0.007712917868047953,
    -0.20139361917972565,
    -0.1430642157793045,
    -0.7940108180046082,
    -1.2920702695846558,
    1.582713007926941,
    -0.7970733642578125,
    0.6493290662765503,
    0.8608745336532593,
    -1.9520349502563477,
    1.0720785856246948
  ],
  "CCOCC": [
    1.0961991548538208,
    -0.9931990504264832,
    0.5840476751327515,
    -0.3548871874809265,
    0.03487299382686615,
    0.05648462474346161,
    1.1151915788650513,
    0.24031634628772736,
    -1.9698853492736816,
    -0.6300430297851562,
    1.2307143211364746,
    -1.322393536567688,
    0.21326875686645508,
    1.5124640464782715,
    -1.3711801767349243,
    0.5575499534606934
  ],
  "OCC(F)(F)F": [
    0.9608561396598816,
    -1.4753624200820923,
    0.6021767854690552,
    -0.6146349906921387,
    0.5256491303443909,
    -0.4364354908466339,
    0.07238316535949707,
    0.07481446117162704,
    -0.5909976363182068,
    -1.4725518226623535,
    1.4814690351486206,
    -0.4830470383167267,
    0.8304029107093811,
    0.973251223564148,
    -1.8072589635849,
    1.3566884994506836
  ],
  "O.OCC(F)(F)F": [
    0.9702678918838501,
    -1.6317057609558105,
    0.2629842460155487,
    -0.38304466009140015,
    0.8468503355979919,
    -0.6753734350204468,
    -0.15329022705554962,
    -0.05284247174859047,
    -0.818601131439209,
    -1.221612811088562,
    1.8423967361450195,
    -0.2883809506893158,
    0.8561544418334961,
    0.7831017971038818,
    -1.5734297037124634,
    1.2331711053848267
  ],
  "CN(C)C(C)=O": [
    1.2160130739212036,
    -1.0175014734268188,
    1.1418564319610596,
    -0.271328330039978,
    0.7473695874214172,
    0.06457864493131638,
    0.04080413654446602,
    -0.18332412838935852,
    -1.5324807167053223,
    -1.0609130859375,
    1.2886598110198975,
    -1.2715169191360474,
    0.5495566129684448,
    1.0754541158676147,
    -1.6213150024414062,
    0.8298096060752869
  ],
  "CCCCCCCCCCO": [
    1.1435102224349976,
    -0.9134929776191711,
    0.5621621012687683,
    -0.7112003564834595,
    0.2839663326740265,
    0.2979351282119751,
    0.7328803539276123,
    0.06425249576568604,
    -1.9765557050704956,
    -0.5874468088150024,
    1.3946597576141357,
    -1.1738053560256958,
    0.08696424961090088,
    1.7141454219818115,
    -1.297891616821289,
    0.3794507682323456
  ],
  "OCC": [
    1.0866018533706665,
    -1.3398255109786987,
    0.7844928503036499,
    -0.1948244422674179,
    0.9337326884269714,
    -0.05937158316373825,
    -0.17527800798416138,
    -0.19332529604434967,
    -1.0054229497909546,
    -1.297886610031128,
    1.5120471715927124,
    -0.7292393445968628,
    0.6247661113739014,
    0.9687296152114868,
    -1.9043056964874268,
    0.9848912954330444
  ],
  "C1CCOC1": [
    1.1828644275665283,
    -1.1769073009490967,
    0.9374314546585083,
    -0.3457026779651642,
    0.3936651349067688,
    0.22399607300758362,
    0.6380969285964966,
    0.16798058152198792,
    -1.6266112327575684,
    -0.7458598017692566,
    1.2763431072235107,
    -1.449220895767212,
    0.24085311591625214,
    1.2803691625595093,
    -1.6109790802001953,
    0.6115494966506958
  ],
  "[C@H]12CCC([C@H](OC1)O2)=O": [
    1.2777516841888428,
    -1.2890092134475708,
    1.1200785636901855,
    -0.2909892201423645,
    0.970975935459137,
    -0.008551743812859058,
    -0.3213134706020355,
    -0.2874620258808136,
    -0.9577965140342712,
    -1.1503944396972656,
    1.387819528579712,
    -1.0620678663253784,
    0.6039230823516846,
    0.8888156414031982,
    -1.7483797073364258,
    0.861703097820282
  ],
  "O=C(OCC)C": [
    1.1213940382003784,
    -1.0604326725006104,
    0.8101568222045898,
    -0.21275748312473297,
    0.1123318150639534,
    0.12392602115869522,
    0.8753334879875183,
    0.19895708560943604,
    -1.843125820159912,
    -0.6642336845397949,
    1.2754777669906616,
    -1.381118655204773,
    0.23197133839130402,
    1.346977710723877,
    -1.5697524547576904,
    0.6332788467407227
  ],
  "CC(C)(C)OC": [
    0.8754501938819885,
    -0.7872125506401062,
    0.17373178899288177,
    -0.4715745747089386,
    -0.44358038902282715,
    -0.13314038515090942,
    1.703898310661316,
    0.36901795864105225,
    -1.967802882194519,
    -0.4230180084705353,
    0.9679662585258484,
    -1.1893329620361328,
    -0.038003187626600266,
    1.9399749040603638,
    -0.9219629764556885,
    0.34829646348953247
  ],