{
  "CO": [
    1.8061225414276123,
    -0.2888503074645996,
    0.18800480663776398,
    -0.05228693038225174,
    -0.01652660220861435,
    -1.6293284893035889,
    0.7726614475250244,
    -0.18721526861190796,
    0.420484721660614,
    -1.6402490139007568,
    0.1712474226951599,
    -1.1025195121765137,
    0.13692720234394073,
    0.8918518424034119,
    -1.169866681098938,
    1.7258930206298828
  ],
  "OCCO": [
    2.029492139816284,
    -0.3823951184749603,
    0.19856712222099304,
    0.3052372634410858,
    0.6083502769470215,
    -1.6229342222213745,
    0.7379190325737,
    -0.3157661259174347,
    -0.15271006524562836,
    -1.4606012105941772,
    0.1730501353740692,
    -1.135704755783081,
    0.015925709158182144,
    0.7266130447387695,
    -1.2410727739334106,
    1.5437208414077759
  ],
  "C(C(F)(F)F)(C(F)(F)F)O": [
    1.5820000171661377,
    -0.3339768052101135,
    0.10823284089565277,
    -0.24450735747814178,
    -0.4814153015613556,
    -1.6747385263442993,
    0.6541697382926941,
    -0.13570961356163025,
    0.2550889253616333,
    -2.0305535793304443,
    0.7229896783828735,
    -0.892407238483429,
    0.47943565249443054,
    0.8151191473007202,
    -0.5374042391777039,
    1.738593578338623
  ],
  "O1C(C)CCC1": [
    2.0484440326690674,
    0.7598250508308411,
    0.28307899832725525,
    -0.14840777218341827,
    -0.6339282989501953,
    -0.5867838859558105,
    1.5725795030593872,
    -0.4830957055091858,
    -0.40776118636131287,
    -0.9485654830932617,
    0.2970583140850067,
    -1.8718475103378296,
    -0.595437228679657,
    0.7823503613471985,
    -1.0673781633377075,
    1.0240659713745117
  ],
  "C1CCCCC1": [
    2.0132572650909424,
    0.6269718408584595,
    0.18580298125743866,
    -0.3446847200393677,
    -1.046779990196228,
    -0.9862365126609802,
    1.4276059865951538,
    -0.12112004309892654,
    -0.21973541378974915,
    -0.8453350067138672,
    0.7386676669120789,
    -1.8738223314285278,
    -0.3688885271549225,
    0.8271344304084778,
    -0.9361918568611145,
    0.945013165473938
  ],
  "CC(O)C": [
    2.088658332824707,
    0.4228713810443878,
    0.24664519727230072,
    0.05513285845518112,
    -0.11461840569972992,
    -1.099104404449463,
    1.2644442319869995,
    -0.4740651547908783,
    -0.16410812735557556,
    -1.4702794551849365,
    0.42243731021881104,
    -1.5863548517227173,
    -0.30698099732398987,
    0.7680591940879822,
    -1.2050397396087646,
    1.1821380853652954
  ],
  "O.CC#N": [
    1.879963994026184,
    -0.6061042547225952,
    0.00044863944640383124,
    0.23944415152072906,
    0.2794401943683624,
    -1.8401837348937988,
    0.44243913888931274,
    -0.07673396170139313,
    -0.03712284564971924,
    -1.4710628986358643,
    0.37881535291671753,
    -0.9460554718971252,
    0.17866508662700653,
    0.8173571228981018,
    -1.0370265245437622,
    1.8189481496810913
  ],
  "CC#N": [
    2.2600159645080566,
    0.2116449475288391,
    0.27722591161727905,
    0.014306005090475082,
    -0.08481569588184357,
    -1.1152936220169067,
    1.079735279083252,
    -0.4202255606651306,
    0.08682741969823837,
    -1.4207769632339478,
    0.37076011300086975,
    -1.3979660272598267,
    -0.3032369017601013,
    0.5824270844459534,
    -1.4111634492874146,
    1.2976927757263184
  ],
  "CC#N.CC(=O)O": [
    2.1900317668914795,
    0.11301551014184952,
    0.20591294765472412,
    0.05421951413154602,
    -0.06651993095874786,
    -1.2042208909988403,
    0.9941455721855164,
    -0.4176602065563202,
    0.18519797921180725,
    -1.4961756467819214,
    0.4529435634613037,
    -1.322147011756897,
    -0.2737792730331421,
    0.6654336452484131,
    -1.406933307647705,
    1.353762149810791
  ],
  "CCOCC": [
    1.8785645961761475,
    0.804507315158844,
    0.04985509067773819,
    -0.10002362728118896,
    -0.9175406098365784,
    -0.5133912563323975,
    1.724363088607788,
    -0.5187183022499084,
    -0.47461026906967163,
    -0.8823396563529968,
    0.44507208466529846,
    -1.868649959564209,
    -0.6820079684257507,
    0.9512835144996643,
    -0.8152681589126587,
    0.9436941146850586
  ],
  "OCC(F)(F)F": [
    1.9204877614974976,
    -0.26341983675956726,
    -0.01848667673766613,
    -0.13367441296577454,
    0.03435048460960388,
    -1.712057113647461,
    0.6354902982711792,
    -0.22033940255641937,
    0.2464480698108673,
    -1.7918283939361572,
    0.48470836877822876,
    -0.8339521884918213,
    0.24271762371063232,
    0.7816306948661804,
    -1.0273433923721313,
    1.68251371383667
  ],
  "O.OCC(F)(F)F": [
    1.659496784210205,
    -0.7513875961303711,
    -0.05734388530254364,
    0.19692175090312958,
    0.23346059024333954,
    -2.0346710681915283,
    0.40136638283729553,
    0.08091378957033157,
    -0.17788636684417725,
    -1.5368202924728394,
    0.4791075587272644,
    -0.8065780997276306,
    0.42563146352767944,
    0.8662837147712708,
    -0.7835831046104431,
    1.8268756866455078
  ],
  "CN(C)C(C)=O": [
    2.1932101249694824,
    0.5540725588798523,
    0.5161092281341553,
    -0.13103096187114716,
    -0.12881754338741302,
    -0.8578760623931885,
    1.1950801610946655,
    -0.5233659148216248,
    -0.28232279419898987,
    -1.2617098093032837,
    0.281495600938797,
    -1.7161953449249268,
    -0.43515798449516296,
    0.7196276187896729,
    -1.2372547388076782,
    1.1402676105499268
  ],
  "CCCCCCCCCCO": [
    2.104668617248535,
    0.6805985569953918,
    0.2084599733352661,
    -0.3461703360080719,
    -0.49374720454216003,
    -0.5103769898414612,
    1.4350857734680176,
    -0.5679312348365784,
    -0.564685583114624,
    -0.9810647964477539,
    0.4631456136703491,
    -1.8009278774261475,
    -0.6209977865219116,
    1.010434627532959,
    -1.0065454244613647,
    1.0145329236984253
  ],
  "OCC": [
    2.120938777923584,
    0.12389151006937027,
    0.2511026859283447,
    0.04857974126935005,
    0.025939984247088432,
    -1.2438608407974243,
    1.1634858846664429,
    -0.41457685828208923,
    0.07139291614294052,
    -1.5031964778900146,
    0.24300436675548553,
    -1.325027346611023,
    -0.23823514580726624,
    0.7122852206230164,
    -1.3698036670684814,
    1.3646191358566284
  ],
  "C1CCOC1": [
    2.062438488006592,
    0.6451961398124695,
    0.29913759231567383,
    -0.13672341406345367,
    -0.6046836376190186,
    -0.5384068489074707,
    1.574826717376709,
    -0.4380905032157898,
    -0.2816636562347412,
    -0.9525420665740967,
    0.39260247349739075,
    -1.937560796737671,
    -0.661450982093811,
    0.7564993500709534,
    -1.1080424785614014,
    0.9530946016311646
  ],
  "[C@H]12CCC([C@H](OC1)O2)=O": [
    2.2613534927368164,
    -0.01538010872900486,
    0.37419116497039795,
    0.09532961249351501,
    0.31087541580200195,
    -1.2167891263961792,
    0.8661861419677734,
    -0.47219717502593994,
    -0.07760805636644363,
    -1.3693314790725708,
    0.2697634696960449,
    -1.394527554512024,
    -0.2663744390010834,
    0.6692975759506226,
    -1.382851481437683,
    1.3741482496261597
  ],
  "O=C(OCC)C": [
    1.9328303337097168,
    0.8285128474235535,
    0.11006274074316025,
    -0.055167943239212036,
    -0.7682605385780334,
    -0.49182185530662537,
    1.682974934577942,
    -0.49255117774009705,
    -0.3784480094909668,
    -0.958584725856781,
    0.47819584608078003,
    -1.8550859689712524,
    -0.7242667078971863,
    0.8295450806617737,
    -1.0190541744232178,
    0.9065830707550049
  ],
  "CC(C)(C)OC": [
    1.7394611835479736,
    0.8233402967453003,
    -0.06596402823925018,
    -0.20868779718875885,
    -1.094396948814392,
    -0.5584664344787598,
    1.841316819190979,
    -0.4644524157047272,
    -0.44525831937789917,
    -0.8376007676124573,
    0.5248047113418579,
    -1.7812073230743408,
    -0.6837101578712463,
    1.0918065309524536,
    -0.7270585894584656,
    0.8730278015136719
  ],