{
  "CO": [
    1.845374584197998,
    -0.4744230806827545,
    0.012033351697027683,
    0.13298846781253815,
    0.4070257544517517,
    -1.4610569477081299,
    0.7632609009742737,
    -0.36709919571876526,
    0.004991023801267147,
    -1.518540859222412,
    0.572331428527832,
    -1.0642369985580444,
    0.25024259090423584,
    0.6289283037185669,
    -1.4511756896972656,
    1.7258954048156738
  ],
  "OCCO": [
    1.8992054462432861,
    -0.5813897848129272,
    0.08661409467458725,
    0.35478270053863525,
    0.857880175113678,
    -1.4595959186553955,
    0.663993775844574,
    -0.340271919965744,
    -0.2930954396724701,
    -1.3812617063522339,
    0.4849240481853485,
    -1.2079294919967651,
    0.1892198771238327,
    0.5325446724891663,
    -1.3928543329238892,
    1.5932053327560425
  ],
  "C(C(F)(F)F)(C(F)(F)F)O": [
    1.449570655822754,
    -0.2574281692504883,
    -0.03147576004266739,
    -0.2933306396007538,
    -0.5876784324645996,
    -1.3611479997634888,
    1.1278340816497803,
    -0.15262523293495178,
    0.32185694575309753,
    -2.0440914630889893,
    0.5261687636375427,
    -1.1088095903396606,
    0.5395166873931885,
    0.8388338685035706,
    -0.6764265894889832,
    1.7224534749984741
  ],
  "O1C(C)CCC1": [
    1.897538185119629,
    0.6377292275428772,
    0.1822228878736496,
    -0.07678868621587753,
    -0.4600525498390198,
    -0.5119550824165344,
    1.6482058763504028,
    -0.5374271869659424,
    -0.5275447368621826,
    -1.0452995300292969,
    0.46600332856178284,
    -2.00728440284729,
    -0.4765816330909729,
    0.8298605680465698,
    -1.0191819667816162,
    1.0114864110946655
  ],
  "C1CCCCC1": [
    1.6296442747116089,
    0.5385834574699402,
    -0.1938791275024414,
    -0.214694082736969,
    -1.0159296989440918,
    -0.8900036215782166,
    1.7595781087875366,
    -0.3087770342826843,
    -0.3145976960659027,
    -0.9234777092933655,
    0.7289696931838989,
    -1.9412719011306763,
    -0.4694949984550476,
    1.2075191736221313,
    -0.5161826610565186,
    0.9389448165893555
  ],
  "CC(O)C": [
    2.0696535110473633,
    0.32206660509109497,
    0.2740703225135803,
    -0.025444841012358665,
    0.11150368303060532,
    -0.9489893913269043,
    1.1871519088745117,
    -0.5444170236587524,
    -0.27868184447288513,
    -1.4894599914550781,
    0.5517004728317261,
    -1.6354460716247559,
    -0.15920257568359375,
    0.587235689163208,
    -1.2956215143203735,
    1.2834951877593994
  ],
  "O.CC#N": [
    1.7193483114242554,
    -0.7778434157371521,
    -0.057964105159044266,
    0.22763724625110626,
    0.4361580014228821,
    -1.6553250551223755,
    0.6534640192985535,
    -0.09391695261001587,
    -0.3842521905899048,
    -1.4183186292648315,
    0.7759671211242676,
    -1.2090023756027222,
    0.4758611023426056,
    0.571265459060669,
    -1.029870867729187,
    1.7712384462356567
  ],
  "CC#N": [
    2.0782628059387207,
    0.04459071904420853,
    0.1867215931415558,
    0.1269604116678238,
    0.12376430630683899,
    -0.8960012197494507,
    1.1488581895828247,
    -0.4582902491092682,
    -0.11596041172742844,
    -1.524001121520996,
    0.6142847537994385,
    -1.6647413969039917,
    -0.061301928013563156,
    0.4254048764705658,
    -1.3626642227172852,
    1.3415868282318115
  ],
  "CC#N.CC(=O)O": [
    2.066683530807495,
    -0.0678500384092331,
    0.14558614790439606,
    0.1056034117937088,
    0.14820678532123566,
    -0.985594630241394,
    1.0282237529754639,
    -0.4990774095058441,
    -0.012744268402457237,
    -1.5783717632293701,
    0.6959618926048279,
    -1.4842294454574585,
    -0.03869210183620453,
    0.5104435682296753,
    -1.4238224029541016,
    1.3972762823104858
  ],
  "CCOCC": [
    1.7072088718414307,
    0.6453753113746643,
    -0.004662742372602224,
    -0.15414543449878693,
    -0.8030049800872803,
    -0.4715115427970886,
    1.8637508153915405,
    -0.4998723864555359,
    -0.49927181005477905,
    -0.9645915627479553,
    0.442421019077301,
    -1.9757133722305298,
    -0.5414153337478638,
    1.0237133502960205,
    -0.7544838786125183,
    0.9997277855873108
  ],
  "OCC(F)(F)F": [
    1.6901534795761108,
    -0.40263187885284424,
    0.08648911863565445,
    -0.19154229760169983,
    0.004528076387941837,
    -1.5286675691604614,
    0.9574064016342163,
    -0.3360840678215027,
    0.11337092518806458,
    -1.785949468612671,
    0.7297964692115784,
    -1.1135194301605225,
    0.4740274250507355,
    0.6726270914077759,
    -1.036089539527893,
    1.6763056516647339
  ],
  "O.OCC(F)(F)F": [
    1.4867948293685913,
    -0.9473789930343628,
    -0.08186450600624084,
    0.15445280075073242,
    0.44732049107551575,
    -1.8265475034713745,
    0.5890430808067322,
    0.059020645916461945,
    -0.31634944677352905,
    -1.514488935470581,
    0.6671013832092285,
    -0.901674747467041,
    0.6058920621871948,
    0.6840412616729736,
    -0.9646015763282776,
    1.8660870790481567
  ],
  "CN(C)C(C)=O": [
    2.0184831619262695,
    0.426714152097702,
    0.42866918444633484,
    -0.036524221301078796,
    0.07392272353172302,
    -0.7504398226737976,
    1.2167539596557617,
    -0.5467531085014343,
    -0.4101746082305908,
    -1.3822059631347656,
    0.5279595851898193,
    -1.9074983596801758,
    -0.2699783444404602,
    0.678020179271698,
    -1.2032217979431152,
    1.145147442817688
  ],
  "CCCCCCCCCCO": [
    1.9598760604858398,
    0.6228040456771851,
    0.10317298024892807,
    -0.34548017382621765,
    -0.3140765130519867,
    -0.4362916648387909,
    1.501179575920105,
    -0.5793396234512329,
    -0.677471935749054,
    -1.0054614543914795,
    0.6531051993370056,
    -1.9325504302978516,
    -0.56935715675354,
    1.0607600212097168,
    -0.9619693756103516,
    0.9325487017631531
  ],
  "OCC": [
    1.9959759712219238,
    -0.020182112231850624,
    0.27258020639419556,
    0.009342765435576439,
    0.14519229531288147,
    -1.0382814407348633,
    1.2441723346710205,
    -0.4729924499988556,
    -0.00939420610666275,
    -1.549641728401184,
    0.356594443321228,
    -1.5257335901260376,
    -0.005861642304807901,
    0.594384491443634,
    -1.3896151781082153,
    1.4040868282318115
  ],
  "C1CCOC1": [
    1.984001874923706,
    0.5205201506614685,
    0.23820830881595612,
    -0.12200537323951721,
    -0.3514614701271057,
    -0.48398450016975403,
    1.561238408088684,
    -0.44572919607162476,
    -0.36444389820098877,
    -1.0639184713363647,
    0.5316798090934753,
    -2.0655500888824463,
    -0.5041216015815735,
    0.72478187084198,
    -1.1332255601882935,
    0.9838392734527588
  ],
  "[C@H]12CCC([C@H](OC1)O2)=O": [
    2.187744140625,
    -0.12587237358093262,
    0.3541056215763092,
    0.10094982385635376,
    0.5101552605628967,
    -1.0290876626968384,
    0.8328554034233093,
    -0.5583455562591553,
    -0.23735082149505615,
    -1.3784897327423096,
    0.5033615231513977,
    -1.5530387163162231,
    -0.0602736659348011,
    0.5214345455169678,
    -1.4226586818695068,
    1.3603367805480957
  ],
  "O=C(OCC)C": [
    1.9372949600219727,
    0.6172258257865906,
    0.11906936019659042,
    -0.04838463291525841,
    -0.44755372405052185,
    -0.5307446122169495,
    1.6494992971420288,
    -0.44408613443374634,
    -0.35914403200149536,
    -1.0788437128067017,
    0.5343809127807617,
    -1.9629486799240112,
    -0.5458272099494934,
    0.7642386555671692,
    -1.1536974906921387,
    0.9611312747001648
  ],
  "CC(C)(C)OC": [
    1.5736641883850098,
    0.7136664986610413,
    -0.2221691906452179,
    -0.19459640979766846,
    -0.9899713397026062,
    -0.5259537696838379,
    1.9157986640930176,
    -0.4853639602661133,
    -0.6014455556869507,
    -0.8496717810630798,
    0.6143578886985779,
    -1.8898828029632568,
    -0.6054726243019104,
    1.2666425704956055,
    -0.5062330961227417,
    0.8031085729598999
  ],