{
  "CO": [
    1.9489103555679321,
    -0.2610204219818115,
    0.04139365255832672,
    0.10783208161592484,
    0.056495301425457,
    -1.6293261051177979,
    0.7979883551597595,
    -0.3859795331954956,
    0.22174492478370667,
    -1.5780223608016968,
    0.51399827003479,
    -1.0500643253326416,
    0.0697823241353035,
    0.8412324786186218,
    -1.243308186531067,
    1.5740115642547607
  ],
  "OCCO": [
    1.9826511144638062,
    -0.4470827579498291,
    0.1338813155889511,
    0.42164289951324463,
    0.6160637140274048,
    -1.7068170309066772,
    0.6801559925079346,
    -0.26811671257019043,
    -0.20171113312244415,
    -1.4181891679763794,
    0.3232901096343994,
    -1.1742717027664185,
    0.01870129629969597,
    0.7303180694580078,
    -1.1913808584213257,
    1.5259010791778564
  ],
  "C(C(F)(F)F)(C(F)(F)F)O": [
    1.3554680347442627,
    -0.3104633092880249,
    0.08415936678647995,
    -0.24990713596343994,
    -0.4528370201587677,
    -1.7906112670898438,
    0.5503508448600769,
    0.09201230108737946,
    0.41985657811164856,
    -1.968767762184143,
    0.3920525908470154,
    -0.9144595265388489,
    0.4838200509548187,
    0.7266072034835815,
    -0.4306005537509918,
    2.032839298248291
  ],
  "O1C(C)CCC1": [
    2.035261869430542,
    0.7698782086372375,
    0.22915016114711761,
    -0.14586758613586426,
    -0.6582831144332886,
    -0.5195165276527405,
    1.6037300825119019,
    -0.5179967880249023,
    -0.3913401663303375,
    -0.9589332342147827,
    0.36839884519577026,
    -1.8697923421859741,
    -0.6319246888160706,
    0.7863311767578125,
    -1.054539680480957,
    0.97891765832901
  ],
  "C1CCCCC1": [
    1.9731005430221558,
    0.6390434503555298,
    0.12710630893707275,
    -0.3006737232208252,
    -1.0698626041412354,
    -0.9738571643829346,
    1.45150625705719,
    -0.1490880697965622,
    -0.19543077051639557,
    -0.8711349964141846,
    0.77703857421875,
    -1.8864206075668335,
    -0.3822615444660187,
    0.8186536431312561,
    -0.8965743184089661,
    0.9593430161476135
  ],
  "CC(O)C": [
    2.1602072715759277,
    0.4062805771827698,
    0.2833133637905121,
    -0.02735758014023304,
    -0.06440658867359161,
    -1.0918956995010376,
    1.1890816688537598,
    -0.44375476241111755,
    -0.1621176302433014,
    -1.4349267482757568,
    0.4366247355937958,
    -1.4932994842529297,
    -0.37939000129699707,
    0.6894015073776245,
    -1.2877823114395142,
    1.247470736503601
  ],
  "O.CC#N": [
    1.872039794921875,
    -0.676444947719574,
    -0.0029084410052746534,
    0.26739048957824707,
    0.2851330637931824,
    -1.8220869302749634,
    0.39728230237960815,
    0.01168827898800373,
    -0.10312920808792114,
    -1.372692346572876,
    0.44126537442207336,
    -0.9960545301437378,
    0.170466348528862,
    0.8736051321029663,
    -1.1179983615875244,
    1.790815830230713
  ],
  "CC#N": [
    2.2270939350128174,
    0.23652656376361847,
    0.27021515369415283,
    0.01489824429154396,
    -0.12336249649524689,
    -1.1150320768356323,
    1.0803544521331787,
    -0.3982320725917816,
    0.04404193535447121,
    -1.4191842079162598,
    0.4898762106895447,
    -1.4791278839111328,
    -0.32280635833740234,
    0.5788251757621765,
    -1.3509385585784912,
    1.2917356491088867
  ],
  "CC#N.CC(=O)O": [
    2.2327609062194824,
    0.1062365472316742,
    0.20581898093223572,
    0.0027751359157264233,
    -0.05494844540953636,
    -1.2301863431930542,
    0.9099612236022949,
    -0.45890533924102783,
    0.21574869751930237,
    -1.498939871788025,
    0.5068086981773376,
    -1.272841215133667,
    -0.2733581066131592,
    0.6734051704406738,
    -1.3849939107894897,
    1.3463443517684937
  ],
  "CCOCC": [
    1.83834969997406,
    0.8002637624740601,
    0.03850286081433296,
    -0.16476000845432281,
    -0.9864262342453003,
    -0.4674234986305237,
    1.7564620971679688,
    -0.49386394023895264,
    -0.49448129534721375,
    -0.8596414923667908,
    0.48603197932243347,
    -1.8846888542175293,
    -0.6623153686523438,
    0.9657806754112244,
    -0.7717925906181335,
    0.9233646392822266
  ],
  "OCC(F)(F)F": [
    1.8909181356430054,
    -0.23562133312225342,
    0.1418127417564392,
    -0.18209710717201233,
    -0.14955280721187592,
    -1.7379257678985596,
    0.736383855342865,
    -0.339052677154541,
    0.18365377187728882,
    -1.7362600564956665,
    0.5354002714157104,
    -0.9039697051048279,
    0.3136056661605835,
    0.8187783360481262,
    -0.9566959142684937,
    1.6466573476791382
  ],
  "O.OCC(F)(F)F": [
    1.5736632347106934,
    -0.7659552097320557,
    -0.049528006464242935,
    0.18529567122459412,
    0.2622360289096832,
    -2.095613718032837,
    0.4067130982875824,
    0.1288900077342987,
    -0.20028646290302277,
    -1.466448187828064,
    0.47118768095970154,
    -0.8117517828941345,
    0.3874049782752991,
    0.9140328764915466,
    -0.7817910313606262,
    1.8623321056365967
  ],
  "CN(C)C(C)=O": [
    2.1394615173339844,
    0.5525180697441101,
    0.4543030560016632,
    -0.13432766497135162,
    -0.15377196669578552,
    -0.8542566299438477,
    1.2655426263809204,
    -0.5126885771751404,
    -0.24024568498134613,
    -1.3211473226547241,
    0.33536437153816223,
    -1.7405931949615479,
    -0.4266659915447235,
    0.7517328262329102,
    -1.2003448009490967,
    1.1114526987075806
  ],
  "CCCCCCCCCCO": [
    2.0655713081359863,
    0.6966013312339783,
    0.22154881060123444,
    -0.3893541097640991,
    -0.5194936990737915,
    -0.5146195292472839,
    1.4384865760803223,
    -0.5173962712287903,
    -0.5372433662414551,
    -1.01514732837677,
    0.5439594984054565,
    -1.814229965209961,
    -0.6397197842597961,
    1.0078752040863037,
    -0.9949688911437988,
    0.9918712973594666
  ],
  "OCC": [
    2.1811368465423584,
    0.12777815759181976,
    0.22332581877708435,
    -0.014530272223055363,
    0.08214093744754791,
    -1.2614887952804565,
    1.0610054731369019,
    -0.43622738122940063,
    0.008446757681667805,
    -1.4882389307022095,
    0.38564532995224,
    -1.252558946609497,
    -0.2526143193244934,
    0.7131547331809998,
    -1.4001836776733398,
    1.3516802787780762
  ],
  "C1CCOC1": [
    2.0613763332366943,
    0.6706190705299377,
    0.29722198843955994,
    -0.15166686475276947,
    -0.6269336938858032,
    -0.5353664755821228,
    1.5599949359893799,
    -0.4352886974811554,
    -0.2801329493522644,
    -0.9213595390319824,
    0.44866055250167847,
    -1.9621403217315674,
    -0.6576344966888428,
    0.7027342319488525,
    -1.1029362678527832,
    0.9551209807395935
  ],
  "[C@H]12CCC([C@H](OC1)O2)=O": [
    2.2946715354919434,
    0.11374909430742264,
    0.4139469265937805,
    0.06289025396108627,
    0.20143930613994598,
    -1.1465367078781128,
    0.9307330846786499,
    -0.5235437750816345,
    -0.1264651119709015,
    -1.3934649229049683,
    0.2925873398780823,
    -1.4765182733535767,
    -0.28939858078956604,
    0.6695224642753601,
    -1.2914413213729858,
    1.2934072017669678
  ],
  "O=C(OCC)C": [
    2.0374436378479004,
    0.7862716317176819,
    0.20372407138347626,
    -0.13494831323623657,
    -0.7336608171463013,
    -0.5940526723861694,
    1.6215736865997314,
    -0.4245707392692566,
    -0.27588555216789246,
    -0.9307927489280701,
    0.4260426461696625,
    -1.8522002696990967,
    -0.6580691933631897,
    0.7273150086402893,
    -1.1081734895706177,
    0.9338670372962952
  ],
  "CC(C)(C)OC": [
    1.8864530324935913,
    0.8049973249435425,
    -0.008067214861512184,
    -0.2139335572719574,
    -0.9403792023658752,
    -0.5955045223236084,
    1.8112483024597168,
    -0.36673060059547424,
    -0.3090378940105438,
    -0.8830071687698364,
    0.5999208688735962,
    -1.8202389478683472,
    -0.7134656310081482,
    0.8741593956947327,
    -0.8956549763679504,
    0.7961036562919617
  ],