{
  "CO": [
    0.7618054747581482,
    -1.9837110042572021,
    0.6967743039131165,
    -0.05358034744858742,
    0.8512499332427979,
    -0.22282926738262177,
    -0.5317598581314087,
    0.21372400224208832,
    -0.5270918011665344,
    -1.12228524684906,
    1.320285439491272,
    -0.17830303311347961,
    0.638378918170929,
    0.8249592781066895,
    -1.965569257736206,
    1.27676260471344
  ],
  "OCCO": [
    0.9739009737968445,
    -1.8629826307296753,
    0.9614530801773071,
    -0.02889990247786045,
    1.225034475326538,
    -0.1549907624721527,
    -0.6263329386711121,
    0.15001513063907623,
    -0.69544917345047,
    -1.0340008735656738,
    1.3073102235794067,
    -0.5292933583259583,
    0.5202792882919312,
    0.7679080963134766,
    -1.873159408569336,
    0.8976298570632935
  ],
  "C(C(F)(F)F)(C(F)(F)F)O": [
    0.9614493250846863,
    -1.484245777130127,
    0.40963780879974365,
    -0.6446648240089417,
    0.3733973801136017,
    -0.30978038907051086,
    -0.28078097105026245,
    0.3860900402069092,
    -0.04595549777150154,
    -2.019672393798828,
    1.6331787109375,
    -0.09216587245464325,
    0.6236937642097473,
    0.645557701587677,
    -1.5361289978027344,
    1.3796381950378418
  ],
  "O1C(C)CCC1": [
    0.8705471754074097,
    -1.5103946924209595,
    1.0683931112289429,
    -0.11224056780338287,
    -0.09251625090837479,
    0.5591914057731628,
    0.7992334365844727,
    0.6053960919380188,
    -1.9034037590026855,
    -0.5951078534126282,
    0.8222934603691101,
    -1.2382844686508179,
    0.16407771408557892,
    1.4600406885147095,
    -1.380908727645874,
    0.4845060110092163
  ],
  "C1CCCCC1": [
    0.6953784227371216,
    -1.1515789031982422,
    0.13615471124649048,
    -0.48324111104011536,
    -0.727599561214447,
    -0.3734275698661804,
    1.4062068462371826,
    0.9092685580253601,
    -1.8138989210128784,
    -0.1453717201948166,
    0.8095720410346985,
    -1.086593508720398,
    -0.28720101714134216,
    2.2723135948181152,
    -0.2650297284126282,
    0.10816045105457306
  ],
  "CC(O)C": [
    0.8798026442527771,
    -1.6171475648880005,
    1.0963515043258667,
    0.054888516664505005,
    0.8025519251823425,
    0.11254172027111053,
    -0.3672782778739929,
    0.13268986344337463,
    -1.2725118398666382,
    -1.2293490171432495,
    1.3666348457336426,
    -0.6096653938293457,
    0.5900906920433044,
    1.026679515838623,
    -1.7796657085418701,
    0.8122156262397766
  ],
  "O.CC#N": [
    0.6846872568130493,
    -2.1270270347595215,
    0.7024251818656921,
    -0.048986826092004776,
    0.7587795257568359,
    -0.33759012818336487,
    -0.6440409421920776,
    0.48066768050193787,
    -0.7541854977607727,
    -0.8173985481262207,
    1.570424199104309,
    -0.41461342573165894,
    0.6879962682723999,
    0.7277904152870178,
    -1.6816644668579102,
    1.2115920782089233
  ],
  "CC#N": [
    0.8771814107894897,
    -1.765023946762085,
    1.0530500411987305,
    0.06367897242307663,
    0.6417407989501953,
    0.3112148642539978,
    -0.4419134855270386,
    0.21457456052303314,
    -0.908723771572113,
    -1.2737314701080322,
    1.383259654045105,
    -0.7075734734535217,
    0.6069651246070862,
    0.8075886964797974,
    -1.845712661743164,
    0.9820904731750488
  ],
  "CC#N.CC(=O)O": [
    0.8926136493682861,
    -1.8340799808502197,
    0.9736117720603943,
    -0.029064759612083435,
    0.6681816577911377,
    0.195362389087677,
    -0.41271236538887024,
    0.1595788151025772,
    -0.6872838139533997,
    -1.298465609550476,
    1.4135072231292725,
    -0.5281314849853516,
    0.590579628944397,
    0.7887628674507141,
    -1.931127905845642,
    1.0373709201812744
  ],
  "CCOCC": [
    0.7170699238777161,
    -1.4567558765411377,
    0.7600748538970947,
    -0.00047482099034823477,
    -0.3946534991264343,
    0.2833915054798126,
    1.048765778541565,
    0.6352830529212952,
    -2.154911518096924,
    -0.3846910297870636,
    1.0573835372924805,
    -1.1583576202392578,
    0.14286652207374573,
    1.6574002504348755,
    -0.9886474013328552,
    0.23774075508117676
  ],
  "OCC(F)(F)F": [
    0.7003509402275085,
    -1.8129631280899048,
    0.9274175763130188,
    -0.611960232257843,
    0.19933728873729706,
    -0.10483721643686295,
    0.04242235794663429,
    0.5211100578308105,
    -0.26184776425361633,
    -1.6021889448165894,
    1.0512008666992188,
    -0.2519928216934204,
    0.6353069543838501,
    0.8917653560638428,
    -1.8364418745040894,
    1.5131111145019531
  ],
  "O.OCC(F)(F)F": [
    1.1308143138885498,
    -2.007456064224243,
    0.294364869594574,
    -0.42252761125564575,
    0.9286903738975525,
    -0.3218076229095459,
    -0.8547083735466003,
    0.4649021029472351,
    -0.5013138055801392,
    -0.6510021686553955,
    1.4129996299743652,
    -0.1969519555568695,
    0.31544026732444763,
    0.8636707067489624,
    -1.7858437299728394,
    1.3296928405761719
  ],
  "CN(C)C(C)=O": [
    0.999617338180542,
    -1.474854588508606,
    1.3980011940002441,
    -0.040220968425273895,
    0.6697890162467957,
    0.2816084921360016,
    -0.2533130347728729,
    0.15681308507919312,
    -1.509763240814209,
    -1.101620078086853,
    1.1628525257110596,
    -1.0213862657546997,
    0.5151314735412598,
    1.0974013805389404,
    -1.5608494281768799,
    0.6797456741333008
  ],
  "CCCCCCCCCCO": [
    0.8217194676399231,
    -1.4097423553466797,
    0.9311540126800537,
    -0.37736931443214417,
    0.16062574088573456,
    0.4157060980796814,
    0.4227916896343231,
    0.4028032720088959,
    -2.1092422008514404,
    -0.565197229385376,
    1.3439655303955078,
    -1.0150059461593628,
    0.14358079433441162,
    1.665651559829712,
    -1.1395392417907715,
    0.30883803963661194
  ],
  "OCC": [
    0.8482176065444946,
    -1.784520149230957,
    1.0788240432739258,
    -0.041362613439559937,
    0.7534167170524597,
    0.145183265209198,
    -0.32767820358276367,
    0.1289701610803604,
    -0.9392536282539368,
    -1.3426858186721802,
    1.3344879150390625,
    -0.5283796191215515,
    0.6332708597183228,
    0.9742895364761353,
    -1.824917197227478,
    0.8910687565803528
  ],
  "C1CCOC1": [
    0.9014122486114502,
    -1.6876758337020874,
    1.2064045667648315,
    -0.033160340040922165,
    0.1621909737586975,
    0.4558504521846771,
    0.5327398777008057,
    0.5741649866104126,
    -1.7354180812835693,
    -0.6137431859970093,
    1.0530593395233154,
    -1.325459599494934,
    0.20195622742176056,
    1.2562825679779053,
    -1.4007257223129272,
    0.4523759186267853
  ],
  "[C@H]12CCC([C@H](OC1)O2)=O": [
    1.0802533626556396,
    -1.7416284084320068,
    1.3237841129302979,
    -0.07271381467580795,
    0.9247969388961792,
    0.2000875622034073,
    -0.655326783657074,
    0.02811637707054615,
    -0.8349534273147583,
    -1.1474794149398804,
    1.309960961341858,
    -0.875941276550293,
    0.5799106955528259,
    0.8179630041122437,
    -1.6471470594406128,
    0.7086966633796692
  ],
  "O=C(OCC)C": [
    0.7131204605102539,
    -1.5835827589035034,
    0.9575896263122559,
    -0.0016493003349751234,
    -0.3061181902885437,
    0.59827721118927,
    1.0202704668045044,
    0.6499290466308594,
    -1.8475193977355957,
    -0.4240705370903015,
    0.8920771479606628,
    -1.2265278100967407,
    0.027744319289922714,
    1.6164288520812988,
    -1.2714684009552002,
    0.18690912425518036
  ],
  "CC(C)(C)OC": [
    0.5657273530960083,
    -1.2550793886184692,
    0.37220895290374756,
    -0.3759429454803467,
    -0.5962982773780823,
    0.2201973795890808,
    1.6236677169799805,
    0.8168810606002808,
    -1.9464442729949951,
    -0.3233647644519806,
    0.6330869197845459,
    -1.0172007083892822,
    -0.20122916996479034,
    2.074260711669922,
    -0.6699861288070679,
    0.0825302004814148
  ],