{
  "CO": [
    1.9279230833053589,
    -0.36676472425460815,
    0.02669619768857956,
    0.007172757759690285,
    0.23720791935920715,
    -1.7200334072113037,
    0.6385813355445862,
    -0.2993013858795166,
    0.14327536523342133,
    -1.50723397731781,
    0.4793711304664612,
    -0.9451003074645996,
    0.19909417629241943,
    0.7883263826370239,
    -1.282409429550171,
    1.691749930381775
  ],
  "OCCO": [
    2.00789213180542,
    -0.5095189809799194,
    0.14264951646327972,
    0.32295966148376465,
    0.7066570520401001,
    -1.6077133417129517,
    0.6088600158691406,
    -0.25079095363616943,
    -0.23410913348197937,
    -1.3952971696853638,
    0.28915807604789734,
    -1.1159254312515259,
    0.07105868309736252,
    0.6882623434066772,
    -1.2990353107452393,
    1.5934007167816162
  ],
  "C(C(F)(F)F)(C(F)(F)F)O": [
    1.6935319900512695,
    -0.3704988956451416,
    -0.06856068968772888,
    -0.20815497636795044,
    -0.07578634470701218,
    -1.7056386470794678,
    0.47896143794059753,
    -0.05468577519059181,
    0.19224753975868225,
    -2.008822202682495,
    0.6826211810112,
    -0.8108977675437927,
    0.4542218744754791,
    0.693326473236084,
    -0.693996787071228,
    1.8203721046447754
  ],
  "O1C(C)CCC1": [
    2.083040237426758,
    0.6687683463096619,
    0.3115423917770386,
    -0.2446267455816269,
    -0.621799647808075,
    -0.5850639343261719,
    1.5284672975540161,
    -0.437262624502182,
    -0.33216747641563416,
    -0.9703112840652466,
    0.33218562602996826,
    -1.8827115297317505,
    -0.5045795440673828,
    0.7422897815704346,
    -1.1336901187896729,
    1.0641686916351318
  ],
  "C1CCCCC1": [
    1.9639360904693604,
    0.5581901669502258,
    0.18347257375717163,
    -0.33791685104370117,
    -1.0417507886886597,
    -0.9597510099411011,
    1.4011789560317993,
    -0.08682660758495331,
    -0.22613699734210968,
    -0.8402704000473022,
    0.8080742955207825,
    -1.9203062057495117,
    -0.3237696886062622,
    0.8307949304580688,
    -0.9801535606384277,
    0.986747682094574
  ],
  "CC(O)C": [
    2.1944525241851807,
    0.3341549336910248,
    0.3033439815044403,
    -0.07371525466442108,
    -0.028926702216267586,
    -1.0356115102767944,
    1.063026785850525,
    -0.456040620803833,
    -0.10187800228595734,
    -1.4597584009170532,
    0.432741641998291,
    -1.4656697511672974,
    -0.3379165232181549,
    0.7029305696487427,
    -1.3523859977722168,
    1.3023630380630493
  ],
  "O.CC#N": [
    1.962209939956665,
    -0.7317659854888916,
    -0.03669207915663719,
    0.20950937271118164,
    0.2931586503982544,
    -1.7491651773452759,
    0.31140652298927307,
    -0.03254390507936478,
    -0.05897807702422142,
    -1.414057970046997,
    0.47780460119247437,
    -1.0379472970962524,
    0.20884405076503754,
    0.8083528876304626,
    -0.9992223381996155,
    1.8020824193954468
  ],
  "CC#N": [
    2.1791751384735107,
    0.15508291125297546,
    0.28317975997924805,
    0.027051029726862907,
    -0.07133053988218307,
    -1.092537522315979,
    1.0841422080993652,
    -0.34302788972854614,
    0.02747679501771927,
    -1.4226658344268799,
    0.4297315776348114,
    -1.5405519008636475,
    -0.20454037189483643,
    0.560827374458313,
    -1.3975626230239868,
    1.3446604013442993
  ],
  "CC#N.CC(=O)O": [
    2.1977226734161377,
    0.04597805067896843,
    0.23327124118804932,
    -0.0328674279153347,
    -0.07894028723239899,
    -1.1527537107467651,
    0.9594572186470032,
    -0.4088573157787323,
    0.1548028141260147,
    -1.4993948936462402,
    0.5240320563316345,
    -1.3742446899414062,
    -0.17792117595672607,
    0.6324373483657837,
    -1.3887121677398682,
    1.3854947090148926
  ],
  "CCOCC": [
    1.8449078798294067,
    0.7612031102180481,
    0.04280849173665047,
    -0.139424666762352,
    -0.9054603576660156,
    -0.507841169834137,
    1.703944206237793,
    -0.5027909278869629,
    -0.4862302243709564,
    -0.8922188878059387,
    0.528003454208374,
    -1.9105390310287476,
    -0.6271585822105408,
    0.9793368577957153,
    -0.8251053690910339,
    0.9559625387191772
  ],
  "OCC(F)(F)F": [
    1.8167222738265991,
    -0.2978101968765259,
    0.09165193140506744,
    -0.17108814418315887,
    -0.05476921424269676,
    -1.780246376991272,
    0.6797111630439758,
    -0.2666075825691223,
    0.02917911484837532,
    -1.7247258424758911,
    0.6901605725288391,
    -0.9310582280158997,
    0.40301260352134705,
    0.844298243522644,
    -0.9509521722793579,
    1.6428468227386475
  ],
  "O.OCC(F)(F)F": [
    1.6452771425247192,
    -0.8120208978652954,
    -0.106993168592453,
    0.10110651701688766,
    0.33447587490081787,
    -2.0085947513580322,
    0.36747434735298157,
    -0.014786756597459316,
    -0.18483757972717285,
    -1.4524805545806885,
    0.518993616104126,
    -0.7263173460960388,
    0.43140846490859985,
    0.9356520771980286,
    -0.872068464756012,
    1.8597923517227173
  ],
  "CN(C)C(C)=O": [
    2.157719612121582,
    0.5123423337936401,
    0.48981672525405884,
    -0.17489546537399292,
    -0.13643622398376465,
    -0.7742354273796082,
    1.1875494718551636,
    -0.5156772136688232,
    -0.30619093775749207,
    -1.2778867483139038,
    0.37392765283584595,
    -1.775793194770813,
    -0.39424511790275574,
    0.7653450965881348,
    -1.24703848361969,
    1.135272741317749
  ],
  "CCCCCCCCCCO": [
    2.1212031841278076,
    0.6292126178741455,
    0.2033012956380844,
    -0.4915902018547058,
    -0.5142428278923035,
    -0.37878766655921936,
    1.4071282148361206,
    -0.5258369445800781,
    -0.5852645635604858,
    -0.9339736700057983,
    0.47418126463890076,
    -1.8034874200820923,
    -0.593159556388855,
    1.0010864734649658,
    -1.0526435375213623,
    1.060415506362915
  ],
  "OCC": [
    2.1766278743743896,
    0.08180958032608032,
    0.25597551465034485,
    -0.03247615322470665,
    0.09328576922416687,
    -1.2131402492523193,
    0.9866700768470764,
    -0.44507312774658203,
    -0.05605098232626915,
    -1.4629162549972534,
    0.41721609234809875,
    -1.2906930446624756,
    -0.19024984538555145,
    0.7071906328201294,
    -1.4251145124435425,
    1.4179751873016357
  ],
  "C1CCOC1": [
    1.9607330560684204,
    0.627709150314331,
    0.2489653378725052,
    -0.15727682411670685,
    -0.7117316722869873,
    -0.39639079570770264,
    1.5999741554260254,
    -0.46419915556907654,
    -0.34566619992256165,
    -0.8948854804039001,
    0.4613093435764313,
    -2.0041415691375732,
    -0.6515399217605591,
    0.825111448764801,
    -1.0701597929000854,
    0.9894118309020996
  ],
  "[C@H]12CCC([C@H](OC1)O2)=O": [
    2.265988826751709,
    -0.076811283826828,
    0.39188218116760254,
    0.04212029650807381,
    0.32901155948638916,
    -1.1840322017669678,
    0.8036245107650757,
    -0.44918015599250793,
    -0.11500956863164902,
    -1.329529881477356,
    0.3328699767589569,
    -1.4595093727111816,
    -0.18153898417949677,
    0.6356117725372314,
    -1.3934581279754639,
    1.4056205749511719
  ],
  "O=C(OCC)C": [
    1.9035189151763916,
    0.7625765204429626,
    0.1416633427143097,
    -0.10582682490348816,
    -0.7920624017715454,
    -0.4580402076244354,
    1.6800951957702637,
    -0.4717770218849182,
    -0.39507895708084106,
    -0.9045712947845459,
    0.4598618149757385,
    -1.9126553535461426,
    -0.6700652837753296,
    0.8548667430877686,
    -1.0366860628128052,
    0.9631397128105164
  ],
  "CC(C)(C)OC": [
    1.8019577264785767,
    0.752937376499176,
    -0.01143708173185587,
    -0.30827048420906067,
    -1.0630903244018555,
    -0.6321325302124023,
    1.7900772094726562,
    -0.40834471583366394,
    -0.40075236558914185,
    -0.8685969710350037,
    0.5757035613059998,
    -1.7929388284683228,
    -0.5743275880813599,
    1.030457854270935,
    -0.794827401638031,
    0.9252403974533081
  ],