{
  "CO": [
    1.637541651725769,
    -0.5127136707305908,
    0.19232217967510223,
    -0.0776614099740982,
    0.6380367279052734,
    -0.9739206433296204,
    0.6596024632453918,
    -0.8832221031188965,
    -0.2696532607078552,
    -1.3149811029434204,
    1.3349881172180176,
    -1.2032114267349243,
    0.4037555158138275,
    0.5124551653862,
    -1.6583997011184692,
    1.5055761337280273
  ],
  "OCCO": [
    1.7507904767990112,
    -0.5692682266235352,
    0.329468309879303,
    0.07637611776590347,
    1.0880093574523926,
    -0.9437481164932251,
    0.46384379267692566,
    -0.8041808009147644,
    -0.5288048386573792,
    -1.2068088054656982,
    1.2057923078536987,
    -1.4605698585510254,
    0.32529154419898987,
    0.5262425541877747,
    -1.5208828449249268,
    1.2581502199172974
  ],
  "C(C(F)(F)F)(C(F)(F)F)O": [
    1.2354741096496582,
    -0.43368083238601685,
    0.20737804472446442,
    -0.5510531663894653,
    -0.0867171436548233,
    -1.0523446798324585,
    1.0368292331695557,
    -0.41224801540374756,
    -0.022245310246944427,
    -1.8040471076965332,
    1.3511172533035278,
    -1.2611104249954224,
    0.5834516286849976,
    0.5918048620223999,
    -1.1136655807495117,
    1.728258490562439
  ],
  "O1C(C)CCC1": [
    1.5703206062316895,
    0.41796594858169556,
    0.3389579653739929,
    -0.24693967401981354,
    -0.25208476185798645,
    -0.1538626253604889,
    1.5673842430114746,
    -0.7125228643417358,
    -0.9044939279556274,
    -0.6530916094779968,
    0.9213990569114685,
    -2.055358409881592,
    -0.4789671003818512,
    0.929067075252533,
    -1.3279088735580444,
    1.0354764461517334
  ],
  "C1CCCCC1": [
    1.4997566938400269,
    0.422944039106369,
    0.004987702239304781,
    -0.2876780331134796,
    -0.8028985261917114,
    -0.543016791343689,
    1.7405643463134766,
    -0.39955952763557434,
    -0.795534610748291,
    -0.5093632340431213,
    1.1662477254867554,
    -2.022825002670288,
    -0.4648582935333252,
    1.043013334274292,
    -0.9806045889854431,
    0.9279822111129761
  ],
  "CC(O)C": [
    1.599358320236206,
    0.10472531616687775,
    0.43164268136024475,
    -0.17528250813484192,
    0.23436959087848663,
    -0.46100321412086487,
    1.254271388053894,
    -0.8042692542076111,
    -0.5897656083106995,
    -1.1200636625289917,
    1.0423492193222046,
    -1.862795352935791,
    -0.04396343231201172,
    0.7210480570793152,
    -1.5972163677215576,
    1.2592642307281494
  ],
  "O.CC#N": [
    1.481885313987732,
    -0.8252366185188293,
    0.27267274260520935,
    -0.2650105357170105,
    0.622056782245636,
    -1.002908706665039,
    0.6196134686470032,
    -0.5176448225975037,
    -0.34488850831985474,
    -1.3503566980361938,
    1.2863402366638184,
    -1.3926604986190796,
    0.6913455128669739,
    0.47057974338531494,
    -1.4082204103469849,
    1.653223991394043
  ],
  "CC#N": [
    1.6969823837280273,
    -0.19232039153575897,
    0.38632258772850037,
    -0.10586224496364594,
    0.4757322371006012,
    -0.4575822651386261,
    0.8533167243003845,
    -0.7424920201301575,
    -0.37867704033851624,
    -1.2852129936218262,
    1.2537883520126343,
    -1.7757680416107178,
    0.16052751243114471,
    0.46996191143989563,
    -1.6743532419204712,
    1.3051677942276
  ],
  "CC#N.CC(=O)O": [
    1.7368706464767456,
    -0.29404377937316895,
    0.34819021821022034,
    -0.16192124783992767,
    0.5315521359443665,
    -0.5653490424156189,
    0.7213871479034424,
    -0.8198257684707642,
    -0.23342356085777283,
    -1.3241628408432007,
    1.2869285345077515,
    -1.549009084701538,
    0.15929701924324036,
    0.5456736087799072,
    -1.7365249395370483,
    1.3442482948303223
  ],
  "CCOCC": [
    1.5524836778640747,
    0.4743656516075134,
    0.14957351982593536,
    -0.2916226387023926,
    -0.3015916645526886,
    -0.317969411611557,
    1.685442566871643,
    -0.6329036951065063,
    -0.8694804906845093,
    -0.682058572769165,
    1.0539754629135132,
    -2.006897449493408,
    -0.5067501664161682,
    0.8831234574317932,
    -1.219313621520996,
    1.0265464782714844
  ],
  "OCC(F)(F)F": [
    1.7570234537124634,
    -0.36836567521095276,
    0.14949148893356323,
    -0.43544280529022217,
    0.4126850962638855,
    -0.9743661284446716,
    0.6829129457473755,
    -0.6559526324272156,
    0.02732408605515957,
    -1.7029879093170166,
    1.2160060405731201,
    -1.129462480545044,
    0.42515820264816284,
    0.5092062950134277,
    -1.4539812803268433,
    1.534803032875061
  ],
  "O.OCC(F)(F)F": [
    1.3364461660385132,
    -0.9352661371231079,
    0.09233631193637848,
    -0.18102627992630005,
    0.7131267786026001,
    -1.4145135879516602,
    0.5743870735168457,
    -0.358116090297699,
    -0.481601744890213,
    -1.366395354270935,
    1.3336899280548096,
    -1.1070270538330078,
    0.7018478512763977,
    0.6732481718063354,
    -1.2420121431350708,
    1.6552144289016724
  ],
  "CN(C)C(C)=O": [
    1.7104694843292236,
    0.20061789453029633,
    0.6102274060249329,
    -0.2997184097766876,
    0.4033864438533783,
    -0.3625929653644562,
    1.0383070707321167,
    -0.8103243112564087,
    -0.6845956444740295,
    -1.0478310585021973,
    1.0523748397827148,
    -1.9686857461929321,
    -0.11916977912187576,
    0.6684020757675171,
    -1.5308382511138916,
    1.1310889720916748
  ],
  "CCCCCCCCCCO": [
    1.6587107181549072,
    0.45604759454727173,
    0.22007150948047638,
    -0.6217077970504761,
    -0.14526131749153137,
    -0.11604200303554535,
    1.414734125137329,
    -0.6929474472999573,
    -0.9842438697814941,
    -0.6441247463226318,
    1.149349331855774,
    -1.9084805250167847,
    -0.5449848771095276,
    1.0888912677764893,
    -1.240545392036438,
    0.9070789813995361
  ],
  "OCC": [
    1.7000504732131958,
    -0.19152846932411194,
    0.38524383306503296,
    -0.1803150326013565,
    0.6186155080795288,
    -0.6315001845359802,
    0.8434484004974365,
    -0.8246628642082214,
    -0.4739018976688385,
    -1.3013572692871094,
    1.248100757598877,
    -1.536914348602295,
    0.14214932918548584,
    0.5923080444335938,
    -1.6977076530456543,
    1.2991962432861328
  ],
  "C1CCOC1": [
    1.6098538637161255,
    0.3210420608520508,
    0.41035279631614685,
    -0.24430356919765472,
    -0.1233101561665535,
    -0.20747382938861847,
    1.430734395980835,
    -0.6434103846549988,
    -0.7841342687606812,
    -0.6557838916778564,
    1.1270949840545654,
    -2.1716339588165283,
    -0.42560386657714844,
    0.718381404876709,
    -1.3829514980316162,
    1.0141955614089966
  ],
  "[C@H]12CCC([C@H](OC1)O2)=O": [
    1.8471075296401978,
    -0.18031208217144012,
    0.6005058884620667,
    -0.11747143417596817,
    0.7481468915939331,
    -0.5358008742332458,
    0.5835708975791931,
    -0.8968629240989685,
    -0.537055253982544,
    -1.1814066171646118,
    1.1431357860565186,
    -1.7901302576065063,
    0.13109596073627472,
    0.5365838408470154,
    -1.5395749807357788,
    1.1768373250961304
  ],
  "O=C(OCC)C": [
    1.5800763368606567,
    0.4508940875530243,
    0.26739364862442017,
    -0.26741594076156616,
    -0.30554264783859253,
    -0.24711735546588898,
    1.5919088125228882,
    -0.6301060914993286,
    -0.803229570388794,
    -0.6829556822776794,
    1.0591405630111694,
    -2.073291301727295,
    -0.4561709463596344,
    0.8130324482917786,
    -1.320698857307434,
    1.0193822383880615
  ],
  "CC(C)(C)OC": [
    1.4478678703308105,
    0.49909526109695435,
    0.018325533717870712,
    -0.35887861251831055,
    -0.6884388327598572,
    -0.3677844703197479,
    1.899019718170166,
    -0.5672462582588196,
    -0.8945313692092896,
    -0.5423341393470764,
    1.0072609186172485,
    -1.9159908294677734,
    -0.5484866499900818,
    1.0793272256851196,
    -0.9970824718475342,
    0.9304723143577576
  ],