{
  "CO": [
    1.7005631923675537,
    -0.37384033203125,
    0.2344449907541275,
    -0.19563014805316925,
    -0.0164681114256382,
    -1.413369059562683,
    0.9646648168563843,
    -0.15358981490135193,
    0.4550420343875885,
    -1.6212372779846191,
    0.21630491316318512,
    -1.2609282732009888,
    0.22445595264434814,
    0.7314980030059814,
    -1.273892879486084,
    1.7932716608047485
  ],
  "OCCO": [
    2.017500638961792,
    -0.46759751439094543,
    0.11183091998100281,
    0.3215545117855072,
    0.7125178575515747,
    -1.472825050354004,
    0.8106714487075806,
    -0.41648051142692566,
    -0.22813351452350616,
    -1.4453836679458618,
    0.49396151304244995,
    -1.2422577142715454,
    0.07325960695743561,
    0.5533865094184875,
    -1.2879447937011719,
    1.4780455827713013
  ],
  "C(C(F)(F)F)(C(F)(F)F)O": [
    1.5037519931793213,
    -0.24940191209316254,
    0.011101706884801388,
    -0.29237648844718933,
    -0.597507894039154,
    -1.4898617267608643,
    0.9904525876045227,
    -0.12945643067359924,
    0.3581308424472809,
    -2.028437852859497,
    0.6519838571548462,
    -1.0898586511611938,
    0.48638084530830383,
    0.8654189109802246,
    -0.6258441209793091,
    1.651226282119751
  ],
  "O1C(C)CCC1": [
    1.9959847927093506,
    0.6546916961669922,
    0.2090841829776764,
    -0.1514752060174942,
    -0.4352315366268158,
    -0.548572838306427,
    1.6290397644042969,
    -0.49334198236465454,
    -0.3403227925300598,
    -1.0149248838424683,
    0.44177597761154175,
    -1.8966928720474243,
    -0.5741610527038574,
    0.7391390800476074,
    -1.2011696100234985,
    1.0000697374343872
  ],
  "C1CCCCC1": [
    1.8125287294387817,
    0.6625597476959229,
    -0.16036908328533173,
    -0.16066907346248627,
    -1.0095821619033813,
    -0.8915042281150818,
    1.7139803171157837,
    -0.28861215710639954,
    -0.33652281761169434,
    -0.7969631552696228,
    0.8053390979766846,
    -1.8991165161132812,
    -0.4806711673736572,
    0.9967941045761108,
    -0.7799402475357056,
    0.8281742334365845
  ],
  "CC(O)C": [
    2.08180832862854,
    0.3579220771789551,
    0.1931554228067398,
    -0.010862729512155056,
    0.059407662600278854,
    -0.9527892470359802,
    1.2568786144256592,
    -0.5013755559921265,
    -0.15580298006534576,
    -1.4791570901870728,
    0.5664672255516052,
    -1.553389310836792,
    -0.3103669583797455,
    0.6008935570716858,
    -1.3737179040908813,
    1.2353442907333374
  ],
  "O.CC#N": [
    1.7822679281234741,
    -0.7057577967643738,
    -0.05052747204899788,
    0.21761709451675415,
    0.4300732910633087,
    -1.6789010763168335,
    0.7236301302909851,
    -0.08383503556251526,
    -0.19077464938163757,
    -1.4783735275268555,
    0.6062964797019958,
    -1.0905643701553345,
    0.30544838309288025,
    0.5681576728820801,
    -1.1357930898666382,
    1.7902560234069824
  ],
  "CC#N": [
    2.085968255996704,
    0.09915276616811752,
    0.20787400007247925,
    0.10105357319116592,
    0.01792411133646965,
    -0.9134077429771423,
    1.190807819366455,
    -0.3461310565471649,
    -0.014916213229298592,
    -1.4704481363296509,
    0.6162863969802856,
    -1.6326844692230225,
    -0.2427750825881958,
    0.4360141456127167,
    -1.4402755498886108,
    1.3167532682418823
  ],
  "CC#N.CC(=O)O": [
    2.085244655609131,
    0.0010223179124295712,
    0.13356278836727142,
    0.049652159214019775,
    0.004620030988007784,
    -1.023640513420105,
    1.1454263925552368,
    -0.441551148891449,
    0.1425364762544632,
    -1.5564701557159424,
    0.6523438096046448,
    -1.4569851160049438,
    -0.14846280217170715,
    0.5077456831932068,
    -1.4266375303268433,
    1.3441011905670166
  ],
  "CCOCC": [
    1.7448382377624512,
    0.7486961483955383,
    -0.07724218815565109,
    -0.13566671311855316,
    -0.7786737084388733,
    -0.5167884826660156,
    1.8547663688659668,
    -0.5237642526626587,
    -0.46339938044548035,
    -0.9696351289749146,
    0.5697587132453918,
    -1.8663777112960815,
    -0.6071876883506775,
    0.9770714640617371,
    -0.8738365173339844,
    0.9340388178825378
  ],
  "OCC(F)(F)F": [
    1.8615155220031738,
    -0.2625463008880615,
    -0.020353058353066444,
    -0.08752904087305069,
    0.013778185471892357,
    -1.571065068244934,
    0.9500128030776978,
    -0.31789836287498474,
    0.014528453350067139,
    -1.7704083919525146,
    0.7270732522010803,
    -1.0643194913864136,
    0.3188837766647339,
    0.6475841403007507,
    -1.029283046722412,
    1.6043691635131836
  ],
  "O.OCC(F)(F)F": [
    1.6334855556488037,
    -0.8428781628608704,
    -0.2057827264070511,
    0.08146104216575623,
    0.399697870016098,
    -1.913577914237976,
    0.45971816778182983,
    0.06376823782920837,
    -0.01507519744336605,
    -1.5294536352157593,
    0.49634090065956116,
    -0.781307578086853,
    0.3955816924571991,
    0.798570454120636,
    -0.9266132116317749,
    1.8962234258651733
  ],
  "CN(C)C(C)=O": [
    2.0635852813720703,
    0.5077713131904602,
    0.3939380943775177,
    -0.12363160401582718,
    -0.027692517265677452,
    -0.7362452149391174,
    1.288497805595398,
    -0.5445804595947266,
    -0.282060831785202,
    -1.326223373413086,
    0.5102808475494385,
    -1.824487566947937,
    -0.3990142345428467,
    0.686314046382904,
    -1.2755789756774902,
    1.1022164821624756
  ],
  "CCCCCCCCCCO": [
    1.9278920888900757,
    0.6897187829017639,
    0.14115317165851593,
    -0.3541851043701172,
    -0.4094903767108917,
    -0.4630299508571625,
    1.5525480508804321,
    -0.605120837688446,
    -0.5970826148986816,
    -0.9487722516059875,
    0.6747695803642273,
    -1.876360297203064,
    -0.6476779580116272,
    1.0131452083587646,
    -1.0272198915481567,
    0.9437133073806763
  ],
  "OCC": [
    2.0198051929473877,
    0.056846752762794495,
    0.1987621933221817,
    0.015873420983552933,
    0.09935842454433441,
    -1.052162766456604,
    1.293578863143921,
    -0.4365693926811218,
    0.022261740639805794,
    -1.5477360486984253,
    0.46870577335357666,
    -1.4643092155456543,
    -0.17167557775974274,
    0.585114598274231,
    -1.4162368774414062,
    1.3436437845230103
  ],
  "C1CCOC1": [
    1.9701391458511353,
    0.598560631275177,
    0.19938991963863373,
    -0.16874568164348602,
    -0.49944648146629333,
    -0.4792789816856384,
    1.649698257446289,
    -0.4622666835784912,
    -0.272686630487442,
    -0.9495317935943604,
    0.5082045197486877,
    -1.995724081993103,
    -0.6153231263160706,
    0.7127558588981628,
    -1.161182165145874,
    0.9781835079193115
  ],
  "[C@H]12CCC([C@H](OC1)O2)=O": [
    2.2619216442108154,
    0.03376057371497154,
    0.35544145107269287,
    0.07366915047168732,
    0.31974321603775024,
    -0.9650874733924866,
    0.9739702939987183,
    -0.590704619884491,
    -0.1476040780544281,
    -1.4185482263565063,
    0.4445120096206665,
    -1.5575910806655884,
    -0.21735262870788574,
    0.5471354722976685,
    -1.3654944896697998,
    1.263786792755127
  ],
  "O=C(OCC)C": [
    1.7634146213531494,
    0.7226005792617798,
    -0.014167415909469128,
    -0.1047874316573143,
    -0.7711679935455322,
    -0.3609621226787567,
    1.8315080404281616,
    -0.5066908597946167,
    -0.32709744572639465,
    -0.9443195462226868,
    0.5038629174232483,
    -1.9482183456420898,
    -0.7009449005126953,
    0.9488778710365295,
    -0.9660486578941345,
    0.8897413015365601
  ],
  "CC(C)(C)OC": [
    1.6717439889907837,
    0.740166962146759,
    -0.17733246088027954,
    -0.26908278465270996,
    -0.9710918664932251,
    -0.5437417030334473,
    1.9260313510894775,
    -0.4862407445907593,
    -0.372744083404541,
    -0.9292960166931152,
    0.5811949968338013,
    -1.778444766998291,
    -0.6399572491645813,
    1.1560992002487183,
    -0.737403929233551,
    0.8493282794952393
  ],