{
  "CO": [
    1.9638035297393799,
    -0.3271483778953552,
    0.021534167230129242,
    0.1577814370393753,
    0.2718725800514221,
    -1.714495062828064,
    0.5281819105148315,
    -0.25491929054260254,
    0.14025188982486725,
    -1.5181634426116943,
    0.3949407637119293,
    -0.8742988705635071,
    0.06206091120839119,
    0.8401461839675903,
    -1.3481124639511108,
    1.68014395236969
  ],
  "OCCO": [
    1.9930229187011719,
    -0.4384836256504059,
    0.13613954186439514,
    0.40491828322410583,
    0.6823620796203613,
    -1.628040075302124,
    0.6807912588119507,
    -0.26564839482307434,
    -0.2102407068014145,
    -1.4149935245513916,
    0.25446414947509766,
    -1.1083955764770508,
    -0.03363041952252388,
    0.6976323127746582,
    -1.2954224348068237,
    1.5707539319992065
  ],
  "C(C(F)(F)F)(C(F)(F)F)O": [
    1.3897066116333008,
    -0.2505992650985718,
    0.037636648863554,
    -0.23324638605117798,
    -0.6081621646881104,
    -1.734122395515442,
    0.659010112285614,
    -0.004679515026509762,
    0.44521716237068176,
    -2.0007717609405518,
    0.540382444858551,
    -0.989054799079895,
    0.4572829306125641,
    0.9908753633499146,
    -0.4518372118473053,
    1.7763558626174927
  ],
  "O1C(C)CCC1": [
    2.104243755340576,
    0.7237604260444641,
    0.3095041811466217,
    -0.22424766421318054,
    -0.6262603402137756,
    -0.6086774468421936,
    1.5616710186004639,
    -0.4555608332157135,
    -0.3419533371925354,
    -0.9595576524734497,
    0.2976422905921936,
    -1.8483072519302368,
    -0.5564196705818176,
    0.7323188185691833,
    -1.1008185148239136,
    1.0165497064590454
  ],
  "C1CCCCC1": [
    2.030289888381958,
    0.651835024356842,
    0.088397316634655,
    -0.3006563186645508,
    -1.0880223512649536,
    -0.8726940155029297,
    1.4775282144546509,
    -0.15074196457862854,
    -0.22397476434707642,
    -0.8045762777328491,
    0.7279525995254517,
    -1.8795238733291626,
    -0.46160396933555603,
    0.8046814203262329,
    -0.9166607856750488,
    0.9382864236831665
  ],
  "CC(O)C": [
    2.1683127880096436,
    0.4461880624294281,
    0.2611589729785919,
    -0.04942872002720833,
    -0.0711435079574585,
    -1.1141420602798462,
    1.1907614469528198,
    -0.4683873951435089,
    -0.14653833210468292,
    -1.442324161529541,
    0.40416091680526733,
    -1.4976825714111328,
    -0.3500770032405853,
    0.7009149789810181,
    -1.2431776523590088,
    1.2396652698516846
  ],
  "O.CC#N": [
    1.8740946054458618,
    -0.5631259679794312,
    0.01975422538816929,
    0.24402141571044922,
    0.257082462310791,
    -1.86211359500885,
    0.5834069848060608,
    -0.0897529125213623,
    -0.19370368123054504,
    -1.4744699001312256,
    0.5041735768318176,
    -1.0426714420318604,
    0.2273116558790207,
    0.7606357932090759,
    -0.9659026861190796,
    1.7429035902023315
  ],
  "CC#N": [
    2.235607624053955,
    0.2465498149394989,
    0.24614068865776062,
    0.028793396428227425,
    -0.1269146353006363,
    -1.0892930030822754,
    1.129246473312378,
    -0.43048277497291565,
    0.06577466428279877,
    -1.4412143230438232,
    0.4413401186466217,
    -1.480287790298462,
    -0.28714701533317566,
    0.5653637051582336,
    -1.3421450853347778,
    1.2648649215698242
  ],
  "CC#N.CC(=O)O": [
    2.1910929679870605,
    0.11665868014097214,
    0.20431587100028992,
    0.028456004336476326,
    -0.06526679545640945,
    -1.2189291715621948,
    0.9713338017463684,
    -0.44954705238342285,
    0.1616731733083725,
    -1.4932790994644165,
    0.5209923982620239,
    -1.3071305751800537,
    -0.2770310938358307,
    0.6816611289978027,
    -1.38973069190979,
    1.3509373664855957
  ],
  "CCOCC": [
    1.8877846002578735,
    0.8278830051422119,
    0.049483321607112885,
    -0.1281086951494217,
    -0.8616076111793518,
    -0.5007699728012085,
    1.7358437776565552,
    -0.52289217710495,
    -0.4915006160736084,
    -0.8941817879676819,
    0.47042718529701233,
    -1.8380520343780518,
    -0.6794052720069885,
    0.919409990310669,
    -0.8855270147323608,
    0.9356833100318909
  ],
  "OCC(F)(F)F": [
    1.880924940109253,
    -0.2519705295562744,
    0.11340521275997162,
    -0.15796847641468048,
    -0.1611810028553009,
    -1.707757830619812,
    0.7175957560539246,
    -0.3244488835334778,
    0.21774008870124817,
    -1.7532891035079956,
    0.5457542538642883,
    -0.9237258434295654,
    0.2908184826374054,
    0.8438948392868042,
    -0.958923876285553,
    1.6552011966705322
  ],
  "O.OCC(F)(F)F": [
    1.5635616779327393,
    -0.7565723061561584,
    -0.07063518464565277,
    0.17343299090862274,
    0.3051239252090454,
    -2.0434813499450684,
    0.4267505407333374,
    0.13763253390789032,
    -0.17518790066242218,
    -1.5374194383621216,
    0.4347120225429535,
    -0.7514705657958984,
    0.38786646723747253,
    0.9060518145561218,
    -0.8516874313354492,
    1.8730827569961548
  ],
  "CN(C)C(C)=O": [
    2.1759486198425293,
    0.5617601275444031,
    0.4979560077190399,
    -0.15004757046699524,
    -0.15015430748462677,
    -0.8467673063278198,
    1.22575044631958,
    -0.5193695425987244,
    -0.28502675890922546,
    -1.24173104763031,
    0.3004951477050781,
    -1.742809772491455,
    -0.43034330010414124,
    0.7135279178619385,
    -1.2279338836669922,
    1.1437549591064453
  ],
  "CCCCCCCCCCO": [
    2.0098018646240234,
    0.7051445245742798,
    0.26968830823898315,
    -0.29661187529563904,
    -0.5385327339172363,
    -0.5675777196884155,
    1.47084641456604,
    -0.5291630625724792,
    -0.6243875622749329,
    -0.9878950715065002,
    0.5815261602401733,
    -1.8488309383392334,
    -0.6147497296333313,
    0.9878196120262146,
    -0.9723657369613647,
    0.9790384769439697
  ],
  "OCC": [
    2.1317977905273438,
    0.1203368529677391,
    0.22415314614772797,
    0.04357140511274338,
    0.0411030538380146,
    -1.238826036453247,
    1.1364798545837402,
    -0.3751247823238373,
    0.007166823372244835,
    -1.4845706224441528,
    0.3715934157371521,
    -1.3576183319091797,
    -0.26225316524505615,
    0.6849018931388855,
    -1.3732988834381104,
    1.3591160774230957
  ],
  "C1CCOC1": [
    2.0947256088256836,
    0.626835823059082,
    0.2888306677341461,
    -0.16843807697296143,
    -0.5536197423934937,
    -0.5438116788864136,
    1.5288256406784058,
    -0.41083773970603943,
    -0.19606685638427734,
    -0.970687210559845,
    0.42811182141304016,
    -1.908219575881958,
    -0.6603823900222778,
    0.7287048697471619,
    -1.2105787992477417,
    0.9504198431968689
  ],
  "[C@H]12CCC([C@H](OC1)O2)=O": [
    2.2641968727111816,
    0.003266763174906373,
    0.38671156764030457,
    0.07764079421758652,
    0.30325838923454285,
    -1.2071021795272827,
    0.8766545057296753,
    -0.47345247864723206,
    -0.11767333000898361,
    -1.3708722591400146,
    0.2921397387981415,
    -1.400169014930725,
    -0.26810234785079956,
    0.6769038438796997,
    -1.3767048120498657,
    1.35873281955719
  ],
  "O=C(OCC)C": [
    2.080702304840088,
    0.7749021649360657,
    0.21692660450935364,
    -0.14004690945148468,
    -0.6617563962936401,
    -0.6238476037979126,
    1.593753695487976,
    -0.4123116433620453,
    -0.240140900015831,
    -0.9731879830360413,
    0.43377235531806946,
    -1.8378140926361084,
    -0.6395133137702942,
    0.7116546034812927,
    -1.1516311168670654,
    0.8938876986503601
  ],
  "CC(C)(C)OC": [
    1.9231665134429932,
    0.7974311709403992,
    0.022259989753365517,
    -0.2630248963832855,
    -0.9676558375358582,
    -0.5615891814231873,
    1.7880185842514038,
    -0.3730695843696594,
    -0.3292703628540039,
    -0.8786708116531372,
    0.5460394024848938,
    -1.8026719093322754,
    -0.6906522512435913,
    0.8606526851654053,
    -0.8948320150375366,
    0.8501194715499878
  ],