{
  "CO": [
    2.0008249282836914,
    -0.28920984268188477,
    0.05240927264094353,
    0.1091388538479805,
    0.20440924167633057,
    -1.627077341079712,
    0.6863272190093994,
    -0.4004002809524536,
    0.06008819118142128,
    -1.5019022226333618,
    0.5362526774406433,
    -0.9489849209785461,
    0.09353219717741013,
    0.7396912574768066,
    -1.3462519645690918,
    1.649698257446289
  ],
  "OCCO": [
    2.007499933242798,
    -0.4926605522632599,
    0.13622942566871643,
    0.3430423438549042,
    0.7068657875061035,
    -1.5743204355239868,
    0.6496092677116394,
    -0.25888606905937195,
    -0.2247902750968933,
    -1.3974953889846802,
    0.28599435091018677,
    -1.138291358947754,
    0.03910481929779053,
    0.6658331155776978,
    -1.3196802139282227,
    1.5905208587646484
  ],
  "C(C(F)(F)F)(C(F)(F)F)O": [
    1.3750364780426025,
    -0.2859897017478943,
    0.11003544926643372,
    -0.32843905687332153,
    -0.41863560676574707,
    -1.7230684757232666,
    0.6748926043510437,
    0.08443338423967361,
    0.4294726848602295,
    -1.9093729257583618,
    0.31199362874031067,
    -0.9865371584892273,
    0.4622704088687897,
    0.7222301959991455,
    -0.5578563213348389,
    2.0555367469787598
  ],
  "O1C(C)CCC1": [
    1.9651851654052734,
    0.7264232039451599,
    0.24876558780670166,
    -0.1427883505821228,
    -0.6828713417053223,
    -0.48391270637512207,
    1.5930652618408203,
    -0.49164968729019165,
    -0.462445467710495,
    -0.9165274500846863,
    0.38949042558670044,
    -1.9285273551940918,
    -0.5984106063842773,
    0.8334629535675049,
    -1.0664244890213013,
    1.0348376035690308
  ],
  "C1CCCCC1": [
    1.9688681364059448,
    0.593299388885498,
    0.13237832486629486,
    -0.3267843723297119,
    -1.0459004640579224,
    -0.9335688352584839,
    1.4513936042785645,
    -0.14507900178432465,
    -0.23526416718959808,
    -0.8590708374977112,
    0.7688880562782288,
    -1.9109768867492676,
    -0.35448408126831055,
    0.8496133089065552,
    -0.915261447429657,
    0.9784629344940186
  ],
  "CC(O)C": [
    2.164638042449951,
    0.37493032217025757,
    0.2875325381755829,
    -0.08552556484937668,
    -0.05637064948678017,
    -1.06509268283844,
    1.1190922260284424,
    -0.43966877460479736,
    -0.16576431691646576,
    -1.4662648439407349,
    0.4664072096347809,
    -1.5408165454864502,
    -0.2767474353313446,
    0.706938624382019,
    -1.2673559188842773,
    1.2654833793640137
  ],
  "O.CC#N": [
    1.811953067779541,
    -0.6782210469245911,
    0.01572801172733307,
    0.17795364558696747,
    0.30236899852752686,
    -1.8189727067947388,
    0.5480825901031494,
    -0.020465033128857613,
    -0.2101036161184311,
    -1.4327919483184814,
    0.510029137134552,
    -1.075453519821167,
    0.3427537977695465,
    0.748329758644104,
    -1.0075427293777466,
    1.801106333732605
  ],
  "CC#N": [
    2.2245516777038574,
    0.15040962398052216,
    0.2689122259616852,
    0.007327558472752571,
    -0.05311686545610428,
    -1.0453554391860962,
    1.0355932712554932,
    -0.36007457971572876,
    0.0021905340254306793,
    -1.4267717599868774,
    0.4936557710170746,
    -1.5038148164749146,
    -0.2640521228313446,
    0.554405689239502,
    -1.4078164100646973,
    1.3425908088684082
  ],
  "CC#N.CC(=O)O": [
    2.2305853366851807,
    0.03745497763156891,
    0.23975366353988647,
    -0.05351715534925461,
    -0.03062467649579048,
    -1.1628153324127197,
    0.9203745722770691,
    -0.45446091890335083,
    0.1713530719280243,
    -1.468079924583435,
    0.5103928446769714,
    -1.3503960371017456,
    -0.19272363185882568,
    0.6569616794586182,
    -1.4038580656051636,
    1.369132161140442
  ],
  "CCOCC": [
    1.8634790182113647,
    0.7408505082130432,
    0.07154553383588791,
    -0.21561487019062042,
    -0.9055595993995667,
    -0.5118445754051208,
    1.7318294048309326,
    -0.4714350998401642,
    -0.48023679852485657,
    -0.9084210395812988,
    0.45739930868148804,
    -1.8489025831222534,
    -0.5830239653587341,
    0.9518425464630127,
    -0.8929691314697266,
    1.0205936431884766
  ],
  "OCC(F)(F)F": [
    1.8970011472702026,
    -0.24753887951374054,
    0.026692165061831474,
    -0.10561751574277878,
    -0.07847990095615387,
    -1.709039568901062,
    0.7039195895195007,
    -0.22114548087120056,
    0.06836924701929092,
    -1.751073956489563,
    0.5870006084442139,
    -0.9815781116485596,
    0.35384806990623474,
    0.7531120777130127,
    -0.9524022936820984,
    1.676626205444336
  ],
  "O.OCC(F)(F)F": [
    1.6366310119628906,
    -0.8516849875450134,
    -0.036478690803050995,
    -0.007946230471134186,
    0.31695884466171265,
    -1.9448764324188232,
    0.4703925549983978,
    0.08453214168548584,
    -0.14151699841022491,
    -1.5504261255264282,
    0.4661718010902405,
    -0.7885309457778931,
    0.5535372495651245,
    0.8144491910934448,
    -0.8522048592567444,
    1.847918152809143
  ],
  "CN(C)C(C)=O": [
    2.1843230724334717,
    0.44886767864227295,
    0.5188660025596619,
    -0.1967976987361908,
    -0.09120088815689087,
    -0.8056049346923828,
    1.139878273010254,
    -0.4815309941768646,
    -0.22600457072257996,
    -1.309217095375061,
    0.3691176772117615,
    -1.7216987609863281,
    -0.39735427498817444,
    0.718055009841919,
    -1.3026421070098877,
    1.1724460124969482
  ],
  "CCCCCCCCCCO": [
    1.9716289043426514,
    0.6239721179008484,
    0.23168112337589264,
    -0.43792179226875305,
    -0.6165447235107422,
    -0.43557342886924744,
    1.4864106178283691,
    -0.5706436634063721,
    -0.5958842039108276,
    -0.9526755213737488,
    0.5726809501647949,
    -1.8947194814682007,
    -0.5380235314369202,
    1.0807512998580933,
    -0.9182526469230652,
    1.011289358139038
  ],
  "OCC": [
    2.1883981227874756,
    0.06089770048856735,
    0.23985224962234497,
    -0.04523416608572006,
    0.0901099294424057,
    -1.1638363599777222,
    1.0544960498809814,
    -0.419802188873291,
    -0.033920444548130035,
    -1.4706518650054932,
    0.39623746275901794,
    -1.2937835454940796,
    -0.2225322276353836,
    0.7054270505905151,
    -1.4431874752044678,
    1.3797136545181274
  ],
  "C1CCOC1": [
    2.080218553543091,
    0.6059104204177856,
    0.3208995461463928,
    -0.229629784822464,
    -0.5766983032226562,
    -0.5480554699897766,
    1.4864215850830078,
    -0.3908759653568268,
    -0.23549528419971466,
    -0.9650014638900757,
    0.4356025457382202,
    -1.959352731704712,
    -0.5792350172996521,
    0.7465049028396606,
    -1.173858642578125,
    1.00053870677948
  ],
  "[C@H]12CCC([C@H](OC1)O2)=O": [
    2.3085105419158936,
    0.05291910097002983,
    0.4605599045753479,
    -0.04114581272006035,
    0.19928252696990967,
    -1.0563255548477173,
    0.8986204862594604,
    -0.4905949532985687,
    -0.13991935551166534,
    -1.3905037641525269,
    0.29230618476867676,
    -1.5524801015853882,
    -0.20255354046821594,
    0.6732842922210693,
    -1.2912077903747559,
    1.2986034154891968
  ],
  "O=C(OCC)C": [
    1.8970739841461182,
    0.7604502439498901,
    0.12687206268310547,
    -0.10161100327968597,
    -0.7913306951522827,
    -0.4429515600204468,
    1.6935217380523682,
    -0.4788697361946106,
    -0.400183767080307,
    -0.9026393294334412,
    0.4641006588935852,
    -1.9072811603546143,
    -0.6823133826255798,
    0.8678905963897705,
    -1.0349446535110474,
    0.95137619972229
  ],
  "CC(C)(C)OC": [
    1.71466064453125,
    0.7886483073234558,
    -0.10683991014957428,
    -0.2505849301815033,
    -1.0830451250076294,
    -0.5292983055114746,
    1.8275700807571411,
    -0.46172118186950684,
    -0.4838462173938751,
    -0.8461074233055115,
    0.6190715432167053,
    -1.8078798055648804,
    -0.6353136897087097,
    1.1369794607162476,
    -0.7069595456123352,
    0.8467685580253601
  ],