{
  "CO": [
    1.8494325876235962,
    -0.27475300431251526,
    0.15714624524116516,
    -0.07241006195545197,
    0.006066073663532734,
    -1.6393046379089355,
    0.751242995262146,
    -0.169163778424263,
    0.3811488747596741,
    -1.5941592454910278,
    0.20280128717422485,
    -1.0768741369247437,
    0.10866031050682068,
    0.8221021890640259,
    -1.1977670192718506,
    1.7689616680145264
  ],
  "OCCO": [
    2.0351336002349854,
    -0.40569421648979187,
    0.1896456778049469,
    0.37018832564353943,
    0.612921953201294,
    -1.6059622764587402,
    0.7158175706863403,
    -0.34945252537727356,
    -0.20888075232505798,
    -1.4343239068984985,
    0.29569992423057556,
    -1.1648353338241577,
    -0.022431613877415657,
    0.6902729272842407,
    -1.2324497699737549,
    1.5387098789215088
  ],
  "C(C(F)(F)F)(C(F)(F)F)O": [
    1.5674211978912354,
    -0.3014026880264282,
    0.051724184304475784,
    -0.19277915358543396,
    -0.4186365604400635,
    -1.7116636037826538,
    0.7086178660392761,
    -0.2087591588497162,
    0.2635641396045685,
    -1.9645591974258423,
    0.7143046855926514,
    -0.9120790958404541,
    0.48140448331832886,
    0.747056782245636,
    -0.5992761850357056,
    1.7972204685211182
  ],
  "O1C(C)CCC1": [
    2.0832464694976807,
    0.7240346670150757,
    0.29977160692214966,
    -0.18017928302288055,
    -0.6187042593955994,
    -0.5884116888046265,
    1.5446335077285767,
    -0.45248517394065857,
    -0.30238285660743713,
    -0.9742864370346069,
    0.316491037607193,
    -1.854222297668457,
    -0.6087120175361633,
    0.7159603238105774,
    -1.1283084154129028,
    1.0457792282104492
  ],
  "C1CCCCC1": [
    1.7512791156768799,
    0.7340294122695923,
    -0.16046983003616333,
    -0.5025662779808044,
    -1.239963412284851,
    -0.8703935742378235,
    1.5322353839874268,
    -0.3166220486164093,
    -0.31823503971099854,
    -0.8195294737815857,
    0.6571115851402283,
    -1.7488341331481934,
    -0.553812563419342,
    1.3867931365966797,
    -0.4222666025161743,
    0.9153667688369751
  ],
  "CC(O)C": [
    2.05584454536438,
    0.40359753370285034,
    0.30891165137290955,
    -0.056303851306438446,
    -0.24058488011360168,
    -1.0731754302978516,
    1.344142198562622,
    -0.43111321330070496,
    -0.055868152529001236,
    -1.3980118036270142,
    0.2648300230503082,
    -1.5705536603927612,
    -0.3186644911766052,
    0.72071772813797,
    -1.2405376434326172,
    1.313326358795166
  ],
  "O.CC#N": [
    1.9614577293395996,
    -0.6423866748809814,
    -0.052942801266908646,
    0.25002336502075195,
    0.23946505784988403,
    -1.8097962141036987,
    0.35587143898010254,
    -0.04377388209104538,
    -0.013328511267900467,
    -1.4456615447998047,
    0.4162861108779907,
    -0.9838884472846985,
    0.1488344967365265,
    0.7982248663902283,
    -0.9747129082679749,
    1.8141473531723022
  ],
  "CC#N": [
    2.240989923477173,
    0.21068094670772552,
    0.28254610300064087,
    0.0002654412528499961,
    -0.10318519175052643,
    -1.1032207012176514,
    1.0703681707382202,
    -0.3969562351703644,
    0.09321484714746475,
    -1.4357001781463623,
    0.41961565613746643,
    -1.4529868364334106,
    -0.2963588535785675,
    0.5750198364257812,
    -1.380021095275879,
    1.3001267910003662
  ],
  "CC#N.CC(=O)O": [
    2.1591458320617676,
    0.08454756438732147,
    0.24145276844501495,
    0.006872864440083504,
    -0.12327905744314194,
    -1.2176705598831177,
    0.9778354167938232,
    -0.40418148040771484,
    0.21574202179908752,
    -1.4887157678604126,
    0.48438316583633423,
    -1.352453351020813,
    -0.24209412932395935,
    0.6567774415016174,
    -1.3770211935043335,
    1.4024826288223267
  ],
  "CCOCC": [
    1.870527744293213,
    0.789243221282959,
    0.04448489472270012,
    -0.20366841554641724,
    -0.9683254361152649,
    -0.4756113290786743,
    1.742539644241333,
    -0.4945317804813385,
    -0.394084095954895,
    -0.9269790053367615,
    0.43583324551582336,
    -1.8720042705535889,
    -0.6445804238319397,
    0.9574700593948364,
    -0.781791627407074,
    0.9450139999389648
  ],
  "OCC(F)(F)F": [
    1.9348058700561523,
    -0.28548088669776917,
    0.028211506083607674,
    -0.14776594936847687,
    -0.010378731414675713,
    -1.7138500213623047,
    0.5390599966049194,
    -0.23180152475833893,
    0.30690640211105347,
    -1.7962416410446167,
    0.5075470209121704,
    -0.8297555446624756,
    0.26200518012046814,
    0.7485055923461914,
    -0.9926073551177979,
    1.7044610977172852
  ],
  "O.OCC(F)(F)F": [
    1.6527163982391357,
    -0.7115620374679565,
    -0.0647379457950592,
    0.19464145600795746,
    0.24914920330047607,
    -2.023405075073242,
    0.45127326250076294,
    0.0010543097741901875,
    -0.19417265057563782,
    -1.5217589139938354,
    0.4794098734855652,
    -0.7757571935653687,
    0.3651580512523651,
    0.8706435561180115,
    -0.8213781118392944,
    1.869134783744812
  ],
  "CN(C)C(C)=O": [
    2.1294565200805664,
    0.554421067237854,
    0.4761461913585663,
    -0.10892324894666672,
    -0.16394951939582825,
    -0.8416341543197632,
    1.2325520515441895,
    -0.49620142579078674,
    -0.24686697125434875,
    -1.3168729543685913,
    0.34557607769966125,
    -1.7511667013168335,
    -0.44724130630493164,
    0.7304185032844543,
    -1.2168585062026978,
    1.1455188989639282
  ],
  "CCCCCCCCCCO": [
    1.990342378616333,
    0.72772216796875,
    0.2400568127632141,
    -0.28866028785705566,
    -0.6187207698822021,
    -0.5080295205116272,
    1.4568387269973755,
    -0.5506828427314758,
    -0.6293883323669434,
    -0.9515426158905029,
    0.6092031002044678,
    -1.8696951866149902,
    -0.6390553116798401,
    1.0166810750961304,
    -0.936507523059845,
    0.9729266166687012
  ],
  "OCC": [
    2.15085506439209,
    0.13186971843242645,
    0.25476840138435364,
    -0.03133516013622284,
    0.02237481065094471,
    -1.2583577632904053,
    1.076371669769287,
    -0.4128075838088989,
    0.009962170384824276,
    -1.5029329061508179,
    0.41175833344459534,
    -1.299989104270935,
    -0.24050988256931305,
    0.7008185386657715,
    -1.360237956047058,
    1.3743846416473389
  ],
  "C1CCOC1": [
    2.037792682647705,
    0.6464728713035583,
    0.3211599886417389,
    -0.170925572514534,
    -0.6486417055130005,
    -0.5148401856422424,
    1.5650051832199097,
    -0.4260847568511963,
    -0.255232036113739,
    -0.9312832355499268,
    0.44556328654289246,
    -1.9603526592254639,
    -0.6671444177627563,
    0.7198082208633423,
    -1.1134459972381592,
    0.9736517667770386
  ],
  "[C@H]12CCC([C@H](OC1)O2)=O": [
    2.3085222244262695,
    0.10460931807756424,
    0.44010284543037415,
    0.043257322162389755,
    0.17629189789295197,
    -1.1118196249008179,
    0.9213314652442932,
    -0.5467385649681091,
    -0.12532778084278107,
    -1.3811687231063843,
    0.2674334943294525,
    -1.4901171922683716,
    -0.27245455980300903,
    0.6606955528259277,
    -1.2830713987350464,
    1.3124125003814697
  ],
  "O=C(OCC)C": [
    1.9025118350982666,
    0.8231709003448486,
    0.10838308930397034,
    -0.09025084227323532,
    -0.8269885778427124,
    -0.44794726371765137,
    1.7275147438049316,
    -0.48243409395217896,
    -0.3660711646080017,
    -0.916069746017456,
    0.4108376204967499,
    -1.8636236190795898,
    -0.7355629205703735,
    0.8348425030708313,
    -0.996877908706665,
    0.9417821764945984
  ],
  "CC(C)(C)OC": [
    1.8940907716751099,
    0.7707995772361755,
    0.042507752776145935,
    -0.289795845746994,
    -1.0342546701431274,
    -0.620205819606781,
    1.782991886138916,
    -0.3525746762752533,
    -0.31054651737213135,
    -0.8925846815109253,
    0.5882962346076965,
    -1.8042004108428955,
    -0.626404345035553,
    0.8392690420150757,
    -0.8588931560516357,
    0.8959773778915405
  ],