{
  "CO": [
    1.9986562728881836,
    -0.27022385597229004,
    0.010922499001026154,
    0.08627010136842728,
    0.19704024493694305,
    -1.7246711254119873,
    0.5279011726379395,
    -0.33361002802848816,
    0.21755464375019073,
    -1.5596312284469604,
    0.4105690121650696,
    -0.8298214673995972,
    0.09587284177541733,
    0.8198316097259521,
    -1.2908912897109985,
    1.6665403842926025
  ],
  "OCCO": [
    2.0355782508850098,
    -0.4011227786540985,
    0.22177693247795105,
    0.2729087173938751,
    0.5917186737060547,
    -1.5941481590270996,
    0.7303362488746643,
    -0.31434813141822815,
    -0.15896211564540863,
    -1.4432364702224731,
    0.20447778701782227,
    -1.1705708503723145,
    0.04081658273935318,
    0.6938286423683167,
    -1.2519989013671875,
    1.5665979385375977
  ],
  "C(C(F)(F)F)(C(F)(F)F)O": [
    1.5280849933624268,
    -0.28821972012519836,
    0.10131905972957611,
    -0.295665979385376,
    -0.4468795955181122,
    -1.6328784227371216,
    0.7059953808784485,
    -0.11411678791046143,
    0.2964041233062744,
    -2.044306755065918,
    0.6977289915084839,
    -0.9054879546165466,
    0.47979602217674255,
    0.7218993306159973,
    -0.5999414920806885,
    1.817847728729248
  ],
  "O1C(C)CCC1": [
    2.093726634979248,
    0.6703267097473145,
    0.29799607396125793,
    -0.22142080962657928,
    -0.619103729724884,
    -0.543868899345398,
    1.542519211769104,
    -0.44437652826309204,
    -0.26618510484695435,
    -0.9899407625198364,
    0.3094463646411896,
    -1.8519428968429565,
    -0.6062695384025574,
    0.7372288703918457,
    -1.1422581672668457,
    1.0557951927185059
  ],
  "C1CCCCC1": [
    1.9650980234146118,
    0.5811176300048828,
    0.19045595824718475,
    -0.3300356864929199,
    -1.069057583808899,
    -0.9862358570098877,
    1.3915600776672363,
    -0.10424008220434189,
    -0.1688353270292282,
    -0.8840394020080566,
    0.7863588333129883,
    -1.9016542434692383,
    -0.32767897844314575,
    0.8281340599060059,
    -0.9448652267456055,
    0.992163360118866
  ],
  "CC(O)C": [
    2.13777494430542,
    0.3928191661834717,
    0.2900748550891876,
    -0.06410859525203705,
    -0.12274271249771118,
    -1.0638617277145386,
    1.1915628910064697,
    -0.46112677454948425,
    -0.09547821432352066,
    -1.4607375860214233,
    0.405654639005661,
    -1.4685230255126953,
    -0.34475237131118774,
    0.6984736323356628,
    -1.3069570064544678,
    1.2973723411560059
  ],
  "O.CC#N": [
    1.8123531341552734,
    -0.6393231153488159,
    0.0570240244269371,
    0.18625204265117645,
    0.22065533697605133,
    -1.8313686847686768,
    0.5530370473861694,
    -0.035876400768756866,
    -0.15545515716075897,
    -1.486958384513855,
    0.4644731879234314,
    -1.0681066513061523,
    0.32416340708732605,
    0.742946207523346,
    -0.9495975375175476,
    1.8237552642822266
  ],
  "CC#N": [
    2.2546637058258057,
    0.20380985736846924,
    0.30710139870643616,
    -0.03244221583008766,
    -0.12874272465705872,
    -1.0934728384017944,
    1.057798981666565,
    -0.41240984201431274,
    0.10087085515260696,
    -1.4072438478469849,
    0.38694196939468384,
    -1.4330888986587524,
    -0.27948227524757385,
    0.5695752501487732,
    -1.4002976417541504,
    1.3294192552566528
  ],
  "CC#N.CC(=O)O": [
    2.181838035583496,
    0.0924636572599411,
    0.21928109228610992,
    0.02104698121547699,
    -0.10273872315883636,
    -1.1867460012435913,
    0.9543230533599854,
    -0.42576929926872253,
    0.1998455673456192,
    -1.516648769378662,
    0.5206231474876404,
    -1.3313403129577637,
    -0.2521069347858429,
    0.6654658317565918,
    -1.3874123096466064,
    1.3712965250015259
  ],
  "CCOCC": [
    1.8322566747665405,
    0.7793174386024475,
    0.051391974091529846,
    -0.18693166971206665,
    -1.0083425045013428,
    -0.45638078451156616,
    1.7494338750839233,
    -0.4865615665912628,
    -0.44080936908721924,
    -0.884064257144928,
    0.45516693592071533,
    -1.8782484531402588,
    -0.6577962636947632,
    0.962448000907898,
    -0.7825465798377991,
    0.9735353589057922
  ],
  "OCC(F)(F)F": [
    1.9320272207260132,
    -0.2772447466850281,
    0.06574532389640808,
    -0.16747693717479706,
    -0.006085559725761414,
    -1.7037922143936157,
    0.6152059435844421,
    -0.2535259425640106,
    0.21628285944461823,
    -1.767634630203247,
    0.5264235734939575,
    -0.8412229418754578,
    0.256449818611145,
    0.7748990654945374,
    -1.033342957496643,
    1.686979055404663
  ],
  "O.OCC(F)(F)F": [
    1.600721001625061,
    -0.7663496732711792,
    -0.058345407247543335,
    0.12435472011566162,
    0.22295430302619934,
    -2.0299246311187744,
    0.4428544342517853,
    0.12363339960575104,
    -0.1983342468738556,
    -1.5465431213378906,
    0.4788967967033386,
    -0.8017749786376953,
    0.4732862412929535,
    0.8498278260231018,
    -0.7652032971382141,
    1.8692247867584229
  ],
  "CN(C)C(C)=O": [
    2.159510374069214,
    0.5408760905265808,
    0.4898589253425598,
    -0.15870104730129242,
    -0.17984652519226074,
    -0.7872977256774902,
    1.1974893808364868,
    -0.523909330368042,
    -0.25428837537765503,
    -1.3104304075241089,
    0.345853716135025,
    -1.7418380975723267,
    -0.4404638707637787,
    0.7742433547973633,
    -1.2215683460235596,
    1.1338671445846558
  ],
  "CCCCCCCCCCO": [
    2.058175802230835,
    0.6730589270591736,
    0.21776357293128967,
    -0.4442974627017975,
    -0.5499868392944336,
    -0.4671018421649933,
    1.415515422821045,
    -0.5191378593444824,
    -0.5187460780143738,
    -1.0066494941711426,
    0.5529907941818237,
    -1.8334650993347168,
    -0.6253191828727722,
    1.0088828802108765,
    -0.979296088218689,
    1.0386991500854492
  ],
  "OCC": [
    2.1115384101867676,
    0.11167673766613007,
    0.2642476558685303,
    0.04113338142633438,
    -0.007600423414260149,
    -1.204683542251587,
    1.14712655544281,
    -0.44024792313575745,
    0.05298003926873207,
    -1.4914199113845825,
    0.32897329330444336,
    -1.3558746576309204,
    -0.22200265526771545,
    0.6978973746299744,
    -1.3862155675888062,
    1.3786174058914185
  ],
  "C1CCOC1": [
    2.061896324157715,
    0.5965994000434875,
    0.3309890627861023,
    -0.2042761594057083,
    -0.6057162880897522,
    -0.503509521484375,
    1.5171074867248535,
    -0.3975180685520172,
    -0.20067915320396423,
    -0.9800153970718384,
    0.4465056359767914,
    -1.9233295917510986,
    -0.6506652235984802,
    0.7551549673080444,
    -1.2018883228302002,
    0.9806220531463623
  ],
  "[C@H]12CCC([C@H](OC1)O2)=O": [
    2.2515816688537598,
    0.0557807981967926,
    0.4351699948310852,
    0.06597772240638733,
    0.20779487490653992,
    -1.156944751739502,
    0.9162099361419678,
    -0.4742266833782196,
    -0.1243417039513588,
    -1.401564359664917,
    0.32249659299850464,
    -1.5127630233764648,
    -0.263971745967865,
    0.6785978674888611,
    -1.2970292568206787,
    1.3205512762069702
  ],
  "O=C(OCC)C": [
    1.8756465911865234,
    0.7873600721359253,
    0.1219511330127716,
    -0.10552568733692169,
    -0.8979655504226685,
    -0.42121466994285583,
    1.7273751497268677,
    -0.4845300316810608,
    -0.3162729740142822,
    -0.8932438492774963,
    0.4095728397369385,
    -1.8909603357315063,
    -0.739077627658844,
    0.8868676424026489,
    -0.9708934426307678,
    0.9331964254379272
  ],
  "CC(C)(C)OC": [
    1.7100001573562622,
    0.7892388105392456,
    -0.08473743498325348,
    -0.3164304792881012,
    -1.1665515899658203,
    -0.48548081517219543,
    1.8112258911132812,
    -0.453823447227478,
    -0.4222181439399719,
    -0.844853937625885,
    0.5545043349266052,
    -1.7990257740020752,
    -0.6936892867088318,
    1.1665732860565186,
    -0.615772008895874,
    0.8753002285957336
  ],