{
  "CO": [
    1.7958531379699707,
    -0.25503796339035034,
    0.2821853756904602,
    -0.18164008855819702,
    -0.149223193526268,
    -1.5274834632873535,
    0.7752448320388794,
    -0.08602897077798843,
    0.5059670805931091,
    -1.6367530822753906,
    0.06275336444377899,
    -1.1657944917678833,
    0.09720264375209808,
    0.8163509964942932,
    -1.1333777904510498,
    1.8218787908554077
  ],
  "OCCO": [
    2.0280699729919434,
    -0.4217917025089264,
    0.16997137665748596,
    0.36554211378097534,
    0.5954899787902832,
    -1.6538225412368774,
    0.7091454863548279,
    -0.34110745787620544,
    -0.21465983986854553,
    -1.425496220588684,
    0.32190296053886414,
    -1.1712781190872192,
    -0.016800718382000923,
    0.7356052994728088,
    -1.1807917356491089,
    1.5246182680130005
  ],
  "C(C(F)(F)F)(C(F)(F)F)O": [
    1.3149439096450806,
    -0.34064266085624695,
    0.13004431128501892,
    -0.28832754492759705,
    -0.6225049495697021,
    -1.7591854333877563,
    0.604315459728241,
    0.10679099708795547,
    0.421034574508667,
    -1.9279875755310059,
    0.4574791491031647,
    -0.9829639792442322,
    0.4763219654560089,
    0.8323979377746582,
    -0.38387957215309143,
    1.9809324741363525
  ],
  "O1C(C)CCC1": [
    2.110320806503296,
    0.6976789236068726,
    0.31964001059532166,
    -0.25348272919654846,
    -0.5997570753097534,
    -0.5488266944885254,
    1.5078743696212769,
    -0.4319711923599243,
    -0.2506141662597656,
    -1.0259772539138794,
    0.3062940537929535,
    -1.855655550956726,
    -0.5990549921989441,
    0.7279589176177979,
    -1.1269967555999756,
    1.0449180603027344
  ],
  "C1CCCCC1": [
    1.9067248106002808,
    0.7093915343284607,
    -0.01803153194487095,
    -0.2545616030693054,
    -1.2025790214538574,
    -0.8259128332138062,
    1.599340558052063,
    -0.2582066059112549,
    -0.2960951030254364,
    -0.7276028990745544,
    0.7469330430030823,
    -1.867848515510559,
    -0.5473212003707886,
    0.9851373434066772,
    -0.7566783428192139,
    0.8288106322288513
  ],
  "CC(O)C": [
    2.1640679836273193,
    0.44555938243865967,
    0.3215373158454895,
    -0.06983081996440887,
    -0.1106526330113411,
    -1.0977932214736938,
    1.1378488540649414,
    -0.4922531247138977,
    -0.13396309316158295,
    -1.4315569400787354,
    0.40104854106903076,
    -1.49899423122406,
    -0.3369874656200409,
    0.6937606334686279,
    -1.2558679580688477,
    1.2893247604370117
  ],
  "O.CC#N": [
    1.797994613647461,
    -0.6620006561279297,
    0.04119957238435745,
    0.2808838486671448,
    0.20599274337291718,
    -1.894230842590332,
    0.4922462999820709,
    0.01734330877661705,
    -0.20260827243328094,
    -1.4285331964492798,
    0.49271702766418457,
    -1.0676450729370117,
    0.28349462151527405,
    0.7920395731925964,
    -0.9333188533782959,
    1.8023085594177246
  ],
  "CC#N": [
    2.2303924560546875,
    0.24435634911060333,
    0.2859995365142822,
    0.010562881827354431,
    -0.17226633429527283,
    -1.0719478130340576,
    1.1224652528762817,
    -0.4380054473876953,
    0.099030502140522,
    -1.4358890056610107,
    0.3833238184452057,
    -1.5024124383926392,
    -0.25972461700439453,
    0.5602282285690308,
    -1.3291789293289185,
    1.2970950603485107
  ],
  "CC#N.CC(=O)O": [
    2.2084875106811523,
    0.10902164876461029,
    0.23869620263576508,
    -0.009876253083348274,
    -0.09626703709363937,
    -1.1605221033096313,
    0.9738343358039856,
    -0.4276370406150818,
    0.20928511023521423,
    -1.5046594142913818,
    0.48724663257598877,
    -1.3622289896011353,
    -0.26743823289871216,
    0.6378245949745178,
    -1.3689218759536743,
    1.357290506362915
  ],
  "CCOCC": [
    1.8033831119537354,
    0.7780894041061401,
    0.07406269013881683,
    -0.1672441065311432,
    -0.9860149621963501,
    -0.50821453332901,
    1.764121413230896,
    -0.4742906987667084,
    -0.3805519938468933,
    -0.891928493976593,
    0.4357491135597229,
    -1.8712129592895508,
    -0.6690885424613953,
    0.923993706703186,
    -0.83771151304245,
    1.0290635824203491
  ],
  "OCC(F)(F)F": [
    1.90449059009552,
    -0.2251966893672943,
    0.13736869394779205,
    -0.18705426156520844,
    -0.203605055809021,
    -1.6595852375030518,
    0.7800424098968506,
    -0.3407481610774994,
    0.22294528782367706,
    -1.7474565505981445,
    0.5172629356384277,
    -0.9314111471176147,
    0.2879483699798584,
    0.7792190909385681,
    -0.981155276298523,
    1.6715198755264282
  ],
  "O.OCC(F)(F)F": [
    1.555251121520996,
    -0.7962921857833862,
    -0.02616528794169426,
    0.2066614031791687,
    0.2523934543132782,
    -2.057443618774414,
    0.44320306181907654,
    0.14526031911373138,
    -0.22593116760253906,
    -1.5194164514541626,
    0.48541906476020813,
    -0.8255861401557922,
    0.43706274032592773,
    0.8773990869522095,
    -0.7814923524856567,
    1.8495961427688599
  ],
  "CN(C)C(C)=O": [
    2.2168238162994385,
    0.508074939250946,
    0.5067633390426636,
    -0.19569486379623413,
    -0.1190764307975769,
    -0.833113431930542,
    1.168576717376709,
    -0.4990704655647278,
    -0.17622919380664825,
    -1.3093857765197754,
    0.28995996713638306,
    -1.688279628753662,
    -0.4261269271373749,
    0.6747648119926453,
    -1.265947699546814,
    1.1718474626541138
  ],
  "CCCCCCCCCCO": [
    2.056694746017456,
    0.6929884552955627,
    0.23203332722187042,
    -0.3892507553100586,
    -0.5598212480545044,
    -0.491644024848938,
    1.4715924263000488,
    -0.5717849731445312,
    -0.5855503082275391,
    -0.9213380813598633,
    0.505570650100708,
    -1.8256129026412964,
    -0.6400583386421204,
    0.9806733727455139,
    -0.970075249671936,
    1.0370690822601318
  ],
  "OCC": [
    2.1620845794677734,
    0.1055692508816719,
    0.2593744993209839,
    -0.04277656972408295,
    0.048845354467630386,
    -1.2627896070480347,
    1.057949423789978,
    -0.4426587224006653,
    0.02391767129302025,
    -1.4924757480621338,
    0.3708045184612274,
    -1.2485191822052002,
    -0.22739097476005554,
    0.7205606698989868,
    -1.3927419185638428,
    1.3872840404510498
  ],
  "C1CCOC1": [
    2.0219624042510986,
    0.6831812858581543,
    0.2598114013671875,
    -0.14923442900180817,
    -0.6679054498672485,
    -0.4927690923213959,
    1.5691745281219482,
    -0.4554915726184845,
    -0.2772754430770874,
    -0.9611664414405823,
    0.4619431495666504,
    -1.9674639701843262,
    -0.6681489944458008,
    0.7478772401809692,
    -1.0528746843338013,
    0.9698479771614075
  ],
  "[C@H]12CCC([C@H](OC1)O2)=O": [
    2.2688276767730713,
    0.07513336837291718,
    0.42905330657958984,
    0.07709605991840363,
    0.18938644230365753,
    -1.1355340480804443,
    0.9231136441230774,
    -0.49322351813316345,
    -0.10887134075164795,
    -1.4017508029937744,
    0.30673646926879883,
    -1.5179846286773682,
    -0.27692538499832153,
    0.6728453636169434,
    -1.2910314798355103,
    1.3070964813232422
  ],
  "O=C(OCC)C": [
    1.923675537109375,
    0.7862943410873413,
    0.13831135630607605,
    -0.129752054810524,
    -0.8491564393043518,
    -0.46796461939811707,
    1.6997923851013184,
    -0.45347052812576294,
    -0.302964448928833,
    -0.9555072784423828,
    0.4365116357803345,
    -1.860062837600708,
    -0.693249523639679,
    0.8103970885276794,
    -1.0211210250854492,
    0.9611223340034485
  ],
  "CC(C)(C)OC": [
    1.8693568706512451,
    0.787360429763794,
    0.04271942004561424,
    -0.29531484842300415,
    -1.0442044734954834,
    -0.5897218585014343,
    1.7799004316329956,
    -0.36233821511268616,
    -0.31052151322364807,
    -0.8981980085372925,
    0.5574654936790466,
    -1.8114982843399048,
    -0.6507465839385986,
    0.9022838473320007,
    -0.8367376923561096,
    0.8848879933357239
  ],