{
  "CO": [
    1.975126028060913,
    -0.32174092531204224,
    0.05230516195297241,
    0.10508111119270325,
    0.21780730783939362,
    -1.6447713375091553,
    0.5678480267524719,
    -0.24762782454490662,
    0.1930484175682068,
    -1.5218658447265625,
    0.392623633146286,
    -0.951755940914154,
    0.06482169032096863,
    0.822614848613739,
    -1.3656623363494873,
    1.683751106262207
  ],
  "OCCO": [
    1.9799880981445312,
    -0.4634104073047638,
    0.14550548791885376,
    0.43115147948265076,
    0.6081503033638,
    -1.673863410949707,
    0.6838815212249756,
    -0.2598550617694855,
    -0.2105254977941513,
    -1.4111127853393555,
    0.3092268407344818,
    -1.1875004768371582,
    0.02873748168349266,
    0.7109875679016113,
    -1.2159560918807983,
    1.5479140281677246
  ],
  "C(C(F)(F)F)(C(F)(F)F)O": [
    1.4282363653182983,
    -0.30005672574043274,
    0.09590968489646912,
    -0.21685220301151276,
    -0.5198580026626587,
    -1.8228099346160889,
    0.5099310874938965,
    0.06633288413286209,
    0.33595001697540283,
    -1.9797008037567139,
    0.5674259066581726,
    -0.9436467289924622,
    0.5103899240493774,
    0.7580307722091675,
    -0.36812278628349304,
    1.8980903625488281
  ],
  "O1C(C)CCC1": [
    2.0592002868652344,
    0.7570158243179321,
    0.2831505835056305,
    -0.17611508071422577,
    -0.6360184550285339,
    -0.5917425155639648,
    1.557776927947998,
    -0.4654504954814911,
    -0.36538177728652954,
    -0.9560527205467224,
    0.3418058454990387,
    -1.872220516204834,
    -0.5864936709403992,
    0.7312232255935669,
    -1.0935134887695312,
    1.0345529317855835
  ],
  "C1CCCCC1": [
    1.930808186531067,
    0.6770630478858948,
    0.06427550315856934,
    -0.25257304310798645,
    -1.093071699142456,
    -0.9689011573791504,
    1.4791529178619385,
    -0.15832240879535675,
    -0.24224621057510376,
    -0.8654568791389465,
    0.8055787086486816,
    -1.9006346464157104,
    -0.42187264561653137,
    0.8765589594841003,
    -0.8242505192756653,
    0.9143156409263611
  ],
  "CC(O)C": [
    2.1644856929779053,
    0.43051424622535706,
    0.3103792071342468,
    -0.03259154409170151,
    -0.08403203636407852,
    -1.08193039894104,
    1.145965814590454,
    -0.4702683687210083,
    -0.1410660743713379,
    -1.4420976638793945,
    0.3940247893333435,
    -1.4746174812316895,
    -0.3686075806617737,
    0.6786723136901855,
    -1.2953519821166992,
    1.2920032739639282
  ],
  "O.CC#N": [
    1.7499749660491943,
    -0.6669357419013977,
    0.06510891020298004,
    0.20587651431560516,
    0.23662659525871277,
    -1.8433407545089722,
    0.5902684926986694,
    0.00899624265730381,
    -0.12170609831809998,
    -1.5141444206237793,
    0.40903910994529724,
    -1.046956181526184,
    0.33150285482406616,
    0.7819063663482666,
    -0.9832145571708679,
    1.8166693449020386
  ],
  "CC#N": [
    2.1931939125061035,
    0.2359779179096222,
    0.2700192928314209,
    0.03738992661237717,
    -0.16046307981014252,
    -1.0811388492584229,
    1.1338367462158203,
    -0.41445815563201904,
    0.07034289836883545,
    -1.4437702894210815,
    0.4228799641132355,
    -1.491193413734436,
    -0.27974051237106323,
    0.5679843425750732,
    -1.3535363674163818,
    1.3165823221206665
  ],
  "CC#N.CC(=O)O": [
    2.17008900642395,
    0.10386724770069122,
    0.22582970559597015,
    0.008158943615853786,
    -0.14097268879413605,
    -1.183834433555603,
    1.0036215782165527,
    -0.4289018511772156,
    0.19415505230426788,
    -1.5213596820831299,
    0.5288949608802795,
    -1.3665536642074585,
    -0.23733341693878174,
    0.6488451361656189,
    -1.3442264795303345,
    1.3638548851013184
  ],
  "CCOCC": [
    1.867431879043579,
    0.8018441796302795,
    0.08205436915159225,
    -0.17151814699172974,
    -0.9068363904953003,
    -0.5637304186820984,
    1.735519289970398,
    -0.46725359559059143,
    -0.4267807900905609,
    -0.9496225714683533,
    0.4758961796760559,
    -1.840307593345642,
    -0.6204935908317566,
    0.887584924697876,
    -0.871625542640686,
    0.9910776615142822
  ],
  "OCC(F)(F)F": [
    2.0147154331207275,
    -0.20551607012748718,
    0.12253309786319733,
    -0.10821221768856049,
    -0.10657624155282974,
    -1.6808372735977173,
    0.6829140186309814,
    -0.3634815514087677,
    0.17446812987327576,
    -1.7265020608901978,
    0.5198137164115906,
    -0.827934205532074,
    0.23372673988342285,
    0.7002760767936707,
    -1.059482216835022,
    1.6543718576431274
  ],
  "O.OCC(F)(F)F": [
    1.5887954235076904,
    -0.7397721409797668,
    -0.02990296296775341,
    0.16272538900375366,
    0.22635895013809204,
    -2.027937173843384,
    0.4219604730606079,
    0.12579569220542908,
    -0.17345109581947327,
    -1.5246491432189941,
    0.41237521171569824,
    -0.779353141784668,
    0.36844924092292786,
    0.873816192150116,
    -0.8154018521308899,
    1.9295270442962646
  ],
  "CN(C)C(C)=O": [
    2.220132827758789,
    0.482237845659256,
    0.5103780627250671,
    -0.2026466429233551,
    -0.12889863550662994,
    -0.8237833976745605,
    1.1819428205490112,
    -0.502682626247406,
    -0.17848838865756989,
    -1.2839305400848389,
    0.26884713768959045,
    -1.682007908821106,
    -0.4098283052444458,
    0.67842698097229,
    -1.290230631828308,
    1.1840860843658447
  ],
  "CCCCCCCCCCO": [
    2.0528128147125244,
    0.6617674231529236,
    0.24197319149971008,
    -0.4751946032047272,
    -0.5435194969177246,
    -0.4744204580783844,
    1.4154744148254395,
    -0.4718495309352875,
    -0.4608704447746277,
    -1.0517579317092896,
    0.5257367491722107,
    -1.8202847242355347,
    -0.6383801698684692,
    1.0003371238708496,
    -0.999457597732544,
    1.0597068071365356
  ],
  "OCC": [
    2.169382095336914,
    0.11874307692050934,
    0.27425721287727356,
    -0.04517417773604393,
    0.02037605457007885,
    -1.2704306840896606,
    1.0409029722213745,
    -0.4523407816886902,
    0.01637321524322033,
    -1.4951156377792358,
    0.39246809482574463,
    -1.2774580717086792,
    -0.20762088894844055,
    0.7230242490768433,
    -1.3577231168746948,
    1.376913070678711
  ],
  "C1CCOC1": [
    1.962195634841919,
    0.6886982321739197,
    0.2274705469608307,
    -0.0991601049900055,
    -0.7156769037246704,
    -0.4050862193107605,
    1.601824402809143,
    -0.49188312888145447,
    -0.33205094933509827,
    -0.9271066784858704,
    0.4774370491504669,
    -1.9716849327087402,
    -0.718187689781189,
    0.8112247586250305,
    -1.0469499826431274,
    0.9598422646522522
  ],
  "[C@H]12CCC([C@H](OC1)O2)=O": [
    2.2616231441497803,
    0.04816234111785889,
    0.46647316217422485,
    0.05118614435195923,
    0.20442764461040497,
    -1.164382815361023,
    0.9219589829444885,
    -0.46616679430007935,
    -0.11224888265132904,
    -1.3584744930267334,
    0.265476793050766,
    -1.5275931358337402,
    -0.2547229528427124,
    0.6369414329528809,
    -1.2987970113754272,
    1.3492447137832642
  ],
  "O=C(OCC)C": [
    1.874645471572876,
    0.7864090204238892,
    0.09109805524349213,
    -0.15690983831882477,
    -0.901842474937439,
    -0.4043847322463989,
    1.7585227489471436,
    -0.4571310877799988,
    -0.2966189980506897,
    -0.9278638958930969,
    0.38843825459480286,
    -1.8778207302093506,
    -0.7292419672012329,
    0.8856253027915955,
    -0.9453998804092407,
    0.9359419345855713
  ],
  "CC(C)(C)OC": [
    1.7300814390182495,
    0.834328830242157,
    -0.09762096405029297,
    -0.2136741727590561,
    -1.1248446702957153,
    -0.5167055130004883,
    1.825790286064148,
    -0.46887242794036865,
    -0.466621071100235,
    -0.8273199200630188,
    0.592953622341156,
    -1.7920863628387451,
    -0.6944166421890259,
    1.0953551530838013,
    -0.692227840423584,
    0.8404821157455444
  ],