{
  "CO": [
    1.9803307056427002,
    -0.24816754460334778,
    -0.0002249833196401596,
    0.14147639274597168,
    0.18263818323612213,
    -1.7174053192138672,
    0.6132802367210388,
    -0.33301210403442383,
    0.15476197004318237,
    -1.5430967807769775,
    0.4690682888031006,
    -0.8783068060874939,
    0.052393753081560135,
    0.7914299964904785,
    -1.3003824949264526,
    1.6596112251281738
  ],
  "OCCO": [
    1.9934440851211548,
    -0.4597260653972626,
    0.10954216122627258,
    0.3815719485282898,
    0.6631158590316772,
    -1.6868025064468384,
    0.6278095245361328,
    -0.2639036476612091,
    -0.1654597669839859,
    -1.4065546989440918,
    0.267005056142807,
    -1.0708160400390625,
    -0.0013349124928936362,
    0.728675127029419,
    -1.2722748517990112,
    1.5807249546051025
  ],
  "C(C(F)(F)F)(C(F)(F)F)O": [
    1.455153465270996,
    -0.2422313094139099,
    0.07628042250871658,
    -0.18288075923919678,
    -0.5725865960121155,
    -1.780287742614746,
    0.6322365403175354,
    -0.020553739741444588,
    0.34289661049842834,
    -1.948274850845337,
    0.5459566712379456,
    -0.9627072215080261,
    0.47894543409347534,
    0.892839789390564,
    -0.5180227160453796,
    1.8257362842559814
  ],
  "O1C(C)CCC1": [
    2.1234805583953857,
    0.6720705628395081,
    0.28315457701683044,
    -0.19466325640678406,
    -0.5588060617446899,
    -0.5722712278366089,
    1.5590782165527344,
    -0.454629510641098,
    -0.25802209973335266,
    -0.9952560663223267,
    0.2896433472633362,
    -1.8276772499084473,
    -0.6199195384979248,
    0.730487585067749,
    -1.1648613214492798,
    1.0129815340042114
  ],
  "C1CCCCC1": [
    1.811144232749939,
    0.7383351922035217,
    -0.1281978189945221,
    -0.26809820532798767,
    -1.176544427871704,
    -0.9457053542137146,
    1.607688546180725,
    -0.270681768655777,
    -0.30019041895866394,
    -0.852444052696228,
    0.7312935590744019,
    -1.8020777702331543,
    -0.5518900752067566,
    1.110101580619812,
    -0.581121027469635,
    0.9033471345901489
  ],
  "CC(O)C": [
    2.220339775085449,
    0.37827134132385254,
    0.3253887891769409,
    -0.08519741892814636,
    -0.06564916670322418,
    -1.0691982507705688,
    1.0962575674057007,
    -0.4820728600025177,
    -0.04743576794862747,
    -1.4360005855560303,
    0.35099348425865173,
    -1.4153000116348267,
    -0.38967761397361755,
    0.7182652354240417,
    -1.3440287113189697,
    1.272690773010254
  ],
  "O.CC#N": [
    1.8407988548278809,
    -0.5968128442764282,
    0.020032785832881927,
    0.22019580006599426,
    0.2747572660446167,
    -1.8451626300811768,
    0.5731053948402405,
    -0.09427633881568909,
    -0.16300733387470245,
    -1.4611597061157227,
    0.4902709126472473,
    -1.011500597000122,
    0.22709162533283234,
    0.7802492380142212,
    -1.0187697410583496,
    1.7852953672409058
  ],
  "CC#N": [
    2.2614526748657227,
    0.22267702221870422,
    0.25932109355926514,
    -0.005314934998750687,
    -0.09734927117824554,
    -1.0994702577590942,
    1.0861798524856567,
    -0.3775567412376404,
    0.09278209507465363,
    -1.4180502891540527,
    0.3961073160171509,
    -1.4287290573120117,
    -0.31498122215270996,
    0.5646217465400696,
    -1.4061836004257202,
    1.2905405759811401
  ],
  "CC#N.CC(=O)O": [
    2.2177345752716064,
    0.09066678583621979,
    0.222628653049469,
    -0.01829647831618786,
    -0.06703496724367142,
    -1.2543256282806396,
    0.915216863155365,
    -0.4622112512588501,
    0.2225915938615799,
    -1.4896601438522339,
    0.4845760464668274,
    -1.2552545070648193,
    -0.24903720617294312,
    0.6897028684616089,
    -1.3886698484420776,
    1.3675401210784912
  ],
  "CCOCC": [
    1.881748080253601,
    0.7812873125076294,
    0.044574107974767685,
    -0.1886417269706726,
    -0.9389821290969849,
    -0.5102943181991577,
    1.7655415534973145,
    -0.513132631778717,
    -0.39361053705215454,
    -0.9087772965431213,
    0.3947523236274719,
    -1.8479810953140259,
    -0.6376280784606934,
    0.947590172290802,
    -0.814372181892395,
    0.9628983736038208
  ],
  "OCC(F)(F)F": [
    1.8911187648773193,
    -0.29307079315185547,
    0.01043243333697319,
    -0.1479199081659317,
    -0.005565587431192398,
    -1.7282216548919678,
    0.5849877595901489,
    -0.2243880182504654,
    0.31551849842071533,
    -1.7905138731002808,
    0.5000897645950317,
    -0.8266355395317078,
    0.2735627591609955,
    0.7845112085342407,
    -1.0173548460006714,
    1.6990081071853638
  ],
  "O.OCC(F)(F)F": [
    1.6757104396820068,
    -0.6976454854011536,
    -0.09510739147663116,
    0.17018862068653107,
    0.3327159583568573,
    -2.0140202045440674,
    0.4214344024658203,
    -0.03669428825378418,
    -0.1759120523929596,
    -1.530872106552124,
    0.4821573793888092,
    -0.7020975351333618,
    0.3423256278038025,
    0.867897093296051,
    -0.8784465193748474,
    1.8604087829589844
  ],
  "CN(C)C(C)=O": [
    2.184443712234497,
    0.5596346855163574,
    0.511006772518158,
    -0.15156324207782745,
    -0.14380301535129547,
    -0.8828421831130981,
    1.1993563175201416,
    -0.5020473003387451,
    -0.2690643072128296,
    -1.24552583694458,
    0.3150179088115692,
    -1.7314538955688477,
    -0.42607381939888,
    0.6938037872314453,
    -1.2352908849716187,
    1.1493054628372192
  ],
  "CCCCCCCCCCO": [
    2.133756160736084,
    0.6505101919174194,
    0.19865325093269348,
    -0.4714513421058655,
    -0.5280081629753113,
    -0.4435799717903137,
    1.435849666595459,
    -0.5282501578330994,
    -0.5079386234283447,
    -0.981171727180481,
    0.42876678705215454,
    -1.7761716842651367,
    -0.6069194078445435,
    0.9635141491889954,
    -1.0249015092849731,
    1.0801422595977783
  ],
  "OCC": [
    2.123887300491333,
    0.12534816563129425,
    0.22457155585289001,
    0.055713679641485214,
    0.017123723402619362,
    -1.2237595319747925,
    1.1497809886932373,
    -0.4338668882846832,
    0.03382627293467522,
    -1.487540602684021,
    0.3306361138820648,
    -1.3160912990570068,
    -0.23837317526340485,
    0.70835280418396,
    -1.4047962427139282,
    1.3639923334121704
  ],
  "C1CCOC1": [
    2.0611538887023926,
    0.6652651429176331,
    0.25647664070129395,
    -0.16353681683540344,
    -0.6335566639900208,
    -0.4982246160507202,
    1.5809012651443481,
    -0.4611673653125763,
    -0.25360167026519775,
    -0.9306158423423767,
    0.3777032792568207,
    -1.928663969039917,
    -0.6764890551567078,
    0.7461224794387817,
    -1.1050199270248413,
    0.986362636089325
  ],
  "[C@H]12CCC([C@H](OC1)O2)=O": [
    2.2564468383789062,
    0.0749368742108345,
    0.4291911721229553,
    0.09122779220342636,
    0.24243123829364777,
    -1.2173246145248413,
    0.9101874232292175,
    -0.48210257291793823,
    -0.1387467384338379,
    -1.3745858669281006,
    0.3009470999240875,
    -1.4923499822616577,
    -0.2696327865123749,
    0.6740835309028625,
    -1.2926055192947388,
    1.3135759830474854
  ],
  "O=C(OCC)C": [
    2.0165982246398926,
    0.7827242612838745,
    0.18911457061767578,
    -0.16222912073135376,
    -0.7438041567802429,
    -0.5805385708808899,
    1.6272945404052734,
    -0.43331512808799744,
    -0.2578922510147095,
    -0.9625082015991211,
    0.43007951974868774,
    -1.852526307106018,
    -0.649572491645813,
    0.7666448950767517,
    -1.0848102569580078,
    0.939364492893219
  ],
  "CC(C)(C)OC": [
    1.8735623359680176,
    0.8079903721809387,
    0.001634905580431223,
    -0.23765550553798676,
    -0.9828649759292603,
    -0.6121008992195129,
    1.7952286005020142,
    -0.3996576964855194,
    -0.31809407472610474,
    -0.8877822756767273,
    0.5607067942619324,
    -1.800787091255188,
    -0.6898689866065979,
    0.9275944232940674,
    -0.8526504635810852,
    0.8417097330093384
  ],