{
  "CO": [
    1.7249149084091187,
    -0.3570042848587036,
    0.2643938362598419,
    -0.19084526598453522,
    0.01752886362373829,
    -1.4674382209777832,
    0.8297247886657715,
    -0.1994144320487976,
    0.4338083267211914,
    -1.6423660516738892,
    0.19852086901664734,
    -1.2067655324935913,
    0.2041110396385193,
    0.8276812434196472,
    -1.2271909713745117,
    1.8042879104614258
  ],
  "OCCO": [
    1.9200663566589355,
    -0.5526518225669861,
    0.11873963475227356,
    0.36847689747810364,
    0.7724286913871765,
    -1.5478792190551758,
    0.6251885294914246,
    -0.27597731351852417,
    -0.2367766797542572,
    -1.4142699241638184,
    0.42401114106178284,
    -1.2007732391357422,
    0.051586687564849854,
    0.6769872903823853,
    -1.306621789932251,
    1.5903401374816895
  ],
  "C(C(F)(F)F)(C(F)(F)F)O": [
    1.2316193580627441,
    -0.36587637662887573,
    0.14715111255645752,
    -0.3691486716270447,
    -0.4945431053638458,
    -1.6243840456008911,
    0.7637379765510559,
    0.12019379436969757,
    0.4792962670326233,
    -1.9532465934753418,
    0.2748079001903534,
    -1.0755773782730103,
    0.44598838686943054,
    0.8863865733146667,
    -0.4800037443637848,
    2.0278754234313965
  ],
  "O1C(C)CCC1": [
    1.9794641733169556,
    0.6594471335411072,
    0.24956567585468292,
    -0.16970108449459076,
    -0.46238192915916443,
    -0.5998051762580872,
    1.5008488893508911,
    -0.5058436989784241,
    -0.38854342699050903,
    -1.0596932172775269,
    0.4739590883255005,
    -1.955312728881836,
    -0.5117506384849548,
    0.8229303956031799,
    -1.0887418985366821,
    1.070194125175476
  ],
  "C1CCCCC1": [
    1.8338466882705688,
    0.6240313053131104,
    -0.04524463415145874,
    -0.18845176696777344,
    -1.046027660369873,
    -0.808880627155304,
    1.607679843902588,
    -0.2998904585838318,
    -0.34893912076950073,
    -0.8018025159835815,
    0.7501388788223267,
    -1.9443089962005615,
    -0.5008304119110107,
    1.0712260007858276,
    -0.7822818756103516,
    0.8956243991851807
  ],
  "CC(O)C": [
    1.9701063632965088,
    0.32024621963500977,
    0.2836766242980957,
    -0.02609378471970558,
    -0.0915202870965004,
    -0.9848787784576416,
    1.2932542562484741,
    -0.48135945200920105,
    -0.12548963725566864,
    -1.45409095287323,
    0.42684340476989746,
    -1.6978802680969238,
    -0.24543331563472748,
    0.7890224456787109,
    -1.2524006366729736,
    1.2928459644317627
  ],
  "O.CC#N": [
    1.6985050439834595,
    -0.7402936816215515,
    0.1168643981218338,
    0.051674675196409225,
    0.29880404472351074,
    -1.6865770816802979,
    0.6125380396842957,
    -0.012588528916239738,
    -0.07808972150087357,
    -1.5554128885269165,
    0.47984349727630615,
    -1.125420331954956,
    0.4220598042011261,
    0.7403305172920227,
    -1.0572744607925415,
    1.8461061716079712
  ],
  "CC#N": [
    2.155519723892212,
    0.11680030077695847,
    0.2588392496109009,
    -0.003384909126907587,
    0.02635497972369194,
    -1.0262025594711304,
    1.0555133819580078,
    -0.4487910270690918,
    0.04185866937041283,
    -1.480099081993103,
    0.493065744638443,
    -1.5326125621795654,
    -0.19811978936195374,
    0.5911315083503723,
    -1.3908305168151855,
    1.3552968502044678
  ],
  "CC#N.CC(=O)O": [
    2.0824437141418457,
    -0.031294066458940506,
    0.20585897564888,
    -0.005344168283045292,
    0.026434585452079773,
    -1.122725009918213,
    0.9726309180259705,
    -0.4568081498146057,
    0.16113470494747162,
    -1.550053596496582,
    0.6297833919525146,
    -1.4674469232559204,
    -0.1292962282896042,
    0.6738669872283936,
    -1.362073540687561,
    1.3873016834259033
  ],
  "CCOCC": [
    1.7659447193145752,
    0.7286580801010132,
    0.017996324226260185,
    -0.12635505199432373,
    -0.7331304550170898,
    -0.5459804534912109,
    1.6986619234085083,
    -0.5413610935211182,
    -0.5052449107170105,
    -0.9983558058738708,
    0.5830997228622437,
    -1.928784966468811,
    -0.5891281962394714,
    1.024651288986206,
    -0.8467217683792114,
    1.0128077268600464
  ],
  "OCC(F)(F)F": [
    1.7657196521759033,
    -0.30986160039901733,
    0.03830687701702118,
    -0.09779151529073715,
    -0.023167112842202187,
    -1.6453440189361572,
    0.8232437372207642,
    -0.27287521958351135,
    0.12305933237075806,
    -1.7971237897872925,
    0.6450580358505249,
    -1.0618396997451782,
    0.35953882336616516,
    0.784504234790802,
    -0.9792985320091248,
    1.6642732620239258
  ],
  "O.OCC(F)(F)F": [
    1.6362414360046387,
    -0.860418438911438,
    -0.14761531352996826,
    0.056677982211112976,
    0.353353351354599,
    -1.9136995077133179,
    0.348565012216568,
    0.05351431295275688,
    -0.05057181417942047,
    -1.485824704170227,
    0.505814790725708,
    -0.8099663853645325,
    0.37582096457481384,
    0.9302122592926025,
    -0.8871236443519592,
    1.9064370393753052
  ],
  "CN(C)C(C)=O": [
    2.1111695766448975,
    0.41362443566322327,
    0.4821372926235199,
    -0.21267329156398773,
    0.041523806750774384,
    -0.7811338305473328,
    1.1089937686920166,
    -0.5184532403945923,
    -0.19649028778076172,
    -1.3953654766082764,
    0.4540741443634033,
    -1.7691435813903809,
    -0.3685862123966217,
    0.7510288953781128,
    -1.2832202911376953,
    1.1775102615356445
  ],
  "CCCCCCCCCCO": [
    1.9744547605514526,
    0.5833468437194824,
    0.2103319764137268,
    -0.4871433675289154,
    -0.4108365476131439,
    -0.45193490386009216,
    1.3674436807632446,
    -0.5427773594856262,
    -0.5231372714042664,
    -1.0572341680526733,
    0.6017565727233887,
    -1.8605647087097168,
    -0.5701985359191895,
    1.1045830249786377,
    -1.030791163444519,
    1.107075572013855
  ],
  "OCC": [
    2.014099359512329,
    0.03324120491743088,
    0.2529072165489197,
    -0.013359999284148216,
    0.10597402602434158,
    -1.1280338764190674,
    1.152698040008545,
    -0.4170912206172943,
    -0.008826348930597305,
    -1.5510928630828857,
    0.44157543778419495,
    -1.4641361236572266,
    -0.1396978497505188,
    0.7059811949729919,
    -1.3733396530151367,
    1.4061249494552612
  ],
  "C1CCOC1": [
    1.9477723836898804,
    0.568169116973877,
    0.2705470025539398,
    -0.15221355855464935,
    -0.4888153374195099,
    -0.523550271987915,
    1.5112948417663574,
    -0.47206538915634155,
    -0.31448081135749817,
    -1.008117437362671,
    0.5510877370834351,
    -2.0593607425689697,
    -0.5812047719955444,
    0.809105396270752,
    -1.0802682638168335,
    1.035793662071228
  ],
  "[C@H]12CCC([C@H](OC1)O2)=O": [
    2.1662774085998535,
    -0.02725198306143284,
    0.44705185294151306,
    -0.002509491750970483,
    0.2993502914905548,
    -1.08403480052948,
    0.9086540341377258,
    -0.5123456716537476,
    -0.14829497039318085,
    -1.4358247518539429,
    0.4062473475933075,
    -1.5826520919799805,
    -0.15871785581111908,
    0.675878643989563,
    -1.301871657371521,
    1.3638778924942017
  ],
  "O=C(OCC)C": [
    1.9253047704696655,
    0.7010391354560852,
    0.15683752298355103,
    -0.0797514021396637,
    -0.5272254943847656,
    -0.557014524936676,
    1.5769376754760742,
    -0.468069851398468,
    -0.3673988878726959,
    -1.0306655168533325,
    0.5499598979949951,
    -1.9403903484344482,
    -0.636172354221344,
    0.8334037065505981,
    -1.1163231134414673,
    0.9952272772789001
  ],
  "CC(C)(C)OC": [
    1.825239896774292,
    0.7002819180488586,
    -0.0430762879550457,
    -0.27456575632095337,
    -0.8055239319801331,
    -0.6558335423469543,
    1.711438536643982,
    -0.43864890933036804,
    -0.28547126054763794,
    -0.9990307688713074,
    0.644321858882904,
    -1.8662718534469604,
    -0.6020554900169373,
    1.0540460348129272,
    -0.86204993724823,
    0.9163218140602112
  ],