{
  "CO": [
    2.0061323642730713,
    -0.3014566898345947,
    0.09807416796684265,
    0.04993164911866188,
    0.05071230232715607,
    -1.6300952434539795,
    0.7589043974876404,
    -0.44324928522109985,
    0.17383675277233124,
    -1.515378713607788,
    0.5066450238227844,
    -1.0175702571868896,
    0.14915956556797028,
    0.7742907404899597,
    -1.2516990900039673,
    1.611664056777954
  ],
  "OCCO": [
    2.007113456726074,
    -0.4726114869117737,
    0.16817356646060944,
    0.33445504307746887,
    0.6369296312332153,
    -1.6525415182113647,
    0.6614000797271729,
    -0.28432464599609375,
    -0.26682671904563904,
    -1.411129117012024,
    0.3475898802280426,
    -1.1990094184875488,
    0.07653926312923431,
    0.7069491744041443,
    -1.1825119256973267,
    1.54948890209198
  ],
  "C(C(F)(F)F)(C(F)(F)F)O": [
    1.4494342803955078,
    -0.28517258167266846,
    0.06254082918167114,
    -0.33163291215896606,
    -0.744952917098999,
    -1.5862863063812256,
    0.7707434892654419,
    0.01885836198925972,
    0.36359360814094543,
    -1.9983690977096558,
    0.53631591796875,
    -1.027707815170288,
    0.520012378692627,
    0.9622806310653687,
    -0.4446335434913635,
    1.7548601627349854
  ],
  "O1C(C)CCC1": [
    2.001655340194702,
    0.7206429839134216,
    0.24613243341445923,
    -0.16957738995552063,
    -0.6635497808456421,
    -0.5224179625511169,
    1.5593751668930054,
    -0.48951414227485657,
    -0.4242662787437439,
    -0.9635372757911682,
    0.40388187766075134,
    -1.9199496507644653,
    -0.5650288462638855,
    0.8318262100219727,
    -1.053937315940857,
    1.0268361568450928
  ],
  "C1CCCCC1": [
    1.7633333206176758,
    0.6476622223854065,
    -0.08167848736047745,
    -0.3108627200126648,
    -1.1754088401794434,
    -0.9089851379394531,
    1.6174821853637695,
    -0.263586163520813,
    -0.2735024392604828,
    -0.8571758270263672,
    0.7167529463768005,
    -1.8587316274642944,
    -0.50625079870224,
    1.1629444360733032,
    -0.5877577662467957,
    0.936720609664917
  ],
  "CC(O)C": [
    2.152641534805298,
    0.3155779540538788,
    0.2653818428516388,
    -0.038266364485025406,
    -0.021930955350399017,
    -1.0897374153137207,
    1.1002769470214844,
    -0.3947763442993164,
    -0.1561947613954544,
    -1.4567464590072632,
    0.47541263699531555,
    -1.4721828699111938,
    -0.3344382345676422,
    0.7365689873695374,
    -1.3507853746414185,
    1.2913892269134521
  ],
  "O.CC#N": [
    1.9540443420410156,
    -0.719541609287262,
    -0.11188891530036926,
    0.22681060433387756,
    0.2956574261188507,
    -1.8047091960906982,
    0.3197617828845978,
    0.004764684475958347,
    -0.08915743231773376,
    -1.3929038047790527,
    0.4733087718486786,
    -0.9833106398582458,
    0.2121354192495346,
    0.8344978094100952,
    -0.9956890344619751,
    1.7901967763900757
  ],
  "CC#N": [
    2.176079511642456,
    0.16793902218341827,
    0.27814266085624695,
    -0.007801155559718609,
    -0.1252325028181076,
    -1.091346263885498,
    1.0869067907333374,
    -0.33813610672950745,
    0.04519528150558472,
    -1.443737506866455,
    0.4701141119003296,
    -1.5738297700881958,
    -0.1914444863796234,
    0.5683001279830933,
    -1.334702491760254,
    1.3330069780349731
  ],
  "CC#N.CC(=O)O": [
    2.1769986152648926,
    0.03276778757572174,
    0.1855708509683609,
    0.04553673788905144,
    -0.020165523514151573,
    -1.2074686288833618,
    0.871668815612793,
    -0.41146546602249146,
    0.15263760089874268,
    -1.5039706230163574,
    0.573172390460968,
    -1.354745626449585,
    -0.19879820942878723,
    0.6918566226959229,
    -1.4009257555007935,
    1.386833906173706
  ],
  "CCOCC": [
    1.9416656494140625,
    0.7588843703269958,
    0.11515884846448898,
    -0.18702903389930725,
    -0.7478667497634888,
    -0.5864132046699524,
    1.6400082111358643,
    -0.4062739610671997,
    -0.4207773804664612,
    -0.9560245871543884,
    0.4874737858772278,
    -1.8787044286727905,
    -0.614700436592102,
    0.8481070399284363,
    -0.9938570857048035,
    1.020115613937378
  ],
  "OCC(F)(F)F": [
    1.7381600141525269,
    -0.2998066842556,
    0.13398337364196777,
    -0.17770138382911682,
    -0.25578123331069946,
    -1.7000792026519775,
    0.7501305341720581,
    -0.1769873946905136,
    0.3252115249633789,
    -1.7503092288970947,
    0.37641316652297974,
    -1.0364893674850464,
    0.356691837310791,
    0.7991750240325928,
    -0.8772717714309692,
    1.8138676881790161
  ],
  "O.OCC(F)(F)F": [
    1.607430100440979,
    -0.8065882325172424,
    -0.026818636804819107,
    0.08366193622350693,
    0.29605230689048767,
    -1.9781574010849,
    0.47730782628059387,
    0.04533172398805618,
    -0.21162830293178558,
    -1.5435311794281006,
    0.5133892297744751,
    -0.8040347099304199,
    0.5105264186859131,
    0.8466731309890747,
    -0.8367376327514648,
    1.8443738222122192
  ],
  "CN(C)C(C)=O": [
    2.1453027725219727,
    0.5206814408302307,
    0.5017802119255066,
    -0.18400536477565765,
    -0.13164208829402924,
    -0.8319975733757019,
    1.1726902723312378,
    -0.4856393337249756,
    -0.3155665695667267,
    -1.2814594507217407,
    0.3625912666320801,
    -1.7868218421936035,
    -0.3649630546569824,
    0.7545773983001709,
    -1.2184069156646729,
    1.1626056432724
  ],
  "CCCCCCCCCCO": [
    1.964929461479187,
    0.6364668011665344,
    0.24059629440307617,
    -0.43055254220962524,
    -0.5788549184799194,
    -0.4769917130470276,
    1.4516257047653198,
    -0.5314075350761414,
    -0.5631372332572937,
    -0.9801865816116333,
    0.5784573554992676,
    -1.866411566734314,
    -0.5751847624778748,
    1.087431788444519,
    -0.9818193316459656,
    1.0437641143798828
  ],
  "OCC": [
    2.1238512992858887,
    0.12852135300636292,
    0.2719305753707886,
    -0.05523942783474922,
    -0.013333386741578579,
    -1.1738920211791992,
    1.0875217914581299,
    -0.38699978590011597,
    -0.031719859689474106,
    -1.5461690425872803,
    0.42868122458457947,
    -1.434402346611023,
    -0.16265623271465302,
    0.7220861911773682,
    -1.2970858812332153,
    1.3615083694458008
  ],
  "C1CCOC1": [
    2.0166683197021484,
    0.5919438004493713,
    0.2849889397621155,
    -0.18505901098251343,
    -0.6566523313522339,
    -0.48954474925994873,
    1.5418752431869507,
    -0.41809555888175964,
    -0.2572326362133026,
    -0.9683663845062256,
    0.459423303604126,
    -1.958670973777771,
    -0.6125066876411438,
    0.7916383743286133,
    -1.137638807296753,
    1.0154976844787598
  ],
  "[C@H]12CCC([C@H](OC1)O2)=O": [
    2.25032901763916,
    -0.09796657413244247,
    0.3887762725353241,
    0.02424120530486107,
    0.34029391407966614,
    -1.2068109512329102,
    0.7889736294746399,
    -0.4449397027492523,
    -0.10268154740333557,
    -1.3436802625656128,
    0.3491862714290619,
    -1.4260094165802002,
    -0.17719268798828125,
    0.6677494049072266,
    -1.4028774499893188,
    1.4110387563705444
  ],
  "O=C(OCC)C": [
    1.8723599910736084,
    0.7575749754905701,
    0.12182317674160004,
    -0.09377450495958328,
    -0.8637363910675049,
    -0.43861666321754456,
    1.6860347986221313,
    -0.4599478840827942,
    -0.38778504729270935,
    -0.891995370388031,
    0.4757031202316284,
    -1.9366567134857178,
    -0.6870750784873962,
    0.8994962573051453,
    -0.9779134392738342,
    0.9436766505241394
  ],
  "CC(C)(C)OC": [
    1.6995265483856201,
    0.7344411015510559,
    -0.09492385387420654,
    -0.34057262539863586,
    -1.1232627630233765,
    -0.5417183637619019,
    1.7948803901672363,
    -0.4532565176486969,
    -0.44667044281959534,
    -0.8727788329124451,
    0.600554347038269,
    -1.8096473217010498,
    -0.6106457114219666,
    1.218443512916565,
    -0.6170993447303772,
    0.8852850794792175
  ],