{
  "CO": [
    1.8897544145584106,
    -0.4358062148094177,
    -0.02300850674510002,
    0.14673486351966858,
    0.34605589509010315,
    -1.4972543716430664,
    0.8462422490119934,
    -0.3384026288986206,
    0.010406168177723885,
    -1.500542402267456,
    0.5499049425125122,
    -1.0238521099090576,
    0.17072877287864685,
    0.6035115122795105,
    -1.4440674781799316,
    1.7086602449417114
  ],
  "OCCO": [
    1.9675158262252808,
    -0.5011294484138489,
    0.07594718784093857,
    0.34610483050346375,
    0.7612799406051636,
    -1.4759804010391235,
    0.8142524361610413,
    -0.37310799956321716,
    -0.30731475353240967,
    -1.3993576765060425,
    0.53154456615448,
    -1.2339388132095337,
    0.10109727829694748,
    0.5487290024757385,
    -1.3385542631149292,
    1.4927716255187988
  ],
  "C(C(F)(F)F)(C(F)(F)F)O": [
    1.3874294757843018,
    -0.30788126587867737,
    0.019878815859556198,
    -0.26087576150894165,
    -0.2680600881576538,
    -1.6235343217849731,
    0.9279757738113403,
    -0.020537609234452248,
    0.38121116161346436,
    -1.955081582069397,
    0.5443515777587891,
    -1.0900262594223022,
    0.47854700684547424,
    0.6230186820030212,
    -0.7368813753128052,
    1.911571741104126
  ],
  "O1C(C)CCC1": [
    1.9121912717819214,
    0.6464741230010986,
    0.14673246443271637,
    -0.15120507776737213,
    -0.5591229796409607,
    -0.4242023527622223,
    1.713668704032898,
    -0.505444347858429,
    -0.4310648441314697,
    -0.9702854752540588,
    0.4077712893486023,
    -1.9581379890441895,
    -0.5681560635566711,
    0.8093861937522888,
    -1.0812227725982666,
    1.0248156785964966
  ],
  "C1CCCCC1": [
    1.585864782333374,
    0.6910420656204224,
    -0.30313554406166077,
    -0.4879564940929413,
    -1.0598376989364624,
    -0.855323851108551,
    1.6653565168380737,
    -0.3435441851615906,
    -0.38464611768722534,
    -0.8457008004188538,
    0.6865792274475098,
    -1.7898411750793457,
    -0.6001665592193604,
    1.5342785120010376,
    -0.31316864490509033,
    0.8385656476020813
  ],
  "CC(O)C": [
    2.089326858520508,
    0.32190853357315063,
    0.19456008076667786,
    0.010494436137378216,
    0.10937944799661636,
    -0.9485459327697754,
    1.235948085784912,
    -0.4913473129272461,
    -0.1991925686597824,
    -1.483472466468811,
    0.5550904870033264,
    -1.564596176147461,
    -0.26360058784484863,
    0.5792657732963562,
    -1.3814254999160767,
    1.2485449314117432
  ],
  "O.CC#N": [
    1.748364806175232,
    -0.7820934653282166,
    -0.03427281603217125,
    0.24184592068195343,
    0.42388129234313965,
    -1.6778520345687866,
    0.687084436416626,
    0.0008307541720569134,
    -0.2794305980205536,
    -1.4201123714447021,
    0.6305477023124695,
    -1.1629256010055542,
    0.3820488154888153,
    0.570568323135376,
    -1.1121037006378174,
    1.7901359796524048
  ],
  "CC#N": [
    2.149630546569824,
    0.10205216705799103,
    0.19122794270515442,
    0.0665905773639679,
    0.0823984369635582,
    -0.9007790088653564,
    1.1734846830368042,
    -0.4440931975841522,
    -0.05195717141032219,
    -1.4576319456100464,
    0.5393571257591248,
    -1.5605367422103882,
    -0.16426099836826324,
    0.4250894784927368,
    -1.46943199634552,
    1.3284695148468018
  ],
  "CC#N.CC(=O)O": [
    2.11704158782959,
    -0.03202890604734421,
    0.13685236871242523,
    0.03576628863811493,
    0.10552680492401123,
    -1.043178915977478,
    1.0410624742507935,
    -0.4364449083805084,
    0.11662250012159348,
    -1.5321617126464844,
    0.6168962121009827,
    -1.3902620077133179,
    -0.12897229194641113,
    0.493215411901474,
    -1.4964168071746826,
    1.406212568283081
  ],
  "CCOCC": [
    1.888720154762268,
    0.7105600237846375,
    0.02927280403673649,
    -0.16808877885341644,
    -0.6174862384796143,
    -0.588813304901123,
    1.765141487121582,
    -0.4525746703147888,
    -0.4244133532047272,
    -0.9883068799972534,
    0.52634596824646,
    -1.8870444297790527,
    -0.5620124340057373,
    0.8243824243545532,
    -1.0176199674606323,
    0.9761050939559937
  ],
  "OCC(F)(F)F": [
    1.6323858499526978,
    -0.3094885051250458,
    0.0701947957277298,
    -0.272499144077301,
    -0.1323862373828888,
    -1.5649279356002808,
    0.9926158785820007,
    -0.13173241913318634,
    0.28773820400238037,
    -1.8378939628601074,
    0.38776493072509766,
    -1.0926114320755005,
    0.38326990604400635,
    0.6446433663368225,
    -0.9033891558647156,
    1.858364224433899
  ],
  "O.OCC(F)(F)F": [
    1.6468268632888794,
    -0.8328139185905457,
    -0.16003142297267914,
    0.12137315422296524,
    0.44384264945983887,
    -1.829695224761963,
    0.60699063539505,
    -0.07978849858045578,
    -0.25509190559387207,
    -1.5061266422271729,
    0.6671328544616699,
    -0.7900635600090027,
    0.4977838099002838,
    0.6651641726493835,
    -1.0315104722976685,
    1.8446696996688843
  ],
  "CN(C)C(C)=O": [
    2.1358799934387207,
    0.4315204918384552,
    0.43843215703964233,
    -0.14342819154262543,
    0.0600440688431263,
    -0.706201434135437,
    1.2135838270187378,
    -0.5276703238487244,
    -0.27960002422332764,
    -1.3495850563049316,
    0.4733753800392151,
    -1.7742465734481812,
    -0.3807656168937683,
    0.6290335655212402,
    -1.3352041244506836,
    1.125853180885315
  ],
  "CCCCCCCCCCO": [
    1.897578477859497,
    0.6870639324188232,
    0.08515320718288422,
    -0.2911282777786255,
    -0.47824084758758545,
    -0.39442816376686096,
    1.5710862874984741,
    -0.6410108208656311,
    -0.7233084440231323,
    -0.9480845332145691,
    0.7391089200973511,
    -1.907970905303955,
    -0.6046682000160217,
    1.1154043674468994,
    -0.9044773578643799,
    0.8116775155067444
  ],
  "OCC": [
    2.0307230949401855,
    0.03052906133234501,
    0.15909409523010254,
    0.0779850035905838,
    0.18420889973640442,
    -1.0517135858535767,
    1.232619285583496,
    -0.46271488070487976,
    -0.05163558945059776,
    -1.541610836982727,
    0.48598718643188477,
    -1.4344652891159058,
    -0.10935187339782715,
    0.579775869846344,
    -1.4698270559310913,
    1.3530826568603516
  ],
  "C1CCOC1": [
    1.9295815229415894,
    0.6111167669296265,
    0.15445806086063385,
    -0.07904800027608871,
    -0.4691164493560791,
    -0.4181665778160095,
    1.6487503051757812,
    -0.5001925230026245,
    -0.4047725796699524,
    -0.9669546484947205,
    0.5804031491279602,
    -2.0316882133483887,
    -0.615267276763916,
    0.7551003694534302,
    -1.1184982061386108,
    0.9357628226280212
  ],
  "[C@H]12CCC([C@H](OC1)O2)=O": [
    2.206435441970825,
    -0.03667780011892319,
    0.31226053833961487,
    0.08014162629842758,
    0.424516886472702,
    -0.9846928715705872,
    0.9432907104492188,
    -0.5368986129760742,
    -0.19416047632694244,
    -1.4237008094787598,
    0.5108948349952698,
    -1.5554907321929932,
    -0.16034996509552002,
    0.5327510237693787,
    -1.4109030961990356,
    1.301733374595642
  ],
  "O=C(OCC)C": [
    1.8401689529418945,
    0.7016437649726868,
    0.028517836704850197,
    -0.09857618808746338,
    -0.6531977653503418,
    -0.43410930037498474,
    1.8211628198623657,
    -0.49629515409469604,
    -0.4065597355365753,
    -0.9714983701705933,
    0.4579658806324005,
    -1.8936479091644287,
    -0.6339670419692993,
    0.8738744854927063,
    -1.0581432580947876,
    0.9371761083602905
  ],
  "CC(C)(C)OC": [
    1.7937926054000854,
    0.6944486498832703,
    -0.07663179188966751,
    -0.25074508786201477,
    -0.8396519422531128,
    -0.59303218126297,
    1.9114594459533691,
    -0.3895370066165924,
    -0.38594111800193787,
    -0.9454708099365234,
    0.6200947165489197,
    -1.8396258354187012,
    -0.5889856219291687,
    0.9344885945320129,
    -0.8733395338058472,
    0.8457551598548889
  ],