{
  "CO": [
    1.5735098123550415,
    -0.5441630482673645,
    0.41010525822639465,
    -0.2191106528043747,
    0.2672230899333954,
    -0.9754720330238342,
    0.9423896074295044,
    -0.5059882402420044,
    0.14936679601669312,
    -1.4064106941223145,
    0.6619248390197754,
    -1.460405707359314,
    0.3035065531730652,
    0.610313355922699,
    -1.610541820526123,
    1.7996809482574463
  ],
  "OCCO": [
    1.798387050628662,
    -0.5255181789398193,
    0.36326050758361816,
    0.1674771010875702,
    0.9230956435203552,
    -1.053332805633545,
    0.6146712899208069,
    -0.7067038416862488,
    -0.3802822232246399,
    -1.3478747606277466,
    0.9310730695724487,
    -1.4755359888076782,
    0.2788267433643341,
    0.4906103312969208,
    -1.4896200895309448,
    1.4059827327728271
  ],
  "C(C(F)(F)F)(C(F)(F)F)O": [
    1.599063515663147,
    -0.4694634675979614,
    0.006023597437888384,
    -0.27311626076698303,
    0.2454139143228531,
    -1.203373670578003,
    0.7361068725585938,
    -0.4225163757801056,
    0.06107966601848602,
    -1.9051074981689453,
    1.0322682857513428,
    -0.9572728872299194,
    0.5253527760505676,
    0.505957841873169,
    -1.25931715965271,
    1.778486728668213
  ],
  "O1C(C)CCC1": [
    1.6809048652648926,
    0.5029515624046326,
    0.2592427730560303,
    -0.07724041491746902,
    -0.3166058361530304,
    -0.3014380931854248,
    1.6244374513626099,
    -0.6784669160842896,
    -0.7299578785896301,
    -0.8563495874404907,
    0.7719415426254272,
    -2.079659938812256,
    -0.48700177669525146,
    0.8502840995788574,
    -1.2021729946136475,
    1.0391908884048462
  ],
  "C1CCCCC1": [
    1.421510100364685,
    0.5258536338806152,
    -0.2532084584236145,
    -0.5103679299354553,
    -0.9316929578781128,
    -0.7555757164955139,
    1.776120901107788,
    -0.39332908391952515,
    -0.5094704031944275,
    -0.7061657905578613,
    0.8046934604644775,
    -1.892913579940796,
    -0.647659182548523,
    1.5557340383529663,
    -0.3591248393058777,
    0.8849824666976929
  ],
  "CC(O)C": [
    1.711729884147644,
    0.10697534680366516,
    0.38562941551208496,
    -0.059811342507600784,
    0.13085028529167175,
    -0.591925323009491,
    1.3937158584594727,
    -0.7142975330352783,
    -0.2894793152809143,
    -1.3330405950546265,
    0.7098134160041809,
    -1.817653775215149,
    -0.07692352682352066,
    0.648773193359375,
    -1.526178240776062,
    1.3205864429473877
  ],
  "O.CC#N": [
    1.4934624433517456,
    -0.8670830726623535,
    0.24053123593330383,
    -0.03285369649529457,
    0.5612918138504028,
    -1.1629687547683716,
    0.6519561409950256,
    -0.30773499608039856,
    -0.24309472739696503,
    -1.4235999584197998,
    0.944440484046936,
    -1.3699369430541992,
    0.5974937677383423,
    0.49621859192848206,
    -1.4079625606536865,
    1.8244065046310425
  ],
  "CC#N": [
    1.819111943244934,
    -0.1510833203792572,
    0.3553239107131958,
    0.015691539272665977,
    0.32542115449905396,
    -0.6508086919784546,
    0.9955511689186096,
    -0.6782543063163757,
    -0.21785271167755127,
    -1.3867377042770386,
    0.9569290280342102,
    -1.7605558633804321,
    0.13477107882499695,
    0.4249727427959442,
    -1.5798301696777344,
    1.391845703125
  ],
  "CC#N.CC(=O)O": [
    1.8268451690673828,
    -0.26719194650650024,
    0.3508635461330414,
    -0.05986742302775383,
    0.33042338490486145,
    -0.7225415110588074,
    0.9461293816566467,
    -0.697642982006073,
    -0.02542920410633087,
    -1.4415855407714844,
    0.9389662146568298,
    -1.578395128250122,
    0.14739391207695007,
    0.47031569480895996,
    -1.6571019887924194,
    1.4341377019882202
  ],
  "CCOCC": [
    1.5853241682052612,
    0.5340944528579712,
    0.09673101454973221,
    -0.1294374316930771,
    -0.5568742156028748,
    -0.4065389037132263,
    1.827144742012024,
    -0.6057462692260742,
    -0.7696378827095032,
    -0.7853396534919739,
    0.8094910383224487,
    -2.0177037715911865,
    -0.5145270824432373,
    0.9180874824523926,
    -1.008588194847107,
    1.0263558626174927
  ],
  "OCC(F)(F)F": [
    1.7827653884887695,
    -0.419938862323761,
    0.14758872985839844,
    -0.276304692029953,
    0.3639828860759735,
    -1.118273138999939,
    0.7500606179237366,
    -0.6064403057098389,
    0.003614680841565132,
    -1.7041714191436768,
    1.0248347520828247,
    -1.0691406726837158,
    0.4204196631908417,
    0.49609702825546265,
    -1.4301977157592773,
    1.6331162452697754
  ],
  "O.OCC(F)(F)F": [
    1.402133584022522,
    -0.9342334270477295,
    0.016517361626029015,
    -0.06806771457195282,
    0.5560598373413086,
    -1.516920804977417,
    0.6348512768745422,
    -0.24224397540092468,
    -0.34310322999954224,
    -1.4918437004089355,
    1.0976847410202026,
    -1.0827938318252563,
    0.7209410071372986,
    0.5733374357223511,
    -1.12197744846344,
    1.7977222204208374
  ],
  "CN(C)C(C)=O": [
    1.8168264627456665,
    0.2865351140499115,
    0.5729761123657227,
    -0.1470622569322586,
    0.26125118136405945,
    -0.5141897797584534,
    1.0890865325927734,
    -0.7310996651649475,
    -0.5468232035636902,
    -1.220028042793274,
    0.8917994499206543,
    -1.9839839935302734,
    -0.17020277678966522,
    0.6449311375617981,
    -1.4114913940429688,
    1.1574652194976807
  ],
  "CCCCCCCCCCO": [
    1.7663630247116089,
    0.45646071434020996,
    0.23018425703048706,
    -0.5311973094940186,
    -0.23859789967536926,
    -0.21469223499298096,
    1.5021988153457642,
    -0.617549479007721,
    -0.7297350168228149,
    -0.8581599593162537,
    0.9288024306297302,
    -1.9559510946273804,
    -0.5561813116073608,
    1.0444256067276,
    -1.1887799501419067,
    0.9636967778205872
  ],
  "OCC": [
    1.8218886852264404,
    -0.23505732417106628,
    0.30304667353630066,
    -0.01130503136664629,
    0.5456652641296387,
    -0.7085825204849243,
    0.9648697972297668,
    -0.6797871589660645,
    -0.2843780815601349,
    -1.421142816543579,
    0.9262806177139282,
    -1.4843666553497314,
    0.05683336406946182,
    0.5509810447692871,
    -1.732886791229248,
    1.3845759630203247
  ],
  "C1CCOC1": [
    1.737104892730713,
    0.33918631076812744,
    0.3721122741699219,
    -0.1750117987394333,
    -0.26130616664886475,
    -0.31372061371803284,
    1.6047194004058838,
    -0.542328953742981,
    -0.5370610952377319,
    -0.8484503626823425,
    0.7996758222579956,
    -2.1412551403045654,
    -0.4639935791492462,
    0.6893236041069031,
    -1.3173266649246216,
    1.057489275932312
  ],
  "[C@H]12CCC([C@H](OC1)O2)=O": [
    1.9141331911087036,
    -0.27682703733444214,
    0.5439531207084656,
    -0.03415428847074509,
    0.6942173838615417,
    -0.7305784225463867,
    0.7046447992324829,
    -0.7360920310020447,
    -0.31104776263237,
    -1.268261432647705,
    0.8761624097824097,
    -1.695149302482605,
    0.12737132608890533,
    0.4506331980228424,
    -1.6090703010559082,
    1.3430255651474
  ],
  "O=C(OCC)C": [
    1.640448808670044,
    0.4821843206882477,
    0.21038630604743958,
    -0.06408823281526566,
    -0.34670668840408325,
    -0.3645332157611847,
    1.7188295125961304,
    -0.5869487524032593,
    -0.6260901093482971,
    -0.8545379042625427,
    0.8568475246429443,
    -2.0852231979370117,
    -0.5037743449211121,
    0.7778287529945374,
    -1.2446998357772827,
    0.991040050983429
  ],
  "CC(C)(C)OC": [
    1.5910776853561401,
    0.4907108545303345,
    -0.02241278439760208,
    -0.3044324219226837,
    -0.6250414848327637,
    -0.45791444182395935,
    1.9534358978271484,
    -0.5037751793861389,
    -0.5119695067405701,
    -0.8384432196617126,
    0.8320181965827942,
    -1.902145266532898,
    -0.6033687591552734,
    1.0326030254364014,
    -1.029897928237915,
    0.9059637784957886
  ],