{
  "CO": [
    1.9251078367233276,
    -0.43260881304740906,
    0.06051962822675705,
    0.11946538835763931,
    0.3548203110694885,
    -1.5920369625091553,
    0.5248628258705139,
    -0.29677796363830566,
    0.07307986915111542,
    -1.476237177848816,
    0.49762800335884094,
    -0.9852684736251831,
    0.1612512767314911,
    0.7979430556297302,
    -1.4278876781463623,
    1.7082362174987793
  ],
  "OCCO": [
    1.9537256956100464,
    -0.5442004799842834,
    0.1352771520614624,
    0.3179270625114441,
    0.7898653745651245,
    -1.529676914215088,
    0.611087441444397,
    -0.31453168392181396,
    -0.21266785264015198,
    -1.401404857635498,
    0.34786176681518555,
    -1.148910403251648,
    0.07525503635406494,
    0.6763996481895447,
    -1.34792160987854,
    1.6054153442382812
  ],
  "C(C(F)(F)F)(C(F)(F)F)O": [
    1.6371477842330933,
    -0.42380958795547485,
    0.004857924766838551,
    -0.3236762285232544,
    -0.1189052164554596,
    -1.6389544010162354,
    0.563913106918335,
    -0.10231323540210724,
    0.34048086404800415,
    -1.9726731777191162,
    0.6300902962684631,
    -0.9183110594749451,
    0.536562442779541,
    0.6665058732032776,
    -0.7142506241798401,
    1.8475091457366943
  ],
  "O1C(C)CCC1": [
    1.9271928071975708,
    0.6535161137580872,
    0.23465174436569214,
    -0.15176256000995636,
    -0.5682886838912964,
    -0.5042020082473755,
    1.5832504034042358,
    -0.5355521440505981,
    -0.45061203837394714,
    -0.981587290763855,
    0.39619752764701843,
    -1.946431040763855,
    -0.5620216131210327,
    0.9047909379005432,
    -1.0619670152664185,
    1.0781502723693848
  ],
  "C1CCCCC1": [
    1.8694032430648804,
    0.5480756163597107,
    0.05667148903012276,
    -0.22095060348510742,
    -0.9187692999839783,
    -0.9613640904426575,
    1.4799041748046875,
    -0.18878842890262604,
    -0.26090508699417114,
    -0.9260525107383728,
    0.8117527961730957,
    -1.983697533607483,
    -0.3889293372631073,
    0.9712508320808411,
    -0.8457066416740417,
    0.9735447764396667
  ],
  "CC(O)C": [
    2.1234800815582275,
    0.29782286286354065,
    0.2554875314235687,
    -0.02419411949813366,
    0.08570626378059387,
    -1.0003842115402222,
    1.0580955743789673,
    -0.4745069444179535,
    -0.15414227545261383,
    -1.4994996786117554,
    0.5154324173927307,
    -1.5166763067245483,
    -0.322002112865448,
    0.7404618263244629,
    -1.3637213706970215,
    1.2954738140106201
  ],
  "O.CC#N": [
    1.8409942388534546,
    -0.6751192212104797,
    0.01436831895262003,
    0.2004818320274353,
    0.4250209331512451,
    -1.719734787940979,
    0.5055816173553467,
    -0.15209168195724487,
    -0.18803231418132782,
    -1.4330099821090698,
    0.5752162933349609,
    -1.0600709915161133,
    0.26955968141555786,
    0.7193342447280884,
    -1.1164571046829224,
    1.8046008348464966
  ],
  "CC#N": [
    2.1319470405578613,
    0.12698687613010406,
    0.2603173553943634,
    0.03293518349528313,
    0.0032941284589469433,
    -0.9736801385879517,
    1.0722455978393555,
    -0.4246998727321625,
    -0.02795558236539364,
    -1.4796086549758911,
    0.5376598834991455,
    -1.5828973054885864,
    -0.2229909747838974,
    0.5969600677490234,
    -1.3863099813461304,
    1.3503401279449463
  ],
  "CC#N.CC(=O)O": [
    2.10980224609375,
    -0.01944626308977604,
    0.20650020241737366,
    0.043752528727054596,
    0.07465311139822006,
    -1.1033942699432373,
    0.924016535282135,
    -0.460211843252182,
    0.11273589730262756,
    -1.5157642364501953,
    0.5857905745506287,
    -1.4289008378982544,
    -0.17315518856048584,
    0.660953164100647,
    -1.4291266202926636,
    1.4259940385818481
  ],
  "CCOCC": [
    1.79977548122406,
    0.6728821396827698,
    0.03216737136244774,
    -0.24536263942718506,
    -0.8422924280166626,
    -0.47484317421913147,
    1.721285104751587,
    -0.5134626626968384,
    -0.41114240884780884,
    -0.9956745505332947,
    0.4228132963180542,
    -1.9063655138015747,
    -0.5696209073066711,
    1.074201226234436,
    -0.8050243258476257,
    1.058242678642273
  ],
  "OCC(F)(F)F": [
    1.7285672426223755,
    -0.38100218772888184,
    0.05729927867650986,
    -0.10229537636041641,
    -0.03840047866106033,
    -1.7098877429962158,
    0.724412202835083,
    -0.23980844020843506,
    0.06660211086273193,
    -1.761789083480835,
    0.7203986048698425,
    -1.0806491374969482,
    0.43565621972084045,
    0.8723762631416321,
    -0.9180092811584473,
    1.6427010297775269
  ],
  "O.OCC(F)(F)F": [
    1.5609748363494873,
    -0.8342210650444031,
    -0.10330098867416382,
    0.14600005745887756,
    0.39917895197868347,
    -1.9660401344299316,
    0.44119206070899963,
    0.016371477395296097,
    -0.2360287457704544,
    -1.4846508502960205,
    0.6067835092544556,
    -0.8368900418281555,
    0.440368115901947,
    0.8607053756713867,
    -0.8690077662467957,
    1.8710706233978271
  ],
  "CN(C)C(C)=O": [
    2.040881872177124,
    0.451110303401947,
    0.44440147280693054,
    -0.12580223381519318,
    -0.007888740859925747,
    -0.7919063568115234,
    1.209521770477295,
    -0.5275934338569641,
    -0.31037041544914246,
    -1.359437346458435,
    0.4577999413013458,
    -1.829642415046692,
    -0.36646339297294617,
    0.8187312483787537,
    -1.231284499168396,
    1.1443428993225098
  ],
  "CCCCCCCCCCO": [
    1.9419571161270142,
    0.6119924187660217,
    0.16803567111492157,
    -0.3814810812473297,
    -0.41144540905952454,
    -0.4640410244464874,
    1.4429739713668823,
    -0.6250889897346497,
    -0.6512945294380188,
    -0.9797176122665405,
    0.6200821399688721,
    -1.8790315389633179,
    -0.5774784088134766,
    1.1328575611114502,
    -0.9719429016113281,
    1.0392192602157593
  ],
  "OCC": [
    2.088228940963745,
    0.03330674767494202,
    0.21326199173927307,
    -0.010440437123179436,
    0.1857755333185196,
    -1.1550254821777344,
    1.0404129028320312,
    -0.4331751763820648,
    -0.09371671080589294,
    -1.5141634941101074,
    0.5175790190696716,
    -1.387326955795288,
    -0.17524243891239166,
    0.7042831778526306,
    -1.4057272672653198,
    1.4088529348373413
  ],
  "C1CCOC1": [
    1.919502854347229,
    0.5716816782951355,
    0.20008745789527893,
    -0.11963912099599838,
    -0.5008578896522522,
    -0.4315955936908722,
    1.540528416633606,
    -0.5159977674484253,
    -0.2988186180591583,
    -1.059760570526123,
    0.5378231406211853,
    -2.0560057163238525,
    -0.6428743004798889,
    0.9166271686553955,
    -1.023281455039978,
    0.9784030318260193
  ],
  "[C@H]12CCC([C@H](OC1)O2)=O": [
    2.2185332775115967,
    -0.12103084474802017,
    0.393619567155838,
    0.015543975867331028,
    0.40813538432121277,
    -1.1064484119415283,
    0.784676194190979,
    -0.4980241358280182,
    -0.09940539300441742,
    -1.3512901067733765,
    0.40328630805015564,
    -1.4995880126953125,
    -0.17470340430736542,
    0.6521257758140564,
    -1.4172513484954834,
    1.404589295387268
  ],
  "O=C(OCC)C": [
    1.8233299255371094,
    0.7082733511924744,
    0.09590493887662888,
    -0.08370192348957062,
    -0.6572023034095764,
    -0.47387605905532837,
    1.6725566387176514,
    -0.5170145630836487,
    -0.40163856744766235,
    -0.9919366240501404,
    0.5042195916175842,
    -1.9404200315475464,
    -0.657151460647583,
    0.9518561959266663,
    -1.0247248411178589,
    1.0082652568817139
  ],
  "CC(C)(C)OC": [
    1.652864694595337,
    0.7460768222808838,
    -0.13226887583732605,
    -0.23454773426055908,
    -0.9749419689178467,
    -0.6208925247192383,
    1.7843531370162964,
    -0.4961305260658264,
    -0.48118820786476135,
    -0.9219942092895508,
    0.650352954864502,
    -1.8383150100708008,
    -0.5947349667549133,
    1.2329845428466797,
    -0.658431887626648,
    0.9069036841392517
  ],