{
  "CO": [
    1.9443576335906982,
    -0.2931588292121887,
    0.045180730521678925,
    0.13081058859825134,
    0.1854095160961151,
    -1.6915305852890015,
    0.7279534339904785,
    -0.30486059188842773,
    0.1479729264974594,
    -1.5153061151504517,
    0.3899027109146118,
    -0.9805894494056702,
    0.07441255450248718,
    0.8244614005088806,
    -1.3080836534500122,
    1.6494876146316528
  ],
  "OCCO": [
    2.0015220642089844,
    -0.4340062141418457,
    0.19426219165325165,
    0.3726808428764343,
    0.6380676031112671,
    -1.6539894342422485,
    0.7150446772575378,
    -0.3087872564792633,
    -0.18567432463169098,
    -1.4313887357711792,
    0.1896621733903885,
    -1.1349236965179443,
    0.024920014664530754,
    0.7278450727462769,
    -1.2337055206298828,
    1.546049952507019
  ],
  "C(C(F)(F)F)(C(F)(F)F)O": [
    1.6739226579666138,
    -0.3218664228916168,
    -0.02419537678360939,
    -0.2128981053829193,
    -0.15276043117046356,
    -1.7654600143432617,
    0.4861936867237091,
    -0.0899573564529419,
    0.2949366271495819,
    -2.0294723510742188,
    0.5476955771446228,
    -0.7619217038154602,
    0.46208783984184265,
    0.6845236420631409,
    -0.606478750705719,
    1.840404987335205
  ],
  "O1C(C)CCC1": [
    2.1332590579986572,
    0.6630472540855408,
    0.31034642457962036,
    -0.2046399563550949,
    -0.5550386309623718,
    -0.6242443919181824,
    1.5480337142944336,
    -0.4464709758758545,
    -0.25410911440849304,
    -1.0090874433517456,
    0.2424146980047226,
    -1.8069286346435547,
    -0.5770704746246338,
    0.7420061826705933,
    -1.1663459539413452,
    1.031125545501709
  ],
  "C1CCCCC1": [
    1.7100259065628052,
    0.7480876445770264,
    -0.18907400965690613,
    -0.5570449829101562,
    -1.1944146156311035,
    -0.8899733424186707,
    1.4632352590560913,
    -0.3446190655231476,
    -0.29103270173072815,
    -0.8152963519096375,
    0.6384947896003723,
    -1.7515352964401245,
    -0.6028081774711609,
    1.5042365789413452,
    -0.33104798197746277,
    0.9289594292640686
  ],
  "CC(O)C": [
    2.1832008361816406,
    0.33430418372154236,
    0.28138238191604614,
    -0.049658823758363724,
    -0.015555713325738907,
    -1.1151520013809204,
    1.1163610219955444,
    -0.45505738258361816,
    -0.026461688801646233,
    -1.5145903825759888,
    0.36113429069519043,
    -1.3841328620910645,
    -0.3723660409450531,
    0.7581193447113037,
    -1.3260830640792847,
    1.255427598953247
  ],
  "O.CC#N": [
    2.008653163909912,
    -0.4802871346473694,
    0.010680914856493473,
    0.17863425612449646,
    0.19340071082115173,
    -1.7851022481918335,
    0.5971187353134155,
    -0.2885623872280121,
    -0.08906907588243484,
    -1.5680216550827026,
    0.4978441894054413,
    -0.9953965544700623,
    0.28402388095855713,
    0.7205228209495544,
    -0.9320448040962219,
    1.671975016593933
  ],
  "CC#N": [
    2.2166452407836914,
    0.22519315779209137,
    0.25373366475105286,
    0.03523676469922066,
    -0.12806983292102814,
    -1.1226249933242798,
    1.1324512958526611,
    -0.41701704263687134,
    0.06769678741693497,
    -1.462904691696167,
    0.406676322221756,
    -1.4731462001800537,
    -0.2539377510547638,
    0.586531937122345,
    -1.3226118087768555,
    1.2839818000793457
  ],
  "CC#N.CC(=O)O": [
    2.2092673778533936,
    0.11558905243873596,
    0.242605060338974,
    -0.012757085263729095,
    -0.049942340701818466,
    -1.1823809146881104,
    0.992228090763092,
    -0.41915684938430786,
    0.18930500745773315,
    -1.5112957954406738,
    0.43638062477111816,
    -1.3290785551071167,
    -0.2776270806789398,
    0.6674317717552185,
    -1.3840059041976929,
    1.3416051864624023
  ],
  "CCOCC": [
    1.9876716136932373,
    0.7821372747421265,
    0.14880315959453583,
    -0.16397209465503693,
    -0.7497926950454712,
    -0.6063843965530396,
    1.6634658575057983,
    -0.4367692470550537,
    -0.409336656332016,
    -0.9432564973831177,
    0.40518131852149963,
    -1.8265920877456665,
    -0.6410756707191467,
    0.8251817226409912,
    -1.0039081573486328,
    0.9943904280662537
  ],
  "OCC(F)(F)F": [
    1.8512098789215088,
    -0.23678173124790192,
    0.008722043596208096,
    -0.033700209110975266,
    -0.07878027856349945,
    -1.7889575958251953,
    0.699992299079895,
    -0.28880810737609863,
    0.0543585829436779,
    -1.7902880907058716,
    0.620317280292511,
    -0.8823402523994446,
    0.30163198709487915,
    0.9105746746063232,
    -0.9112212061882019,
    1.5928125381469727
  ],
  "O.OCC(F)(F)F": [
    1.516847848892212,
    -0.8031715750694275,
    -0.03530532866716385,
    0.16059622168540955,
    0.28799912333488464,
    -2.057687282562256,
    0.457887202501297,
    0.13542696833610535,
    -0.20997188985347748,
    -1.5532146692276,
    0.43610039353370667,
    -0.7499279379844666,
    0.47949934005737305,
    0.9193149209022522,
    -0.8088696002960205,
    1.8477665185928345
  ],
  "CN(C)C(C)=O": [
    2.230764150619507,
    0.49339789152145386,
    0.49966391921043396,
    -0.16547799110412598,
    -0.07489867508411407,
    -0.8884678483009338,
    1.1833289861679077,
    -0.5066423416137695,
    -0.21095062792301178,
    -1.285990595817566,
    0.21942076086997986,
    -1.653498649597168,
    -0.39721402525901794,
    0.6757802963256836,
    -1.2780041694641113,
    1.185825228691101
  ],
  "CCCCCCCCCCO": [
    2.1534435749053955,
    0.6423870921134949,
    0.19546635448932648,
    -0.4219909608364105,
    -0.4820059835910797,
    -0.43053826689720154,
    1.4401668310165405,
    -0.5666376352310181,
    -0.5942113399505615,
    -0.9389423727989197,
    0.3849313259124756,
    -1.7640633583068848,
    -0.6124381422996521,
    0.9904384016990662,
    -1.034887433052063,
    1.0628443956375122
  ],
  "OCC": [
    2.1619954109191895,
    0.08353407680988312,
    0.21021531522274017,
    0.024234618991613388,
    0.11164741963148117,
    -1.2582626342773438,
    1.085254192352295,
    -0.41564294695854187,
    0.003589530475437641,
    -1.4935588836669922,
    0.312359482049942,
    -1.2262771129608154,
    -0.23794792592525482,
    0.721107542514801,
    -1.4302574396133423,
    1.378594160079956
  ],
  "C1CCOC1": [
    2.0892999172210693,
    0.5894083976745605,
    0.3150649964809418,
    -0.18524859845638275,
    -0.5771108865737915,
    -0.585319459438324,
    1.5407992601394653,
    -0.4028247892856598,
    -0.18617618083953857,
    -0.995537281036377,
    0.3766134977340698,
    -1.88112473487854,
    -0.6209926009178162,
    0.7490479946136475,
    -1.1975830793380737,
    0.9970610737800598
  ],
  "[C@H]12CCC([C@H](OC1)O2)=O": [
    2.238291025161743,
    0.045477479696273804,
    0.43271777033805847,
    0.10659497231245041,
    0.25884613394737244,
    -1.196511149406433,
    0.9208064079284668,
    -0.4797745943069458,
    -0.12082275003194809,
    -1.4005331993103027,
    0.2691669464111328,
    -1.4780973196029663,
    -0.2815691828727722,
    0.6944140195846558,
    -1.3053239583969116,
    1.3237707614898682
  ],
  "O=C(OCC)C": [
    1.9411019086837769,
    0.8163039088249207,
    0.1257869005203247,
    -0.06998256593942642,
    -0.769188404083252,
    -0.4894563853740692,
    1.7081615924835205,
    -0.49853435158729553,
    -0.38481569290161133,
    -0.9368299841880798,
    0.4004077613353729,
    -1.831144094467163,
    -0.7137851119041443,
    0.8415043950080872,
    -1.0406545400619507,
    0.9272481799125671
  ],
  "CC(C)(C)OC": [
    1.7490509748458862,
    0.8318262696266174,
    -0.10044346749782562,
    -0.2073034942150116,
    -1.1002705097198486,
    -0.5395094752311707,
    1.8429524898529053,
    -0.47049516439437866,
    -0.4632938504219055,
    -0.8334643840789795,
    0.5654351711273193,
    -1.7812097072601318,
    -0.6878672242164612,
    1.090616226196289,
    -0.6993438601493835,
    0.8307777047157288
  ],