{
  "CO": [
    1.4208204746246338,
    -0.5305851697921753,
    0.28943416476249695,
    -0.27457094192504883,
    0.6271175742149353,
    -0.6128929257392883,
    0.7682465314865112,
    -1.0436997413635254,
    -0.5939549803733826,
    -1.2555292844772339,
    1.6838170289993286,
    -1.2341864109039307,
    0.47648492455482483,
    0.5798158645629883,
    -1.6134763956069946,
    1.3009988069534302
  ],
  "OCCO": [
    1.5111432075500488,
    -0.6867044568061829,
    0.3937661647796631,
    -0.09569629281759262,
    1.2298033237457275,
    -0.745037853717804,
    0.41196954250335693,
    -0.7857988476753235,
    -0.773415744304657,
    -0.9635842442512512,
    1.4830185174942017,
    -1.4169580936431885,
    0.44955745339393616,
    0.4570808708667755,
    -1.6590923070907593,
    1.1753919124603271
  ],
  "C(C(F)(F)F)(C(F)(F)F)O": [
    1.4543334245681763,
    -0.39961597323417664,
    0.10122234374284744,
    -0.7474181056022644,
    0.38581398129463196,
    -0.8506444096565247,
    0.7673683166503906,
    -0.5658637881278992,
    -0.21847395598888397,
    -1.7775694131851196,
    1.6443166732788086,
    -1.023400068283081,
    0.5820976495742798,
    0.4269152581691742,
    -1.2889702320098877,
    1.5025581121444702
  ],
  "O1C(C)CCC1": [
    1.4226493835449219,
    0.21553339064121246,
    0.4026542007923126,
    -0.3653794825077057,
    -0.031951140612363815,
    -0.07827330380678177,
    1.4282232522964478,
    -0.7305648922920227,
    -1.2603398561477661,
    -0.5841474533081055,
    1.1872062683105469,
    -2.0263640880584717,
    -0.23056058585643768,
    0.9593526124954224,
    -1.3185904026031494,
    1.0013009309768677
  ],
  "C1CCCCC1": [
    1.3464564085006714,
    0.12948478758335114,
    0.150684654712677,
    -0.40320947766304016,
    -0.4837680757045746,
    -0.5761830806732178,
    1.5634499788284302,
    -0.29737287759780884,
    -1.025875210762024,
    -0.5405159592628479,
    1.400480031967163,
    -2.091367483139038,
    -0.1823340356349945,
    1.096483588218689,
    -1.0626838207244873,
    0.9706320762634277
  ],
  "CC(O)C": [
    1.5015273094177246,
    -0.07394235581159592,
    0.5330221056938171,
    -0.38423892855644226,
    0.6480841636657715,
    -0.39921289682388306,
    0.7789778709411621,
    -0.8473445177078247,
    -0.9123852849006653,
    -1.0613105297088623,
    1.5116596221923828,
    -1.6643669605255127,
    0.18709439039230347,
    0.6263169646263123,
    -1.6310672760009766,
    1.1737346649169922
  ],
  "O.CC#N": [
    1.2998123168945312,
    -0.9114379286766052,
    0.2110997438430786,
    -0.22417497634887695,
    0.9061324596405029,
    -1.0095537900924683,
    0.46986785531044006,
    -0.47125932574272156,
    -0.7152153849601746,
    -1.030942440032959,
    1.5985578298568726,
    -1.3221588134765625,
    0.630490779876709,
    0.5510479211807251,
    -1.506945252418518,
    1.512460708618164
  ],
  "CC#N": [
    1.5692298412322998,
    -0.31631678342819214,
    0.48731541633605957,
    -0.3169375956058502,
    0.6651548147201538,
    -0.33674100041389465,
    0.6691396236419678,
    -0.8020481467247009,
    -0.6261787414550781,
    -1.140088677406311,
    1.4684306383132935,
    -1.6223078966140747,
    0.2932383120059967,
    0.4957617521286011,
    -1.7646691799163818,
    1.2629855871200562
  ],
  "CC#N.CC(=O)O": [
    1.4658350944519043,
    -0.3970077335834503,
    0.3886582553386688,
    -0.23622356355190277,
    0.6785523295402527,
    -0.29622089862823486,
    0.6635830998420715,
    -0.8469823002815247,
    -0.5849871635437012,
    -1.203504204750061,
    1.617044448852539,
    -1.5519115924835205,
    0.2694377899169922,
    0.5399491190910339,
    -1.7653589248657227,
    1.2453904151916504
  ],
  "CCOCC": [
    1.2516132593154907,
    0.2580408751964569,
    0.1667650043964386,
    -0.3725482225418091,
    -0.28558841347694397,
    -0.16665567457675934,
    1.668926477432251,
    -0.6911821961402893,
    -1.3613896369934082,
    -0.48845764994621277,
    1.250935435295105,
    -1.9506107568740845,
    -0.3125077486038208,
    1.145957350730896,
    -1.0737993717193604,
    0.9542582631111145
  ],
  "OCC(F)(F)F": [
    1.5123692750930786,
    -0.39892247319221497,
    0.3534826636314392,
    -0.6067218780517578,
    0.42763087153434753,
    -0.8093538880348206,
    0.7741472721099854,
    -0.8760735988616943,
    -0.6334530115127563,
    -1.394783616065979,
    1.6408487558364868,
    -1.1029034852981567,
    0.6295884847640991,
    0.5431682467460632,
    -1.4398655891418457,
    1.3706468343734741
  ],
  "O.OCC(F)(F)F": [
    1.271445870399475,
    -0.9325817227363586,
    0.02490851655602455,
    -0.2760331928730011,
    0.8725545406341553,
    -1.1624844074249268,
    0.35122478008270264,
    -0.42943865060806274,
    -0.699390709400177,
    -1.0758732557296753,
    1.7127349376678467,
    -1.0308667421340942,
    0.5744583606719971,
    0.6595385074615479,
    -1.4558693170547485,
    1.5848604440689087
  ],
  "CN(C)C(C)=O": [
    1.504401445388794,
    0.0337415374815464,
    0.6820323467254639,
    -0.3891098201274872,
    0.5704355239868164,
    -0.20677730441093445,
    0.8841845393180847,
    -0.862254798412323,
    -1.052557110786438,
    -0.9458143711090088,
    1.3297139406204224,
    -1.8873841762542725,
    0.06269325315952301,
    0.7097324132919312,
    -1.5220131874084473,
    1.0757943391799927
  ],
  "CCCCCCCCCCO": [
    1.4657700061798096,
    0.24563223123550415,
    0.2504436671733856,
    -0.7172733545303345,
    0.04084385186433792,
    -0.0012822402641177177,
    1.3303248882293701,
    -0.7166249752044678,
    -1.390159010887146,
    -0.5272074341773987,
    1.3789925575256348,
    -1.8404465913772583,
    -0.3221490681171417,
    1.1740282773971558,
    -1.1823463439941406,
    0.8040918707847595
  ],
  "OCC": [
    1.5187121629714966,
    -0.32051199674606323,
    0.45690906047821045,
    -0.36001065373420715,
    0.7825527787208557,
    -0.474825918674469,
    0.7055413126945496,
    -0.8541232943534851,
    -0.7493360042572021,
    -1.1712912321090698,
    1.513818621635437,
    -1.4797166585922241,
    0.31302574276924133,
    0.6015254855155945,
    -1.7063300609588623,
    1.2111146450042725
  ],
  "C1CCOC1": [
    1.4555797576904297,
    0.034301068633794785,
    0.47334960103034973,
    -0.44004955887794495,
    0.14203767478466034,
    -0.041406724601984024,
    1.3306505680084229,
    -0.6423562169075012,
    -1.0380725860595703,
    -0.6327356696128845,
    1.3142704963684082,
    -2.0653879642486572,
    -0.23734556138515472,
    0.817497730255127,
    -1.4749720096588135,
    0.9945591688156128
  ],
  "[C@H]12CCC([C@H](OC1)O2)=O": [
    1.6472787857055664,
    -0.2782663404941559,
    0.6841021180152893,
    -0.2740999758243561,
    0.8877198696136475,
    -0.37688592076301575,
    0.47182759642601013,
    -0.9401113986968994,
    -0.82542884349823,
    -1.0228631496429443,
    1.41787850856781,
    -1.7233573198318481,
    0.26699909567832947,
    0.5379247069358826,
    -1.569414734840393,
    1.0813273191452026
  ],
  "O=C(OCC)C": [
    1.4205306768417358,
    0.195322185754776,
    0.34518706798553467,
    -0.3707015812397003,
    0.027995536103844643,
    -0.10208684206008911,
    1.4553968906402588,
    -0.6488720178604126,
    -1.1404004096984863,
    -0.6179694533348083,
    1.3003631830215454,
    -1.9879543781280518,
    -0.26404231786727905,
    0.836387574672699,
    -1.462510347366333,
    1.003983974456787
  ],
  "CC(C)(C)OC": [
    1.3159302473068237,
    0.27214303612709045,
    0.0197156872600317,
    -0.5150212049484253,
    -0.28260537981987,
    -0.24970030784606934,
    1.826850414276123,
    -0.5455535054206848,
    -1.0977129936218262,
    -0.5109682083129883,
    1.275274634361267,
    -1.8809962272644043,
    -0.4388866424560547,
    1.1415555477142334,
    -1.186387300491333,
    0.8523057103157043
  ],