{
  "CO": [
    1.1131986379623413,
    -1.3948689699172974,
    0.4430965185165405,
    -0.22169837355613708,
    0.976545512676239,
    -0.42944613099098206,
    -0.24247078597545624,
    -0.2139214128255844,
    -0.6455093026161194,
    -1.0782434940338135,
    1.529834508895874,
    -0.5909079313278198,
    0.6336441040039062,
    0.8291467428207397,
    -2.0493624210357666,
    1.3349530696868896
  ],
  "OCCO": [
    1.252511978149414,
    -1.3268442153930664,
    0.6286437511444092,
    -0.1787145733833313,
    1.2791130542755127,
    -0.4593485891819,
    -0.28845277428627014,
    -0.2838272750377655,
    -0.846826434135437,
    -1.0266035795211792,
    1.5679529905319214,
    -0.8479773998260498,
    0.5897133350372314,
    0.7467538118362427,
    -1.8312641382217407,
    1.0184093713760376
  ],
  "C(C(F)(F)F)(C(F)(F)F)O": [
    1.310176968574524,
    -0.9352045655250549,
    0.16153684258460999,
    -0.7857335209846497,
    0.37302055954933167,
    -0.44922536611557007,
    0.13943937420845032,
    -0.03612138330936432,
    -0.09710323065519333,
    -1.9825751781463623,
    1.7157458066940308,
    -0.4680640995502472,
    0.5441851019859314,
    0.7192896604537964,
    -1.601569652557373,
    1.3888788223266602
  ],
  "O1C(C)CCC1": [
    1.3523274660110474,
    -0.7908363342285156,
    0.7866010069847107,
    -0.515209436416626,
    0.306374192237854,
    0.13970331847667694,
    0.848869264125824,
    -0.01817227341234684,
    -1.636338472366333,
    -0.7914696931838989,
    1.1871737241744995,
    -1.4691463708877563,
    0.21764792501926422,
    1.2698358297348022,
    -1.6559780836105347,
    0.7654000520706177
  ],
  "C1CCCCC1": [
    1.1311081647872925,
    -0.6602744460105896,
    0.2357337474822998,
    -0.49728038907051086,
    -0.5027312636375427,
    -0.42678332328796387,
    1.375908374786377,
    0.38272979855537415,
    -1.7103087902069092,
    -0.4102585017681122,
    1.3238203525543213,
    -1.4990407228469849,
    0.090814009308815,
    1.7042608261108398,
    -1.1032612323760986,
    0.5659871101379395
  ],
  "CC(O)C": [
    1.1485037803649902,
    -1.0549863576889038,
    0.8805055618286133,
    -0.3920094668865204,
    0.6029778122901917,
    0.04091078042984009,
    0.5020097494125366,
    -0.2205895185470581,
    -1.1952382326126099,
    -1.1240651607513428,
    1.2268849611282349,
    -1.1336495876312256,
    0.47521254420280457,
    1.1762808561325073,
    -1.9633166790008545,
    1.0261447429656982
  ],
  "O.CC#N": [
    1.5178484916687012,
    -1.5253467559814453,
    0.1958160698413849,
    -0.5468417406082153,
    1.0051809549331665,
    -0.22923491895198822,
    -0.5508476495742798,
    -0.014201913960278034,
    -0.689323365688324,
    -0.5771631598472595,
    1.6162751913070679,
    -0.7209728956222534,
    0.37157344818115234,
    0.778535008430481,
    -1.8655977249145508,
    1.2284916639328003
  ],
  "CC#N": [
    1.192379117012024,
    -1.1848872900009155,
    0.8038744926452637,
    -0.27400705218315125,
    0.7044665217399597,
    0.0021352728363126516,
    0.017694968730211258,
    -0.19815433025360107,
    -0.8640267848968506,
    -1.2165868282318115,
    1.472835898399353,
    -1.0413310527801514,
    0.6434715390205383,
    0.7799680233001709,
    -2.0151190757751465,
    1.1711680889129639
  ],
  "CC#N.CC(=O)O": [
    1.2157163619995117,
    -1.2385529279708862,
    0.6687600016593933,
    -0.27890750765800476,
    0.759174644947052,
    -0.0318414568901062,
    -0.02827308513224125,
    -0.28732550144195557,
    -0.7493272423744202,
    -1.2824045419692993,
    1.6014697551727295,
    -0.874523937702179,
    0.606952965259552,
    0.8029473423957825,
    -2.0059316158294678,
    1.1161282062530518
  ],
  "CCOCC": [
    1.2081060409545898,
    -0.7773435711860657,
    0.5728168487548828,
    -0.4593673348426819,
    0.042208898812532425,
    -0.052792005240917206,
    1.1564465761184692,
    0.036875445395708084,
    -1.9296616315841675,
    -0.5464179515838623,
    1.302427053451538,
    -1.440640926361084,
    0.2556404173374176,
    1.3886901140213013,
    -1.3825502395629883,
    0.6236086487770081
  ],
  "OCC(F)(F)F": [
    0.9805576205253601,
    -1.3437107801437378,
    0.4710073173046112,
    -0.7119088172912598,
    0.5881379246711731,
    -0.5568726658821106,
    0.18293580412864685,
    -0.16776379942893982,
    -0.6271751523017883,
    -1.455238938331604,
    1.6759321689605713,
    -0.5282917022705078,
    0.908034086227417,
    0.9198747873306274,
    -1.6643915176391602,
    1.3250168561935425
  ],
  "O.OCC(F)(F)F": [
    1.2333664894104004,
    -1.4844413995742798,
    0.10689400881528854,
    -0.5469976663589478,
    0.9404035210609436,
    -0.6454590559005737,
    -0.3540074825286865,
    0.033246539533138275,
    -0.45826947689056396,
    -1.0426236391067505,
    1.6565738916397095,
    -0.3726583421230316,
    0.4813518524169922,
    0.9088822603225708,
    -1.8429538011550903,
    1.3821450471878052
  ],
  "CN(C)C(C)=O": [
    1.2704073190689087,
    -0.9112309813499451,
    0.9751548767089844,
    -0.39883333444595337,
    0.7751577496528625,
    0.07941679656505585,
    0.2976451516151428,
    -0.3286280632019043,
    -1.3935030698776245,
    -1.089594841003418,
    1.2877871990203857,
    -1.2973346710205078,
    0.49427881836891174,
    1.1334248781204224,
    -1.7271027565002441,
    0.827675998210907
  ],
  "CCCCCCCCCCO": [
    1.222328782081604,
    -0.6709963083267212,
    0.5129826664924622,
    -0.7197569608688354,
    0.22717098891735077,
    0.2208130955696106,
    0.8807862401008606,
    -0.1399424970149994,
    -2.043703079223633,
    -0.4654535949230194,
    1.3344932794570923,
    -1.2318387031555176,
    0.06300236284732819,
    1.6018028259277344,
    -1.354754090309143,
    0.5613154172897339
  ],
  "OCC": [
    1.22463059425354,
    -1.156451940536499,
    0.7187013030052185,
    -0.3396483361721039,
    0.9519090056419373,
    -0.1774805635213852,
    -0.027413448318839073,
    -0.3617093563079834,
    -0.9202544689178467,
    -1.2438433170318604,
    1.4854037761688232,
    -0.7755829691886902,
    0.599810779094696,
    0.9300762414932251,
    -1.9793305397033691,
    1.0653198957443237
  ],
  "C1CCOC1": [
    1.2595131397247314,
    -0.9626035690307617,
    0.8121712803840637,
    -0.41354402899742126,
    0.3773384392261505,
    0.175978884100914,
    0.8088806867599487,
    -0.009447399526834488,
    -1.5588958263397217,
    -0.6894025802612305,
    1.3086938858032227,
    -1.5385793447494507,
    0.16144129633903503,
    1.233364462852478,
    -1.6796399354934692,
    0.7113087177276611
  ],
  "[C@H]12CCC([C@H](OC1)O2)=O": [
    1.3582316637039185,
    -1.1770826578140259,
    0.9039186835289001,
    -0.30188238620758057,
    1.0909289121627808,
    -0.11618129163980484,
    -0.27137309312820435,
    -0.41485410928726196,
    -0.8362855315208435,
    -1.0509976148605347,
    1.4295063018798828,
    -1.0313411951065063,
    0.5523195266723633,
    0.7858706116676331,
    -1.9068719148635864,
    0.9790942668914795
  ],
  "O=C(OCC)C": [
    1.2004024982452393,
    -0.8385745286941528,
    0.6793333888053894,
    -0.3105091154575348,
    0.16060175001621246,
    0.07585904002189636,
    0.9900124073028564,
    0.008468924090266228,
    -1.7770265340805054,
    -0.6541531085968018,
    1.349461317062378,
    -1.4476007223129272,
    0.18867582082748413,
    1.299651861190796,
    -1.6174731254577637,
    0.6899741291999817
  ],
  "CC(C)(C)OC": [
    0.8957470059394836,
    -0.55298912525177,
    0.06684792786836624,
    -0.5519714951515198,
    -0.5422313213348389,
    -0.1347995400428772,
    1.6933612823486328,
    0.16878238320350647,
    -1.956460952758789,
    -0.25914278626441956,
    1.0396842956542969,
    -1.2737501859664917,
    -0.11277630180120468,
    2.0013692378997803,
    -0.8244006037712097,
    0.34543466567993164
  ],