{
  "CO": [
    1.8614453077316284,
    -0.4998549222946167,
    0.021472906693816185,
    0.06952665746212006,
    0.5161904692649841,
    -1.3900319337844849,
    0.6134098768234253,
    -0.45452842116355896,
    0.03738037124276161,
    -1.420413613319397,
    0.6528527140617371,
    -1.0094715356826782,
    0.25752368569374084,
    0.6108631491661072,
    -1.6012067794799805,
    1.736384391784668
  ],
  "OCCO": [
    1.9326171875,
    -0.5809558629989624,
    0.09170278161764145,
    0.347470760345459,
    0.930294394493103,
    -1.3207449913024902,
    0.6233978867530823,
    -0.4508262574672699,
    -0.30274325609207153,
    -1.267322301864624,
    0.594818651676178,
    -1.252983570098877,
    0.17467093467712402,
    0.4589786231517792,
    -1.5279150009155273,
    1.550669550895691
  ],
  "C(C(F)(F)F)(C(F)(F)F)O": [
    1.7333521842956543,
    -0.4029276967048645,
    -0.033348146826028824,
    -0.17905446887016296,
    0.055998556315898895,
    -1.440308928489685,
    0.7288743257522583,
    -0.2869904041290283,
    0.02012355625629425,
    -1.8620456457138062,
    0.8220351338386536,
    -0.972592294216156,
    0.5460269451141357,
    0.5016919374465942,
    -1.0483092069625854,
    1.8221098184585571
  ],
  "O1C(C)CCC1": [
    1.9838190078735352,
    0.5342658758163452,
    0.2400248944759369,
    -0.19783565402030945,
    -0.3547975718975067,
    -0.34641313552856445,
    1.6405916213989258,
    -0.5266669988632202,
    -0.41813164949417114,
    -0.9883064031600952,
    0.4986327588558197,
    -1.9986960887908936,
    -0.529859721660614,
    0.687714695930481,
    -1.208045244216919,
    0.9907312393188477
  ],
  "C1CCCCC1": [
    1.535727858543396,
    0.5182749629020691,
    -0.4684326648712158,
    -0.7107151746749878,
    -0.9895263910293579,
    -0.6406064629554749,
    1.5221132040023804,
    -0.38509753346443176,
    -0.15526488423347473,
    -0.747963547706604,
    0.507952868938446,
    -1.9408681392669678,
    -0.6993879675865173,
    1.7543671131134033,
    0.058507420122623444,
    0.8545502424240112
  ],
  "CC(O)C": [
    1.9173202514648438,
    0.28504833579063416,
    0.23306672275066376,
    0.0007689060876145959,
    0.011889833956956863,
    -0.7526765465736389,
    1.4339956045150757,
    -0.5741778612136841,
    -0.23317043483257294,
    -1.3890700340270996,
    0.5551950931549072,
    -1.793566346168518,
    -0.1802331954240799,
    0.611678957939148,
    -1.3628593683242798,
    1.2435022592544556
  ],
  "O.CC#N": [
    1.7839699983596802,
    -0.7659140229225159,
    -0.01564357988536358,
    0.17695356905460358,
    0.5160568952560425,
    -1.5171751976013184,
    0.6167272925376892,
    -0.21073129773139954,
    -0.334542840719223,
    -1.3322705030441284,
    0.8003331422805786,
    -1.2814826965332031,
    0.452299028635025,
    0.5070561766624451,
    -1.1755226850509644,
    1.7800395488739014
  ],
  "CC#N": [
    2.1208057403564453,
    0.014090022072196007,
    0.23200486600399017,
    0.046154703944921494,
    0.22666779160499573,
    -0.7479535937309265,
    1.104084849357605,
    -0.5147805213928223,
    -0.10096009075641632,
    -1.3799091577529907,
    0.6262051463127136,
    -1.6306133270263672,
    -0.094700887799263,
    0.34596702456474304,
    -1.5859322547912598,
    1.3413975238800049
  ],
  "CC#N.CC(=O)O": [
    2.1106791496276855,
    -0.07406922429800034,
    0.18231631815433502,
    0.009827687405049801,
    0.188120499253273,
    -0.8083438277244568,
    1.049067735671997,
    -0.612194299697876,
    0.04145623743534088,
    -1.4450678825378418,
    0.7046903371810913,
    -1.5218958854675293,
    -0.06216011941432953,
    0.4266597628593445,
    -1.5564320087432861,
    1.3702653646469116
  ],
  "CCOCC": [
    1.6956878900527954,
    0.5843700170516968,
    0.014472130686044693,
    -0.2382686287164688,
    -0.7979049682617188,
    -0.33326026797294617,
    1.9393179416656494,
    -0.5108939409255981,
    -0.36858487129211426,
    -0.9671705961227417,
    0.4348287582397461,
    -1.965941309928894,
    -0.5596081018447876,
    0.9013227224349976,
    -0.8640802502632141,
    1.0460827350616455
  ],
  "OCC(F)(F)F": [
    1.939977765083313,
    -0.3245995342731476,
    0.025770626962184906,
    -0.21359467506408691,
    0.24259014427661896,
    -1.3169994354248047,
    0.7461825013160706,
    -0.41898617148399353,
    0.24457523226737976,
    -1.8042283058166504,
    0.68442702293396,
    -0.9876349568367004,
    0.3469982147216797,
    0.441322922706604,
    -1.2796845436096191,
    1.6789875030517578
  ],
  "O.OCC(F)(F)F": [
    1.6122466325759888,
    -0.9333292245864868,
    -0.14165149629116058,
    0.13910187780857086,
    0.5868502259254456,
    -1.6812433004379272,
    0.3638237416744232,
    -0.08001087605953217,
    -0.19885551929473877,
    -1.3092384338378906,
    0.7115454077720642,
    -0.8863115310668945,
    0.40211221575737,
    0.7366619110107422,
    -1.2643845081329346,
    1.9432944059371948
  ],
  "CN(C)C(C)=O": [
    2.050797462463379,
    0.43479374051094055,
    0.4559475779533386,
    -0.13947303593158722,
    0.09892646968364716,
    -0.5784787535667419,
    1.2383112907409668,
    -0.6234143376350403,
    -0.3890722095966339,
    -1.2529518604278564,
    0.5673385262489319,
    -1.9137145280838013,
    -0.31102073192596436,
    0.604293704032898,
    -1.3446877002716064,
    1.106858491897583
  ],
  "CCCCCCCCCCO": [
    1.9368842840194702,
    0.6041823625564575,
    0.14528535306453705,
    -0.44582605361938477,
    -0.35664576292037964,
    -0.2857150733470917,
    1.5158175230026245,
    -0.5811029672622681,
    -0.6461770534515381,
    -0.9482002258300781,
    0.7299093008041382,
    -1.9232817888259888,
    -0.6078625917434692,
    1.0181643962860107,
    -1.0656651258468628,
    0.9180328249931335
  ],
  "OCC": [
    2.0855212211608887,
    0.035003677010536194,
    0.2262178659439087,
    -0.022703515365719795,
    0.31137600541114807,
    -0.8791134357452393,
    1.1283624172210693,
    -0.6149652004241943,
    -0.16162779927253723,
    -1.4624334573745728,
    0.6364530324935913,
    -1.4738439321517944,
    -0.08050381392240524,
    0.488381564617157,
    -1.5402294397354126,
    1.3294072151184082
  ],
  "C1CCOC1": [
    1.9762486219406128,
    0.49956199526786804,
    0.22037164866924286,
    -0.17293274402618408,
    -0.3167942464351654,
    -0.3304455280303955,
    1.611937403678894,
    -0.487762451171875,
    -0.34419897198677063,
    -0.9869337677955627,
    0.5902850031852722,
    -2.07712459564209,
    -0.547092080116272,
    0.6486336588859558,
    -1.2183678150177002,
    0.9410091042518616
  ],
  "[C@H]12CCC([C@H](OC1)O2)=O": [
    2.1747360229492188,
    -0.0847487598657608,
    0.37758952379226685,
    0.06917061656713486,
    0.517866849899292,
    -0.8607227802276611,
    0.8770068287849426,
    -0.6638381481170654,
    -0.23509235680103302,
    -1.328820824623108,
    0.6041194200515747,
    -1.628908395767212,
    -0.0812910869717598,
    0.4557138681411743,
    -1.4875950813293457,
    1.2966835498809814
  ],
  "O=C(OCC)C": [
    1.9208012819290161,
    0.5911739468574524,
    0.13406416773796082,
    -0.1242593452334404,
    -0.43819019198417664,
    -0.4124431014060974,
    1.7198237180709839,
    -0.48601362109184265,
    -0.3663824200630188,
    -0.9816778302192688,
    0.5914535522460938,
    -1.9860721826553345,
    -0.5661373138427734,
    0.707502543926239,
    -1.2064908742904663,
    0.9112246632575989
  ],
  "CC(C)(C)OC": [
    1.6619845628738403,
    0.6780704259872437,
    -0.13217182457447052,
    -0.24086320400238037,
    -0.8789607882499695,
    -0.5073779821395874,
    1.985249400138855,
    -0.4508296549320221,
    -0.5279805660247803,
    -0.8480419516563416,
    0.6455256342887878,
    -1.88169264793396,
    -0.5833799839019775,
    0.9980816841125488,
    -0.7804726958274841,
    0.8754944205284119
  ],