{
  "CO": [
    1.9086731672286987,
    -0.4556303322315216,
    0.025279713794589043,
    0.16037645936012268,
    0.34539106488227844,
    -1.6253678798675537,
    0.5236963629722595,
    -0.21218059957027435,
    0.07295625656843185,
    -1.4519374370574951,
    0.43678054213523865,
    -0.9803767800331116,
    0.12126123160123825,
    0.8172993063926697,
    -1.4166520833969116,
    1.7437893152236938
  ],
  "OCCO": [
    1.9476826190948486,
    -0.5519675016403198,
    0.13965392112731934,
    0.4115007519721985,
    0.7500292658805847,
    -1.563640832901001,
    0.635955810546875,
    -0.239034041762352,
    -0.2777523994445801,
    -1.3526442050933838,
    0.3474043309688568,
    -1.184846043586731,
    0.021694445982575417,
    0.6810138821601868,
    -1.3405944108963013,
    1.59051513671875
  ],
  "C(C(F)(F)F)(C(F)(F)F)O": [
    1.6370906829833984,
    -0.3354378640651703,
    -0.06214293837547302,
    -0.20419004559516907,
    -0.13508042693138123,
    -1.6425628662109375,
    0.4194067418575287,
    -0.029071282595396042,
    0.41257914900779724,
    -2.070364236831665,
    0.6123616099357605,
    -0.9060977101325989,
    0.4926512539386749,
    0.6067449450492859,
    -0.6444046497344971,
    1.8627289533615112
  ],
  "O1C(C)CCC1": [
    1.9414256811141968,
    0.7126840353012085,
    0.19131185114383698,
    -0.10903525352478027,
    -0.607964277267456,
    -0.42760545015335083,
    1.5796864032745361,
    -0.5381152033805847,
    -0.47252357006073,
    -0.9313347935676575,
    0.41866546869277954,
    -1.9453078508377075,
    -0.6403954029083252,
    0.8871409893035889,
    -1.0754849910736084,
    1.032579779624939
  ],
  "C1CCCCC1": [
    1.9640438556671143,
    0.5561851263046265,
    0.16840830445289612,
    -0.34416574239730835,
    -0.9897820353507996,
    -0.9307224154472351,
    1.4143723249435425,
    -0.12166203558444977,
    -0.2425745576620102,
    -0.8590081334114075,
    0.7793886065483093,
    -1.9345009326934814,
    -0.31991904973983765,
    0.8351393938064575,
    -0.979680597782135,
    1.0182809829711914
  ],
  "CC(O)C": [
    2.1492955684661865,
    0.35555875301361084,
    0.3099885880947113,
    -0.03929770365357399,
    0.02851233258843422,
    -0.9811318516731262,
    1.1051485538482666,
    -0.501650869846344,
    -0.1740073561668396,
    -1.4191573858261108,
    0.43509823083877563,
    -1.5292977094650269,
    -0.32753169536590576,
    0.6808309555053711,
    -1.3842681646347046,
    1.30936861038208
  ],
  "O.CC#N": [
    1.8728276491165161,
    -0.7439901828765869,
    0.010600951500236988,
    0.20999664068222046,
    0.3414396643638611,
    -1.7200556993484497,
    0.47700610756874084,
    -0.07165124267339706,
    -0.18459069728851318,
    -1.3924193382263184,
    0.5416032671928406,
    -1.1453698873519897,
    0.34243839979171753,
    0.7116620540618896,
    -1.0396764278411865,
    1.8006848096847534
  ],
  "CC#N": [
    2.1446282863616943,
    0.11476638913154602,
    0.28850057721138,
    0.0503653883934021,
    -0.04786795377731323,
    -1.0068352222442627,
    1.0797709226608276,
    -0.305320680141449,
    0.023458590731024742,
    -1.4110276699066162,
    0.4413200616836548,
    -1.5902384519577026,
    -0.2350127100944519,
    0.5324902534484863,
    -1.449415683746338,
    1.385405421257019
  ],
  "CC#N.CC(=O)O": [
    2.1448259353637695,
    0.002381958533078432,
    0.18894611299037933,
    0.05712474510073662,
    0.021744808182120323,
    -1.1024781465530396,
    0.9353339076042175,
    -0.43466952443122864,
    0.12800940871238708,
    -1.4927010536193848,
    0.5670850872993469,
    -1.3833798170089722,
    -0.2173580825328827,
    0.6441124081611633,
    -1.4643856287002563,
    1.4211385250091553
  ],
  "CCOCC": [
    1.9389411211013794,
    0.726237416267395,
    0.13749730587005615,
    -0.20753124356269836,
    -0.702761173248291,
    -0.6292641162872314,
    1.6423065662384033,
    -0.43477433919906616,
    -0.4057671129703522,
    -0.9454334378242493,
    0.5088046789169312,
    -1.8930232524871826,
    -0.5431437492370605,
    0.8234939575195312,
    -1.0322635173797607,
    1.0338013172149658
  ],
  "OCC(F)(F)F": [
    1.8836408853530884,
    -0.3298937678337097,
    0.013011239469051361,
    -0.10192146897315979,
    0.08370103687047958,
    -1.639359712600708,
    0.5817482471466064,
    -0.25576621294021606,
    0.1707371473312378,
    -1.7539960145950317,
    0.5824885368347168,
    -0.8658212423324585,
    0.2851901650428772,
    0.7783453464508057,
    -1.1419402360916138,
    1.7262686491012573
  ],
  "O.OCC(F)(F)F": [
    1.6598725318908691,
    -0.8294296264648438,
    -0.08631634712219238,
    0.15812818706035614,
    0.4130922853946686,
    -1.9403184652328491,
    0.4277842938899994,
    -0.02111503854393959,
    -0.19359810650348663,
    -1.4457415342330933,
    0.5269502997398376,
    -0.8113977313041687,
    0.4062575399875641,
    0.8418542742729187,
    -0.9537225365638733,
    1.8612375259399414
  ],
  "CN(C)C(C)=O": [
    2.1629505157470703,
    0.445416659116745,
    0.49580031633377075,
    -0.17832188308238983,
    -0.0241536982357502,
    -0.7943527698516846,
    1.1362216472625732,
    -0.5010040998458862,
    -0.23101657629013062,
    -1.2778756618499756,
    0.3469878137111664,
    -1.741170883178711,
    -0.3866744935512543,
    0.6758648157119751,
    -1.3407448530197144,
    1.227783441543579
  ],
  "CCCCCCCCCCO": [
    1.9573084115982056,
    0.6641209125518799,
    0.24391047656536102,
    -0.29745715856552124,
    -0.4796774089336395,
    -0.5074440240859985,
    1.4471420049667358,
    -0.5589247345924377,
    -0.6856624484062195,
    -0.9668341875076294,
    0.6711180210113525,
    -1.8827509880065918,
    -0.6051123738288879,
    1.0710703134536743,
    -1.0002403259277344,
    0.9465495347976685
  ],
  "OCC": [
    2.1452648639678955,
    0.04947119951248169,
    0.20509737730026245,
    0.021635914221405983,
    0.16883157193660736,
    -1.1112478971481323,
    1.02509605884552,
    -0.4362315833568573,
    -0.06119373440742493,
    -1.468980312347412,
    0.4254966676235199,
    -1.3188269138336182,
    -0.23261836171150208,
    0.6838565468788147,
    -1.5003607273101807,
    1.4226288795471191
  ],
  "C1CCOC1": [
    1.9990167617797852,
    0.595622718334198,
    0.25634709000587463,
    -0.13718630373477936,
    -0.5285990238189697,
    -0.4640282392501831,
    1.5370206832885742,
    -0.45767703652381897,
    -0.31918272376060486,
    -0.9433180093765259,
    0.4724021553993225,
    -1.9892404079437256,
    -0.6405749917030334,
    0.7766950130462646,
    -1.1742801666259766,
    1.0321571826934814
  ],
  "[C@H]12CCC([C@H](OC1)O2)=O": [
    2.237031936645508,
    0.02469204179942608,
    0.4713239371776581,
    0.03244872763752937,
    0.29819610714912415,
    -1.0895717144012451,
    0.8606916069984436,
    -0.5161033868789673,
    -0.1793919950723648,
    -1.3556640148162842,
    0.3287355303764343,
    -1.5509593486785889,
    -0.20579801499843597,
    0.657906711101532,
    -1.3539528846740723,
    1.3556615114212036
  ],
  "O=C(OCC)C": [
    1.9946963787078857,
    0.6918004155158997,
    0.19702239334583282,
    -0.14132440090179443,
    -0.6233211159706116,
    -0.5306107401847839,
    1.5916588306427002,
    -0.43668675422668457,
    -0.2966557443141937,
    -0.9560396075248718,
    0.4568083584308624,
    -1.876848816871643,
    -0.6387206315994263,
    0.7870047688484192,
    -1.2055456638336182,
    1.0036489963531494
  ],
  "CC(C)(C)OC": [
    1.69560706615448,
    0.7870556712150574,
    -0.14191634953022003,
    -0.21876582503318787,
    -1.0580075979232788,
    -0.5570847392082214,
    1.8013811111450195,
    -0.487738698720932,
    -0.5025917291641235,
    -0.8354692459106445,
    0.6428654193878174,
    -1.8336864709854126,
    -0.6187716126441956,
    1.176491618156433,
    -0.6787933111190796,
    0.849595308303833
  ],