{
  "CO": [
    1.7969707250595093,
    -0.2663283050060272,
    0.3436647355556488,
    -0.3167998790740967,
    -0.08822869509458542,
    -1.4481055736541748,
    0.8369048833847046,
    -0.12679564952850342,
    0.5342901945114136,
    -1.5768611431121826,
    0.005475690588355064,
    -1.2144935131072998,
    0.1838030219078064,
    0.7246168851852417,
    -1.2048285007476807,
    1.8332716226577759
  ],
  "OCCO": [
    2.050990104675293,
    -0.46076175570487976,
    0.20546963810920715,
    0.31658288836479187,
    0.6825384497642517,
    -1.543915867805481,
    0.709092378616333,
    -0.36704692244529724,
    -0.23679347336292267,
    -1.378444790840149,
    0.33739230036735535,
    -1.2137329578399658,
    0.026854107156395912,
    0.6544445753097534,
    -1.2858607769012451,
    1.521294355392456
  ],
  "C(C(F)(F)F)(C(F)(F)F)O": [
    1.5804387331008911,
    -0.3048430383205414,
    0.027339577674865723,
    -0.21789388358592987,
    -0.339484304189682,
    -1.69440495967865,
    0.6655704379081726,
    -0.16134053468704224,
    0.2155764251947403,
    -1.9392379522323608,
    0.7503097057342529,
    -0.9664815664291382,
    0.5272429585456848,
    0.6810877919197083,
    -0.6376655697822571,
    1.8299871683120728
  ],
  "O1C(C)CCC1": [
    1.9944647550582886,
    0.7074901461601257,
    0.25305992364883423,
    -0.14721989631652832,
    -0.59147047996521,
    -0.5433393716812134,
    1.5687278509140015,
    -0.48722267150878906,
    -0.41281694173812866,
    -0.9487367868423462,
    0.40485328435897827,
    -1.9086674451828003,
    -0.5934524536132812,
    0.8038501739501953,
    -1.1240919828414917,
    1.0420796871185303
  ],
  "C1CCCCC1": [
    1.8805981874465942,
    0.6488908529281616,
    -0.013558793812990189,
    -0.24829332530498505,
    -1.1067777872085571,
    -0.8889977931976318,
    1.615314245223999,
    -0.24883273243904114,
    -0.24206025898456573,
    -0.7980186939239502,
    0.6983490586280823,
    -1.8446202278137207,
    -0.5015258193016052,
    1.0235434770584106,
    -0.8567354679107666,
    0.9019373059272766
  ],
  "CC(O)C": [
    2.0679497718811035,
    0.36253660917282104,
    0.27863818407058716,
    -0.007585503160953522,
    -0.09963293373584747,
    -0.9961228370666504,
    1.2892776727676392,
    -0.4948917031288147,
    -0.08078163862228394,
    -1.3954601287841797,
    0.36526912450790405,
    -1.5966376066207886,
    -0.29227039217948914,
    0.698871910572052,
    -1.3548223972320557,
    1.2761863470077515
  ],
  "O.CC#N": [
    1.8334277868270874,
    -0.663773238658905,
    0.10889271646738052,
    0.015541572123765945,
    0.2476520836353302,
    -1.6705567836761475,
    0.5994330644607544,
    -0.024351902306079865,
    -0.0407070554792881,
    -1.568040132522583,
    0.3796941637992859,
    -1.0643649101257324,
    0.4092482328414917,
    0.7073414921760559,
    -1.079944133758545,
    1.825285792350769
  ],
  "CC#N": [
    2.168085813522339,
    0.13882315158843994,
    0.2728579342365265,
    0.059153225272893906,
    -0.011297146789729595,
    -1.0256415605545044,
    1.0724875926971436,
    -0.3243837058544159,
    0.025736205279827118,
    -1.4411588907241821,
    0.4590817093849182,
    -1.5505809783935547,
    -0.25157010555267334,
    0.5328158736228943,
    -1.449191689491272,
    1.3423590660095215
  ],
  "CC#N.CC(=O)O": [
    2.2125930786132812,
    0.0469508171081543,
    0.20640265941619873,
    0.0005330921849235892,
    0.0025678088422864676,
    -1.1475197076797485,
    0.9025943875312805,
    -0.45039957761764526,
    0.1900484561920166,
    -1.488323450088501,
    0.5140326619148254,
    -1.3101543188095093,
    -0.21919916570186615,
    0.6396999955177307,
    -1.46503484249115,
    1.3834350109100342
  ],
  "CCOCC": [
    1.8285984992980957,
    0.714897096157074,
    0.0466778390109539,
    -0.21928705275058746,
    -0.9339611530303955,
    -0.4557277262210846,
    1.7593772411346436,
    -0.4774812161922455,
    -0.38778263330459595,
    -0.9112356901168823,
    0.428263396024704,
    -1.8665357828140259,
    -0.6310829520225525,
    0.9756436347961426,
    -0.8817212581634521,
    1.0303961038589478
  ],
  "OCC(F)(F)F": [
    1.8415096998214722,
    -0.28316181898117065,
    0.04366336017847061,
    -0.08452559262514114,
    -0.04548317939043045,
    -1.7408334016799927,
    0.7401496171951294,
    -0.21681451797485352,
    0.07828135043382645,
    -1.7197402715682983,
    0.6413998603820801,
    -1.0346332788467407,
    0.31518295407295227,
    0.8368119597434998,
    -0.9761164784431458,
    1.6240297555923462
  ],
  "O.OCC(F)(F)F": [
    1.6082326173782349,
    -0.7951992154121399,
    -0.04247955232858658,
    0.13581043481826782,
    0.3172696530818939,
    -2.01692795753479,
    0.5014165043830872,
    0.057615913450717926,
    -0.25470593571662903,
    -1.4892466068267822,
    0.5286558866500854,
    -0.8472387790679932,
    0.4610579311847687,
    0.8586891293525696,
    -0.8288041353225708,
    1.8222031593322754
  ],
  "CN(C)C(C)=O": [
    2.1557300090789795,
    0.5161100625991821,
    0.5082470178604126,
    -0.15260836482048035,
    -0.11069778352975845,
    -0.7548177242279053,
    1.1843276023864746,
    -0.5180715918540955,
    -0.29260846972465515,
    -1.2407474517822266,
    0.353849321603775,
    -1.7658952474594116,
    -0.431851863861084,
    0.7178364396095276,
    -1.3120733499526978,
    1.1609857082366943
  ],
  "CCCCCCCCCCO": [
    2.013300657272339,
    0.6670390963554382,
    0.18838070333003998,
    -0.3604069650173187,
    -0.49267491698265076,
    -0.5080457329750061,
    1.4551388025283813,
    -0.5717307329177856,
    -0.6161815524101257,
    -0.9484736323356628,
    0.6176174879074097,
    -1.8523309230804443,
    -0.5978241562843323,
    1.042864441871643,
    -1.0043240785598755,
    0.9857923984527588
  ],
  "OCC": [
    2.158188581466675,
    0.07387948781251907,
    0.1924082338809967,
    0.019522879272699356,
    0.15783894062042236,
    -1.1167054176330566,
    1.0768486261367798,
    -0.4122578799724579,
    -0.05749473348259926,
    -1.504597783088684,
    0.4452652633190155,
    -1.3287174701690674,
    -0.24162258207798004,
    0.6666584014892578,
    -1.4671186208724976,
    1.3589321374893188
  ],
  "C1CCOC1": [
    1.9665473699569702,
    0.6103970408439636,
    0.2184879183769226,
    -0.15957105159759521,
    -0.6507965922355652,
    -0.39939627051353455,
    1.6171627044677734,
    -0.4752002954483032,
    -0.3044440746307373,
    -0.9249534010887146,
    0.4488975703716278,
    -1.9728623628616333,
    -0.6676012277603149,
    0.8311890363693237,
    -1.113537311553955,
    0.9930524230003357
  ],
  "[C@H]12CCC([C@H](OC1)O2)=O": [
    2.2631618976593018,
    0.011214368045330048,
    0.4312264323234558,
    0.05043959617614746,
    0.2716607451438904,
    -1.102331519126892,
    0.8808528184890747,
    -0.4792444705963135,
    -0.12976017594337463,
    -1.3725109100341797,
    0.33265647292137146,
    -1.5465821027755737,
    -0.2110438197851181,
    0.6420394778251648,
    -1.349572777748108,
    1.3253504037857056
  ],
  "O=C(OCC)C": [
    1.9232044219970703,
    0.7564539909362793,
    0.0953628346323967,
    -0.14832845330238342,
    -0.759239673614502,
    -0.4809102416038513,
    1.6946691274642944,
    -0.4660622775554657,
    -0.32048270106315613,
    -0.9752058982849121,
    0.4541907012462616,
    -1.8526698350906372,
    -0.6470738649368286,
    0.8446696400642395,
    -1.0772688388824463,
    0.9780864119529724
  ],
  "CC(C)(C)OC": [
    1.8041296005249023,
    0.7889204621315002,
    -0.08175762742757797,
    -0.25058966875076294,
    -0.9909501671791077,
    -0.5699592232704163,
    1.8083640336990356,
    -0.46273666620254517,
    -0.44424527883529663,
    -0.8479815721511841,
    0.632857084274292,
    -1.7890686988830566,
    -0.6354871392250061,
    1.020250678062439,
    -0.8320744633674622,
    0.8715383410453796
  ],