{
  "CO": [
    1.860403060913086,
    -0.3720860481262207,
    0.07410868257284164,
    0.04351077601313591,
    0.08186450600624084,
    -1.7131656408309937,
    0.6786491870880127,
    -0.14843082427978516,
    0.2087201476097107,
    -1.5522356033325195,
    0.39324507117271423,
    -1.1070636510849,
    0.18069174885749817,
    0.8815290927886963,
    -1.1840277910232544,
    1.6944925785064697
  ],
  "OCCO": [
    2.115103006362915,
    -0.37942272424697876,
    0.1768508106470108,
    0.2845746576786041,
    0.593003511428833,
    -1.6040297746658325,
    0.6463238596916199,
    -0.36847713589668274,
    -0.24618488550186157,
    -1.415955901145935,
    0.32805556058883667,
    -1.1870629787445068,
    0.014153293333947659,
    0.7370004653930664,
    -1.1765624284744263,
    1.5042192935943604
  ],
  "C(C(F)(F)F)(C(F)(F)F)O": [
    1.3722889423370361,
    -0.2902437150478363,
    0.08072420954704285,
    -0.2948778569698334,
    -0.6547496318817139,
    -1.6729341745376587,
    0.7993084192276001,
    -0.03485380858182907,
    0.3865211009979248,
    -1.9105557203292847,
    0.48741814494132996,
    -1.020119071006775,
    0.5003529191017151,
    0.9013580083847046,
    -0.5166794657707214,
    1.8863778114318848
  ],
  "O1C(C)CCC1": [
    1.997876524925232,
    0.7778457999229431,
    0.2456735074520111,
    -0.1414417326450348,
    -0.6708801984786987,
    -0.49464622139930725,
    1.543398141860962,
    -0.516851544380188,
    -0.45788055658340454,
    -0.9694358706474304,
    0.4225234389305115,
    -1.8966405391693115,
    -0.6155838370323181,
    0.8419713377952576,
    -1.0477125644683838,
    1.0013561248779297
  ],
  "C1CCCCC1": [
    1.6548821926116943,
    0.7177859544754028,
    -0.21220308542251587,
    -0.6957070231437683,
    -1.2071685791015625,
    -0.8205854296684265,
    1.3525233268737793,
    -0.3338726758956909,
    -0.2680834233760834,
    -0.7881029844284058,
    0.6641164422035217,
    -1.8197275400161743,
    -0.5694698691368103,
    1.5989903211593628,
    -0.20224854350090027,
    0.9493594169616699
  ],
  "CC(O)C": [
    2.191913366317749,
    0.3903465270996094,
    0.33756062388420105,
    -0.11774368584156036,
    -0.08377158641815186,
    -1.064365029335022,
    1.0952274799346924,
    -0.47127100825309753,
    -0.09547251462936401,
    -1.4296320676803589,
    0.40495994687080383,
    -1.4839364290237427,
    -0.3455510139465332,
    0.708853542804718,
    -1.3038458824157715,
    1.2897405624389648
  ],
  "O.CC#N": [
    1.8136541843414307,
    -0.6133095026016235,
    0.01789788156747818,
    0.1940380483865738,
    0.2644546627998352,
    -1.8580859899520874,
    0.5542080402374268,
    -0.06709679216146469,
    -0.20919282734394073,
    -1.4202500581741333,
    0.5253511071205139,
    -1.0680700540542603,
    0.2692825198173523,
    0.7957587838172913,
    -0.9818049073219299,
    1.7998366355895996
  ],
  "CC#N": [
    2.2071354389190674,
    0.2090890109539032,
    0.27917322516441345,
    -0.019288573414087296,
    -0.1263316571712494,
    -1.093740701675415,
    1.0817700624465942,
    -0.37507888674736023,
    0.025416500866413116,
    -1.4410591125488281,
    0.46789076924324036,
    -1.5099259614944458,
    -0.2570563852787018,
    0.5993314981460571,
    -1.3410269021987915,
    1.3152146339416504
  ],
  "CC#N.CC(=O)O": [
    2.1436445713043213,
    0.09059268981218338,
    0.20251809060573578,
    0.018294682726264,
    -0.10847898572683334,
    -1.162027359008789,
    0.9801270365715027,
    -0.39232540130615234,
    0.13069047033786774,
    -1.513752818107605,
    0.5936697721481323,
    -1.448992133140564,
    -0.19963011145591736,
    0.6690000891685486,
    -1.3436930179595947,
    1.361261010169983
  ],
  "CCOCC": [
    1.998605489730835,
    0.7719847559928894,
    0.16067872941493988,
    -0.25603628158569336,
    -0.7357389330863953,
    -0.6036995053291321,
    1.6001193523406982,
    -0.4080401659011841,
    -0.3552546203136444,
    -0.9853262901306152,
    0.4587734341621399,
    -1.8590445518493652,
    -0.601264476776123,
    0.8255507349967957,
    -0.9985645413398743,
    1.008373737335205
  ],
  "OCC(F)(F)F": [
    1.9513161182403564,
    -0.2497768998146057,
    -0.027953781187534332,
    -0.15785442292690277,
    -0.031134918332099915,
    -1.6921442747116089,
    0.5302400588989258,
    -0.22776904702186584,
    0.2727918028831482,
    -1.7973628044128418,
    0.5627565979957581,
    -0.8438268303871155,
    0.2538294792175293,
    0.786930501461029,
    -0.9904471635818481,
    1.6817530393600464
  ],
  "O.OCC(F)(F)F": [
    1.624207615852356,
    -0.8048682808876038,
    -0.0664893090724945,
    0.11602312326431274,
    0.28979888558387756,
    -2.014023542404175,
    0.409596711397171,
    0.10579658299684525,
    -0.22551703453063965,
    -1.5203511714935303,
    0.5499832034111023,
    -0.8036125302314758,
    0.4715665280818939,
    0.8610442280769348,
    -0.8036781549453735,
    1.8282513618469238
  ],
  "CN(C)C(C)=O": [
    2.151170492172241,
    0.5483426451683044,
    0.5299119353294373,
    -0.1708591729402542,
    -0.17817342281341553,
    -0.8116822242736816,
    1.170640468597412,
    -0.4978686273097992,
    -0.2946358621120453,
    -1.2447309494018555,
    0.34632396697998047,
    -1.7711328268051147,
    -0.43301957845687866,
    0.744274377822876,
    -1.238775610923767,
    1.1705864667892456
  ],
  "CCCCCCCCCCO": [
    2.0550878047943115,
    0.6593467593193054,
    0.25538450479507446,
    -0.47840845584869385,
    -0.5690200924873352,
    -0.48101869225502014,
    1.3841451406478882,
    -0.4862443506717682,
    -0.5370801687240601,
    -0.9989836812019348,
    0.5254752039909363,
    -1.8118577003479004,
    -0.5947189331054688,
    1.035908579826355,
    -1.0144761800765991,
    1.0757555961608887
  ],
  "OCC": [
    2.1328463554382324,
    0.15107131004333496,
    0.2610783576965332,
    -0.060464926064014435,
    -0.02431991696357727,
    -1.2031018733978271,
    1.1050007343292236,
    -0.4140665829181671,
    -0.027143210172653198,
    -1.53170645236969,
    0.3984064757823944,
    -1.3792611360549927,
    -0.17514774203300476,
    0.7265620827674866,
    -1.305357575416565,
    1.3699700832366943
  ],
  "C1CCOC1": [
    2.031540632247925,
    0.6463618874549866,
    0.3122154474258423,
    -0.20154456794261932,
    -0.6696915030479431,
    -0.533471405506134,
    1.5260926485061646,
    -0.41004469990730286,
    -0.29487764835357666,
    -0.9001948237419128,
    0.47553551197052,
    -1.9940425157546997,
    -0.614168643951416,
    0.7315855622291565,
    -1.0946910381317139,
    1.007503628730774
  ],
  "[C@H]12CCC([C@H](OC1)O2)=O": [
    2.2483198642730713,
    0.04397786781191826,
    0.44885897636413574,
    0.04341187700629234,
    0.22882325947284698,
    -1.1854300498962402,
    0.8778680562973022,
    -0.44377991557121277,
    -0.13959048688411713,
    -1.3653901815414429,
    0.32229501008987427,
    -1.5318922996520996,
    -0.24789661169052124,
    0.6792943477630615,
    -1.3007913827896118,
    1.3428153991699219
  ],
  "O=C(OCC)C": [
    1.928708791732788,
    0.7791794538497925,
    0.14178484678268433,
    -0.1813182681798935,
    -0.8439643383026123,
    -0.5090329647064209,
    1.672959327697754,
    -0.43444767594337463,
    -0.3164682984352112,
    -0.9547777771949768,
    0.4566672444343567,
    -1.880710244178772,
    -0.6376836895942688,
    0.851205587387085,
    -1.0042837858200073,
    0.953309953212738
  ],
  "CC(C)(C)OC": [
    1.9050495624542236,
    0.7551520466804504,
    0.08319206535816193,
    -0.33494022488594055,
    -1.0174906253814697,
    -0.6178001165390015,
    1.7259695529937744,
    -0.3441008925437927,
    -0.3272351026535034,
    -0.8790715336799622,
    0.5702345371246338,
    -1.8274939060211182,
    -0.6112737655639648,
    0.9286374449729919,
    -0.8699042201042175,
    0.8836009502410889
  ],