{
  "CO": [
    1.6485217809677124,
    -0.6479328870773315,
    0.11253633350133896,
    0.058183301240205765,
    0.6210249066352844,
    -1.2495976686477661,
    0.49218568205833435,
    -0.4630996584892273,
    -0.09148266911506653,
    -1.384415864944458,
    0.9107676148414612,
    -1.1816282272338867,
    0.4151243269443512,
    0.6195614337921143,
    -1.6241806745529175,
    1.7591909170150757
  ],
  "OCCO": [
    1.706250786781311,
    -0.6988899111747742,
    0.22070929408073425,
    0.3273896276950836,
    1.0338810682296753,
    -1.1813397407531738,
    0.5169886946678162,
    -0.5260158777236938,
    -0.3904097378253937,
    -1.2503509521484375,
    0.8675839304924011,
    -1.3738279342651367,
    0.3119313716888428,
    0.47641465067863464,
    -1.5672122240066528,
    1.5214627981185913
  ],
  "C(C(F)(F)F)(C(F)(F)F)O": [
    1.252541184425354,
    -0.19272875785827637,
    0.003731496399268508,
    -0.4545084536075592,
    -0.796931266784668,
    -0.9697149991989136,
    1.4671850204467773,
    -0.28848326206207275,
    0.3321912884712219,
    -2.01180362701416,
    0.8204224109649658,
    -1.2459546327590942,
    0.3573479652404785,
    0.8324750065803528,
    -0.7266489267349243,
    1.6291600465774536
  ],
  "O1C(C)CCC1": [
    1.727205753326416,
    0.5046179294586182,
    0.24927569925785065,
    -0.11091215908527374,
    -0.3512076139450073,
    -0.3208368718624115,
    1.6701805591583252,
    -0.6300807595252991,
    -0.6394433975219727,
    -0.9114879369735718,
    0.7043509483337402,
    -2.0802056789398193,
    -0.4758608639240265,
    0.8203225135803223,
    -1.1766507625579834,
    1.0224359035491943
  ],
  "C1CCCCC1": [
    1.4436655044555664,
    0.47850820422172546,
    -0.38010337948799133,
    -0.6650021076202393,
    -0.904753565788269,
    -0.7028428316116333,
    1.6377602815628052,
    -0.3940940797328949,
    -0.30875593423843384,
    -0.7031094431877136,
    0.5856029391288757,
    -1.9136837720870972,
    -0.7525860667228699,
    1.754379391670227,
    -0.06635426729917526,
    0.9023162126541138
  ],
  "CC(O)C": [
    1.8100823163986206,
    0.19692982733249664,
    0.3290199637413025,
    -0.024413347244262695,
    0.17069965600967407,
    -0.6362054347991943,
    1.2777414321899414,
    -0.6983643174171448,
    -0.3839293420314789,
    -1.3884356021881104,
    0.8051184415817261,
    -1.8023135662078857,
    -0.08721834421157837,
    0.6047447323799133,
    -1.453924536705017,
    1.2796266078948975
  ],
  "O.CC#N": [
    1.7422667741775513,
    -0.8702153563499451,
    -0.004158158786594868,
    0.11306849122047424,
    0.6491568088531494,
    -1.3339662551879883,
    0.37347227334976196,
    -0.36318451166152954,
    -0.13105683028697968,
    -1.3398847579956055,
    0.8925864100456238,
    -1.1735035181045532,
    0.43634384870529175,
    0.561038613319397,
    -1.3781157732009888,
    1.8205784559249878
  ],
  "CC#N": [
    1.9209504127502441,
    -0.14586231112480164,
    0.3472367227077484,
    -0.03190326318144798,
    0.3343050181865692,
    -0.6775429844856262,
    0.9401046633720398,
    -0.5976992249488831,
    -0.10707404464483261,
    -1.418878436088562,
    0.839925229549408,
    -1.6873284578323364,
    0.08667496591806412,
    0.42530548572540283,
    -1.635008454322815,
    1.4024391174316406
  ],
  "CC#N.CC(=O)O": [
    1.825758457183838,
    -0.21373489499092102,
    0.2679642140865326,
    0.03234780952334404,
    0.33451756834983826,
    -0.6920679807662964,
    0.940490186214447,
    -0.6578952670097351,
    -0.06072281673550606,
    -1.4881348609924316,
    0.977465808391571,
    -1.6245192289352417,
    0.12301447242498398,
    0.4521544575691223,
    -1.6316468715667725,
    1.41092848777771
  ],
  "CCOCC": [
    1.5720776319503784,
    0.5358527898788452,
    0.034981243312358856,
    -0.135838121175766,
    -0.6596630215644836,
    -0.3689778447151184,
    1.8783303499221802,
    -0.5993237495422363,
    -0.6537836194038391,
    -0.8274922966957092,
    0.7349370718002319,
    -2.0609633922576904,
    -0.5564480423927307,
    1.020651936531067,
    -0.8586565256118774,
    0.9495800733566284
  ],
  "OCC(F)(F)F": [
    1.668736457824707,
    -0.4154699742794037,
    0.2040805220603943,
    -0.22991164028644562,
    0.20938090980052948,
    -1.1659623384475708,
    1.001717448234558,
    -0.6212352514266968,
    -0.15255843102931976,
    -1.6361241340637207,
    1.034372329711914,
    -1.2279024124145508,
    0.5059141516685486,
    0.5686703324317932,
    -1.3341748714447021,
    1.5904769897460938
  ],
  "O.OCC(F)(F)F": [
    1.4794853925704956,
    -0.938859760761261,
    -0.004172931425273418,
    0.03114289790391922,
    0.6346282362937927,
    -1.5251269340515137,
    0.5033116936683655,
    -0.28068581223487854,
    -0.3326892852783203,
    -1.440894603729248,
    1.0012778043746948,
    -0.9793280959129333,
    0.6204164624214172,
    0.6427138447761536,
    -1.2426762580871582,
    1.8293967247009277
  ],
  "CN(C)C(C)=O": [
    1.8458828926086426,
    0.3064766824245453,
    0.5601648688316345,
    -0.1571509838104248,
    0.234792098402977,
    -0.5316141843795776,
    1.1454135179519653,
    -0.6777714490890503,
    -0.4855636656284332,
    -1.2487545013427734,
    0.8070171475410461,
    -1.987839698791504,
    -0.19723469018936157,
    0.6406131386756897,
    -1.4041048288345337,
    1.1473181247711182
  ],
  "CCCCCCCCCCO": [
    1.714570164680481,
    0.5308434963226318,
    0.21646837890148163,
    -0.36248427629470825,
    -0.22636042535305023,
    -0.2929231524467468,
    1.5251777172088623,
    -0.6694744229316711,
    -0.805657684803009,
    -0.8569028377532959,
    0.9784042835235596,
    -2.008577346801758,
    -0.5579785108566284,
    1.0036754608154297,
    -1.1148477792739868,
    0.9279937744140625
  ],
  "OCC": [
    1.8651885986328125,
    -0.15755848586559296,
    0.3200412690639496,
    -0.043123677372932434,
    0.47690942883491516,
    -0.8249518871307373,
    0.9515299201011658,
    -0.6864537000656128,
    -0.22229261696338654,
    -1.459288239479065,
    0.8869324922561646,
    -1.4778186082839966,
    0.07605066895484924,
    0.5375849008560181,
    -1.651641607284546,
    1.4065275192260742
  ],
  "C1CCOC1": [
    1.668224811553955,
    0.44167622923851013,
    0.24263712763786316,
    -0.0754997581243515,
    -0.3827073574066162,
    -0.19334955513477325,
    1.6930662393569946,
    -0.6197065114974976,
    -0.5813848376274109,
    -0.8250250220298767,
    0.7418838739395142,
    -2.1694087982177734,
    -0.5927248597145081,
    0.8358437418937683,
    -1.164538860321045,
    0.982309103012085
  ],
  "[C@H]12CCC([C@H](OC1)O2)=O": [
    2.0161945819854736,
    -0.14211244881153107,
    0.5293489098548889,
    0.03001120127737522,
    0.5933789014816284,
    -0.7065814137458801,
    0.7387935519218445,
    -0.8046350479125977,
    -0.35563647747039795,
    -1.3217225074768066,
    0.804746687412262,
    -1.7376922369003296,
    0.07804125547409058,
    0.489793598651886,
    -1.492925763130188,
    1.2754093408584595
  ],
  "O=C(OCC)C": [
    1.6250356435775757,
    0.5574526190757751,
    0.12615586817264557,
    -0.05512378364801407,
    -0.48039257526397705,
    -0.34129393100738525,
    1.8025745153427124,
    -0.5855976343154907,
    -0.6165273189544678,
    -0.8876752853393555,
    0.7920252680778503,
    -2.0608320236206055,
    -0.5470901131629944,
    0.8537081480026245,
    -1.1207700967788696,
    0.9419220685958862
  ],
  "CC(C)(C)OC": [
    1.4685277938842773,
    0.5570197701454163,
    -0.11182886362075806,
    -0.25120222568511963,
    -0.8501415848731995,
    -0.45924702286720276,
    2.0223469734191895,
    -0.5105696320533752,
    -0.6236909627914429,
    -0.8035297989845276,
    0.7541369199752808,
    -1.9031208753585815,
    -0.5995051264762878,
    1.1825858354568481,
    -0.7406231164932251,
    0.8778847455978394
  ],