{
  "CO": [
    0.9236559867858887,
    -1.5421322584152222,
    0.9046023488044739,
    -0.6833043098449707,
    0.6177840828895569,
    -0.053071871399879456,
    -0.019451377913355827,
    0.06407880038022995,
    -0.25289762020111084,
    -1.1934734582901,
    1.1674926280975342,
    -0.6956541538238525,
    0.5270676612854004,
    1.0320900678634644,
    -2.1475117206573486,
    1.3477286100387573
  ],
  "OCCO": [
    1.14640474319458,
    -1.5130386352539062,
    0.6835179328918457,
    -0.00993021298199892,
    1.2978004217147827,
    -0.4238838255405426,
    -0.3870024085044861,
    -0.12838084995746613,
    -0.8403948545455933,
    -0.9165732860565186,
    1.5041245222091675,
    -0.8389613032341003,
    0.5689396858215332,
    0.7248810529708862,
    -1.8795819282531738,
    1.0063904523849487
  ],
  "C(C(F)(F)F)(C(F)(F)F)O": [
    0.8445311188697815,
    -1.1835719347000122,
    0.28578564524650574,
    -1.10248863697052,
    -0.6624295115470886,
    -0.23391921818256378,
    1.058395266532898,
    0.4296479821205139,
    -0.37316542863845825,
    -1.882450819015503,
    1.379601240158081,
    -0.43251898884773254,
    0.5990077257156372,
    1.4175779819488525,
    -1.2216192483901978,
    1.0801548957824707
  ],
  "O1C(C)CCC1": [
    1.095153570175171,
    -0.9552068710327148,
    0.7479788661003113,
    -0.34611865878105164,
    0.04666601121425629,
    0.3124983310699463,
    1.0154495239257812,
    0.11061960458755493,
    -1.8784781694412231,
    -0.6082844138145447,
    1.0551072359085083,
    -1.43170166015625,
    0.1667713075876236,
    1.5235564708709717,
    -1.504299283027649,
    0.6491899490356445
  ],
  "C1CCCCC1": [
    1.1546523571014404,
    -1.0057358741760254,
    0.4598303735256195,
    -0.5050607323646545,
    -0.36387699842453003,
    -0.33278587460517883,
    1.0997332334518433,
    0.6047747731208801,
    -1.6241445541381836,
    -0.5245195031166077,
    1.3507328033447266,
    -1.5389385223388672,
    0.24168117344379425,
    1.5386801958084106,
    -1.2024331092834473,
    0.6474684476852417
  ],
  "CC(O)C": [
    1.1222177743911743,
    -1.0983864068984985,
    0.852530837059021,
    -0.2546103894710541,
    0.8674359321594238,
    -0.09256242215633392,
    -0.02690715529024601,
    -0.23850791156291962,
    -1.329308032989502,
    -1.1893725395202637,
    1.5112230777740479,
    -0.9057177901268005,
    0.628632128238678,
    1.0504716634750366,
    -1.8200567960739136,
    0.9181568622589111
  ],
  "O.CC#N": [
    1.1365605592727661,
    -1.6762068271636963,
    0.4420640170574188,
    -0.28567564487457275,
    0.9455360174179077,
    -0.3731919229030609,
    -0.4886256158351898,
    0.30169907212257385,
    -0.7507808208465576,
    -0.636204719543457,
    1.4344903230667114,
    -0.7262315154075623,
    0.5436202883720398,
    0.8177308440208435,
    -2.0047037601470947,
    1.3153518438339233
  ],
  "CC#N": [
    1.125564694404602,
    -1.299257516860962,
    0.8015440702438354,
    -0.18195828795433044,
    0.6965019106864929,
    0.06975845992565155,
    -0.13299718499183655,
    -0.16974037885665894,
    -0.9180543422698975,
    -1.2475656270980835,
    1.5243221521377563,
    -0.9900243282318115,
    0.6929469108581543,
    0.8237152695655823,
    -1.9271109104156494,
    1.1272295713424683
  ],
  "CC#N.CC(=O)O": [
    1.1586215496063232,
    -1.3401002883911133,
    0.7298486232757568,
    -0.2429417222738266,
    0.7564653754234314,
    0.00849392730742693,
    -0.13993234932422638,
    -0.23352694511413574,
    -0.7205169200897217,
    -1.3051033020019531,
    1.5283708572387695,
    -0.7805900573730469,
    0.637779176235199,
    0.8329716324806213,
    -2.023348093032837,
    1.1286265850067139
  ],
  "CCOCC": [
    1.1863514184951782,
    -0.938313364982605,
    0.6359966397285461,
    -0.45662569999694824,
    0.06478548049926758,
    0.02691091038286686,
    1.1210529804229736,
    0.1969432681798935,
    -1.8551498651504517,
    -0.6619418859481812,
    1.2099432945251465,
    -1.398553729057312,
    0.24083304405212402,
    1.4439207315444946,
    -1.4211498498916626,
    0.6040370464324951
  ],
  "OCC(F)(F)F": [
    1.0397450923919678,
    -1.4073561429977417,
    0.51202392578125,
    -0.6635957360267639,
    0.5063542723655701,
    -0.36936479806900024,
    0.1542796939611435,
    -0.12816379964351654,
    -0.7029399871826172,
    -1.4902957677841187,
    1.5667107105255127,
    -0.352774053812027,
    0.8745431303977966,
    0.9974297881126404,
    -1.788286566734314,
    1.2488781213760376
  ],
  "O.OCC(F)(F)F": [
    0.9483638405799866,
    -1.619341492652893,
    0.24172471463680267,
    -0.39374569058418274,
    0.8901304006576538,
    -0.7292001247406006,
    -0.4014458656311035,
    0.1760503053665161,
    -0.638802707195282,
    -0.8807031512260437,
    1.649235486984253,
    -0.371222585439682,
    0.5106031894683838,
    0.9991735219955444,
    -1.8323965072631836,
    1.4479073286056519
  ],
  "CN(C)C(C)=O": [
    1.2034379243850708,
    -0.9851123094558716,
    1.0781209468841553,
    -0.32008999586105347,
    0.7685363292694092,
    0.08021873235702515,
    0.0639876201748848,
    -0.2165992110967636,
    -1.490613341331482,
    -1.1124138832092285,
    1.3453949689865112,
    -1.2314873933792114,
    0.5074916481971741,
    1.1655899286270142,
    -1.6376456022262573,
    0.7767409086227417
  ],
  "CCCCCCCCCCO": [
    1.1730936765670776,
    -0.7874883413314819,
    0.5799492597579956,
    -0.6323449611663818,
    0.1959773153066635,
    0.2859279215335846,
    0.8170389533042908,
    -0.06218311935663223,
    -2.128723382949829,
    -0.4554179310798645,
    1.2983020544052124,
    -1.2035815715789795,
    0.09243838489055634,
    1.6426184177398682,
    -1.2999480962753296,
    0.4833233058452606
  ],
  "OCC": [
    1.1675201654434204,
    -1.2923600673675537,
    0.7614338397979736,
    -0.2375962883234024,
    0.9514914155006409,
    -0.1108659878373146,
    -0.16598640382289886,
    -0.2618067264556885,
    -0.9265469908714294,
    -1.234756588935852,
    1.4691221714019775,
    -0.720522940158844,
    0.5991587042808533,
    0.9340533018112183,
    -1.985007405281067,
    1.0477778911590576
  ],
  "C1CCOC1": [
    1.1569634675979614,
    -1.0680129528045654,
    0.852039635181427,
    -0.2791845500469208,
    0.25777316093444824,
    0.2636246383190155,
    0.753928005695343,
    0.06986195594072342,
    -1.7604480981826782,
    -0.6350550055503845,
    1.2868876457214355,
    -1.5309861898422241,
    0.18434026837348938,
    1.3179246187210083,
    -1.526718020439148,
    0.6546974778175354
  ],
  "[C@H]12CCC([C@H](OC1)O2)=O": [
    1.2363709211349487,
    -1.2830021381378174,
    1.000963807106018,
    -0.21186083555221558,
    1.0146633386611938,
    -0.07905714958906174,
    -0.37712594866752625,
    -0.2922477126121521,
    -0.9291776418685913,
    -1.1183319091796875,
    1.5117545127868652,
    -1.1036901473999023,
    0.6202430725097656,
    0.8563224673271179,
    -1.7351188659667969,
    0.8835849761962891
  ],
  "O=C(OCC)C": [
    0.9923076033592224,
    -0.9567975401878357,
    0.6279582381248474,
    -0.21725396811962128,
    0.024614589288830757,
    0.2517828047275543,
    1.1312471628189087,
    0.1285780370235443,
    -1.9120442867279053,
    -0.5864670872688293,
    1.2052842378616333,
    -1.3783773183822632,
    0.12732207775115967,
    1.5269200801849365,
    -1.5225210189819336,
    0.5565515160560608
  ],
  "CC(C)(C)OC": [
    0.8974364995956421,
    -0.6647920608520508,
    0.13221512734889984,
    -0.6020290851593018,
    -0.5776689052581787,
    -0.08804241567850113,
    1.6529579162597656,
    0.2551689147949219,
    -1.9471943378448486,
    -0.2631247341632843,
    0.9084138870239258,
    -1.2389347553253174,
    -0.07769092917442322,
    2.1000819206237793,
    -0.7488771677017212,
    0.2653273940086365
  ],