{
  "CO": [
    1.8660523891448975,
    -0.33898019790649414,
    0.1314479112625122,
    0.02796345390379429,
    0.049263328313827515,
    -1.681938886642456,
    0.7298874258995056,
    -0.17225919663906097,
    0.30076655745506287,
    -1.559212565422058,
    0.27896633744239807,
    -1.1075408458709717,
    0.12347719818353653,
    0.9091431498527527,
    -1.2084646224975586,
    1.6773337125778198
  ],
  "OCCO": [
    1.9579229354858398,
    -0.4529663026332855,
    0.1412043422460556,
    0.4571217894554138,
    0.6352983117103577,
    -1.706691026687622,
    0.7040843963623047,
    -0.26413625478744507,
    -0.22489237785339355,
    -1.413118600845337,
    0.2690892815589905,
    -1.1675611734390259,
    0.008548987098038197,
    0.7400883436203003,
    -1.1941198110580444,
    1.5369032621383667
  ],
  "C(C(F)(F)F)(C(F)(F)F)O": [
    1.5555071830749512,
    -0.3089545965194702,
    0.030481748282909393,
    -0.1509995460510254,
    -0.3417774438858032,
    -1.8144129514694214,
    0.5559141635894775,
    -0.15964582562446594,
    0.16827258467674255,
    -1.9941749572753906,
    0.7923263311386108,
    -0.8510083556175232,
    0.5354963541030884,
    0.7819861769676208,
    -0.5235902070999146,
    1.7485172748565674
  ],
  "O1C(C)CCC1": [
    2.1251747608184814,
    0.6502885222434998,
    0.3243924677371979,
    -0.20781095325946808,
    -0.5581874847412109,
    -0.625251829624176,
    1.544966697692871,
    -0.4440208673477173,
    -0.25206583738327026,
    -1.0121798515319824,
    0.2558723986148834,
    -1.8175461292266846,
    -0.5744059681892395,
    0.7452542781829834,
    -1.1622201204299927,
    1.0336552858352661
  ],
  "C1CCCCC1": [
    1.9751836061477661,
    0.6714915633201599,
    0.0657428726553917,
    -0.2566044330596924,
    -1.0537059307098389,
    -0.9741945266723633,
    1.4921741485595703,
    -0.14982396364212036,
    -0.25432664155960083,
    -0.8568323254585266,
    0.7731777429580688,
    -1.874108076095581,
    -0.44754064083099365,
    0.869761049747467,
    -0.8553987741470337,
    0.8982336521148682
  ],
  "CC(O)C": [
    2.0684473514556885,
    0.3849388062953949,
    0.2860121428966522,
    -0.04300946369767189,
    -0.18571025133132935,
    -1.0897891521453857,
    1.3287051916122437,
    -0.45803895592689514,
    -0.019825713708996773,
    -1.4417901039123535,
    0.22289925813674927,
    -1.5243103504180908,
    -0.2877216637134552,
    0.7492181062698364,
    -1.2567423582077026,
    1.296696424484253
  ],
  "O.CC#N": [
    1.860982894897461,
    -0.5605557560920715,
    0.0104812141507864,
    0.21469451487064362,
    0.2698964774608612,
    -1.851730227470398,
    0.6323676705360413,
    -0.13582667708396912,
    -0.18842419981956482,
    -1.5035065412521362,
    0.5045071840286255,
    -1.0399518013000488,
    0.2660655081272125,
    0.7540753483772278,
    -0.9459345936775208,
    1.7361522912979126
  ],
  "CC#N": [
    2.2117531299591064,
    0.25170138478279114,
    0.27007415890693665,
    0.04256392642855644,
    -0.12113574892282486,
    -1.0503143072128296,
    1.1645116806030273,
    -0.3984676003456116,
    0.0639348104596138,
    -1.4598772525787354,
    0.3859744369983673,
    -1.501704216003418,
    -0.3021509051322937,
    0.5700292587280273,
    -1.3597744703292847,
    1.260536551475525
  ],
  "CC#N.CC(=O)O": [
    2.1564807891845703,
    0.0961339920759201,
    0.2364492118358612,
    0.01741001196205616,
    -0.08904359489679337,
    -1.2387114763259888,
    1.0299733877182007,
    -0.39793822169303894,
    0.18530164659023285,
    -1.5019950866699219,
    0.4729476273059845,
    -1.3532856702804565,
    -0.23592081665992737,
    0.6562175750732422,
    -1.36677086353302,
    1.3603097200393677
  ],
  "CCOCC": [
    1.907346248626709,
    0.8115625977516174,
    0.07324763387441635,
    -0.1498052179813385,
    -0.8600960969924927,
    -0.5678813457489014,
    1.7385486364364624,
    -0.48157867789268494,
    -0.43878912925720215,
    -0.9622696042060852,
    0.4165869653224945,
    -1.8170602321624756,
    -0.6247909069061279,
    0.8914766907691956,
    -0.8845139741897583,
    0.9741985201835632
  ],
  "OCC(F)(F)F": [
    1.8670117855072021,
    -0.17615894973278046,
    0.05631066486239433,
    -0.08964166790246964,
    -0.11731088906526566,
    -1.7210942506790161,
    0.7784125208854675,
    -0.3222633898258209,
    0.10786019265651703,
    -1.7937403917312622,
    0.6203669309616089,
    -0.9413369297981262,
    0.2509521245956421,
    0.8337316513061523,
    -0.9335432052612305,
    1.6087734699249268
  ],
  "O.OCC(F)(F)F": [
    1.6327496767044067,
    -0.7612742185592651,
    -0.04368329048156738,
    0.25665590167045593,
    0.3131246268749237,
    -2.0188000202178955,
    0.4468018114566803,
    0.05950138717889786,
    -0.21454152464866638,
    -1.5022966861724854,
    0.4396219253540039,
    -0.76213538646698,
    0.34172776341438293,
    0.8784402012825012,
    -0.8943946361541748,
    1.8510489463806152
  ],
  "CN(C)C(C)=O": [
    2.1699554920196533,
    0.5696703791618347,
    0.49594730138778687,
    -0.10322652012109756,
    -0.10129588097333908,
    -0.8348204493522644,
    1.1867302656173706,
    -0.5140419602394104,
    -0.31392762064933777,
    -1.3200032711029053,
    0.3130379021167755,
    -1.7199797630310059,
    -0.46513068675994873,
    0.7417308688163757,
    -1.2115235328674316,
    1.133639931678772
  ],
  "CCCCCCCCCCO": [
    2.0613677501678467,
    0.657581627368927,
    0.23211900889873505,
    -0.3997024893760681,
    -0.47992265224456787,
    -0.5288884043693542,
    1.4281165599822998,
    -0.5118411779403687,
    -0.48033830523490906,
    -1.0618195533752441,
    0.509831964969635,
    -1.82248854637146,
    -0.6246153712272644,
    1.003820776939392,
    -0.9988932013511658,
    1.0407336950302124
  ],
  "OCC": [
    2.188997268676758,
    0.12624935805797577,
    0.2560078203678131,
    -0.007007907144725323,
    0.06764629483222961,
    -1.2395857572555542,
    1.0682514905929565,
    -0.4639650285243988,
    0.02046670950949192,
    -1.4889622926712036,
    0.3112117648124695,
    -1.2293542623519897,
    -0.25513461232185364,
    0.7224329113960266,
    -1.4100648164749146,
    1.3629624843597412
  ],
  "C1CCOC1": [
    2.0540096759796143,
    0.6605842709541321,
    0.310647189617157,
    -0.14421282708644867,
    -0.6072787642478943,
    -0.5568998456001282,
    1.5618679523468018,
    -0.44184425473213196,
    -0.2947520315647125,
    -0.9328296780586243,
    0.39265531301498413,
    -1.948201060295105,
    -0.6473267078399658,
    0.7340816855430603,
    -1.104090690612793,
    0.9874047636985779
  ],
  "[C@H]12CCC([C@H](OC1)O2)=O": [
    2.3045291900634766,
    0.09646093845367432,
    0.424202561378479,
    0.06469874829053879,
    0.20625001192092896,
    -1.1243942975997925,
    0.9306538105010986,
    -0.557532012462616,
    -0.13219621777534485,
    -1.3971309661865234,
    0.23400163650512695,
    -1.4467076063156128,
    -0.27615630626678467,
    0.7020864486694336,
    -1.2987819910049438,
    1.2973710298538208
  ],
  "O=C(OCC)C": [
    1.899512767791748,
    0.8002771139144897,
    0.09500961750745773,
    -0.04332447797060013,
    -0.8369193077087402,
    -0.45296189188957214,
    1.7321820259094238,
    -0.5033412575721741,
    -0.3461344838142395,
    -0.9065180420875549,
    0.4305257499217987,
    -1.8826451301574707,
    -0.7516928911209106,
    0.8815252780914307,
    -0.9726725220680237,
    0.8829551935195923
  ],
  "CC(C)(C)OC": [
    1.9028409719467163,
    0.7719339728355408,
    0.0028795620892196894,
    -0.3259250223636627,
    -0.9613049626350403,
    -0.5448036193847656,
    1.7828595638275146,
    -0.4142991602420807,
    -0.24130059778690338,
    -0.9462145566940308,
    0.47704094648361206,
    -1.754065990447998,
    -0.6865390539169312,
    0.9679632782936096,
    -0.895061731338501,
    0.8923093676567078
  ],