{
  "CO": [
    2.0362939834594727,
    -0.19532619416713715,
    0.057007044553756714,
    0.09304501116275787,
    0.046395957469940186,
    -1.6439584493637085,
    0.7353934645652771,
    -0.4639497697353363,
    0.25568512082099915,
    -1.5698226690292358,
    0.4517592489719391,
    -0.9492745995521545,
    0.06246785819530487,
    0.784496545791626,
    -1.251191258430481,
    1.576424241065979
  ],
  "OCCO": [
    2.0231308937072754,
    -0.4331887364387512,
    0.19020137190818787,
    0.3494867980480194,
    0.6007104516029358,
    -1.6578986644744873,
    0.7014166116714478,
    -0.3159741759300232,
    -0.17494480311870575,
    -1.418384313583374,
    0.2941701114177704,
    -1.1968128681182861,
    0.008623420260846615,
    0.7353425025939941,
    -1.1975864171981812,
    1.516878366470337
  ],
  "C(C(F)(F)F)(C(F)(F)F)O": [
    1.4231880903244019,
    -0.36636054515838623,
    0.08986904472112656,
    -0.2512078583240509,
    -0.4511924386024475,
    -1.7669140100479126,
    0.6317275762557983,
    -0.07196609675884247,
    0.30190470814704895,
    -1.9561294317245483,
    0.7353230118751526,
    -0.9395440816879272,
    0.5139961242675781,
    0.7949734926223755,
    -0.5135753154754639,
    1.8470054864883423
  ],
  "O1C(C)CCC1": [
    1.9855726957321167,
    0.7964572906494141,
    0.22396831214427948,
    -0.11925351619720459,
    -0.6896918416023254,
    -0.47188621759414673,
    1.6136738061904907,
    -0.5175735950469971,
    -0.4620647430419922,
    -0.8991466164588928,
    0.37572067975997925,
    -1.916297197341919,
    -0.6837242245674133,
    0.8140197992324829,
    -1.0064802169799805,
    0.978844165802002
  ],
  "C1CCCCC1": [
    1.7363165616989136,
    0.7465695738792419,
    -0.1732657253742218,
    -0.4688410758972168,
    -1.2350287437438965,
    -0.8559584617614746,
    1.5310317277908325,
    -0.3308242857456207,
    -0.30004894733428955,
    -0.8077971339225769,
    0.6818218231201172,
    -1.7648999691009521,
    -0.5994359254837036,
    1.3841785192489624,
    -0.427549809217453,
    0.9080050587654114
  ],
  "CC(O)C": [
    2.0726137161254883,
    0.41915374994277954,
    0.2521999478340149,
    0.01914062723517418,
    -0.15499703586101532,
    -1.0529183149337769,
    1.2898210287094116,
    -0.4547881782054901,
    -0.1029193326830864,
    -1.4743108749389648,
    0.44353994727134705,
    -1.597845435142517,
    -0.3280370235443115,
    0.7360476851463318,
    -1.2333762645721436,
    1.1946147680282593
  ],
  "O.CC#N": [
    1.8934731483459473,
    -0.6068807244300842,
    0.019046654924750328,
    0.19748437404632568,
    0.28949660062789917,
    -1.807450294494629,
    0.4477473199367523,
    -0.08264071494340897,
    -0.06557340919971466,
    -1.4697471857070923,
    0.4399898946285248,
    -0.96929532289505,
    0.18237003684043884,
    0.7920721769332886,
    -1.0558435916900635,
    1.8151845932006836
  ],
  "CC#N": [
    2.243962526321411,
    0.2381231188774109,
    0.2654183804988861,
    0.013507756404578686,
    -0.10821476578712463,
    -1.0765736103057861,
    1.0860568284988403,
    -0.39591631293296814,
    0.08244786411523819,
    -1.4415537118911743,
    0.45207393169403076,
    -1.4697842597961426,
    -0.3316321074962616,
    0.5640904903411865,
    -1.371191382408142,
    1.2743619680404663
  ],
  "CC#N.CC(=O)O": [
    2.1671974658966064,
    0.12869763374328613,
    0.23920579254627228,
    -0.016609132289886475,
    -0.16227389872074127,
    -1.2290804386138916,
    1.052153468132019,
    -0.4243045747280121,
    0.21912819147109985,
    -1.4911531209945679,
    0.48656952381134033,
    -1.3803175687789917,
    -0.19730199873447418,
    0.6313554048538208,
    -1.338205099105835,
    1.3405156135559082
  ],
  "CCOCC": [
    1.8975584506988525,
    0.8207688927650452,
    0.08036887645721436,
    -0.17091307044029236,
    -0.9088429808616638,
    -0.5461072325706482,
    1.7252106666564941,
    -0.47726625204086304,
    -0.42850491404533386,
    -0.9205392003059387,
    0.47286850214004517,
    -1.8444725275039673,
    -0.6353170871734619,
    0.8639971613883972,
    -0.8753472566604614,
    0.9700407385826111
  ],
  "OCC(F)(F)F": [
    1.8600292205810547,
    -0.2201603651046753,
    0.018194127827882767,
    -0.09810055792331696,
    -0.11276300996541977,
    -1.7490625381469727,
    0.7754088640213013,
    -0.28896385431289673,
    0.17210990190505981,
    -1.7454479932785034,
    0.582346498966217,
    -0.9118458032608032,
    0.2565353214740753,
    0.8669480681419373,
    -0.9937329292297363,
    1.6153233051300049
  ],
  "O.OCC(F)(F)F": [
    1.6262749433517456,
    -0.7145416736602783,
    -0.048101939260959625,
    0.09648329764604568,
    0.21049679815769196,
    -2.0102946758270264,
    0.5045925974845886,
    0.013168495148420334,
    -0.104875348508358,
    -1.6342231035232544,
    0.5031102895736694,
    -0.7578672170639038,
    0.4210968017578125,
    0.8060939311981201,
    -0.7513476610183716,
    1.8622545003890991
  ],
  "CN(C)C(C)=O": [
    2.220379590988159,
    0.5038201212882996,
    0.5066604018211365,
    -0.19476906955242157,
    -0.12683594226837158,
    -0.8342486619949341,
    1.1769859790802002,
    -0.4981265366077423,
    -0.154359832406044,
    -1.3021875619888306,
    0.30123162269592285,
    -1.69642174243927,
    -0.4392281174659729,
    0.6675349473953247,
    -1.2632354497909546,
    1.157549262046814
  ],
  "CCCCCCCCCCO": [
    1.986229658126831,
    0.7172732949256897,
    0.21258190274238586,
    -0.3493592441082001,
    -0.6076018810272217,
    -0.4672276973724365,
    1.480891466140747,
    -0.586015522480011,
    -0.5974425673484802,
    -0.9429618120193481,
    0.588844358921051,
    -1.8773823976516724,
    -0.6448543071746826,
    1.0549086332321167,
    -0.9053381085395813,
    0.9598793387413025
  ],
  "OCC": [
    2.1270978450775146,
    0.1499006748199463,
    0.2492707073688507,
    0.008430647663772106,
    -0.010859757661819458,
    -1.1947550773620605,
    1.164952039718628,
    -0.41392970085144043,
    0.07540001720190048,
    -1.5235589742660522,
    0.3120872378349304,
    -1.337310552597046,
    -0.24689920246601105,
    0.6881132125854492,
    -1.3744330406188965,
    1.355040431022644
  ],
  "C1CCOC1": [
    2.0845494270324707,
    0.6122528314590454,
    0.30254843831062317,
    -0.1983451396226883,
    -0.5976710915565491,
    -0.515556275844574,
    1.5458592176437378,
    -0.4117096960544586,
    -0.18245626986026764,
    -0.971892774105072,
    0.4323102831840515,
    -1.9091570377349854,
    -0.662209689617157,
    0.7286715507507324,
    -1.1902565956115723,
    0.9561757445335388
  ],
  "[C@H]12CCC([C@H](OC1)O2)=O": [
    2.282611131668091,
    0.08053553104400635,
    0.4420293867588043,
    0.019904740154743195,
    0.1754016876220703,
    -1.1421692371368408,
    0.94310462474823,
    -0.5048892498016357,
    -0.08049670606851578,
    -1.3798997402191162,
    0.2738884389400482,
    -1.4947662353515625,
    -0.26348114013671875,
    0.6711915731430054,
    -1.3056014776229858,
    1.3076975345611572
  ],
  "O=C(OCC)C": [
    1.9059960842132568,
    0.8235833644866943,
    0.10213302820920944,
    -0.03952082619071007,
    -0.8437272310256958,
    -0.44228342175483704,
    1.7088346481323242,
    -0.49151477217674255,
    -0.3685457408428192,
    -0.8752414584159851,
    0.49926042556762695,
    -1.9057800769805908,
    -0.7734236121177673,
    0.8123363852500916,
    -0.9716200232505798,
    0.8825396299362183
  ],
  "CC(C)(C)OC": [
    1.8196148872375488,
    0.8201502561569214,
    -0.01952933706343174,
    -0.2876434326171875,
    -1.0945035219192505,
    -0.5987561345100403,
    1.8192967176437378,
    -0.42500606179237366,
    -0.4040888547897339,
    -0.8483086228370667,
    0.5595971345901489,
    -1.7636730670928955,
    -0.6330745816230774,
    0.9752422571182251,
    -0.7790311574935913,
    0.8850435614585876
  ],