{
  "CO": [
    1.835361123085022,
    -0.37257933616638184,
    0.1591000258922577,
    -0.052963387221097946,
    0.14314204454421997,
    -1.5606868267059326,
    0.7286137938499451,
    -0.2514200806617737,
    0.3350267708301544,
    -1.572556972503662,
    0.2619655132293701,
    -1.094533085823059,
    0.1874360591173172,
    0.8171510100364685,
    -1.3084763288497925,
    1.7616708278656006
  ],
  "OCCO": [
    1.961052656173706,
    -0.5386829972267151,
    0.14512282609939575,
    0.368521511554718,
    0.7616824507713318,
    -1.5713777542114258,
    0.6129240393638611,
    -0.25785142183303833,
    -0.23337644338607788,
    -1.3743196725845337,
    0.2975890338420868,
    -1.1428990364074707,
    0.05853928625583649,
    0.6719908714294434,
    -1.348714828491211,
    1.6055234670639038
  ],
  "C(C(F)(F)F)(C(F)(F)F)O": [
    1.679215908050537,
    -0.2671377658843994,
    0.006150403525680304,
    -0.16841824352741241,
    -0.2744854688644409,
    -1.6424049139022827,
    0.7165720462799072,
    -0.23772688210010529,
    0.14672109484672546,
    -1.9376815557479858,
    0.7969105839729309,
    -0.9950013756752014,
    0.461820513010025,
    0.7321096062660217,
    -0.7248237133026123,
    1.725376009941101
  ],
  "O1C(C)CCC1": [
    2.0779991149902344,
    0.6656113266944885,
    0.3245224058628082,
    -0.21045967936515808,
    -0.4889468550682068,
    -0.6270202994346619,
    1.4784821271896362,
    -0.44368821382522583,
    -0.3352823257446289,
    -1.0102218389511108,
    0.3922571539878845,
    -1.8984730243682861,
    -0.503377377986908,
    0.747029185295105,
    -1.1901198625564575,
    1.038631796836853
  ],
  "C1CCCCC1": [
    1.9203376770019531,
    0.6131206750869751,
    -0.039908621460199356,
    -0.23735763132572174,
    -1.0657153129577637,
    -0.8972398042678833,
    1.588167428970337,
    -0.2600855231285095,
    -0.26019665598869324,
    -0.7819951772689819,
    0.7282965183258057,
    -1.8609002828598022,
    -0.4920578598976135,
    1.02285635471344,
    -0.8516230583190918,
    0.892596960067749
  ],
  "CC(O)C": [
    2.139204740524292,
    0.34238481521606445,
    0.2884500324726105,
    -0.07163802534341812,
    -0.021494803950190544,
    -1.0283348560333252,
    1.105826497077942,
    -0.46298709511756897,
    -0.12350817024707794,
    -1.475419521331787,
    0.44012895226478577,
    -1.507344365119934,
    -0.29460325837135315,
    0.7094232439994812,
    -1.3377851247787476,
    1.316636323928833
  ],
  "O.CC#N": [
    1.8785470724105835,
    -0.6337092518806458,
    0.0214826837182045,
    0.20846855640411377,
    0.33257436752319336,
    -1.7931363582611084,
    0.5530570149421692,
    -0.13854244351387024,
    -0.24181123077869415,
    -1.4230475425720215,
    0.5799996852874756,
    -1.0883963108062744,
    0.31404680013656616,
    0.716311514377594,
    -1.0205267667770386,
    1.7480685710906982
  ],
  "CC#N": [
    2.1658084392547607,
    0.12122758477926254,
    0.24848785996437073,
    0.04194769635796547,
    -0.04213349521160126,
    -1.0531591176986694,
    1.0550035238265991,
    -0.39455533027648926,
    0.01853892207145691,
    -1.457717776298523,
    0.5153250694274902,
    -1.5505599975585938,
    -0.18586136400699615,
    0.5693368911743164,
    -1.385176181793213,
    1.3499422073364258
  ],
  "CC#N.CC(=O)O": [
    2.125572681427002,
    -0.009149079211056232,
    0.24723941087722778,
    -0.035080406814813614,
    -0.04009285941720009,
    -1.1838299036026,
    0.9622332453727722,
    -0.40746620297431946,
    0.1985020637512207,
    -1.513657808303833,
    0.508307933807373,
    -1.3785797357559204,
    -0.11763954162597656,
    0.6529162526130676,
    -1.4132333993911743,
    1.4212286472320557
  ],
  "CCOCC": [
    1.834338665008545,
    0.7583579421043396,
    0.020334525033831596,
    -0.15777847170829773,
    -0.8051983714103699,
    -0.5212218761444092,
    1.7296142578125,
    -0.5034389495849609,
    -0.4656904935836792,
    -0.9494993686676025,
    0.5049177408218384,
    -1.8623826503753662,
    -0.6118977665901184,
    0.9625805020332336,
    -0.9222558736801147,
    1.0080336332321167
  ],
  "OCC(F)(F)F": [
    1.7018433809280396,
    -0.3118278682231903,
    0.1584383249282837,
    -0.1922021210193634,
    -0.18603047728538513,
    -1.6908493041992188,
    0.7685205936431885,
    -0.16385357081890106,
    0.25972282886505127,
    -1.753641128540039,
    0.42983120679855347,
    -1.084151268005371,
    0.36741891503334045,
    0.8532916307449341,
    -0.9165922403335571,
    1.7776892185211182
  ],
  "O.OCC(F)(F)F": [
    1.6975289583206177,
    -0.917476236820221,
    -0.04427904635667801,
    0.1856498420238495,
    0.3939250707626343,
    -1.8546568155288696,
    0.24501274526119232,
    0.09950977563858032,
    -0.21828429400920868,
    -1.2752364873886108,
    0.4593897759914398,
    -0.837974488735199,
    0.30967023968696594,
    0.9394176602363586,
    -1.098893642425537,
    1.9266316890716553
  ],
  "CN(C)C(C)=O": [
    2.138399124145508,
    0.4880313575267792,
    0.4641132056713104,
    -0.13848568499088287,
    -0.04140782728791237,
    -0.764444887638092,
    1.1441282033920288,
    -0.5300894975662231,
    -0.2814357280731201,
    -1.329724907875061,
    0.39635393023490906,
    -1.7634751796722412,
    -0.40134844183921814,
    0.7802592515945435,
    -1.2892299890518188,
    1.1460137367248535
  ],
  "CCCCCCCCCCO": [
    1.9569090604782104,
    0.6407720446586609,
    0.21479007601737976,
    -0.4015710949897766,
    -0.5455588698387146,
    -0.4662962555885315,
    1.453191876411438,
    -0.5783136487007141,
    -0.6138025522232056,
    -0.9647786021232605,
    0.5931474566459656,
    -1.8517959117889404,
    -0.5603518486022949,
    1.1150386333465576,
    -1.0040314197540283,
    1.029592752456665
  ],
  "OCC": [
    2.1476471424102783,
    0.04744895547628403,
    0.23401504755020142,
    -0.01079551875591278,
    0.14857329428195953,
    -1.1591016054153442,
    1.0139031410217285,
    -0.4216274619102478,
    -0.04703206941485405,
    -1.4658621549606323,
    0.4167949855327606,
    -1.318383812904358,
    -0.20892415940761566,
    0.6935840845108032,
    -1.474608063697815,
    1.4231196641921997
  ],
  "C1CCOC1": [
    1.9593870639801025,
    0.6084347367286682,
    0.20374277234077454,
    -0.12697048485279083,
    -0.6163296103477478,
    -0.3946099877357483,
    1.5822019577026367,
    -0.4933752417564392,
    -0.3137401044368744,
    -0.9595090746879578,
    0.48936226963996887,
    -1.9791457653045654,
    -0.6695465445518494,
    0.8573881387710571,
    -1.118742823600769,
    0.9880435466766357
  ],
  "[C@H]12CCC([C@H](OC1)O2)=O": [
    2.22371506690979,
    -0.027001671493053436,
    0.38834550976753235,
    0.04751189798116684,
    0.31680411100387573,
    -1.1093800067901611,
    0.8663128614425659,
    -0.47972309589385986,
    -0.13166457414627075,
    -1.3902729749679565,
    0.3662443459033966,
    -1.5063261985778809,
    -0.20956112444400787,
    0.6628447771072388,
    -1.3770513534545898,
    1.3755760192871094
  ],
  "O=C(OCC)C": [
    1.8566128015518188,
    0.717284083366394,
    0.09976612031459808,
    -0.12330394238233566,
    -0.8258135318756104,
    -0.39526692032814026,
    1.7161972522735596,
    -0.48968297243118286,
    -0.29863712191581726,
    -0.9187383055686951,
    0.42397239804267883,
    -1.9288535118103027,
    -0.6945921182632446,
    0.9432656764984131,
    -1.013770341873169,
    0.9498615264892578
  ],
  "CC(C)(C)OC": [
    1.696948766708374,
    0.7630532383918762,
    -0.1556321382522583,
    -0.3366911709308624,
    -1.065439224243164,
    -0.5548568367958069,
    1.7969110012054443,
    -0.5127753019332886,
    -0.42138031125068665,
    -0.8751570582389832,
    0.5937637686729431,
    -1.7906932830810547,
    -0.6353057026863098,
    1.273766279220581,
    -0.6041590571403503,
    0.8498337864875793
  ],