{
  "CO": [
    1.8724020719528198,
    -0.327839732170105,
    0.06952214241027832,
    0.0478028878569603,
    0.057137977331876755,
    -1.6879745721817017,
    0.7650806903839111,
    -0.2718910574913025,
    0.21663759648799896,
    -1.5844511985778809,
    0.5078710317611694,
    -1.1280834674835205,
    0.143578439950943,
    0.8618817329406738,
    -1.147469162940979,
    1.6296786069869995
  ],
  "OCCO": [
    1.9927157163619995,
    -0.4627969563007355,
    0.11957752704620361,
    0.36652877926826477,
    0.6573240756988525,
    -1.637438416481018,
    0.6436262726783752,
    -0.27722907066345215,
    -0.1557062864303589,
    -1.4301210641860962,
    0.24223250150680542,
    -1.063422441482544,
    0.0066744606010615826,
    0.7160510420799255,
    -1.29759681224823,
    1.6033868789672852
  ],
  "C(C(F)(F)F)(C(F)(F)F)O": [
    1.2684545516967773,
    -0.3415582776069641,
    0.13197025656700134,
    -0.23799151182174683,
    -0.4955650568008423,
    -1.8498327732086182,
    0.6139293909072876,
    0.12309511005878448,
    0.3914720416069031,
    -1.9135297536849976,
    0.45547592639923096,
    -0.9823225140571594,
    0.45351701974868774,
    0.8511021137237549,
    -0.4242854416370392,
    1.976102590560913
  ],
  "O1C(C)CCC1": [
    2.0340073108673096,
    0.7400922775268555,
    0.2926478981971741,
    -0.17970220744609833,
    -0.6865144371986389,
    -0.5487897396087646,
    1.5830291509628296,
    -0.4624726176261902,
    -0.3669639825820923,
    -0.9323379993438721,
    0.3213720917701721,
    -1.8871279954910278,
    -0.6221316456794739,
    0.7602816224098206,
    -1.063342571258545,
    1.0397917032241821
  ],
  "C1CCCCC1": [
    1.6987481117248535,
    0.6046409606933594,
    -0.2506023943424225,
    -0.7441971898078918,
    -1.1841109991073608,
    -0.804731547832489,
    1.3663023710250854,
    -0.33653149008750916,
    -0.03861919045448303,
    -0.8134097456932068,
    0.5151314735412598,
    -1.8166687488555908,
    -0.6308135986328125,
    1.6002823114395142,
    -0.1505611389875412,
    1.008381724357605
  ],
  "CC(O)C": [
    2.1619699001312256,
    0.40343964099884033,
    0.2923354208469391,
    -0.03924650698900223,
    -0.08896194398403168,
    -1.0852757692337036,
    1.1534305810928345,
    -0.4513666033744812,
    -0.10657477378845215,
    -1.4632681608200073,
    0.4154990017414093,
    -1.4755085706710815,
    -0.37258315086364746,
    0.6915662288665771,
    -1.2870988845825195,
    1.2780089378356934
  ],
  "O.CC#N": [
    1.9634708166122437,
    -0.637646496295929,
    -0.041207123547792435,
    0.2554780840873718,
    0.2475079447031021,
    -1.821220874786377,
    0.34671080112457275,
    -0.04876284301280975,
    -0.03135904297232628,
    -1.4199360609054565,
    0.4274419844150543,
    -0.9870786666870117,
    0.15013833343982697,
    0.8074833154678345,
    -0.9960792064666748,
    1.8027913570404053
  ],
  "CC#N": [
    2.2046306133270264,
    0.23368628323078156,
    0.28551581501960754,
    0.02248869650065899,
    -0.14024874567985535,
    -1.0879815816879272,
    1.126839280128479,
    -0.4163075089454651,
    0.08114835619926453,
    -1.4640945196151733,
    0.4323985278606415,
    -1.5090725421905518,
    -0.2716769278049469,
    0.5603371858596802,
    -1.321271538734436,
    1.2883496284484863
  ],
  "CC#N.CC(=O)O": [
    2.155447244644165,
    0.11144280433654785,
    0.23486188054084778,
    -0.0018303681863471866,
    -0.13294340670108795,
    -1.1877063512802124,
    1.0327924489974976,
    -0.395370215177536,
    0.18840059638023376,
    -1.5222740173339844,
    0.5142160058021545,
    -1.3851006031036377,
    -0.2429269403219223,
    0.6288437843322754,
    -1.3418779373168945,
    1.3687191009521484
  ],
  "CCOCC": [
    1.826411247253418,
    0.7837556600570679,
    0.070090152323246,
    -0.19279013574123383,
    -0.9794828295707703,
    -0.48183438181877136,
    1.7792412042617798,
    -0.4895610511302948,
    -0.4003031551837921,
    -0.8911739587783813,
    0.4199473559856415,
    -1.85830557346344,
    -0.6671772003173828,
    0.9333314895629883,
    -0.8233961462974548,
    0.9943556785583496
  ],
  "OCC(F)(F)F": [
    1.9400604963302612,
    -0.21649891138076782,
    0.041902340948581696,
    -0.07225905358791351,
    0.007643198594450951,
    -1.7497069835662842,
    0.5443990230560303,
    -0.27381962537765503,
    0.12144950032234192,
    -1.7891591787338257,
    0.5772878527641296,
    -0.7776274085044861,
    0.21203018724918365,
    0.7800089716911316,
    -1.0075150728225708,
    1.6861528158187866
  ],
  "O.OCC(F)(F)F": [
    1.6219892501831055,
    -0.7349237203598022,
    -0.09519011527299881,
    0.19654236733913422,
    0.27851030230522156,
    -2.0337719917297363,
    0.352096825838089,
    0.0423412024974823,
    -0.16542357206344604,
    -1.509270191192627,
    0.5188441872596741,
    -0.7658492922782898,
    0.3332405388355255,
    0.8998708724975586,
    -0.8117796778678894,
    1.8920084238052368
  ],
  "CN(C)C(C)=O": [
    2.163278818130493,
    0.5227373838424683,
    0.5182430744171143,
    -0.16203956305980682,
    -0.1493048518896103,
    -0.8627301454544067,
    1.2147154808044434,
    -0.4991919994354248,
    -0.22767260670661926,
    -1.2748838663101196,
    0.29872995615005493,
    -1.715421438217163,
    -0.43120110034942627,
    0.7018141746520996,
    -1.2525924444198608,
    1.179589033126831
  ],
  "CCCCCCCCCCO": [
    2.001587152481079,
    0.7283114194869995,
    0.20366913080215454,
    -0.32373765110969543,
    -0.6003564596176147,
    -0.4534975290298462,
    1.4997143745422363,
    -0.6036827564239502,
    -0.6487155556678772,
    -0.9310344457626343,
    0.5606521368026733,
    -1.8549420833587646,
    -0.638634443283081,
    1.0441089868545532,
    -0.9116232991218567,
    0.9505047798156738
  ],
  "OCC": [
    2.158956289291382,
    0.13429589569568634,
    0.2528003454208374,
    -0.024962780997157097,
    0.01442655548453331,
    -1.2209458351135254,
    1.1029881238937378,
    -0.41109171509742737,
    -0.027998188510537148,
    -1.4911242723464966,
    0.4172389507293701,
    -1.33804190158844,
    -0.25695544481277466,
    0.6922881007194519,
    -1.3438643217086792,
    1.368887186050415
  ],
  "C1CCOC1": [
    2.0377445220947266,
    0.6623779535293579,
    0.295394629240036,
    -0.17173036932945251,
    -0.6586993336677551,
    -0.5011708736419678,
    1.5712189674377441,
    -0.43220680952072144,
    -0.2653622031211853,
    -0.9215579032897949,
    0.43934789299964905,
    -1.963802695274353,
    -0.6686829924583435,
    0.7139518857002258,
    -1.0979013442993164,
    0.9823749661445618
  ],
  "[C@H]12CCC([C@H](OC1)O2)=O": [
    2.258854389190674,
    0.0002793921157717705,
    0.4020138382911682,
    0.06408864259719849,
    0.2698490619659424,
    -1.1956349611282349,
    0.875706672668457,
    -0.4698438048362732,
    -0.08613559603691101,
    -1.3795802593231201,
    0.2949117124080658,
    -1.419244408607483,
    -0.2637563943862915,
    0.6665589809417725,
    -1.3663228750228882,
    1.3721697330474854
  ],
  "O=C(OCC)C": [
    1.864499807357788,
    0.7966046929359436,
    0.10572263598442078,
    -0.12427261471748352,
    -0.9178670048713684,
    -0.38087621331214905,
    1.738174557685852,
    -0.47134295105934143,
    -0.32882213592529297,
    -0.8903349041938782,
    0.42321211099624634,
    -1.9054697751998901,
    -0.7506226301193237,
    0.8956192135810852,
    -0.9409782290458679,
    0.9096692800521851
  ],
  "CC(C)(C)OC": [
    1.7941908836364746,
    0.8309424519538879,
    -0.032341018319129944,
    -0.26180142164230347,
    -1.1091043949127197,
    -0.5916945338249207,
    1.8085358142852783,
    -0.42917004227638245,
    -0.4235195219516754,
    -0.8293094038963318,
    0.5755402445793152,
    -1.7792115211486816,
    -0.6530937552452087,
    0.9880384802818298,
    -0.7593286037445068,
    0.8956453800201416
  ],