{
  "CO": [
    1.9670673608779907,
    -0.28807637095451355,
    0.03999755531549454,
    0.06175648048520088,
    0.1909083127975464,
    -1.687429666519165,
    0.6351889967918396,
    -0.34047752618789673,
    0.20100811123847961,
    -1.5410068035125732,
    0.4476739764213562,
    -0.8974965810775757,
    0.0944073498249054,
    0.7941765189170837,
    -1.3223233222961426,
    1.6667094230651855
  ],
  "OCCO": [
    2.0158281326293945,
    -0.4413415193557739,
    0.18925106525421143,
    0.37359419465065,
    0.6099858283996582,
    -1.655112862586975,
    0.674466073513031,
    -0.31597134470939636,
    -0.24052836000919342,
    -1.4160711765289307,
    0.333678662776947,
    -1.1595689058303833,
    -0.007169642485678196,
    0.7167254686355591,
    -1.202305555343628,
    1.5473140478134155
  ],
  "C(C(F)(F)F)(C(F)(F)F)O": [
    1.4511951208114624,
    -0.21456530690193176,
    0.03255880996584892,
    -0.30941370129585266,
    -0.7312222719192505,
    -1.5732083320617676,
    0.7523342967033386,
    0.03835311904549599,
    0.4396945536136627,
    -2.043276071548462,
    0.4200255274772644,
    -0.9759951829910278,
    0.478238970041275,
    0.8398987650871277,
    -0.43797653913497925,
    1.8543790578842163
  ],
  "O1C(C)CCC1": [
    2.110973358154297,
    0.6928434371948242,
    0.30342403054237366,
    -0.25532904267311096,
    -0.6007431745529175,
    -0.5452833771705627,
    1.4981967210769653,
    -0.4352395534515381,
    -0.24744245409965515,
    -1.005258321762085,
    0.307190477848053,
    -1.8627474308013916,
    -0.5948546528816223,
    0.7187444567680359,
    -1.1352797746658325,
    1.071539044380188
  ],
  "C1CCCCC1": [
    1.6633292436599731,
    0.7331576347351074,
    -0.16978143155574799,
    -0.5306572318077087,
    -1.2269132137298584,
    -0.8604615926742554,
    1.4878809452056885,
    -0.31825247406959534,
    -0.3016507923603058,
    -0.800451397895813,
    0.6895981431007385,
    -1.7819762229919434,
    -0.6319528222084045,
    1.4797006845474243,
    -0.3404556214809418,
    0.9316930174827576
  ],
  "CC(O)C": [
    2.183114767074585,
    0.39518502354621887,
    0.2853095233440399,
    -0.029529325664043427,
    -0.0691596195101738,
    -1.0502099990844727,
    1.1144667863845825,
    -0.4492875337600708,
    -0.09236204624176025,
    -1.4596812725067139,
    0.4189809560775757,
    -1.4393465518951416,
    -0.40280431509017944,
    0.7057875394821167,
    -1.3550812005996704,
    1.2695655822753906
  ],
  "O.CC#N": [
    1.9688570499420166,
    -0.6752502918243408,
    -0.04563943296670914,
    0.20262688398361206,
    0.26414966583251953,
    -1.7741881608963013,
    0.3497065305709839,
    -0.005381569266319275,
    -0.03165119141340256,
    -1.4211515188217163,
    0.4345345199108124,
    -1.0102043151855469,
    0.13324740529060364,
    0.8164874911308289,
    -1.0028717517852783,
    1.8131468296051025
  ],
  "CC#N": [
    2.2518057823181152,
    0.2081729769706726,
    0.3051168620586395,
    -0.04690665006637573,
    -0.13698144257068634,
    -1.1108460426330566,
    1.0561922788619995,
    -0.4044182598590851,
    0.12203346937894821,
    -1.417680025100708,
    0.3770648241043091,
    -1.4306349754333496,
    -0.26404398679733276,
    0.5800724029541016,
    -1.3899050951004028,
    1.3238770961761475
  ],
  "CC#N.CC(=O)O": [
    2.1541404724121094,
    0.08839177340269089,
    0.2153501808643341,
    0.029915476217865944,
    -0.08182034641504288,
    -1.1829172372817993,
    0.9893331527709961,
    -0.4031989872455597,
    0.155169278383255,
    -1.5185573101043701,
    0.5599060654640198,
    -1.3836661577224731,
    -0.25039032101631165,
    0.652423620223999,
    -1.3675256967544556,
    1.3664182424545288
  ],
  "CCOCC": [
    1.8084049224853516,
    0.7447091341018677,
    0.08457539230585098,
    -0.27868539094924927,
    -1.0095733404159546,
    -0.45521003007888794,
    1.7544118165969849,
    -0.44132131338119507,
    -0.356955885887146,
    -0.9267798662185669,
    0.3914457857608795,
    -1.8530937433242798,
    -0.6177005767822266,
    0.9701809287071228,
    -0.8511988520622253,
    1.0582045316696167
  ],
  "OCC(F)(F)F": [
    1.7864181995391846,
    -0.24620044231414795,
    0.08710285276174545,
    -0.11595961451530457,
    -0.165669783949852,
    -1.7818273305892944,
    0.7248639464378357,
    -0.26117488741874695,
    0.12375734001398087,
    -1.7301557064056396,
    0.6393663883209229,
    -0.9755998849868774,
    0.3198753297328949,
    0.8566619753837585,
    -0.9161019325256348,
    1.6774433851242065
  ],
  "O.OCC(F)(F)F": [
    1.6768348217010498,
    -0.73326176404953,
    -0.04690038040280342,
    0.17787288129329681,
    0.23415248095989227,
    -2.000746488571167,
    0.4388338625431061,
    -0.012290414422750473,
    -0.22569862008094788,
    -1.5196434259414673,
    0.5511037111282349,
    -0.7512839436531067,
    0.3780817985534668,
    0.8477478623390198,
    -0.8504028916358948,
    1.854636311531067
  ],
  "CN(C)C(C)=O": [
    2.1508796215057373,
    0.5790650844573975,
    0.510696530342102,
    -0.14945879578590393,
    -0.194909930229187,
    -0.8211486339569092,
    1.1823776960372925,
    -0.49694082140922546,
    -0.2837183177471161,
    -1.2643872499465942,
    0.3672548830509186,
    -1.7808265686035156,
    -0.4370397925376892,
    0.705390989780426,
    -1.2084252834320068,
    1.1626369953155518
  ],
  "CCCCCCCCCCO": [
    1.9804128408432007,
    0.7137045860290527,
    0.21139921247959137,
    -0.32756292819976807,
    -0.6188803911209106,
    -0.446988046169281,
    1.4779363870620728,
    -0.5981501340866089,
    -0.6649347543716431,
    -0.9447473883628845,
    0.6198193430900574,
    -1.8578211069107056,
    -0.6224046945571899,
    1.0826539993286133,
    -0.9127638339996338,
    0.9295182228088379
  ],
  "OCC": [
    2.2109622955322266,
    0.10120812803506851,
    0.23506459593772888,
    -0.016233641654253006,
    0.07953938096761703,
    -1.1514601707458496,
    1.0445072650909424,
    -0.4365479350090027,
    0.01723424531519413,
    -1.4624453783035278,
    0.341744601726532,
    -1.2510557174682617,
    -0.2837725877761841,
    0.6892983913421631,
    -1.475283145904541,
    1.3823901414871216
  ],
  "C1CCOC1": [
    1.976904273033142,
    0.6656180024147034,
    0.2374260276556015,
    -0.16944211721420288,
    -0.7074350714683533,
    -0.4010237753391266,
    1.6026970148086548,
    -0.4613752067089081,
    -0.24201226234436035,
    -0.9779192805290222,
    0.42906615138053894,
    -1.9824142456054688,
    -0.7128885984420776,
    0.8423181772232056,
    -1.0181845426559448,
    0.9401586055755615
  ],
  "[C@H]12CCC([C@H](OC1)O2)=O": [
    2.227449417114258,
    0.06409358978271484,
    0.46832916140556335,
    0.0636114776134491,
    0.21613895893096924,
    -1.2006268501281738,
    0.9008059501647949,
    -0.4471398890018463,
    -0.14037173986434937,
    -1.3707891702651978,
    0.30777886509895325,
    -1.5228242874145508,
    -0.26210373640060425,
    0.6670690774917603,
    -1.3016448020935059,
    1.3524867296218872
  ],
  "O=C(OCC)C": [
    1.8726094961166382,
    0.8102183938026428,
    0.09894999116659164,
    -0.052753787487745285,
    -0.8558560609817505,
    -0.413812518119812,
    1.68184494972229,
    -0.4714620113372803,
    -0.3618980348110199,
    -0.8969460129737854,
    0.5147835612297058,
    -1.9132351875305176,
    -0.7730197310447693,
    0.8672481775283813,
    -0.9928507208824158,
    0.9073400497436523
  ],
  "CC(C)(C)OC": [
    1.7751030921936035,
    0.8089075684547424,
    -0.02100248448550701,
    -0.25445207953453064,
    -1.1090041399002075,
    -0.583368182182312,
    1.8100486993789673,
    -0.42829710245132446,
    -0.4131602942943573,
    -0.8194643259048462,
    0.5762559175491333,
    -1.7989922761917114,
    -0.6495118737220764,
    1.0063785314559937,
    -0.7765541672706604,
    0.900204062461853
  ],