{
  "CO": [
    2.0464234352111816,
    -0.24628466367721558,
    0.013363276608288288,
    0.15846872329711914,
    0.20873336493968964,
    -1.61910080909729,
    0.5450469851493835,
    -0.34457361698150635,
    0.17702816426753998,
    -1.5337543487548828,
    0.43850213289260864,
    -0.8993176221847534,
    0.0056289746426045895,
    0.810000479221344,
    -1.371847152709961,
    1.6353330612182617
  ],
  "OCCO": [
    2.005032777786255,
    -0.4305252730846405,
    0.15853621065616608,
    0.40345633029937744,
    0.6373944878578186,
    -1.6498205661773682,
    0.7215033769607544,
    -0.2923823893070221,
    -0.18731889128684998,
    -1.4138622283935547,
    0.2433309704065323,
    -1.1620509624481201,
    -0.0025066942907869816,
    0.7004567980766296,
    -1.2434653043746948,
    1.538205862045288
  ],
  "C(C(F)(F)F)(C(F)(F)F)O": [
    1.346612572669983,
    -0.2932896018028259,
    0.06784357875585556,
    -0.2026953250169754,
    -0.30532845854759216,
    -1.8921728134155273,
    0.6063060164451599,
    0.048499949276447296,
    0.3557828664779663,
    -1.893586277961731,
    0.45626816153526306,
    -0.9254389405250549,
    0.4707699120044708,
    0.763955295085907,
    -0.5716397762298584,
    1.9893791675567627
  ],
  "O1C(C)CCC1": [
    2.0065064430236816,
    0.7877769470214844,
    0.23210018873214722,
    -0.11508283019065857,
    -0.6626974940299988,
    -0.4900197386741638,
    1.6022834777832031,
    -0.5264095067977905,
    -0.4504217505455017,
    -0.9430860280990601,
    0.34212756156921387,
    -1.8666044473648071,
    -0.6552004218101501,
    0.8362905979156494,
    -1.0572274923324585,
    0.9833901524543762
  ],
  "C1CCCCC1": [
    1.7206432819366455,
    0.7529401779174805,
    -0.19514212012290955,
    -0.47187450528144836,
    -1.237770438194275,
    -0.8674052953720093,
    1.5059336423873901,
    -0.3402983248233795,
    -0.3632619082927704,
    -0.7649680972099304,
    0.6891061663627625,
    -1.7510616779327393,
    -0.6324090957641602,
    1.45198392868042,
    -0.35808324813842773,
    0.8866827487945557
  ],
  "CC(O)C": [
    2.0726780891418457,
    0.39591941237449646,
    0.27562201023101807,
    -0.04948794096708298,
    -0.21732215583324432,
    -1.0533367395401,
    1.341355323791504,
    -0.4705495536327362,
    -0.01133224181830883,
    -1.4282798767089844,
    0.22345566749572754,
    -1.534720540046692,
    -0.30368363857269287,
    0.7493636608123779,
    -1.2571296691894531,
    1.2962859869003296
  ],
  "O.CC#N": [
    1.8494402170181274,
    -0.5876660346984863,
    0.016201937571167946,
    0.21855802834033966,
    0.29467537999153137,
    -1.8306490182876587,
    0.5468865633010864,
    -0.08423198014497757,
    -0.14079411327838898,
    -1.480739951133728,
    0.47739896178245544,
    -0.9996617436408997,
    0.21517230570316315,
    0.7748715877532959,
    -1.037093162536621,
    1.788822054862976
  ],
  "CC#N": [
    2.2682857513427734,
    0.2095738798379898,
    0.2684099078178406,
    -0.002318375511094928,
    -0.0641346275806427,
    -1.1440509557724,
    1.0413217544555664,
    -0.4098586440086365,
    0.11081117391586304,
    -1.4295086860656738,
    0.3875308632850647,
    -1.4118961095809937,
    -0.29907935857772827,
    0.5994624495506287,
    -1.3843375444412231,
    1.2863441705703735
  ],
  "CC#N.CC(=O)O": [
    2.218471050262451,
    0.11766904592514038,
    0.23114922642707825,
    -0.00832386314868927,
    -0.0975746288895607,
    -1.1637663841247559,
    1.001141905784607,
    -0.4491620361804962,
    0.19722914695739746,
    -1.4862024784088135,
    0.4739922285079956,
    -1.3259341716766357,
    -0.2912074625492096,
    0.6674891114234924,
    -1.3917338848114014,
    1.333388328552246
  ],
  "CCOCC": [
    1.8624293804168701,
    0.7859472036361694,
    0.048271384090185165,
    -0.1725841462612152,
    -0.9704588055610657,
    -0.47239595651626587,
    1.7638916969299316,
    -0.49323737621307373,
    -0.44036170840263367,
    -0.8739634156227112,
    0.42234882712364197,
    -1.8606996536254883,
    -0.6663668155670166,
    0.9494333267211914,
    -0.8142406940460205,
    0.9561918377876282
  ],
  "OCC(F)(F)F": [
    1.7439159154891968,
    -0.27683326601982117,
    0.09186062216758728,
    -0.13641466200351715,
    -0.15748098492622375,
    -1.7847884893417358,
    0.718856692314148,
    -0.16204512119293213,
    0.3110670745372772,
    -1.7279107570648193,
    0.35903027653694153,
    -0.9697434306144714,
    0.31874603033065796,
    0.78105229139328,
    -0.9081664085388184,
    1.823060393333435
  ],
  "O.OCC(F)(F)F": [
    1.6498162746429443,
    -0.7408254146575928,
    -0.09281978011131287,
    0.1872456967830658,
    0.288411021232605,
    -2.0326550006866455,
    0.4439414441585541,
    -0.010036448016762733,
    -0.2065487802028656,
    -1.5064764022827148,
    0.5462000966072083,
    -0.7357810139656067,
    0.3602295219898224,
    0.8901805281639099,
    -0.8514038920402527,
    1.8325450420379639
  ],
  "CN(C)C(C)=O": [
    2.1849842071533203,
    0.5749270915985107,
    0.49075695872306824,
    -0.11501243710517883,
    -0.11819585412740707,
    -0.8610487580299377,
    1.1792352199554443,
    -0.5032492280006409,
    -0.2809443473815918,
    -1.2837014198303223,
    0.3194447457790375,
    -1.7227470874786377,
    -0.45880815386772156,
    0.7022812366485596,
    -1.2298048734664917,
    1.1471590995788574
  ],
  "CCCCCCCCCCO": [
    2.1498348712921143,
    0.6778507232666016,
    0.1799522340297699,
    -0.39481860399246216,
    -0.4972406029701233,
    -0.4404887557029724,
    1.4267547130584717,
    -0.5810903310775757,
    -0.5981058478355408,
    -0.9149212837219238,
    0.4410534203052521,
    -1.783679485321045,
    -0.6313969492912292,
    0.9912472367286682,
    -1.0248055458068848,
    1.0226415395736694
  ],
  "OCC": [
    2.194927930831909,
    0.09239950031042099,
    0.19745700061321259,
    0.0011103725992143154,
    0.08781523257493973,
    -1.2423232793807983,
    1.0585458278656006,
    -0.40106838941574097,
    0.01577124185860157,
    -1.4676144123077393,
    0.35861602425575256,
    -1.2275396585464478,
    -0.26448094844818115,
    0.7023504376411438,
    -1.448593258857727,
    1.3713233470916748
  ],
  "C1CCOC1": [
    1.9894039630889893,
    0.698007345199585,
    0.20828817784786224,
    -0.09683363139629364,
    -0.6796641945838928,
    -0.42352357506752014,
    1.6126313209533691,
    -0.5017171502113342,
    -0.3314903974533081,
    -0.9253230094909668,
    0.44783905148506165,
    -1.9482884407043457,
    -0.7201780080795288,
    0.8105610013008118,
    -1.061676025390625,
    0.944989800453186
  ],
  "[C@H]12CCC([C@H](OC1)O2)=O": [
    2.2726426124572754,
    0.028608150780200958,
    0.40682175755500793,
    0.04735460877418518,
    0.27598142623901367,
    -1.1849164962768555,
    0.8964584469795227,
    -0.4736310839653015,
    -0.08961430191993713,
    -1.3702059984207153,
    0.2815867066383362,
    -1.414056658744812,
    -0.2846416234970093,
    0.6703155040740967,
    -1.378701090812683,
    1.3418564796447754
  ],
  "O=C(OCC)C": [
    2.021024227142334,
    0.7888778448104858,
    0.19559675455093384,
    -0.10837381333112717,
    -0.7009882926940918,
    -0.5893910527229309,
    1.6213089227676392,
    -0.4276367425918579,
    -0.29298922419548035,
    -0.9450765252113342,
    0.4291984438896179,
    -1.849561095237732,
    -0.6853588223457336,
    0.7609239220619202,
    -1.1179449558258057,
    0.9252634644508362
  ],
  "CC(C)(C)OC": [
    1.7683883905410767,
    0.8156076669692993,
    -0.08203793317079544,
    -0.2772301137447357,
    -1.1018998622894287,
    -0.5699010491371155,
    1.8427278995513916,
    -0.4531167149543762,
    -0.4036993980407715,
    -0.8659632205963135,
    0.5200204849243164,
    -1.7445148229599,
    -0.6697782874107361,
    1.0863049030303955,
    -0.7186163663864136,
    0.8808294534683228
  ],