{
  "CO": [
    0.8989043831825256,
    -1.7481255531311035,
    0.6331249475479126,
    -0.1805896908044815,
    0.8455231189727783,
    -0.31935203075408936,
    -0.2914551794528961,
    -0.06609047949314117,
    -0.7757909297943115,
    -1.1954149007797241,
    1.6413942575454712,
    -0.4248206913471222,
    0.7629308104515076,
    0.9217507839202881,
    -1.8039714097976685,
    1.0991944074630737
  ],
  "OCCO": [
    1.1511033773422241,
    -1.6029764413833618,
    0.8313525319099426,
    -0.1463935524225235,
    1.2626768350601196,
    -0.26527443528175354,
    -0.4820637106895447,
    -0.09952782839536667,
    -0.771949052810669,
    -1.0573793649673462,
    1.4177652597427368,
    -0.7078412175178528,
    0.6031861901283264,
    0.7977882623672485,
    -1.8507500886917114,
    0.9165745377540588
  ],
  "C(C(F)(F)F)(C(F)(F)F)O": [
    0.6300279498100281,
    -1.3902828693389893,
    0.6841306090354919,
    -0.882271945476532,
    -0.09652730822563171,
    -0.33510100841522217,
    0.449243426322937,
    0.5761753916740417,
    -0.30115583539009094,
    -1.7898263931274414,
    1.2180968523025513,
    -0.3914537727832794,
    0.6242817640304565,
    0.9907496571540833,
    -1.6467952728271484,
    1.6607698202133179
  ],
  "O1C(C)CCC1": [
    1.0569485425949097,
    -1.1350162029266357,
    0.8535149097442627,
    -0.17857974767684937,
    0.05882849916815758,
    0.3100709021091461,
    0.7758855819702148,
    0.23479560017585754,
    -1.9803297519683838,
    -0.6602933406829834,
    1.1326067447662354,
    -1.3627251386642456,
    0.25958627462387085,
    1.467236042022705,
    -1.4241814613342285,
    0.5910184979438782
  ],
  "C1CCCCC1": [
    1.0056856870651245,
    -1.0501044988632202,
    0.39193597435951233,
    -0.3881634771823883,
    -0.5600483417510986,
    -0.35950616002082825,
    1.2357456684112549,
    0.6940397024154663,
    -1.8282766342163086,
    -0.3444790244102478,
    1.2354258298873901,
    -1.384511113166809,
    0.16789036989212036,
    1.750628113746643,
    -0.9868818521499634,
    0.4221678078174591
  ],
  "CC(O)C": [
    1.0314221382141113,
    -1.323892593383789,
    0.9564865231513977,
    -0.14539827406406403,
    0.827134907245636,
    0.0034072932321578264,
    -0.1296253800392151,
    -0.08962472528219223,
    -1.2972909212112427,
    -1.247687578201294,
    1.4326626062393188,
    -0.8098019361495972,
    0.6333668828010559,
    1.0786737203598022,
    -1.8048487901687622,
    0.8820229768753052
  ],
  "O.CC#N": [
    1.1347068548202515,
    -1.7720121145248413,
    0.4415740370750427,
    -0.26087456941604614,
    0.8848683834075928,
    -0.3795176148414612,
    -0.5819573998451233,
    0.11402606219053268,
    -0.5345461368560791,
    -0.9612699151039124,
    1.5634071826934814,
    -0.4498685300350189,
    0.5910522937774658,
    0.7585725784301758,
    -1.8725264072418213,
    1.321184754371643
  ],
  "CC#N": [
    1.0480456352233887,
    -1.5053613185882568,
    0.9034044146537781,
    -0.10659313946962357,
    0.6356316208839417,
    0.15710783004760742,
    -0.24210244417190552,
    -0.029108092188835144,
    -0.8952433466911316,
    -1.2630057334899902,
    1.4505606889724731,
    -0.878784716129303,
    0.7060675024986267,
    0.83838951587677,
    -1.9135972261428833,
    1.0912622213363647
  ],
  "CC#N.CC(=O)O": [
    0.9948800802230835,
    -1.569203495979309,
    0.8395777940750122,
    -0.14567694067955017,
    0.7209416031837463,
    0.09193145483732224,
    -0.2717619836330414,
    -0.051297400146722794,
    -0.7893507480621338,
    -1.2737507820129395,
    1.5810879468917847,
    -0.7461069226264954,
    0.6555021405220032,
    0.8481026887893677,
    -1.9235445261001587,
    1.0354785919189453
  ],
  "CCOCC": [
    1.0044355392456055,
    -1.1742074489593506,
    0.666710615158081,
    -0.22067026793956757,
    0.04975109547376633,
    0.14261552691459656,
    1.0164645910263062,
    0.3749919831752777,
    -2.050736904144287,
    -0.5772402882575989,
    1.2090036869049072,
    -1.25035560131073,
    0.19412563741207123,
    1.4986248016357422,
    -1.3645144701004028,
    0.4811124801635742
  ],
  "OCC(F)(F)F": [
    0.9866865277290344,
    -1.5336297750473022,
    0.6407232284545898,
    -0.7157979011535645,
    0.40114808082580566,
    -0.31624582409858704,
    0.1802816092967987,
    0.16015085577964783,
    -0.4329903721809387,
    -1.5916293859481812,
    1.2857604026794434,
    -0.3835667669773102,
    0.7789366245269775,
    0.9488846063613892,
    -1.8368653059005737,
    1.4267277717590332
  ],
  "O.OCC(F)(F)F": [
    0.6236183643341064,
    -1.8954379558563232,
    0.5124577879905701,
    -0.557752251625061,
    0.7275317311286926,
    -0.5943655967712402,
    -0.24167707562446594,
    0.4912589490413666,
    -0.6719271540641785,
    -1.142504096031189,
    1.5646061897277832,
    -0.3166525959968567,
    0.8263451457023621,
    0.9172925353050232,
    -1.6059504747390747,
    1.3616994619369507
  ],
  "CN(C)C(C)=O": [
    1.1060130596160889,
    -1.2325756549835205,
    1.1798475980758667,
    -0.20764818787574768,
    0.7243749499320984,
    0.16894762217998505,
    0.008695513941347599,
    -0.0697484016418457,
    -1.4856191873550415,
    -1.1237585544586182,
    1.2499674558639526,
    -1.1555434465408325,
    0.5564217567443848,
    1.164953351020813,
    -1.636885166168213,
    0.7497966289520264
  ],
  "CCCCCCCCCCO": [
    1.0933606624603271,
    -1.023449182510376,
    0.6073599457740784,
    -0.5968762040138245,
    0.2376801073551178,
    0.36364486813545227,
    0.7002192139625549,
    0.18801045417785645,
    -2.0969786643981934,
    -0.5341672897338867,
    1.3034858703613281,
    -1.0756630897521973,
    0.06741543859243393,
    1.7320600748062134,
    -1.2970653772354126,
    0.33121663331985474
  ],
  "OCC": [
    0.9820443391799927,
    -1.5680376291275024,
    0.9991504549980164,
    -0.18605253100395203,
    0.8130663633346558,
    0.11902429908514023,
    -0.10042392462491989,
    -0.07945459336042404,
    -0.840870201587677,
    -1.2612435817718506,
    1.2668975591659546,
    -0.7396236658096313,
    0.587643027305603,
    1.073143720626831,
    -2.007766008377075,
    0.9398626685142517
  ],
  "C1CCOC1": [
    0.9917364716529846,
    -1.2977173328399658,
    0.9152936339378357,
    -0.16296041011810303,
    0.0711478665471077,
    0.43890106678009033,
    0.7888647317886353,
    0.2583756148815155,
    -1.8472434282302856,
    -0.5615805983543396,
    1.179789662361145,
    -1.4656533002853394,
    0.13112276792526245,
    1.4671999216079712,
    -1.3888720273971558,
    0.4811967611312866
  ],
  "[C@H]12CCC([C@H](OC1)O2)=O": [
    1.238006830215454,
    -1.3738720417022705,
    1.1939303874969482,
    -0.21885201334953308,
    0.9383158683776855,
    0.054849494248628616,
    -0.45257842540740967,
    -0.2415432333946228,
    -1.0009431838989258,
    -1.1777616739273071,
    1.4022639989852905,
    -0.9772920608520508,
    0.5978716611862183,
    0.9148274660110474,
    -1.6866779327392578,
    0.7857193946838379
  ],
  "O=C(OCC)C": [
    0.8985254764556885,
    -1.2711591720581055,
    0.7507048845291138,
    -0.23334917426109314,
    -0.19079846143722534,
    0.4544636011123657,
    1.178215503692627,
    0.3644152581691742,
    -1.8073844909667969,
    -0.5283410549163818,
    1.0195790529251099,
    -1.372707486152649,
    0.11004587262868881,
    1.641394019126892,
    -1.3798229694366455,
    0.3671337068080902
  ],
  "CC(C)(C)OC": [
    0.7573091387748718,
    -0.9126104712486267,
    0.22766821086406708,
    -0.5351521372795105,
    -0.558780312538147,
    0.046830326318740845,
    1.6758908033370972,
    0.4927765130996704,
    -1.9359214305877686,
    -0.3420822024345398,
    0.8123891353607178,
    -1.1378123760223389,
    -0.14525486528873444,
    2.117079734802246,
    -0.7458127737045288,
    0.18710501492023468
  ],