{
  "CO": [
    1.2751333713531494,
    -0.7885674238204956,
    0.3071148991584778,
    -0.4177554249763489,
    0.8328381776809692,
    -0.6109557747840881,
    0.5617149472236633,
    -0.7750868201255798,
    -0.6796221137046814,
    -1.1065541505813599,
    1.7257295846939087,
    -1.1443235874176025,
    0.5683302879333496,
    0.6628103256225586,
    -1.7467336654663086,
    1.32453453540802
  ],
  "OCCO": [
    1.545916199684143,
    -0.6988586187362671,
    0.44058775901794434,
    -0.20469264686107635,
    1.2612656354904175,
    -0.6118274927139282,
    0.2647840082645416,
    -0.803501307964325,
    -0.8580335378646851,
    -0.9519848227500916,
    1.5534573793411255,
    -1.2809191942214966,
    0.4167133569717407,
    0.5086702108383179,
    -1.7016974687576294,
    1.1063034534454346
  ],
  "C(C(F)(F)F)(C(F)(F)F)O": [
    1.0529910326004028,
    -0.6784206628799438,
    0.25479286909103394,
    -0.9118433594703674,
    0.06869053840637207,
    -0.7177150249481201,
    1.1018738746643066,
    -0.3488589823246002,
    -0.3190189599990845,
    -1.6060631275177002,
    1.5982882976531982,
    -1.1029902696609497,
    0.6723689436912537,
    0.6734510660171509,
    -1.340421199798584,
    1.5981874465942383
  ],
  "O1C(C)CCC1": [
    1.5075218677520752,
    -0.02997463196516037,
    0.4581848680973053,
    -0.5660934448242188,
    0.25657224655151367,
    -0.045528583228588104,
    1.2467427253723145,
    -0.5818040370941162,
    -1.2889890670776367,
    -0.6377202868461609,
    1.2336854934692383,
    -1.8552972078323364,
    -0.10810308158397675,
    0.9211174249649048,
    -1.542330265045166,
    1.0230262279510498
  ],
  "C1CCCCC1": [
    1.3983242511749268,
    -0.1431746631860733,
    0.3112940788269043,
    -0.6464505195617676,
    -0.3541225492954254,
    -0.5030901432037354,
    1.367331624031067,
    -0.15414373576641083,
    -1.1397401094436646,
    -0.5291429162025452,
    1.436427354812622,
    -1.957359790802002,
    0.09411896020174026,
    1.0473060607910156,
    -1.280326008796692,
    1.0465855598449707
  ],
  "CC(O)C": [
    1.4273508787155151,
    -0.29779890179634094,
    0.5215862989425659,
    -0.4071946144104004,
    0.8276499509811401,
    -0.3002535402774811,
    0.680156409740448,
    -0.7818750739097595,
    -1.05515456199646,
    -1.0256280899047852,
    1.5307444334030151,
    -1.494154453277588,
    0.2884732186794281,
    0.7171231508255005,
    -1.75408136844635,
    1.1106935739517212
  ],
  "O.CC#N": [
    1.2252683639526367,
    -1.0343687534332275,
    0.20292413234710693,
    -0.34355980157852173,
    0.9623119235038757,
    -0.7837081551551819,
    0.34605905413627625,
    -0.39919713139533997,
    -0.8064877390861511,
    -0.9488859176635742,
    1.7389039993286133,
    -1.1994445323944092,
    0.6687658429145813,
    0.5273049473762512,
    -1.6210870742797852,
    1.4535433053970337
  ],
  "CC#N": [
    1.4265704154968262,
    -0.499602347612381,
    0.5059869885444641,
    -0.3041341304779053,
    0.7824119329452515,
    -0.19231781363487244,
    0.5378060340881348,
    -0.7205823063850403,
    -0.8631900548934937,
    -1.0670480728149414,
    1.5971158742904663,
    -1.495054841041565,
    0.3437069356441498,
    0.5222645401954651,
    -1.8316057920455933,
    1.244381308555603
  ],
  "CC#N.CC(=O)O": [
    1.4524070024490356,
    -0.566821277141571,
    0.4192734956741333,
    -0.32034561038017273,
    0.8040411472320557,
    -0.24754822254180908,
    0.4493577778339386,
    -0.7578784823417664,
    -0.6651601195335388,
    -1.121511697769165,
    1.634623408317566,
    -1.3197780847549438,
    0.3015386164188385,
    0.5865801572799683,
    -1.925958275794983,
    1.2643344402313232
  ],
  "CCOCC": [
    1.3756171464920044,
    0.007280244026333094,
    0.2601441740989685,
    -0.5375362634658813,
    0.05559452995657921,
    -0.19095732271671295,
    1.5302914381027222,
    -0.5231993198394775,
    -1.4504562616348267,
    -0.5226510763168335,
    1.3009297847747803,
    -1.8189396858215332,
    -0.1380113661289215,
    1.037275791168213,
    -1.343323826789856,
    0.9511163234710693
  ],
  "OCC(F)(F)F": [
    1.4285835027694702,
    -0.6163307428359985,
    0.18002906441688538,
    -0.5635399222373962,
    0.785426139831543,
    -0.7498452067375183,
    0.48523175716400146,
    -0.6960017085075378,
    -0.5405701398849487,
    -1.3563752174377441,
    1.6699225902557373,
    -0.8727004528045654,
    0.5196912288665771,
    0.6539990901947021,
    -1.7383123636245728,
    1.400814414024353
  ],
  "O.OCC(F)(F)F": [
    1.1660906076431274,
    -1.1166868209838867,
    0.09155719727277756,
    -0.41081270575523376,
    0.9533684253692627,
    -1.0188109874725342,
    0.2745310664176941,
    -0.21709571778774261,
    -0.8541821241378784,
    -0.9682163596153259,
    1.7942771911621094,
    -1.0008728504180908,
    0.7148939967155457,
    0.6439868211746216,
    -1.5058921575546265,
    1.4439988136291504
  ],
  "CN(C)C(C)=O": [
    1.5412070751190186,
    -0.18240484595298767,
    0.7446935176849365,
    -0.5303890109062195,
    0.7530418634414673,
    -0.148695707321167,
    0.7256162762641907,
    -0.7551603317260742,
    -1.1007364988327026,
    -0.8855306506156921,
    1.3081889152526855,
    -1.6960926055908203,
    0.12666063010692596,
    0.7004026770591736,
    -1.695781946182251,
    1.0826416015625
  ],
  "CCCCCCCCCCO": [
    1.457175374031067,
    0.04073214530944824,
    0.23039914667606354,
    -0.8453302979469299,
    0.15297509729862213,
    0.07871677726507187,
    1.296772837638855,
    -0.6012176275253296,
    -1.5595781803131104,
    -0.43209174275398254,
    1.3262293338775635,
    -1.6319801807403564,
    -0.2529343366622925,
    1.2500760555267334,
    -1.3334078788757324,
    0.817180335521698
  ],
  "OCC": [
    1.431196928024292,
    -0.5405107736587524,
    0.4562755227088928,
    -0.32149162888526917,
    0.973033607006073,
    -0.311967134475708,
    0.5534849166870117,
    -0.7747730612754822,
    -0.8454769253730774,
    -1.0658013820648193,
    1.5067455768585205,
    -1.3041448593139648,
    0.3159429132938385,
    0.6229760646820068,
    -1.9178298711776733,
    1.2097829580307007
  ],
  "C1CCOC1": [
    1.37873113155365,
    -0.10956045985221863,
    0.4671882688999176,
    -0.4511125683784485,
    0.20356404781341553,
    -0.03185752034187317,
    1.287837028503418,
    -0.5527723431587219,
    -1.3569515943527222,
    -0.48570215702056885,
    1.3408704996109009,
    -1.974061369895935,
    -0.13825741410255432,
    0.8977768421173096,
    -1.473117470741272,
    0.988145649433136
  ],
  "[C@H]12CCC([C@H](OC1)O2)=O": [
    1.5466337203979492,
    -0.558576762676239,
    0.67390376329422,
    -0.3306442201137543,
    1.066010594367981,
    -0.35131579637527466,
    0.30528193712234497,
    -0.7736721038818359,
    -0.8358332514762878,
    -0.912769079208374,
    1.4583508968353271,
    -1.5220040082931519,
    0.32511642575263977,
    0.5198526382446289,
    -1.7765675783157349,
    1.1519083976745605
  ],
  "O=C(OCC)C": [
    1.3953906297683716,
    -0.017532214522361755,
    0.35618746280670166,
    -0.4357045292854309,
    0.1713825911283493,
    -0.09907297790050507,
    1.3622452020645142,
    -0.5521336197853088,
    -1.3548747301101685,
    -0.5686317682266235,
    1.3698762655258179,
    -1.841507077217102,
    -0.13715298473834991,
    0.9242757558822632,
    -1.5460330247879028,
    0.964632511138916
  ],
  "CC(C)(C)OC": [
    1.1973633766174316,
    0.07665396481752396,
    0.012586303055286407,
    -0.5514450669288635,
    -0.3373355269432068,
    -0.3017437756061554,
    1.8393917083740234,
    -0.43472132086753845,
    -1.514941930770874,
    -0.3570587635040283,
    1.2387267351150513,
    -1.7073683738708496,
    -0.251514732837677,
    1.324751377105713,
    -1.079845666885376,
    0.8436341285705566
  ],