{
  "CO": [
    2.04996395111084,
    -0.2171921283006668,
    0.08124823123216629,
    0.07815831154584885,
    0.12139426916837692,
    -1.6366499662399292,
    0.6737315654754639,
    -0.4275246262550354,
    0.21864403784275055,
    -1.5356780290603638,
    0.42442774772644043,
    -0.9178400635719299,
    0.0519820973277092,
    0.7696681618690491,
    -1.3215402364730835,
    1.6114611625671387
  ],
  "OCCO": [
    2.00107741355896,
    -0.43302619457244873,
    0.1355876475572586,
    0.3785131573677063,
    0.6537436246871948,
    -1.6173962354660034,
    0.6611806750297546,
    -0.277147501707077,
    -0.16628259420394897,
    -1.4327661991119385,
    0.26573312282562256,
    -1.1229304075241089,
    -0.02359236590564251,
    0.7014405727386475,
    -1.283388376235962,
    1.583312749862671
  ],
  "C(C(F)(F)F)(C(F)(F)F)O": [
    1.7020046710968018,
    -0.3282938003540039,
    -0.05484391376376152,
    -0.15113067626953125,
    -0.1473713368177414,
    -1.7560070753097534,
    0.48081156611442566,
    -0.0992804616689682,
    0.25779303908348083,
    -1.993250846862793,
    0.6146596074104309,
    -0.7699605822563171,
    0.38586726784706116,
    0.7395027279853821,
    -0.6813197731971741,
    1.823634386062622
  ],
  "O1C(C)CCC1": [
    2.1113975048065186,
    0.6857153177261353,
    0.3064463436603546,
    -0.21101975440979004,
    -0.6004212498664856,
    -0.5588123202323914,
    1.5445265769958496,
    -0.45551779866218567,
    -0.2602555751800537,
    -0.9823210835456848,
    0.30323174595832825,
    -1.8363045454025269,
    -0.6158193349838257,
    0.7217819690704346,
    -1.1599560976028442,
    1.0304582118988037
  ],
  "C1CCCCC1": [
    1.7948087453842163,
    0.6907824277877808,
    -0.12240608781576157,
    -0.2888760566711426,
    -1.1811270713806152,
    -0.9043859243392944,
    1.6131892204284668,
    -0.27812328934669495,
    -0.23152609169483185,
    -0.840752363204956,
    0.7426927089691162,
    -1.8377861976623535,
    -0.5736802220344543,
    1.1222842931747437,
    -0.5901416540145874,
    0.9089264869689941
  ],
  "CC(O)C": [
    2.171085834503174,
    0.4494786262512207,
    0.2852555811405182,
    -0.0166797898709774,
    -0.10591314733028412,
    -1.0657076835632324,
    1.162635326385498,
    -0.472263902425766,
    -0.15725725889205933,
    -1.4510962963104248,
    0.4407855272293091,
    -1.5295881032943726,
    -0.3739730417728424,
    0.6759423017501831,
    -1.2338335514068604,
    1.2474058866500854
  ],
  "O.CC#N": [
    1.8853034973144531,
    -0.5673344135284424,
    0.017377739772200584,
    0.2550486624240875,
    0.2116478830575943,
    -1.8485279083251953,
    0.5286068320274353,
    -0.10788363963365555,
    -0.1933266967535019,
    -1.4716503620147705,
    0.5501999258995056,
    -1.0452451705932617,
    0.2466697245836258,
    0.7560641169548035,
    -0.9545130133628845,
    1.7571098804473877
  ],
  "CC#N": [
    2.1961472034454346,
    0.2225378155708313,
    0.3081134855747223,
    -0.013134386390447617,
    -0.12570668756961823,
    -1.1488678455352783,
    1.1150304079055786,
    -0.36149927973747253,
    0.0957709401845932,
    -1.4278827905654907,
    0.3897450566291809,
    -1.484869122505188,
    -0.2821691334247589,
    0.5574498176574707,
    -1.344882607460022,
    1.3291562795639038
  ],
  "CC#N.CC(=O)O": [
    2.192880630493164,
    0.11459073424339294,
    0.2234162986278534,
    0.012430661357939243,
    -0.09313727170228958,
    -1.1735786199569702,
    0.974910318851471,
    -0.42010462284088135,
    0.21981583535671234,
    -1.506182312965393,
    0.4921777844429016,
    -1.3385181427001953,
    -0.2849896252155304,
    0.6406757235527039,
    -1.3931365013122559,
    1.3636107444763184
  ],
  "CCOCC": [
    2.0159542560577393,
    0.7768563032150269,
    0.15881110727787018,
    -0.24015448987483978,
    -0.7399556040763855,
    -0.5741908550262451,
    1.6384902000427246,
    -0.4078597128391266,
    -0.3152974545955658,
    -0.9848617315292358,
    0.43350809812545776,
    -1.8493123054504395,
    -0.6390179395675659,
    0.77302086353302,
    -1.006335735321045,
    0.9842594265937805
  ],
  "OCC(F)(F)F": [
    1.8293253183364868,
    -0.23297879099845886,
    0.007191888522356749,
    -0.03995133563876152,
    -0.14926795661449432,
    -1.7903122901916504,
    0.6843456625938416,
    -0.21264448761940002,
    0.1268763244152069,
    -1.7850103378295898,
    0.5888072848320007,
    -0.9542075395584106,
    0.3050742447376251,
    0.8388677835464478,
    -0.8593957424163818,
    1.6680861711502075
  ],
  "O.OCC(F)(F)F": [
    1.6645060777664185,
    -0.7752059102058411,
    -0.09547021239995956,
    0.18428276479244232,
    0.2599944770336151,
    -2.009049654006958,
    0.2803209125995636,
    0.006881999783217907,
    -0.14291396737098694,
    -1.4729541540145874,
    0.49981218576431274,
    -0.7121991515159607,
    0.31455668807029724,
    0.9420124292373657,
    -0.8361566662788391,
    1.9101978540420532
  ],
  "CN(C)C(C)=O": [
    2.198648691177368,
    0.5041399598121643,
    0.5014984011650085,
    -0.14930735528469086,
    -0.10064765810966492,
    -0.8494406342506409,
    1.175800085067749,
    -0.4910241663455963,
    -0.19435782730579376,
    -1.326337218284607,
    0.3129114508628845,
    -1.677119255065918,
    -0.4587053060531616,
    0.6817159652709961,
    -1.2714362144470215,
    1.1686116456985474
  ],
  "CCCCCCCCCCO": [
    2.012195587158203,
    0.6913753151893616,
    0.19568504393100739,
    -0.39776116609573364,
    -0.6231769323348999,
    -0.395503968000412,
    1.5040980577468872,
    -0.6014115214347839,
    -0.5927285552024841,
    -0.9275245666503906,
    0.5453112125396729,
    -1.900285243988037,
    -0.6209858655929565,
    1.038987636566162,
    -0.864081621170044,
    0.9578010439872742
  ],
  "OCC": [
    2.164634943008423,
    0.10217805206775665,
    0.1913672685623169,
    0.017439739778637886,
    0.07417179644107819,
    -1.216462254524231,
    1.0811030864715576,
    -0.4046615958213806,
    0.01958652213215828,
    -1.503994107246399,
    0.4018084406852722,
    -1.278086543083191,
    -0.2815455496311188,
    0.6980236172676086,
    -1.4072932004928589,
    1.3694281578063965
  ],
  "C1CCOC1": [
    2.0472090244293213,
    0.6527923941612244,
    0.2937275767326355,
    -0.17130590975284576,
    -0.6476179361343384,
    -0.5221713185310364,
    1.5740809440612793,
    -0.4249034523963928,
    -0.23694710433483124,
    -0.9477971196174622,
    0.4167442321777344,
    -1.9324911832809448,
    -0.6700767278671265,
    0.7293347716331482,
    -1.1197620630264282,
    0.9816174507141113
  ],
  "[C@H]12CCC([C@H](OC1)O2)=O": [
    2.283259391784668,
    0.023194894194602966,
    0.4369029998779297,
    0.03301696479320526,
    0.25706082582473755,
    -1.1938483715057373,
    0.8596391081809998,
    -0.48403817415237427,
    -0.08176851272583008,
    -1.350582242012024,
    0.2872994542121887,
    -1.447426676750183,
    -0.2463332861661911,
    0.6493390202522278,
    -1.356811761856079,
    1.3548065423965454
  ],
  "O=C(OCC)C": [
    2.0420022010803223,
    0.7789708375930786,
    0.19607189297676086,
    -0.15905100107192993,
    -0.711166501045227,
    -0.5507897138595581,
    1.5873782634735107,
    -0.41599348187446594,
    -0.22714214026927948,
    -0.9873270392417908,
    0.43938398361206055,
    -1.8523057699203491,
    -0.6707844138145447,
    0.7234908938407898,
    -1.1240404844284058,
    0.9546347856521606
  ],
  "CC(C)(C)OC": [
    1.8746293783187866,
    0.7931568026542664,
    0.03440319374203682,
    -0.27542975544929504,
    -1.0241092443466187,
    -0.5603845715522766,
    1.7938668727874756,
    -0.36716872453689575,
    -0.30586177110671997,
    -0.8787083029747009,
    0.5612507462501526,
    -1.817183017730713,
    -0.6892060041427612,
    0.8722670674324036,
    -0.8608623147010803,
    0.8743621706962585
  ],