{
  "CO": [
    1.9454585313796997,
    -0.29453393816947937,
    0.07025007903575897,
    0.08009956777095795,
    0.21988296508789062,
    -1.7533433437347412,
    0.6830736994743347,
    -0.36472973227500916,
    0.19049865007400513,
    -1.5377542972564697,
    0.354898065328598,
    -0.8750554919242859,
    0.12515412271022797,
    0.8108503818511963,
    -1.2805956602096558,
    1.6530425548553467
  ],
  "OCCO": [
    1.986797571182251,
    -0.4410446584224701,
    0.16942664980888367,
    0.36538025736808777,
    0.6981642246246338,
    -1.6438957452774048,
    0.6869466304779053,
    -0.3037720322608948,
    -0.19105444848537445,
    -1.4334017038345337,
    0.18034763634204865,
    -1.0673378705978394,
    0.011529783718287945,
    0.7238872051239014,
    -1.285666823387146,
    1.5710484981536865
  ],
  "C(C(F)(F)F)(C(F)(F)F)O": [
    1.775627613067627,
    -0.2935751676559448,
    -0.036887623369693756,
    -0.12750862538814545,
    -0.07581683993339539,
    -1.7791577577590942,
    0.5516919493675232,
    -0.1749766767024994,
    0.11011362075805664,
    -1.8985618352890015,
    0.5129728317260742,
    -0.695393979549408,
    0.3988870680332184,
    0.7595282793045044,
    -0.8270733952522278,
    1.8256251811981201
  ],
  "O1C(C)CCC1": [
    2.029527425765991,
    0.6949926018714905,
    0.2690385580062866,
    -0.1704988032579422,
    -0.6547964215278625,
    -0.539991557598114,
    1.6295661926269531,
    -0.47704118490219116,
    -0.3695663809776306,
    -0.9513636827468872,
    0.2475091516971588,
    -1.855449914932251,
    -0.6129653453826904,
    0.8164753913879395,
    -1.0755259990692139,
    1.045267939567566
  ],
  "C1CCCCC1": [
    1.6975890398025513,
    0.6114648580551147,
    -0.2661215662956238,
    -0.7088167667388916,
    -1.1683878898620605,
    -0.836341917514801,
    1.3673843145370483,
    -0.35951292514801025,
    -0.07221172004938126,
    -0.7845854759216309,
    0.4826676547527313,
    -1.8020474910736084,
    -0.6520769596099854,
    1.6391395330429077,
    -0.12522725760936737,
    1.0025506019592285
  ],
  "CC(O)C": [
    2.040128469467163,
    0.39196979999542236,
    0.2796372175216675,
    0.05636589974164963,
    -0.12085183709859848,
    -1.1077138185501099,
    1.2975655794143677,
    -0.44813916087150574,
    -0.13592670857906342,
    -1.4436894655227661,
    0.3904540240764618,
    -1.586930513381958,
    -0.30818408727645874,
    0.7628757953643799,
    -1.2624245882034302,
    1.2246592044830322
  ],
  "O.CC#N": [
    1.9647868871688843,
    -0.46146073937416077,
    0.032774120569229126,
    0.19921176135540009,
    0.2028103619813919,
    -1.796258568763733,
    0.5855885148048401,
    -0.26793745160102844,
    -0.13373051583766937,
    -1.5642989873886108,
    0.5322859883308411,
    -0.9689032435417175,
    0.2563909888267517,
    0.7038180232048035,
    -0.973845899105072,
    1.712287187576294
  ],
  "CC#N": [
    2.2328391075134277,
    0.23423482477664948,
    0.26223650574684143,
    0.04140405356884003,
    -0.10107158124446869,
    -1.1232990026474,
    1.1227041482925415,
    -0.4444564878940582,
    0.06418146193027496,
    -1.4453771114349365,
    0.3769585192203522,
    -1.4535008668899536,
    -0.26122185587882996,
    0.5804039835929871,
    -1.3432960510253906,
    1.2850167751312256
  ],
  "CC#N.CC(=O)O": [
    2.189636707305908,
    0.11959196627140045,
    0.23093418776988983,
    0.01459944061934948,
    -0.0724647268652916,
    -1.2051451206207275,
    0.9960900545120239,
    -0.44601839780807495,
    0.16349957883358002,
    -1.515116572380066,
    0.4694957733154297,
    -1.300830602645874,
    -0.26993656158447266,
    0.672869861125946,
    -1.3795548677444458,
    1.3602408170700073
  ],
  "CCOCC": [
    2.0157415866851807,
    0.7497768998146057,
    0.13523848354816437,
    -0.22820620238780975,
    -0.7074286341667175,
    -0.6131235361099243,
    1.6468963623046875,
    -0.41794338822364807,
    -0.27192816138267517,
    -1.0247571468353271,
    0.3545002341270447,
    -1.780833125114441,
    -0.635647177696228,
    0.8272751569747925,
    -1.052994728088379,
    1.0303199291229248
  ],
  "OCC(F)(F)F": [
    1.937992811203003,
    -0.2637920081615448,
    0.03641349449753761,
    -0.0959467887878418,
    0.019143488258123398,
    -1.7246090173721313,
    0.6138769388198853,
    -0.2629859149456024,
    0.22004301846027374,
    -1.780726671218872,
    0.45575061440467834,
    -0.7849377393722534,
    0.23775294423103333,
    0.7974281907081604,
    -1.05478036403656,
    1.6771259307861328
  ],
  "O.OCC(F)(F)F": [
    1.654289960861206,
    -0.7144972085952759,
    -0.06338430941104889,
    0.18674704432487488,
    0.3354744017124176,
    -2.0175907611846924,
    0.4272993505001068,
    -0.04326525703072548,
    -0.17016969621181488,
    -1.5398935079574585,
    0.43076610565185547,
    -0.6898616552352905,
    0.34510159492492676,
    0.8744584918022156,
    -0.8689450025558472,
    1.8767205476760864
  ],
  "CN(C)C(C)=O": [
    2.151705026626587,
    0.5336114764213562,
    0.4616014361381531,
    -0.10237300395965576,
    -0.05344641953706741,
    -0.8805384039878845,
    1.2203259468078613,
    -0.49713030457496643,
    -0.28690358996391296,
    -1.3659181594848633,
    0.3182995319366455,
    -1.6949230432510376,
    -0.42298245429992676,
    0.7556867003440857,
    -1.2277262210845947,
    1.1192280054092407
  ],
  "CCCCCCCCCCO": [
    1.9942103624343872,
    0.6972934603691101,
    0.23709699511528015,
    -0.27635103464126587,
    -0.5027753710746765,
    -0.5867820978164673,
    1.469328761100769,
    -0.5387348532676697,
    -0.6027607321739197,
    -1.050900936126709,
    0.5814002156257629,
    -1.8408087491989136,
    -0.5994804501533508,
    1.019818902015686,
    -0.9604717493057251,
    0.9855380654335022
  ],
  "OCC": [
    2.119748115539551,
    0.1179782971739769,
    0.27038317918777466,
    0.03412983939051628,
    0.02258506789803505,
    -1.2286449670791626,
    1.162437081336975,
    -0.4278295338153839,
    0.08980047702789307,
    -1.5134845972061157,
    0.22419333457946777,
    -1.3277332782745361,
    -0.2200240194797516,
    0.7193067073822021,
    -1.3717687129974365,
    1.3599032163619995
  ],
  "C1CCOC1": [
    2.0602707862854004,
    0.6640586256980896,
    0.31440871953964233,
    -0.1489238142967224,
    -0.6024240255355835,
    -0.5686437487602234,
    1.5665194988250732,
    -0.42566603422164917,
    -0.3012508153915405,
    -0.9363227486610413,
    0.39677831530570984,
    -1.9372310638427734,
    -0.6473672389984131,
    0.7357365489006042,
    -1.1139644384384155,
    0.9684876799583435
  ],
  "[C@H]12CCC([C@H](OC1)O2)=O": [
    2.2630343437194824,
    -0.0005197129212319851,
    0.3995484709739685,
    0.053804662078619,
    0.2987416982650757,
    -1.1941709518432617,
    0.901905357837677,
    -0.4594123661518097,
    -0.09046167880296707,
    -1.3897703886032104,
    0.24296391010284424,
    -1.403327226638794,
    -0.2612890601158142,
    0.6906290650367737,
    -1.3718891143798828,
    1.3476295471191406
  ],
  "O=C(OCC)C": [
    2.0196404457092285,
    0.7866549491882324,
    0.1951332986354828,
    -0.08949944376945496,
    -0.6749475002288818,
    -0.5765629410743713,
    1.6283115148544312,
    -0.431169718503952,
    -0.32852181792259216,
    -0.9528225660324097,
    0.4025386571884155,
    -1.8393781185150146,
    -0.698428750038147,
    0.7565417289733887,
    -1.120092749595642,
    0.9483705759048462
  ],
  "CC(C)(C)OC": [
    1.813590168952942,
    0.8401193618774414,
    -0.05560747906565666,
    -0.19212964177131653,
    -1.0749112367630005,
    -0.5650753378868103,
    1.8236621618270874,
    -0.46027716994285583,
    -0.4734900891780853,
    -0.7924726605415344,
    0.5501476526260376,
    -1.7929178476333618,
    -0.6795148253440857,
    0.984410285949707,
    -0.7599702477455139,
    0.8606074452400208
  ],