{
  "CO": [
    1.958525538444519,
    -0.2850598096847534,
    0.015942031517624855,
    0.16784894466400146,
    0.24358052015304565,
    -1.6860970258712769,
    0.6503113508224487,
    -0.34505221247673035,
    0.1576700657606125,
    -1.5492409467697144,
    0.3894660174846649,
    -0.8852430582046509,
    0.04344272240996361,
    0.8315391540527344,
    -1.3324267864227295,
    1.6514135599136353
  ],
  "OCCO": [
    1.9899903535842896,
    -0.444741427898407,
    0.11693000048398972,
    0.38701602816581726,
    0.6619544625282288,
    -1.6569055318832397,
    0.6480153799057007,
    -0.27557459473609924,
    -0.15609459578990936,
    -1.4418573379516602,
    0.2035689353942871,
    -1.0391210317611694,
    -0.0026725600473582745,
    0.7417719960212708,
    -1.2918108701705933,
    1.5865198373794556
  ],
  "C(C(F)(F)F)(C(F)(F)F)O": [
    1.5319947004318237,
    -0.23524565994739532,
    0.004859644453972578,
    -0.15725146234035492,
    -0.4846532344818115,
    -1.7607518434524536,
    0.5835719108581543,
    -0.044472720474004745,
    0.32078030705451965,
    -2.0480010509490967,
    0.5446285009384155,
    -0.8865915536880493,
    0.5025011301040649,
    0.8308854699134827,
    -0.47132012248039246,
    1.7937769889831543
  ],
  "O1C(C)CCC1": [
    1.9964603185653687,
    0.7659230828285217,
    0.242889404296875,
    -0.11122886836528778,
    -0.6437050104141235,
    -0.5383791327476501,
    1.5974282026290894,
    -0.5088021755218506,
    -0.47239717841148376,
    -0.9461585879325867,
    0.34816107153892517,
    -1.8912830352783203,
    -0.633465051651001,
    0.8531497120857239,
    -1.0267423391342163,
    0.9928906559944153
  ],
  "C1CCCCC1": [
    1.699840784072876,
    0.7047877311706543,
    -0.17740808427333832,
    -0.5374625325202942,
    -1.1972665786743164,
    -0.9008635878562927,
    1.5123939514160156,
    -0.3288007378578186,
    -0.24542690813541412,
    -0.799168050289154,
    0.6010259389877319,
    -1.7413336038589478,
    -0.6322835683822632,
    1.4935773611068726,
    -0.3829508423805237,
    0.9579753875732422
  ],
  "CC(O)C": [
    2.158768653869629,
    0.406781405210495,
    0.30010324716567993,
    -0.054427627474069595,
    -0.04927200451493263,
    -1.1514261960983276,
    1.1529605388641357,
    -0.4629257321357727,
    -0.13128238916397095,
    -1.4401171207427979,
    0.3523963987827301,
    -1.4363020658493042,
    -0.34305325150489807,
    0.7255960702896118,
    -1.2909448146820068,
    1.292523980140686
  ],
  "O.CC#N": [
    1.7950215339660645,
    -0.6192389130592346,
    0.023555420339107513,
    0.26545190811157227,
    0.2724011540412903,
    -1.8969087600708008,
    0.5610629320144653,
    -0.01413131132721901,
    -0.19399045407772064,
    -1.4451243877410889,
    0.4458961486816406,
    -1.062945008277893,
    0.24083398282527924,
    0.8227126002311707,
    -0.9502715468406677,
    1.7778209447860718
  ],
  "CC#N": [
    2.2295470237731934,
    0.23230914771556854,
    0.2826959788799286,
    0.036775942891836166,
    -0.09477683156728745,
    -1.1005746126174927,
    1.129381537437439,
    -0.38052183389663696,
    0.07816346734762192,
    -1.4408106803894043,
    0.34582117199897766,
    -1.4874169826507568,
    -0.2923949360847473,
    0.5653913617134094,
    -1.3576421737670898,
    1.281832218170166
  ],
  "CC#N.CC(=O)O": [
    2.1709446907043457,
    0.11636874824762344,
    0.20267297327518463,
    0.06564779579639435,
    -0.05651276186108589,
    -1.1483211517333984,
    1.0271157026290894,
    -0.4094316065311432,
    0.11516600102186203,
    -1.5263692140579224,
    0.5268561244010925,
    -1.4017597436904907,
    -0.2715984582901001,
    0.6427981853485107,
    -1.362607717514038,
    1.3362858295440674
  ],
  "CCOCC": [
    1.8939663171768188,
    0.8064390420913696,
    0.055697962641716,
    -0.10191956162452698,
    -0.9001666903495789,
    -0.5267924666404724,
    1.7223706245422363,
    -0.5137907266616821,
    -0.4910573661327362,
    -0.8600708842277527,
    0.4509415328502655,
    -1.8718736171722412,
    -0.6747577786445618,
    0.9484803676605225,
    -0.8340528607368469,
    0.9217771291732788
  ],
  "OCC(F)(F)F": [
    1.7489144802093506,
    -0.2605900466442108,
    0.06539777666330338,
    -0.08273135870695114,
    -0.11852245777845383,
    -1.8443889617919922,
    0.6869184374809265,
    -0.19040782749652863,
    0.16848494112491608,
    -1.77019464969635,
    0.48025357723236084,
    -0.9390910863876343,
    0.34015899896621704,
    0.8610754013061523,
    -0.8488432765007019,
    1.730299472808838
  ],
  "O.OCC(F)(F)F": [
    1.6385949850082397,
    -0.7178966999053955,
    -0.041169606149196625,
    0.1727025806903839,
    0.28838348388671875,
    -2.0272860527038574,
    0.46750399470329285,
    0.014663757756352425,
    -0.15008100867271423,
    -1.5268977880477905,
    0.3833228349685669,
    -0.7469072937965393,
    0.36521831154823303,
    0.8701795339584351,
    -0.8529754281044006,
    1.8858652114868164
  ],
  "CN(C)C(C)=O": [
    2.195258617401123,
    0.5138587951660156,
    0.5193982720375061,
    -0.15054939687252045,
    -0.10822121053934097,
    -0.8980559706687927,
    1.2236075401306152,
    -0.5172046422958374,
    -0.25936055183410645,
    -1.2490136623382568,
    0.21017220616340637,
    -1.6856504678726196,
    -0.38738372921943665,
    0.7125810980796814,
    -1.261817455291748,
    1.1694334745407104
  ],
  "CCCCCCCCCCO": [
    2.008831739425659,
    0.7142967581748962,
    0.21677060425281525,
    -0.2867894172668457,
    -0.5687435269355774,
    -0.5053835511207581,
    1.478133201599121,
    -0.5968352556228638,
    -0.667219877243042,
    -0.9557532668113708,
    0.5381735563278198,
    -1.837222933769226,
    -0.6199859380722046,
    1.0713098049163818,
    -0.927236795425415,
    0.9623767733573914
  ],
  "OCC": [
    2.1772332191467285,
    0.10306684672832489,
    0.2397080808877945,
    0.017819002270698547,
    0.09051552414894104,
    -1.2642408609390259,
    1.0576913356781006,
    -0.4562983214855194,
    -0.012775748036801815,
    -1.4791218042373657,
    0.30639809370040894,
    -1.2008692026138306,
    -0.23719635605812073,
    0.7306789755821228,
    -1.4298185110092163,
    1.3873848915100098
  ],
  "C1CCOC1": [
    2.0833547115325928,
    0.6436900496482849,
    0.28631988167762756,
    -0.17865166068077087,
    -0.6083586812019348,
    -0.5362871289253235,
    1.570338249206543,
    -0.44773662090301514,
    -0.24129314720630646,
    -0.968385636806488,
    0.3409814238548279,
    -1.9098812341690063,
    -0.6445921063423157,
    0.7647097110748291,
    -1.1092761754989624,
    0.980298638343811
  ],
  "[C@H]12CCC([C@H](OC1)O2)=O": [
    2.2689754962921143,
    0.0026614239905029535,
    0.40952569246292114,
    0.052513670176267624,
    0.30166786909103394,
    -1.2000864744186401,
    0.9144750833511353,
    -0.485483855009079,
    -0.10313322395086288,
    -1.3701852560043335,
    0.23482903838157654,
    -1.4125510454177856,
    -0.254725843667984,
    0.6740662455558777,
    -1.354832649230957,
    1.3496664762496948
  ],
  "O=C(OCC)C": [
    1.8912174701690674,
    0.8015747666358948,
    0.07866691052913666,
    -0.07134540379047394,
    -0.841657280921936,
    -0.4284014105796814,
    1.7404173612594604,
    -0.4833029508590698,
    -0.35685235261917114,
    -0.925581157207489,
    0.44515350461006165,
    -1.874094843864441,
    -0.7438036799430847,
    0.895714521408081,
    -0.9775890111923218,
    0.8760809302330017
  ],
  "CC(C)(C)OC": [
    1.8151769638061523,
    0.8175675868988037,
    -0.03765653073787689,
    -0.22413179278373718,
    -1.045388102531433,
    -0.5920443534851074,
    1.847866415977478,
    -0.4360430836677551,
    -0.40904080867767334,
    -0.8469671010971069,
    0.5269970893859863,
    -1.7677805423736572,
    -0.6724236607551575,
    0.9703534245491028,
    -0.8013039827346802,
    0.8822662234306335
  ],