{
  "CO": [
    1.8841303586959839,
    -0.38682791590690613,
    0.03440811485052109,
    0.10137290507555008,
    0.15458668768405914,
    -1.5926086902618408,
    0.7658402323722839,
    -0.3065703809261322,
    0.14672531187534332,
    -1.5537444353103638,
    0.5623242855072021,
    -1.145094394683838,
    0.17597977817058563,
    0.8112802505493164,
    -1.266387701034546,
    1.6310819387435913
  ],
  "OCCO": [
    1.9739537239074707,
    -0.49992871284484863,
    0.16890287399291992,
    0.3471316695213318,
    0.6900744438171387,
    -1.5923069715499878,
    0.6868534088134766,
    -0.28840363025665283,
    -0.2434709519147873,
    -1.397411823272705,
    0.3554837703704834,
    -1.2235256433486938,
    0.06505511701107025,
    0.6852535605430603,
    -1.2640987634658813,
    1.5530201196670532
  ],
  "C(C(F)(F)F)(C(F)(F)F)O": [
    1.7875746488571167,
    -0.3850421905517578,
    -0.01040601171553135,
    -0.08599983900785446,
    -0.08069774508476257,
    -1.6954166889190674,
    0.5569624304771423,
    -0.12484870851039886,
    0.05399194732308388,
    -1.7996242046356201,
    0.5562075972557068,
    -0.8099772334098816,
    0.4442552626132965,
    0.743914783000946,
    -0.9852356910705566,
    1.849507212638855
  ],
  "O1C(C)CCC1": [
    1.9877203702926636,
    0.6826503276824951,
    0.22662284970283508,
    -0.1170523539185524,
    -0.5893875956535339,
    -0.4795934557914734,
    1.5521602630615234,
    -0.5243874192237854,
    -0.4174846410751343,
    -0.9808069467544556,
    0.39777541160583496,
    -1.896523356437683,
    -0.5966996550559998,
    0.8562830090522766,
    -1.1379506587982178,
    1.0531141757965088
  ],
  "C1CCCCC1": [
    1.9502768516540527,
    0.5978411436080933,
    0.11234652996063232,
    -0.3064018189907074,
    -0.9812775254249573,
    -0.9303292036056519,
    1.4337726831436157,
    -0.15650682151317596,
    -0.24880729615688324,
    -0.8768823146820068,
    0.7989946007728577,
    -1.929152488708496,
    -0.3498261272907257,
    0.8519459366798401,
    -0.950975775718689,
    0.9996707439422607
  ],
  "CC(O)C": [
    2.155290126800537,
    0.2859828770160675,
    0.24378249049186707,
    -0.03110136277973652,
    0.030586831271648407,
    -1.0369206666946411,
    1.1034865379333496,
    -0.4390910267829895,
    -0.09493719041347504,
    -1.4647918939590454,
    0.4420625865459442,
    -1.4496039152145386,
    -0.31830185651779175,
    0.7137298583984375,
    -1.4214019775390625,
    1.300511121749878
  ],
  "O.CC#N": [
    1.9191468954086304,
    -0.8139129877090454,
    0.04242084547877312,
    0.21025951206684113,
    0.45049744844436646,
    -1.6472398042678833,
    0.3531581163406372,
    0.05325333774089813,
    -0.1836310774087906,
    -1.252979040145874,
    0.4248928129673004,
    -1.0749430656433105,
    0.2243097722530365,
    0.8098626732826233,
    -1.29276442527771,
    1.7873084545135498
  ],
  "CC#N": [
    2.2245285511016846,
    0.1293187439441681,
    0.3036237955093384,
    -0.03734477236866951,
    -0.03005319833755493,
    -1.0529954433441162,
    1.0365725755691528,
    -0.42258119583129883,
    0.042363546788692474,
    -1.3912307024002075,
    0.4119415283203125,
    -1.4812310934066772,
    -0.19643355906009674,
    0.5518016219139099,
    -1.4460278749465942,
    1.3737847805023193
  ],
  "CC#N.CC(=O)O": [
    2.1328611373901367,
    -0.013286986388266087,
    0.1937345415353775,
    0.061097562313079834,
    0.04039653390645981,
    -1.1647453308105469,
    0.9023134708404541,
    -0.3962511122226715,
    0.11787492036819458,
    -1.497946858406067,
    0.5643457174301147,
    -1.3634215593338013,
    -0.19809864461421967,
    0.6531711220741272,
    -1.4567350149154663,
    1.4407986402511597
  ],
  "CCOCC": [
    1.8034594058990479,
    0.653670072555542,
    0.05448572710156441,
    -0.2878004014492035,
    -0.9133798480033875,
    -0.4076688587665558,
    1.7802292108535767,
    -0.4919279217720032,
    -0.31117919087409973,
    -0.9642359614372253,
    0.3559652864933014,
    -1.8629332780838013,
    -0.6033311486244202,
    0.996951162815094,
    -0.8815449476242065,
    1.0976303815841675
  ],
  "OCC(F)(F)F": [
    1.8450281620025635,
    -0.3037704825401306,
    0.08230926096439362,
    -0.11246012151241302,
    0.0029946379363536835,
    -1.708681583404541,
    0.7489681243896484,
    -0.26158419251441956,
    0.0019456201698631048,
    -1.693317174911499,
    0.6438502073287964,
    -1.0297788381576538,
    0.33915770053863525,
    0.8104574084281921,
    -1.0064759254455566,
    1.6593186855316162
  ],
  "O.OCC(F)(F)F": [
    1.6400532722473145,
    -0.843504786491394,
    -0.07399822026491165,
    0.1720113903284073,
    0.4114549458026886,
    -1.9131622314453125,
    0.32189077138900757,
    0.039779022336006165,
    -0.21039633452892303,
    -1.41081964969635,
    0.4990755319595337,
    -0.7659307718276978,
    0.33844372630119324,
    0.8901087045669556,
    -1.0129345655441284,
    1.930065631866455
  ],
  "CN(C)C(C)=O": [
    2.1083791255950928,
    0.5087840557098389,
    0.45834681391716003,
    -0.10076740384101868,
    -0.0640980675816536,
    -0.7890412211418152,
    1.166894793510437,
    -0.5081350207328796,
    -0.30350548028945923,
    -1.3253695964813232,
    0.4077852666378021,
    -1.781848669052124,
    -0.40188848972320557,
    0.7520331740379333,
    -1.27731192111969,
    1.1668485403060913
  ],
  "CCCCCCCCCCO": [
    1.964036226272583,
    0.6381798386573792,
    0.2437213808298111,
    -0.3761952817440033,
    -0.47925451397895813,
    -0.4960133731365204,
    1.407793641090393,
    -0.5512281656265259,
    -0.5861431360244751,
    -0.9617804288864136,
    0.6143482327461243,
    -1.8590264320373535,
    -0.6102989912033081,
    1.063681721687317,
    -1.0666087865829468,
    1.0707075595855713
  ],
  "OCC": [
    2.0807480812072754,
    0.05261325463652611,
    0.25949397683143616,
    0.019570710137486458,
    0.0762738585472107,
    -1.132933259010315,
    1.134856939315796,
    -0.4335216283798218,
    0.06040427088737488,
    -1.5052772760391235,
    0.30850937962532043,
    -1.3868178129196167,
    -0.1787986010313034,
    0.6821826100349426,
    -1.437806248664856,
    1.420076847076416
  ],
  "C1CCOC1": [
    1.9858911037445068,
    0.6021215319633484,
    0.20214426517486572,
    -0.1719687432050705,
    -0.5859955549240112,
    -0.4210512638092041,
    1.5582135915756226,
    -0.4826125502586365,
    -0.24749360978603363,
    -0.9967751502990723,
    0.4509314298629761,
    -2.001300811767578,
    -0.623431921005249,
    0.8279894590377808,
    -1.0971776247024536,
    1.0167630910873413
  ],
  "[C@H]12CCC([C@H](OC1)O2)=O": [
    2.2607595920562744,
    0.03970058262348175,
    0.484520822763443,
    0.0010877924505621195,
    0.2752906382083893,
    -1.0761853456497192,
    0.8606201410293579,
    -0.5103560090065002,
    -0.15747936069965363,
    -1.3640552759170532,
    0.3061525821685791,
    -1.5550063848495483,
    -0.20277270674705505,
    0.6566353440284729,
    -1.3413177728652954,
    1.338322401046753
  ],
  "O=C(OCC)C": [
    2.017137289047241,
    0.6939425468444824,
    0.180715873837471,
    -0.12227887660264969,
    -0.5750521421432495,
    -0.5320115089416504,
    1.5541547536849976,
    -0.4318392872810364,
    -0.2602849304676056,
    -0.9849618673324585,
    0.473760187625885,
    -1.8636006116867065,
    -0.6497645378112793,
    0.7886371612548828,
    -1.253390908241272,
    0.9822655320167542
  ],
  "CC(C)(C)OC": [
    1.6851272583007812,
    0.7377804517745972,
    -0.15817613899707794,
    -0.32481664419174194,
    -1.0708296298980713,
    -0.5511330962181091,
    1.7960889339447021,
    -0.4813123941421509,
    -0.44802072644233704,
    -0.8757880330085754,
    0.6298573613166809,
    -1.807869553565979,
    -0.6048954725265503,
    1.2488311529159546,
    -0.6312157511711121,
    0.8775255680084229
  ],