{
  "CO": [
    1.9681700468063354,
    -0.3334045708179474,
    -0.013060291297733784,
    0.09169718623161316,
    0.266209214925766,
    -1.554097294807434,
    0.6810567378997803,
    -0.42976969480514526,
    0.17429862916469574,
    -1.5495649576187134,
    0.5767760872840881,
    -0.9545964002609253,
    0.09892241656780243,
    0.7339187860488892,
    -1.385497808456421,
    1.6416785717010498
  ],
  "OCCO": [
    1.973663568496704,
    -0.4831973612308502,
    0.15993741154670715,
    0.336775541305542,
    0.7230195999145508,
    -1.504959225654602,
    0.7563298344612122,
    -0.3672620356082916,
    -0.23135043680667877,
    -1.4161019325256348,
    0.48943406343460083,
    -1.2723374366760254,
    0.02179783210158348,
    0.6179062128067017,
    -1.293230652809143,
    1.5026689767837524
  ],
  "C(C(F)(F)F)(C(F)(F)F)O": [
    1.6475005149841309,
    -0.3150099515914917,
    -0.07841551303863525,
    -0.2596645951271057,
    -0.1141119971871376,
    -1.6024181842803955,
    0.48235562443733215,
    -0.06173134967684746,
    0.4431500732898712,
    -2.0606882572174072,
    0.6783357262611389,
    -0.9323762655258179,
    0.4421847462654114,
    0.629192054271698,
    -0.7096337676048279,
    1.8234515190124512
  ],
  "O1C(C)CCC1": [
    1.914249062538147,
    0.715230405330658,
    0.21542349457740784,
    -0.13657322525978088,
    -0.5032302141189575,
    -0.5149236917495728,
    1.5679517984390259,
    -0.5375527739524841,
    -0.46609562635421753,
    -0.9787373542785645,
    0.5113481283187866,
    -1.9752707481384277,
    -0.613839328289032,
    0.882678747177124,
    -1.0635048151016235,
    0.9970235228538513
  ],
  "C1CCCCC1": [
    1.8084501028060913,
    0.6676481366157532,
    -0.08448866009712219,
    -0.2096085548400879,
    -1.0380403995513916,
    -0.7970449924468994,
    1.6571959257125854,
    -0.31949546933174133,
    -0.37637606263160706,
    -0.7865920662879944,
    0.8096473217010498,
    -1.904922604560852,
    -0.5297503471374512,
    1.061151385307312,
    -0.7933239340782166,
    0.8513705134391785
  ],
  "CC(O)C": [
    2.091895341873169,
    0.3825099468231201,
    0.2755001485347748,
    -0.06845293194055557,
    0.012185413390398026,
    -0.9493959546089172,
    1.16501784324646,
    -0.5251827836036682,
    -0.19332104921340942,
    -1.4453320503234863,
    0.601927638053894,
    -1.5900858640670776,
    -0.3303976058959961,
    0.663657009601593,
    -1.3320523500442505,
    1.256168246269226
  ],
  "O.CC#N": [
    1.735592246055603,
    -0.7473415732383728,
    0.01752512715756893,
    0.17437300086021423,
    0.356403112411499,
    -1.7153823375701904,
    0.658056914806366,
    -0.022889910265803337,
    -0.16237367689609528,
    -1.4856140613555908,
    0.5779631733894348,
    -1.154896855354309,
    0.3510169982910156,
    0.6902913451194763,
    -1.056898593902588,
    1.7944352626800537
  ],
  "CC#N": [
    2.127485752105713,
    0.12519340217113495,
    0.2706510126590729,
    0.002632683143019676,
    0.025326799601316452,
    -0.9378514289855957,
    1.1300415992736816,
    -0.36205172538757324,
    0.04009717330336571,
    -1.4404888153076172,
    0.5368438363075256,
    -1.5964336395263672,
    -0.26979175209999084,
    0.4977514445781708,
    -1.4654144048690796,
    1.3287780284881592
  ],
  "CC#N.CC(=O)O": [
    2.09018874168396,
    0.01407185010612011,
    0.16157323122024536,
    0.03517415001988411,
    0.06636881083250046,
    -1.0605902671813965,
    1.0287601947784424,
    -0.4241372346878052,
    0.11355317384004593,
    -1.5441820621490479,
    0.6788198351860046,
    -1.4501723051071167,
    -0.2124081552028656,
    0.5998830795288086,
    -1.4375163316726685,
    1.3542625904083252
  ],
  "CCOCC": [
    1.8167259693145752,
    0.7163479924201965,
    0.016908278688788414,
    -0.22432537376880646,
    -0.7230941653251648,
    -0.5347472429275513,
    1.7288552522659302,
    -0.5036216974258423,
    -0.39361441135406494,
    -1.0244250297546387,
    0.5365128517150879,
    -1.8842461109161377,
    -0.6012958884239197,
    0.9890458583831787,
    -0.9050593972206116,
    1.0069001913070679
  ],
  "OCC(F)(F)F": [
    1.7904973030090332,
    -0.2735182046890259,
    0.04035123437643051,
    -0.09246467798948288,
    -0.017348336055874825,
    -1.6552073955535889,
    0.793850302696228,
    -0.3428277373313904,
    0.00243339198641479,
    -1.7635411024093628,
    0.8507564067840576,
    -1.0393428802490234,
    0.3333646357059479,
    0.8010995388031006,
    -0.9978514313697815,
    1.5849401950836182
  ],
  "O.OCC(F)(F)F": [
    1.5416820049285889,
    -0.8143078684806824,
    -0.07367082685232162,
    0.011712905950844288,
    0.2943468391895294,
    -1.9087998867034912,
    0.6171504855155945,
    0.08524094521999359,
    -0.14166687428951263,
    -1.6026095151901245,
    0.5771061778068542,
    -0.8626641035079956,
    0.5158227682113647,
    0.745013952255249,
    -0.850943386554718,
    1.879221796989441
  ],
  "CN(C)C(C)=O": [
    2.0851378440856934,
    0.4936966001987457,
    0.47473931312561035,
    -0.1815543919801712,
    -0.02579701505601406,
    -0.7751021981239319,
    1.2049726247787476,
    -0.532503068447113,
    -0.28157272934913635,
    -1.261720895767212,
    0.46834978461265564,
    -1.8286243677139282,
    -0.39689674973487854,
    0.7125059962272644,
    -1.2933939695358276,
    1.1510193347930908
  ],
  "CCCCCCCCCCO": [
    1.9468666315078735,
    0.6644089818000793,
    0.13984104990959167,
    -0.41474097967147827,
    -0.3591497838497162,
    -0.4431147873401642,
    1.395185112953186,
    -0.5768122673034668,
    -0.5393602848052979,
    -1.0182288885116577,
    0.7424894571304321,
    -1.9137054681777954,
    -0.6669167280197144,
    1.1103440523147583,
    -0.9921966791152954,
    0.9397373199462891
  ],
  "OCC": [
    2.115069627761841,
    0.04611537605524063,
    0.17700594663619995,
    -0.0011454167542979121,
    0.1984272450208664,
    -1.0918389558792114,
    1.0601288080215454,
    -0.4815858006477356,
    -0.017109863460063934,
    -1.5239894390106201,
    0.5342766046524048,
    -1.313138723373413,
    -0.2262151688337326,
    0.6750293374061584,
    -1.4973244667053223,
    1.3620023727416992
  ],
  "C1CCOC1": [
    1.9305933713912964,
    0.6047278642654419,
    0.21301612257957458,
    -0.14345957338809967,
    -0.48562780022621155,
    -0.4707578420639038,
    1.5390760898590088,
    -0.49106737971305847,
    -0.2878609001636505,
    -1.0035197734832764,
    0.5843909382820129,
    -2.0358386039733887,
    -0.6345511674880981,
    0.8207423090934753,
    -1.1215254068374634,
    0.9948978424072266
  ],
  "[C@H]12CCC([C@H](OC1)O2)=O": [
    2.1918420791625977,
    -0.06637728214263916,
    0.3619194030761719,
    0.029622148722410202,
    0.405323326587677,
    -1.047808051109314,
    0.9038642644882202,
    -0.48829036951065063,
    -0.11695736646652222,
    -1.3858951330184937,
    0.46658414602279663,
    -1.5084819793701172,
    -0.24084340035915375,
    0.6200246810913086,
    -1.4531161785125732,
    1.3411945104599
  ],
  "O=C(OCC)C": [
    1.834791660308838,
    0.7515829205513,
    0.07191113382577896,
    -0.05194410681724548,
    -0.6216092109680176,
    -0.4723518490791321,
    1.6606968641281128,
    -0.5325150489807129,
    -0.40883275866508484,
    -0.9697171449661255,
    0.6163673996925354,
    -1.9418452978134155,
    -0.697690486907959,
    0.8869688510894775,
    -1.056111454963684,
    0.945309579372406
  ],
  "CC(C)(C)OC": [
    1.582417368888855,
    0.748786985874176,
    -0.19807018339633942,
    -0.234101340174675,
    -0.9934346675872803,
    -0.5576533079147339,
    1.8216747045516968,
    -0.5031869411468506,
    -0.46863871812820435,
    -0.8670814633369446,
    0.6975209712982178,
    -1.85957932472229,
    -0.6826408505439758,
    1.2905583381652832,
    -0.5994972586631775,
    0.8420506119728088
  ],