{
  "CO": [
    1.9185019731521606,
    -0.45257842540740967,
    0.06442298740148544,
    0.13024796545505524,
    0.3655349612236023,
    -1.5751169919967651,
    0.5414713025093079,
    -0.2665085792541504,
    0.1118561401963234,
    -1.4634836912155151,
    0.41215765476226807,
    -0.9693033695220947,
    0.13349446654319763,
    0.796288251876831,
    -1.4670376777648926,
    1.7331210374832153
  ],
  "OCCO": [
    1.9832707643508911,
    -0.5265136361122131,
    0.1891392171382904,
    0.34173259139060974,
    0.7242574691772461,
    -1.519895315170288,
    0.7088919878005981,
    -0.31886911392211914,
    -0.2544291019439697,
    -1.3696177005767822,
    0.33116137981414795,
    -1.2333035469055176,
    0.08166258782148361,
    0.6430996656417847,
    -1.3260586261749268,
    1.560415267944336
  ],
  "C(C(F)(F)F)(C(F)(F)F)O": [
    1.4625182151794434,
    -0.3119698166847229,
    0.06962583214044571,
    -0.21928679943084717,
    -0.36960265040397644,
    -1.6983311176300049,
    0.6706436276435852,
    0.0080874003469944,
    0.3070182800292969,
    -1.9663792848587036,
    0.5663600564002991,
    -1.0105963945388794,
    0.475595623254776,
    0.7212188839912415,
    -0.6148251891136169,
    1.9246697425842285
  ],
  "O1C(C)CCC1": [
    1.9607268571853638,
    0.7015579342842102,
    0.2182288020849228,
    -0.11802913248538971,
    -0.5449556112289429,
    -0.4897538423538208,
    1.5525990724563599,
    -0.5296650528907776,
    -0.4539688527584076,
    -0.9786849021911621,
    0.4499902129173279,
    -1.9400285482406616,
    -0.6014547944068909,
    0.8385328650474548,
    -1.098453402519226,
    1.0488308668136597
  ],
  "C1CCCCC1": [
    1.9324150085449219,
    0.5651164054870605,
    0.12298747152090073,
    -0.2885330617427826,
    -0.9624230861663818,
    -0.9046024680137634,
    1.4258729219436646,
    -0.14793911576271057,
    -0.29072561860084534,
    -0.8431606888771057,
    0.8457077145576477,
    -1.9553214311599731,
    -0.357909232378006,
    0.8351685404777527,
    -0.9833065867424011,
    1.0196893215179443
  ],
  "CC(O)C": [
    2.076770067214966,
    0.31822261214256287,
    0.2636493444442749,
    -0.02368491142988205,
    0.040683403611183167,
    -1.0255600214004517,
    1.186194896697998,
    -0.47304201126098633,
    -0.19065964221954346,
    -1.4550557136535645,
    0.5077210068702698,
    -1.5676509141921997,
    -0.29426681995391846,
    0.7088631987571716,
    -1.3362417221069336,
    1.2823610305786133
  ],
  "O.CC#N": [
    1.78399658203125,
    -0.6795576214790344,
    0.013053958304226398,
    0.19040930271148682,
    0.4008496403694153,
    -1.7373884916305542,
    0.6185978651046753,
    -0.11624424159526825,
    -0.20924237370491028,
    -1.4275084733963013,
    0.541387140750885,
    -1.0977160930633545,
    0.30433276295661926,
    0.7247912287712097,
    -1.104702353477478,
    1.8073060512542725
  ],
  "CC#N": [
    2.198101282119751,
    0.1108974814414978,
    0.2874350845813751,
    -0.016561074182391167,
    -0.008523139171302319,
    -1.0029062032699585,
    1.0632209777832031,
    -0.4148167073726654,
    0.017381666228175163,
    -1.4049320220947266,
    0.4689207673072815,
    -1.518790602684021,
    -0.23391887545585632,
    0.5341520309448242,
    -1.4408142566680908,
    1.376149296760559
  ],
  "CC#N.CC(=O)O": [
    2.14371657371521,
    0.04473920539021492,
    0.19973918795585632,
    0.043718013912439346,
    0.004504654556512833,
    -0.9900084733963013,
    1.0278211832046509,
    -0.46054136753082275,
    0.11448429524898529,
    -1.5320230722427368,
    0.5644192099571228,
    -1.457875370979309,
    -0.22251203656196594,
    0.6005623936653137,
    -1.434278964996338,
    1.369451642036438
  ],
  "CCOCC": [
    1.801957607269287,
    0.7027530074119568,
    0.039640769362449646,
    -0.19214904308319092,
    -0.8468835353851318,
    -0.5003190040588379,
    1.7485690116882324,
    -0.48429521918296814,
    -0.44267141819000244,
    -0.9533971548080444,
    0.474515438079834,
    -1.8640297651290894,
    -0.5878057479858398,
    0.9572468400001526,
    -0.922286868095398,
    1.086385726928711
  ],
  "OCC(F)(F)F": [
    1.7888778448104858,
    -0.31346017122268677,
    0.07619000226259232,
    -0.1063249483704567,
    -0.1137685775756836,
    -1.6426666975021362,
    0.7845643162727356,
    -0.2272569090127945,
    0.18243613839149475,
    -1.7465579509735107,
    0.5176047682762146,
    -1.0676031112670898,
    0.3247496485710144,
    0.785080075263977,
    -0.9789690375328064,
    1.7535923719406128
  ],
  "O.OCC(F)(F)F": [
    1.748954176902771,
    -0.7745186686515808,
    -0.08309393376111984,
    0.14858217537403107,
    0.35390472412109375,
    -1.8907437324523926,
    0.40853700041770935,
    -0.11610103398561478,
    -0.19061289727687836,
    -1.5666613578796387,
    0.6224815845489502,
    -0.8027222752571106,
    0.43600884079933167,
    0.7570170760154724,
    -0.8580843210220337,
    1.8205881118774414
  ],
  "CN(C)C(C)=O": [
    2.1422176361083984,
    0.41899141669273376,
    0.49890685081481934,
    -0.17148880660533905,
    0.00792668666690588,
    -0.7487604022026062,
    1.153403878211975,
    -0.5057889223098755,
    -0.23729804158210754,
    -1.31856107711792,
    0.376095712184906,
    -1.7464426755905151,
    -0.42149925231933594,
    0.7252635955810547,
    -1.3406548500061035,
    1.1840096712112427
  ],
  "CCCCCCCCCCO": [
    1.9640264511108398,
    0.6510456204414368,
    0.22076433897018433,
    -0.31861138343811035,
    -0.3937382996082306,
    -0.48515015840530396,
    1.462856650352478,
    -0.5954138040542603,
    -0.6675922870635986,
    -0.949346661567688,
    0.6243681311607361,
    -1.8608735799789429,
    -0.628715455532074,
    1.038233995437622,
    -1.0551015138626099,
    1.0095818042755127
  ],
  "OCC": [
    2.1373229026794434,
    0.0110702496021986,
    0.21788090467453003,
    -0.018006350845098495,
    0.16624478995800018,
    -1.1386462450027466,
    1.052225112915039,
    -0.42809924483299255,
    -0.05390110984444618,
    -1.4762872457504272,
    0.4336616098880768,
    -1.3235962390899658,
    -0.20713604986667633,
    0.7037273049354553,
    -1.4675633907318115,
    1.4093157052993774
  ],
  "C1CCOC1": [
    2.050670862197876,
    0.5762255787849426,
    0.27190399169921875,
    -0.16797679662704468,
    -0.4522225558757782,
    -0.5146422982215881,
    1.4823384284973145,
    -0.4349915385246277,
    -0.25189465284347534,
    -1.002426028251648,
    0.4792824685573578,
    -1.9745956659317017,
    -0.5952978134155273,
    0.747657060623169,
    -1.217563271522522,
    1.0187768936157227
  ],
  "[C@H]12CCC([C@H](OC1)O2)=O": [
    2.224729299545288,
    -0.09756535291671753,
    0.393257200717926,
    0.030102498829364777,
    0.3784175515174866,
    -1.064731478691101,
    0.8669813275337219,
    -0.4740794599056244,
    -0.12261852622032166,
    -1.3550910949707031,
    0.33698195219039917,
    -1.4708224534988403,
    -0.2132839560508728,
    0.6347751617431641,
    -1.4562073945999146,
    1.403830885887146
  ],
  "O=C(OCC)C": [
    1.8413935899734497,
    0.7340267896652222,
    0.0620390810072422,
    -0.04053191840648651,
    -0.7242400646209717,
    -0.40577176213264465,
    1.6965893507003784,
    -0.5158492922782898,
    -0.4007929861545563,
    -0.9193242192268372,
    0.5101404786109924,
    -1.9390181303024292,
    -0.7229058146476746,
    0.9114892482757568,
    -1.0327168703079224,
    0.9623009562492371
  ],
  "CC(C)(C)OC": [
    1.632613182067871,
    0.7485665082931519,
    -0.17095690965652466,
    -0.2999798655509949,
    -1.0647112131118774,
    -0.5176743268966675,
    1.8117872476577759,
    -0.4975988268852234,
    -0.4841865599155426,
    -0.8352728486061096,
    0.6233683824539185,
    -1.8388677835464478,
    -0.6586272716522217,
    1.2646689414978027,
    -0.5847208499908447,
    0.8916974067687988
  ],