{
  "CO": [
    1.8998966217041016,
    -0.48460257053375244,
    -0.01989635080099106,
    0.12017166614532471,
    0.4288913905620575,
    -1.475474238395691,
    0.6483731865882874,
    -0.24658580124378204,
    0.051570259034633636,
    -1.5043253898620605,
    0.5120911002159119,
    -1.0033738613128662,
    0.2033839225769043,
    0.6563379764556885,
    -1.5078537464141846,
    1.728377342224121
  ],
  "OCCO": [
    1.9511065483093262,
    -0.5221595168113708,
    0.08244381844997406,
    0.36815235018730164,
    0.7753691673278809,
    -1.4989945888519287,
    0.7685134410858154,
    -0.34689170122146606,
    -0.333150178194046,
    -1.3865774869918823,
    0.5425211191177368,
    -1.2732698917388916,
    0.13667558133602142,
    0.5504173636436462,
    -1.3036688566207886,
    1.4982495307922363
  ],
  "C(C(F)(F)F)(C(F)(F)F)O": [
    1.4573278427124023,
    -0.29320791363716125,
    -0.054840367287397385,
    -0.329902708530426,
    -0.536823034286499,
    -1.412000298500061,
    1.0500274896621704,
    -0.04627140238881111,
    0.39669594168663025,
    -2.0398809909820557,
    0.47525838017463684,
    -1.0769351720809937,
    0.5184849500656128,
    0.7380672097206116,
    -0.6478073596954346,
    1.8147634267807007
  ],
  "O1C(C)CCC1": [
    2.049570322036743,
    0.614653468132019,
    0.21203821897506714,
    -0.2020207941532135,
    -0.3908349275588989,
    -0.49513113498687744,
    1.5916903018951416,
    -0.46613606810569763,
    -0.3335612714290619,
    -1.0732184648513794,
    0.3923206627368927,
    -1.9259421825408936,
    -0.5163406133651733,
    0.7171136736869812,
    -1.172884464263916,
    1.0106801986694336
  ],
  "C1CCCCC1": [
    1.8975965976715088,
    0.5390387177467346,
    0.04958968237042427,
    -0.2449791580438614,
    -0.8985217213630676,
    -0.8357139825820923,
    1.5737427473068237,
    -0.1528014838695526,
    -0.35324639081954956,
    -0.8657771944999695,
    0.825374186038971,
    -2.007516860961914,
    -0.3388805687427521,
    0.7973878979682922,
    -0.9419951438903809,
    0.9668804407119751
  ],
  "CC(O)C": [
    2.108823537826538,
    0.3458355665206909,
    0.2299729585647583,
    -0.00704393582418561,
    0.12307994067668915,
    -0.9153170585632324,
    1.204653024673462,
    -0.497268408536911,
    -0.25385305285453796,
    -1.5000884532928467,
    0.5477747917175293,
    -1.5982214212417603,
    -0.25425803661346436,
    0.5815287828445435,
    -1.3379569053649902,
    1.234086275100708
  ],
  "O.CC#N": [
    1.8061976432800293,
    -0.6711184978485107,
    -0.0822303295135498,
    0.14342264831066132,
    0.40244659781455994,
    -1.6442583799362183,
    0.7509356141090393,
    -0.20226694643497467,
    -0.21862059831619263,
    -1.5120644569396973,
    0.7052240371704102,
    -1.0720820426940918,
    0.40725740790367126,
    0.5612112283706665,
    -1.1121046543121338,
    1.745788335800171
  ],
  "CC#N": [
    2.1214723587036133,
    0.0770413801074028,
    0.18463289737701416,
    0.05439749360084534,
    0.05175040662288666,
    -0.9484557509422302,
    1.1852408647537231,
    -0.4722049832344055,
    -0.03896448761224747,
    -1.470049500465393,
    0.5571255087852478,
    -1.6166253089904785,
    -0.07249940186738968,
    0.4585472047328949,
    -1.3863660097122192,
    1.324211597442627
  ],
  "CC#N.CC(=O)O": [
    2.1181726455688477,
    -0.035143107175827026,
    0.13891460001468658,
    0.06510888040065765,
    0.13212309777736664,
    -0.9924634695053101,
    1.0244914293289185,
    -0.43688541650772095,
    0.04011045768857002,
    -1.5405511856079102,
    0.6392923593521118,
    -1.43404221534729,
    -0.12636226415634155,
    0.5066541433334351,
    -1.4871762990951538,
    1.3967260122299194
  ],
  "CCOCC": [
    1.8733367919921875,
    0.709083616733551,
    0.034922536462545395,
    -0.14139364659786224,
    -0.610170841217041,
    -0.548968493938446,
    1.760344386100769,
    -0.44667306542396545,
    -0.49936869740486145,
    -0.9715937376022339,
    0.5314612984657288,
    -1.9220147132873535,
    -0.581165075302124,
    0.854628324508667,
    -0.9852474331855774,
    0.9566102623939514
  ],
  "OCC(F)(F)F": [
    1.7756093740463257,
    -0.33195215463638306,
    -0.009879015386104584,
    -0.12033078074455261,
    -0.008673795498907566,
    -1.5945321321487427,
    0.929616391658783,
    -0.33958619832992554,
    0.009253010153770447,
    -1.7844278812408447,
    0.7034456133842468,
    -0.9820579886436462,
    0.4530636966228485,
    0.7448369264602661,
    -1.0570504665374756,
    1.6252622604370117
  ],
  "O.OCC(F)(F)F": [
    1.633970856666565,
    -0.8728616833686829,
    -0.11724118888378143,
    0.11469204723834991,
    0.4664323627948761,
    -1.804264783859253,
    0.560673177242279,
    -0.03096333146095276,
    -0.25872480869293213,
    -1.475761890411377,
    0.6165164709091187,
    -0.797545313835144,
    0.46141180396080017,
    0.7266262769699097,
    -1.0858184099197388,
    1.8707168102264404
  ],
  "CN(C)C(C)=O": [
    2.1572837829589844,
    0.42005836963653564,
    0.44526347517967224,
    -0.17526112496852875,
    0.06698641926050186,
    -0.7040388584136963,
    1.231123685836792,
    -0.5398482084274292,
    -0.25990667939186096,
    -1.3083832263946533,
    0.38950467109680176,
    -1.778775930404663,
    -0.33024704456329346,
    0.610892117023468,
    -1.3547314405441284,
    1.140423059463501
  ],
  "CCCCCCCCCCO": [
    1.985892653465271,
    0.6439037919044495,
    0.09670084714889526,
    -0.38040176033973694,
    -0.3648795485496521,
    -0.42400434613227844,
    1.5249747037887573,
    -0.5824834108352661,
    -0.6217013001441956,
    -0.9848542213439941,
    0.6566120386123657,
    -1.8893589973449707,
    -0.5970577001571655,
    1.0488640069961548,
    -1.0004833936691284,
    0.9011962413787842
  ],
  "OCC": [
    2.1146140098571777,
    0.043117597699165344,
    0.19632025063037872,
    -0.019514305517077446,
    0.2387295514345169,
    -1.0888324975967407,
    1.1211007833480835,
    -0.5062347054481506,
    -0.11977030336856842,
    -1.5386326313018799,
    0.543829083442688,
    -1.3768941164016724,
    -0.08501749485731125,
    0.5681220293045044,
    -1.4288454055786133,
    1.3497121334075928
  ],
  "C1CCOC1": [
    1.9561350345611572,
    0.5706251263618469,
    0.23856189846992493,
    -0.11642444878816605,
    -0.44944241642951965,
    -0.4866681694984436,
    1.6345059871673584,
    -0.4398413300514221,
    -0.3880959749221802,
    -0.9534070491790771,
    0.5166804194450378,
    -2.048456907272339,
    -0.5687695145606995,
    0.7044243216514587,
    -1.139158844947815,
    0.9801462292671204
  ],
  "[C@H]12CCC([C@H](OC1)O2)=O": [
    2.2025744915008545,
    -0.1536446511745453,
    0.30999240279197693,
    0.05713815614581108,
    0.4923701882362366,
    -1.0254532098770142,
    0.8545984029769897,
    -0.49259766936302185,
    -0.1573806256055832,
    -1.3622703552246094,
    0.49062785506248474,
    -1.4940372705459595,
    -0.10288777202367783,
    0.5134019255638123,
    -1.504409909248352,
    1.3791090250015259
  ],
  "O=C(OCC)C": [
    1.7781637907028198,
    0.7038891315460205,
    0.004603786859661341,
    -0.03141266852617264,
    -0.687624990940094,
    -0.3947211503982544,
    1.8265390396118164,
    -0.504798173904419,
    -0.42230162024497986,
    -0.9450293183326721,
    0.4903249144554138,
    -1.9860912561416626,
    -0.668286144733429,
    0.9032236933708191,
    -0.9591562151908875,
    0.9065189361572266
  ],
  "CC(C)(C)OC": [
    1.6056568622589111,
    0.7397512197494507,
    -0.23515190184116364,
    -0.26242733001708984,
    -0.9849157929420471,
    -0.5220237970352173,
    1.9278031587600708,
    -0.5073680877685547,
    -0.5101783275604248,
    -0.8499947786331177,
    0.5825554728507996,
    -1.8517314195632935,
    -0.6429678201675415,
    1.2846709489822388,
    -0.5238468647003174,
    0.7684778571128845
  ],