{
  "CO": [
    1.5797563791275024,
    -0.6474797129631042,
    0.16985341906547546,
    -0.05016612261533737,
    0.8258742690086365,
    -0.9990530610084534,
    0.3523222804069519,
    -0.680057942867279,
    -0.30795446038246155,
    -1.1992632150650024,
    1.3165826797485352,
    -1.1905114650726318,
    0.4086940288543701,
    0.6058496832847595,
    -1.7682079076766968,
    1.5719709396362305
  ],
  "OCCO": [
    1.5856237411499023,
    -0.6919192671775818,
    0.316462904214859,
    0.10023762285709381,
    1.1969159841537476,
    -0.9700490236282349,
    0.4284709095954895,
    -0.7022922039031982,
    -0.5640107989311218,
    -1.109466791152954,
    1.2368117570877075,
    -1.3995411396026611,
    0.3694200813770294,
    0.47854316234588623,
    -1.633837342262268,
    1.3468784093856812
  ],
  "C(C(F)(F)F)(C(F)(F)F)O": [
    1.568724513053894,
    -0.4127676784992218,
    0.0410403273999691,
    -0.45627638697624207,
    0.37126487493515015,
    -0.9958513379096985,
    0.7205343842506409,
    -0.5716410875320435,
    -0.1034843847155571,
    -1.8151001930236816,
    1.4320086240768433,
    -1.0157685279846191,
    0.47065913677215576,
    0.5179351568222046,
    -1.341947078704834,
    1.585327386856079
  ],
  "O1C(C)CCC1": [
    1.6432896852493286,
    0.40273940563201904,
    0.4538961350917816,
    -0.33171314001083374,
    -0.11825278401374817,
    -0.21464844048023224,
    1.402803897857666,
    -0.6685878038406372,
    -0.9080011248588562,
    -0.6701978445053101,
    1.0876473188400269,
    -2.0886805057525635,
    -0.35137343406677246,
    0.7372543811798096,
    -1.3951492309570312,
    1.0113351345062256
  ],
  "C1CCCCC1": [
    1.3305435180664062,
    0.5080824494361877,
    -0.20003291964530945,
    -0.611514151096344,
    -0.8922396302223206,
    -0.6353641152381897,
    1.7477518320083618,
    -0.4293816387653351,
    -0.7683818340301514,
    -0.4892346262931824,
    1.0403155088424683,
    -1.8581589460372925,
    -0.6624658107757568,
    1.5594557523727417,
    -0.4970438778400421,
    0.8611198663711548
  ],
  "CC(O)C": [
    1.584489107131958,
    0.07715137302875519,
    0.4763478636741638,
    -0.22538544237613678,
    0.31639501452445984,
    -0.4623814821243286,
    1.2146543264389038,
    -0.8002685904502869,
    -0.5760355591773987,
    -1.101366639137268,
    1.0940505266189575,
    -1.828815221786499,
    -0.04756626486778259,
    0.6494148969650269,
    -1.653205156326294,
    1.2737733125686646
  ],
  "O.CC#N": [
    1.4502443075180054,
    -0.8552349805831909,
    0.11055881530046463,
    -0.009020274505019188,
    0.8152983784675598,
    -1.1705420017242432,
    0.48365968465805054,
    -0.5064105987548828,
    -0.6126279234886169,
    -1.1358261108398438,
    1.491161823272705,
    -1.3548016548156738,
    0.5676973462104797,
    0.5348891615867615,
    -1.3761355876922607,
    1.5564169883728027
  ],
  "CC#N": [
    1.7220419645309448,
    -0.17963092029094696,
    0.4423072040081024,
    -0.17269019782543182,
    0.4748552441596985,
    -0.45798930525779724,
    0.8579393029212952,
    -0.7943921685218811,
    -0.4006265103816986,
    -1.2224479913711548,
    1.2330337762832642,
    -1.746951937675476,
    0.19633439183235168,
    0.4449952244758606,
    -1.7037512063980103,
    1.2954416275024414
  ],
  "CC#N.CC(=O)O": [
    1.7237188816070557,
    -0.2616870403289795,
    0.3757931888103485,
    -0.1909748613834381,
    0.5197675228118896,
    -0.5184640288352966,
    0.7184833884239197,
    -0.8297160863876343,
    -0.29938483238220215,
    -1.273032546043396,
    1.3527122735977173,
    -1.5262633562088013,
    0.13057300448417664,
    0.5235044360160828,
    -1.7825071811676025,
    1.3262840509414673
  ],
  "CCOCC": [
    1.4267797470092773,
    0.49896755814552307,
    0.14905455708503723,
    -0.28965941071510315,
    -0.47039538621902466,
    -0.2700295150279999,
    1.7414623498916626,
    -0.6787512302398682,
    -1.0454100370407104,
    -0.5703561305999756,
    1.084764838218689,
    -1.9902015924453735,
    -0.48737818002700806,
    1.008733868598938,
    -1.0850425958633423,
    0.9742230176925659
  ],
  "OCC(F)(F)F": [
    1.5569175481796265,
    -0.455554336309433,
    0.2680482566356659,
    -0.4436263144016266,
    0.33509132266044617,
    -1.0138612985610962,
    0.8587673902511597,
    -0.790303111076355,
    -0.30669304728507996,
    -1.4899225234985352,
    1.4324867725372314,
    -1.1902202367782593,
    0.5627129673957825,
    0.633614718914032,
    -1.4188283681869507,
    1.454622507095337
  ],
  "O.OCC(F)(F)F": [
    1.2416114807128906,
    -0.9594386219978333,
    0.15445856750011444,
    -0.3173646032810211,
    0.6543791890144348,
    -1.2390217781066895,
    0.5901241898536682,
    -0.2690284550189972,
    -0.4336252808570862,
    -1.4127424955368042,
    1.3508347272872925,
    -1.1132113933563232,
    0.7443141937255859,
    0.6365705132484436,
    -1.3598142862319946,
    1.7253564596176147
  ],
  "CN(C)C(C)=O": [
    1.749232530593872,
    0.1672142595052719,
    0.6799403429031372,
    -0.3770834505558014,
    0.46053415536880493,
    -0.33671092987060547,
    0.9083656668663025,
    -0.7891072630882263,
    -0.6506348848342896,
    -1.0451291799545288,
    1.1139702796936035,
    -1.9095494747161865,
    -0.14153875410556793,
    0.6011785268783569,
    -1.5877246856689453,
    1.146498680114746
  ],
  "CCCCCCCCCCO": [
    1.7057849168777466,
    0.4004538059234619,
    0.2370672971010208,
    -0.6978994607925415,
    -0.14034347236156464,
    0.042213138192892075,
    1.4113001823425293,
    -0.7158267498016357,
    -1.0231595039367676,
    -0.554943323135376,
    1.1101539134979248,
    -1.8954675197601318,
    -0.5422720909118652,
    0.9923838376998901,
    -1.2734390497207642,
    0.9387993216514587
  ],
  "OCC": [
    1.6776074171066284,
    -0.24551725387573242,
    0.38451364636421204,
    -0.20897123217582703,
    0.6695276498794556,
    -0.6003142595291138,
    0.7983570694923401,
    -0.8117068409919739,
    -0.49921074509620667,
    -1.2410459518432617,
    1.2972075939178467,
    -1.4934806823730469,
    0.1459496170282364,
    0.5870303511619568,
    -1.7697783708572388,
    1.2997568845748901
  ],
  "C1CCOC1": [
    1.6046960353851318,
    0.3113568127155304,
    0.40154173970222473,
    -0.33898594975471497,
    -0.1540612280368805,
    -0.1414175033569336,
    1.487363338470459,
    -0.6388812065124512,
    -0.8119094371795654,
    -0.6059732437133789,
    1.0928888320922852,
    -2.1292741298675537,
    -0.4498923122882843,
    0.7348802089691162,
    -1.3961886167526245,
    1.0266320705413818
  ],
  "[C@H]12CCC([C@H](OC1)O2)=O": [
    1.7718099355697632,
    -0.2800513207912445,
    0.5586061477661133,
    -0.134153813123703,
    0.8292408585548401,
    -0.5541834235191345,
    0.5627382397651672,
    -0.8860152959823608,
    -0.5442699790000916,
    -1.1222656965255737,
    1.2414008378982544,
    -1.700647234916687,
    0.15790486335754395,
    0.5037199258804321,
    -1.6341636180877686,
    1.2174984216690063
  ],
  "O=C(OCC)C": [
    1.5199514627456665,
    0.4322289526462555,
    0.25669634342193604,
    -0.26881900429725647,
    -0.33760714530944824,
    -0.1717022955417633,
    1.6496033668518066,
    -0.6580702662467957,
    -0.8837236166000366,
    -0.6184937357902527,
    1.0554473400115967,
    -2.0166635513305664,
    -0.5134685635566711,
    0.8722512722015381,
    -1.3361693620681763,
    1.0135576725006104
  ],
  "CC(C)(C)OC": [
    1.4136989116668701,
    0.4786818027496338,
    0.009821582585573196,
    -0.33428213000297546,
    -0.5707643628120422,
    -0.3208542764186859,
    1.8688017129898071,
    -0.5735967755317688,
    -0.9419342279434204,
    -0.5037627220153809,
    1.1475061178207397,
    -1.934311866760254,
    -0.6077153086662292,
    1.0544664859771729,
    -1.0497791767120361,
    0.8630803227424622
  ],