{
  "CO": [
    1.3254677057266235,
    -0.9347410202026367,
    0.2649708688259125,
    -0.3044394552707672,
    1.0703752040863037,
    -0.5852357745170593,
    0.06684878468513489,
    -0.48662838339805603,
    -0.5784090161323547,
    -0.9915023446083069,
    1.4825652837753296,
    -0.871952474117279,
    0.4632740318775177,
    0.6862171292304993,
    -2.0919129848480225,
    1.4736018180847168
  ],
  "OCCO": [
    1.372565746307373,
    -0.9426289200782776,
    0.3618747591972351,
    -0.12983162701129913,
    1.3531310558319092,
    -0.6492807865142822,
    0.0851544588804245,
    -0.5294120907783508,
    -0.8273107409477234,
    -0.8221113085746765,
    1.513773798942566,
    -1.0871502161026,
    0.45008355379104614,
    0.5593373775482178,
    -1.9358444213867188,
    1.214931607246399
  ],
  "C(C(F)(F)F)(C(F)(F)F)O": [
    1.1851190328598022,
    -0.5804991722106934,
    0.2916361689567566,
    -1.0259859561920166,
    0.05584375560283661,
    -0.7013027667999268,
    0.8418360948562622,
    -0.19962944090366364,
    -0.43658798933029175,
    -1.5827150344848633,
    1.6374022960662842,
    -0.9570980668067932,
    0.6214339137077332,
    0.7241390347480774,
    -1.4707914590835571,
    1.591965675354004
  ],
  "O1C(C)CCC1": [
    1.412568211555481,
    -0.14343024790287018,
    0.46477916836738586,
    -0.522027850151062,
    0.22504381835460663,
    -0.05450674518942833,
    1.2181055545806885,
    -0.4972822368144989,
    -1.5249180793762207,
    -0.5155269503593445,
    1.306518793106079,
    -1.7479456663131714,
    -0.008523845113813877,
    1.0090159177780151,
    -1.5821830034255981,
    0.9520893096923828
  ],
  "C1CCCCC1": [
    1.3392784595489502,
    -0.22936809062957764,
    0.14028194546699524,
    -0.5885345935821533,
    -0.33001503348350525,
    -0.4825921058654785,
    1.4280242919921875,
    -0.04970566928386688,
    -1.3341392278671265,
    -0.4451814889907837,
    1.5054781436920166,
    -1.8180160522460938,
    -0.010389430448412895,
    1.2410964965820312,
    -1.2603485584259033,
    0.8897457122802734
  ],
  "CC(O)C": [
    1.3975101709365845,
    -0.3758588135242462,
    0.5463442206382751,
    -0.4535101056098938,
    0.8200778365135193,
    -0.2650655508041382,
    0.5871982574462891,
    -0.705734133720398,
    -1.1552152633666992,
    -0.9950469136238098,
    1.5750778913497925,
    -1.3315181732177734,
    0.3094518780708313,
    0.7486382126808167,
    -1.8363115787506104,
    1.1224572658538818
  ],
  "O.CC#N": [
    1.2696248292922974,
    -1.1025885343551636,
    0.18178661167621613,
    -0.3531440496444702,
    1.0715770721435547,
    -0.7652313113212585,
    0.1939692199230194,
    -0.3909217417240143,
    -0.8219243288040161,
    -0.8790373206138611,
    1.695692777633667,
    -0.9665241241455078,
    0.6089902520179749,
    0.5812242031097412,
    -1.762829303741455,
    1.4283627271652222
  ],
  "CC#N": [
    1.4544389247894287,
    -0.6263740658760071,
    0.522171139717102,
    -0.4102028012275696,
    0.8221656084060669,
    -0.20320850610733032,
    0.37802764773368835,
    -0.6349614262580872,
    -0.7860391736030579,
    -1.0759526491165161,
    1.5544384717941284,
    -1.304600477218628,
    0.44142308831214905,
    0.5897646546363831,
    -1.967647910118103,
    1.2344317436218262
  ],
  "CC#N.CC(=O)O": [
    1.358144998550415,
    -0.6862051486968994,
    0.4566439092159271,
    -0.38520100712776184,
    0.7919052243232727,
    -0.17307041585445404,
    0.39968618750572205,
    -0.6552463173866272,
    -0.7700468301773071,
    -1.1104679107666016,
    1.6873070001602173,
    -1.2133992910385132,
    0.3879927396774292,
    0.6564229726791382,
    -1.976601004600525,
    1.2205345630645752
  ],
  "CCOCC": [
    1.2078291177749634,
    -0.11044815182685852,
    0.14719168841838837,
    -0.5751909613609314,
    -0.12498441338539124,
    -0.11087103188037872,
    1.6509487628936768,
    -0.4343983829021454,
    -1.660975456237793,
    -0.39085811376571655,
    1.2538025379180908,
    -1.6262253522872925,
    -0.1306362897157669,
    1.3357923030853271,
    -1.2865748405456543,
    0.8515452146530151
  ],
  "OCC(F)(F)F": [
    1.300639033317566,
    -0.7218348383903503,
    0.27690058946609497,
    -0.7511723637580872,
    0.5406642556190491,
    -0.5510730147361755,
    0.7368439435958862,
    -0.581626296043396,
    -0.564379096031189,
    -1.3163707256317139,
    1.5598700046539307,
    -0.8190754652023315,
    0.5857503414154053,
    0.7178327441215515,
    -1.8840702772140503,
    1.4630614519119263
  ],
  "O.OCC(F)(F)F": [
    1.158348798751831,
    -1.1548212766647339,
    0.10088744759559631,
    -0.42883241176605225,
    1.064462423324585,
    -0.8538775444030762,
    0.07326243072748184,
    -0.08460140228271484,
    -0.7374487519264221,
    -0.7976571321487427,
    1.4657148122787476,
    -0.7539669275283813,
    0.43236058950424194,
    0.8317636251449585,
    -1.9584293365478516,
    1.633616328239441
  ],
  "CN(C)C(C)=O": [
    1.4539315700531006,
    -0.350179523229599,
    0.7705543637275696,
    -0.5185496807098389,
    0.8395703434944153,
    -0.10302691161632538,
    0.5716139674186707,
    -0.6712350845336914,
    -1.1987477540969849,
    -0.9112604856491089,
    1.4262371063232422,
    -1.521486759185791,
    0.18134446442127228,
    0.8037354946136475,
    -1.7811856269836426,
    0.9973493218421936
  ],
  "CCCCCCCCCCO": [
    1.3510494232177734,
    -0.08717241883277893,
    0.19878539443016052,
    -0.799665629863739,
    0.22517186403274536,
    0.07992350310087204,
    1.2513030767440796,
    -0.5514799952507019,
    -1.734213948249817,
    -0.36842259764671326,
    1.40957510471344,
    -1.5173918008804321,
    -0.1690949648618698,
    1.329893708229065,
    -1.361873745918274,
    0.7378531098365784
  ],
  "OCC": [
    1.2946960926055908,
    -0.6710227131843567,
    0.533207893371582,
    -0.36179912090301514,
    0.9294382929801941,
    -0.24977166950702667,
    0.5078620314598083,
    -0.634504497051239,
    -0.9502992033958435,
    -1.0537434816360474,
    1.5907586812973022,
    -1.2877305746078491,
    0.4049507677555084,
    0.7245385050773621,
    -1.9295438528060913,
    1.1416162252426147
  ],
  "C1CCOC1": [
    1.343868374824524,
    -0.271555632352829,
    0.5277435183525085,
    -0.4822135269641876,
    0.2718732953071594,
    0.019744688645005226,
    1.1871627569198608,
    -0.4620096981525421,
    -1.4753577709197998,
    -0.44814616441726685,
    1.4114623069763184,
    -1.8225446939468384,
    -0.09662489593029022,
    0.9882000088691711,
    -1.5868109464645386,
    0.8868799805641174
  ],
  "[C@H]12CCC([C@H](OC1)O2)=O": [
    1.5086815357208252,
    -0.6513906717300415,
    0.6737435460090637,
    -0.34623581171035767,
    1.0865670442581177,
    -0.20646370947360992,
    0.19521859288215637,
    -0.7541533708572388,
    -0.9007174968719482,
    -0.9529070854187012,
    1.5275763273239136,
    -1.3976730108261108,
    0.35754233598709106,
    0.6161971688270569,
    -1.821495771408081,
    1.052406907081604
  ],
  "O=C(OCC)C": [
    1.2036892175674438,
    -0.12774699926376343,
    0.25363388657569885,
    -0.39154860377311707,
    0.02822788991034031,
    0.011344333179295063,
    1.4794654846191406,
    -0.4837738573551178,
    -1.6385424137115479,
    -0.40568163990974426,
    1.3563252687454224,
    -1.679006814956665,
    -0.16794009506702423,
    1.2283859252929688,
    -1.4977535009384155,
    0.8248490691184998
  ],
  "CC(C)(C)OC": [
    1.1389747858047485,
    0.009887988679111004,
    -0.1500655561685562,
    -0.8003928065299988,
    -0.40453654527664185,
    -0.17887462675571442,
    1.9002455472946167,
    -0.3486384153366089,
    -1.4865174293518066,
    -0.30637064576148987,
    1.0958583354949951,
    -1.5286874771118164,
    -0.3721983730792999,
    1.722350001335144,
    -0.9198552966117859,
    0.6294601559638977
  ],