{
  "CO": [
    1.9015607833862305,
    -0.41304585337638855,
    0.04253915697336197,
    0.039152372628450394,
    0.3531566262245178,
    -1.6454691886901855,
    0.6331830024719238,
    -0.3575725555419922,
    0.1445612907409668,
    -1.51956045627594,
    0.4541831612586975,
    -0.9352993369102478,
    0.1837317794561386,
    0.7636322975158691,
    -1.348921775817871,
    1.719002604484558
  ],
  "OCCO": [
    1.9434382915496826,
    -0.5652405619621277,
    0.11274001747369766,
    0.3634030818939209,
    0.7656217813491821,
    -1.5589869022369385,
    0.6165478825569153,
    -0.27713316679000854,
    -0.22323136031627655,
    -1.367337942123413,
    0.33147910237312317,
    -1.147444725036621,
    0.0583965927362442,
    0.6876912117004395,
    -1.3462693691253662,
    1.620307207107544
  ],
  "C(C(F)(F)F)(C(F)(F)F)O": [
    1.677042841911316,
    -0.3727149963378906,
    -0.052650079131126404,
    -0.2412564754486084,
    -0.04567851126194,
    -1.6334550380706787,
    0.5625472068786621,
    -0.13018085062503815,
    0.2508086860179901,
    -2.008880853652954,
    0.6675107479095459,
    -0.8550519943237305,
    0.42176955938339233,
    0.7184514403343201,
    -0.7656410932540894,
    1.8235039710998535
  ],
  "O1C(C)CCC1": [
    1.9291459321975708,
    0.6901776194572449,
    0.1915835440158844,
    -0.10011453926563263,
    -0.5718435049057007,
    -0.4511399269104004,
    1.5754082202911377,
    -0.5406756401062012,
    -0.4873732328414917,
    -0.9388811588287354,
    0.4266519248485565,
    -1.9722316265106201,
    -0.6283048391342163,
    0.876947283744812,
    -1.0470927953720093,
    1.0626647472381592
  ],
  "C1CCCCC1": [
    1.6166704893112183,
    0.6252415180206299,
    -0.22889484465122223,
    -0.4878443479537964,
    -1.1280838251113892,
    -0.85612553358078,
    1.5396950244903564,
    -0.4136585593223572,
    -0.28066137433052063,
    -0.8347821831703186,
    0.6592699885368347,
    -1.8294051885604858,
    -0.5627730488777161,
    1.508090853691101,
    -0.32174888253211975,
    1.0140964984893799
  ],
  "CC(O)C": [
    2.123863458633423,
    0.35650885105133057,
    0.28365781903266907,
    -0.06485455483198166,
    0.05221157521009445,
    -0.9828757643699646,
    1.1265387535095215,
    -0.5001612901687622,
    -0.18109922111034393,
    -1.448925495147705,
    0.4619029760360718,
    -1.5594816207885742,
    -0.31784918904304504,
    0.6925573945045471,
    -1.3322114944458008,
    1.3073716163635254
  ],
  "O.CC#N": [
    1.8583065271377563,
    -0.7122284770011902,
    0.07272934168577194,
    0.10063939541578293,
    0.3747548460960388,
    -1.6847095489501953,
    0.5487098097801208,
    -0.09523031115531921,
    -0.11821072548627853,
    -1.4553884267807007,
    0.433698832988739,
    -1.1175644397735596,
    0.36498454213142395,
    0.6867530345916748,
    -1.0747593641281128,
    1.8287242650985718
  ],
  "CC#N": [
    2.1574454307556152,
    0.12918296456336975,
    0.25922295451164246,
    0.02646971493959427,
    -0.009800182655453682,
    -1.0182766914367676,
    1.10884690284729,
    -0.4145078659057617,
    0.02282542735338211,
    -1.4050188064575195,
    0.42124781012535095,
    -1.5692121982574463,
    -0.19672200083732605,
    0.5681837797164917,
    -1.4277493953704834,
    1.3629926443099976
  ],
  "CC#N.CC(=O)O": [
    2.131395101547241,
    0.009976576082408428,
    0.19069373607635498,
    0.047041479498147964,
    0.05009901896119118,
    -1.052715539932251,
    0.9799220561981201,
    -0.42413267493247986,
    0.0938825011253357,
    -1.5104776620864868,
    0.5810139775276184,
    -1.4565997123718262,
    -0.2079039216041565,
    0.6242057085037231,
    -1.4373506307601929,
    1.3961188793182373
  ],
  "CCOCC": [
    1.787650465965271,
    0.6599697470664978,
    0.04714028164744377,
    -0.2298465520143509,
    -0.8844404220581055,
    -0.4442862272262573,
    1.7630902528762817,
    -0.4877341687679291,
    -0.3784051239490509,
    -0.9729477167129517,
    0.3917086124420166,
    -1.8992314338684082,
    -0.6058999300003052,
    1.0243608951568604,
    -0.8328410983085632,
    1.0794856548309326
  ],
  "OCC(F)(F)F": [
    1.897539734840393,
    -0.24074026942253113,
    0.027323633432388306,
    -0.057649966329336166,
    -0.10080975294113159,
    -1.5893361568450928,
    0.7932180762290955,
    -0.33415600657463074,
    0.11075875163078308,
    -1.7610528469085693,
    0.6088624596595764,
    -1.0206077098846436,
    0.3221338093280792,
    0.7469843626022339,
    -1.0408238172531128,
    1.65523099899292
  ],
  "O.OCC(F)(F)F": [
    1.4735674858093262,
    -0.8571962118148804,
    0.02591928094625473,
    -0.06292291730642319,
    0.2990567982196808,
    -1.9352173805236816,
    0.48717716336250305,
    0.1884405016899109,
    -0.10722683370113373,
    -1.5828114748001099,
    0.40948137640953064,
    -0.8675139546394348,
    0.5741502046585083,
    0.8660032153129578,
    -0.8177574276924133,
    1.9206770658493042
  ],
  "CN(C)C(C)=O": [
    2.080838203430176,
    0.47014498710632324,
    0.463349312543869,
    -0.1278015673160553,
    -0.03573336824774742,
    -0.7918840646743774,
    1.2044041156768799,
    -0.521587073802948,
    -0.307113379240036,
    -1.3056594133377075,
    0.39261454343795776,
    -1.8095086812973022,
    -0.3787035644054413,
    0.7471156120300293,
    -1.2607083320617676,
    1.1961085796356201
  ],
  "CCCCCCCCCCO": [
    2.013737678527832,
    0.6220295429229736,
    0.20477956533432007,
    -0.4600811004638672,
    -0.4234905242919922,
    -0.41900819540023804,
    1.3799364566802979,
    -0.5353465676307678,
    -0.5590802431106567,
    -1.020683765411377,
    0.5938260555267334,
    -1.861175775527954,
    -0.6182756423950195,
    1.0629706382751465,
    -1.0280325412750244,
    1.0633480548858643
  ],
  "OCC": [
    2.125307083129883,
    0.027791664004325867,
    0.2137630730867386,
    0.011654181405901909,
    0.19898754358291626,
    -1.1245800256729126,
    1.0294673442840576,
    -0.43586212396621704,
    -0.08136779814958572,
    -1.4875062704086304,
    0.4480075240135193,
    -1.339851975440979,
    -0.21498245000839233,
    0.6969379186630249,
    -1.4678797721862793,
    1.4175710678100586
  ],
  "C1CCOC1": [
    1.914463996887207,
    0.5923051238059998,
    0.21221065521240234,
    -0.10583130270242691,
    -0.5785444974899292,
    -0.3830372095108032,
    1.6123428344726562,
    -0.5046555995941162,
    -0.37104690074920654,
    -0.9252763986587524,
    0.4692348837852478,
    -2.0130512714385986,
    -0.6864299178123474,
    0.8662382960319519,
    -1.099357008934021,
    1.0156621932983398
  ],
  "[C@H]12CCC([C@H](OC1)O2)=O": [
    2.2184696197509766,
    -0.12563399970531464,
    0.3591514229774475,
    0.027982044965028763,
    0.4100615382194519,
    -1.0923393964767456,
    0.8212947845458984,
    -0.48989054560661316,
    -0.09692391753196716,
    -1.3549721240997314,
    0.3853969871997833,
    -1.4530011415481567,
    -0.1931871473789215,
    0.6419066786766052,
    -1.4596742391586304,
    1.4152621030807495
  ],
  "O=C(OCC)C": [
    1.8689242601394653,
    0.7317200899124146,
    0.07438836246728897,
    -0.07139208167791367,
    -0.6767818927764893,
    -0.47064945101737976,
    1.6662817001342773,
    -0.5105236172676086,
    -0.3980786204338074,
    -0.9837377071380615,
    0.5316261649131775,
    -1.9100456237792969,
    -0.6635483503341675,
    0.8869172930717468,
    -1.0518336296081543,
    0.9936559200286865
  ],
  "CC(C)(C)OC": [
    1.7646106481552124,
    0.7439234256744385,
    -0.0672721415758133,
    -0.2373168021440506,
    -0.9428848624229431,
    -0.5601556897163391,
    1.799215316772461,
    -0.48290833830833435,
    -0.4711938798427582,
    -0.856772243976593,
    0.5903910994529724,
    -1.8244199752807617,
    -0.6293039321899414,
    1.0659846067428589,
    -0.8222552537918091,
    0.9493343830108643
  ],