{
  "CO": [
    1.9730181694030762,
    -0.27666136622428894,
    0.05631991848349571,
    0.0972314402461052,
    0.18873028457164764,
    -1.7080856561660767,
    0.6443029642105103,
    -0.3884963393211365,
    0.17073015868663788,
    -1.5324957370758057,
    0.440373033285141,
    -0.8666697144508362,
    0.07635302096605301,
    0.7750827074050903,
    -1.304276704788208,
    1.6776165962219238
  ],
  "OCCO": [
    1.9912221431732178,
    -0.47289809584617615,
    0.12668442726135254,
    0.3793073892593384,
    0.6373192667961121,
    -1.669682502746582,
    0.6076204180717468,
    -0.25444748997688293,
    -0.16339971125125885,
    -1.4214459657669067,
    0.2723703980445862,
    -1.087693214416504,
    0.010460015386343002,
    0.7183117270469666,
    -1.257939338684082,
    1.6069605350494385
  ],
  "C(C(F)(F)F)(C(F)(F)F)O": [
    1.332377314567566,
    -0.33068302273750305,
    0.0914941132068634,
    -0.26605841517448425,
    -0.4066903293132782,
    -1.8079441785812378,
    0.560830295085907,
    0.10392627120018005,
    0.4349774420261383,
    -1.9321430921554565,
    0.360821008682251,
    -0.9405883550643921,
    0.4820852279663086,
    0.7593765258789062,
    -0.46469786763191223,
    2.0415852069854736
  ],
  "O1C(C)CCC1": [
    1.9628146886825562,
    0.7624902725219727,
    0.2542298138141632,
    -0.12851518392562866,
    -0.7015830278396606,
    -0.49619027972221375,
    1.6153173446655273,
    -0.4973103404045105,
    -0.43477994203567505,
    -0.9449212551116943,
    0.34425556659698486,
    -1.8928155899047852,
    -0.6436467170715332,
    0.844298779964447,
    -1.0408644676208496,
    1.0190693140029907
  ],
  "C1CCCCC1": [
    1.7065329551696777,
    0.7323142886161804,
    -0.18579629063606262,
    -0.5567051768302917,
    -1.2338529825210571,
    -0.8411445021629333,
    1.4681901931762695,
    -0.3222247064113617,
    -0.27567189931869507,
    -0.8030752539634705,
    0.6450610756874084,
    -1.7647608518600464,
    -0.6182786226272583,
    1.5009992122650146,
    -0.3463238775730133,
    0.918388843536377
  ],
  "CC(O)C": [
    2.135563373565674,
    0.36767205595970154,
    0.2935868203639984,
    -0.030821524560451508,
    -0.09160751849412918,
    -1.1450295448303223,
    1.1684534549713135,
    -0.43580374121665955,
    -0.10561645776033401,
    -1.4468246698379517,
    0.42031630873680115,
    -1.4756313562393188,
    -0.33144935965538025,
    0.7122167944908142,
    -1.2926105260849,
    1.2837470769882202
  ],
  "O.CC#N": [
    1.868522047996521,
    -0.577743411064148,
    0.006466952618211508,
    0.2037477046251297,
    0.2714689373970032,
    -1.8254367113113403,
    0.5293309092521667,
    -0.11607047915458679,
    -0.12510435283184052,
    -1.4785758256912231,
    0.4710845649242401,
    -0.9874746203422546,
    0.24308422207832336,
    0.750614583492279,
    -1.025935411453247,
    1.811057209968567
  ],
  "CC#N": [
    2.2188472747802734,
    0.24906425178050995,
    0.26922640204429626,
    0.019998988136649132,
    -0.14837807416915894,
    -1.1034435033798218,
    1.1308491230010986,
    -0.3882618546485901,
    0.07248733192682266,
    -1.4391250610351562,
    0.36325347423553467,
    -1.4720700979232788,
    -0.26246729493141174,
    0.5527855157852173,
    -1.3556487560272217,
    1.3170918226242065
  ],
  "CC#N.CC(=O)O": [
    2.1759886741638184,
    0.11554799228906631,
    0.19579441845417023,
    0.057641901075839996,
    -0.09120745211839676,
    -1.1581408977508545,
    0.986167311668396,
    -0.41890108585357666,
    0.16008438169956207,
    -1.5289546251296997,
    0.5421900749206543,
    -1.382833480834961,
    -0.2646922469139099,
    0.6383817195892334,
    -1.3604751825332642,
    1.3571856021881104
  ],
  "CCOCC": [
    1.9582939147949219,
    0.7839332818984985,
    0.10584321618080139,
    -0.18149158358573914,
    -0.7708947062492371,
    -0.5887346267700195,
    1.6656827926635742,
    -0.4274533987045288,
    -0.34260815382003784,
    -0.989783763885498,
    0.44364163279533386,
    -1.8358603715896606,
    -0.6509729623794556,
    0.80770343542099,
    -0.9787840247154236,
    1.0246684551239014
  ],
  "OCC(F)(F)F": [
    1.8902801275253296,
    -0.24852485954761505,
    0.1639915406703949,
    -0.20418131351470947,
    -0.22274889051914215,
    -1.651729702949524,
    0.7734413146972656,
    -0.320272833108902,
    0.18902641534805298,
    -1.7573765516281128,
    0.5359627604484558,
    -0.967235267162323,
    0.3342055380344391,
    0.7872459888458252,
    -0.9458284378051758,
    1.6677463054656982
  ],
  "O.OCC(F)(F)F": [
    1.6228797435760498,
    -0.7854484915733337,
    -0.034466102719306946,
    0.27438533306121826,
    0.2386806607246399,
    -2.051440954208374,
    0.3926207721233368,
    0.11562436074018478,
    -0.2648410201072693,
    -1.4530527591705322,
    0.5018729567527771,
    -0.8197116851806641,
    0.3615594208240509,
    0.8810999393463135,
    -0.8170986175537109,
    1.85596764087677
  ],
  "CN(C)C(C)=O": [
    2.21512770652771,
    0.4977889657020569,
    0.4949929118156433,
    -0.20253203809261322,
    -0.10368279367685318,
    -0.8229497671127319,
    1.1730139255523682,
    -0.49029862880706787,
    -0.15925614535808563,
    -1.3296270370483398,
    0.26810699701309204,
    -1.6886579990386963,
    -0.4235032796859741,
    0.6614198088645935,
    -1.257849931716919,
    1.1917182207107544
  ],
  "CCCCCCCCCCO": [
    2.0485775470733643,
    0.693064272403717,
    0.24972616136074066,
    -0.37013429403305054,
    -0.5504353642463684,
    -0.4996260702610016,
    1.4624686241149902,
    -0.5579566359519958,
    -0.6209195852279663,
    -0.9224135279655457,
    0.4988475739955902,
    -1.8154269456863403,
    -0.6296792030334473,
    0.9818156957626343,
    -0.999848484992981,
    1.0530558824539185
  ],
  "OCC": [
    2.1002845764160156,
    0.12780283391475677,
    0.2600783109664917,
    0.03467767685651779,
    -0.01287130918353796,
    -1.194440484046936,
    1.162679672241211,
    -0.4337522089481354,
    0.05704879388213158,
    -1.5275373458862305,
    0.3183881342411041,
    -1.3708410263061523,
    -0.21428236365318298,
    0.7036644220352173,
    -1.3546791076660156,
    1.3708515167236328
  ],
  "C1CCOC1": [
    2.090599775314331,
    0.6361932158470154,
    0.3024881184101105,
    -0.21359333395957947,
    -0.5952834486961365,
    -0.5296329855918884,
    1.5139968395233154,
    -0.4085600972175598,
    -0.20634378492832184,
    -0.9856159687042236,
    0.4190952777862549,
    -1.9366810321807861,
    -0.6310920119285583,
    0.731513500213623,
    -1.142026424407959,
    0.976760983467102
  ],
  "[C@H]12CCC([C@H](OC1)O2)=O": [
    2.2675912380218506,
    -0.02145821414887905,
    0.3992178738117218,
    0.05662822723388672,
    0.27082693576812744,
    -1.1896675825119019,
    0.8611190915107727,
    -0.4617856442928314,
    -0.05076585337519646,
    -1.3619407415390015,
    0.28275877237319946,
    -1.4300168752670288,
    -0.251049280166626,
    0.6431721448898315,
    -1.378899335861206,
    1.3870806694030762
  ],
  "O=C(OCC)C": [
    2.047074556350708,
    0.7405449748039246,
    0.23291000723838806,
    -0.1383478194475174,
    -0.6900776624679565,
    -0.5998260378837585,
    1.5798048973083496,
    -0.40313902497291565,
    -0.20761796832084656,
    -0.9796885848045349,
    0.4396977722644806,
    -1.8526843786239624,
    -0.6601237058639526,
    0.7558545470237732,
    -1.1619281768798828,
    0.9210678339004517
  ],
  "CC(C)(C)OC": [
    1.8985975980758667,
    0.8005046844482422,
    0.046638380736112595,
    -0.25004756450653076,
    -0.9688853621482849,
    -0.6029711961746216,
    1.7696738243103027,
    -0.33937397599220276,
    -0.32418951392173767,
    -0.8645041584968567,
    0.5874232053756714,
    -1.8351261615753174,
    -0.6858280301094055,
    0.8812246918678284,
    -0.9054872989654541,
    0.8173275589942932
  ],