{
  "CO": [
    1.9839117527008057,
    -0.26779189705848694,
    0.04431070387363434,
    0.06487008929252625,
    0.21375222504138947,
    -1.6955903768539429,
    0.7000879645347595,
    -0.3877868354320526,
    0.16692763566970825,
    -1.5121270418167114,
    0.452176570892334,
    -0.9112918376922607,
    0.06871244311332703,
    0.7974221706390381,
    -1.319502592086792,
    1.6274930238723755
  ],
  "OCCO": [
    2.013737201690674,
    -0.4175841510295868,
    0.15455758571624756,
    0.3903341591358185,
    0.6295226812362671,
    -1.6576642990112305,
    0.7104871869087219,
    -0.29345881938934326,
    -0.2118302434682846,
    -1.4318665266036987,
    0.29026347398757935,
    -1.1577317714691162,
    -0.00973548088222742,
    0.7015687227249146,
    -1.2153657674789429,
    1.5307635068893433
  ],
  "C(C(F)(F)F)(C(F)(F)F)O": [
    1.4261486530303955,
    -0.3451789617538452,
    0.08725359290838242,
    -0.24120065569877625,
    -0.48176100850105286,
    -1.7617528438568115,
    0.6621180772781372,
    -0.09344781190156937,
    0.2853361666202545,
    -1.9679815769195557,
    0.743465781211853,
    -0.9354969263076782,
    0.5362547039985657,
    0.8226566314697266,
    -0.5188167691230774,
    1.8049436807632446
  ],
  "O1C(C)CCC1": [
    2.035256862640381,
    0.7026821970939636,
    0.27524399757385254,
    -0.21153369545936584,
    -0.6936851143836975,
    -0.5293102264404297,
    1.6348377466201782,
    -0.4888356029987335,
    -0.3269520401954651,
    -0.9404569864273071,
    0.2529942989349365,
    -1.8496482372283936,
    -0.5972390174865723,
    0.7908979654312134,
    -1.0773131847381592,
    1.0469658374786377
  ],
  "C1CCCCC1": [
    1.6951978206634521,
    0.7183241844177246,
    -0.23664914071559906,
    -0.6349882483482361,
    -1.183559536933899,
    -0.8334255218505859,
    1.3804110288619995,
    -0.3278166949748993,
    -0.2053711712360382,
    -0.8080213665962219,
    0.6220418810844421,
    -1.8001515865325928,
    -0.626163899898529,
    1.5873080492019653,
    -0.2565590441226959,
    0.9337502717971802
  ],
  "CC(O)C": [
    2.095168352127075,
    0.45345476269721985,
    0.26260095834732056,
    0.07767480611801147,
    -0.13557852804660797,
    -1.0681469440460205,
    1.2385050058364868,
    -0.4575199484825134,
    -0.23539184033870697,
    -1.412811517715454,
    0.4881024956703186,
    -1.628164291381836,
    -0.3660162091255188,
    0.7442184090614319,
    -1.2120845317840576,
    1.183358907699585
  ],
  "O.CC#N": [
    1.8401848077774048,
    -0.5777016878128052,
    0.0008429576409980655,
    0.1837938278913498,
    0.2661937177181244,
    -1.8607885837554932,
    0.6198722124099731,
    -0.11054521799087524,
    -0.15655702352523804,
    -1.5188230276107788,
    0.49520912766456604,
    -0.9831976890563965,
    0.28508976101875305,
    0.7600253224372864,
    -0.976264476776123,
    1.7553068399429321
  ],
  "CC#N": [
    2.2348287105560303,
    0.2369549721479416,
    0.24414066970348358,
    0.03463941812515259,
    -0.08730150014162064,
    -1.1068195104599,
    1.0826895236968994,
    -0.4103204905986786,
    0.06559627503156662,
    -1.4416409730911255,
    0.44523969292640686,
    -1.4329506158828735,
    -0.3297438621520996,
    0.5978937745094299,
    -1.38714599609375,
    1.2802774906158447
  ],
  "CC#N.CC(=O)O": [
    2.174799919128418,
    0.11926440894603729,
    0.19890262186527252,
    0.031668998301029205,
    -0.09151424467563629,
    -1.19191312789917,
    1.0201009511947632,
    -0.4396166205406189,
    0.16739791631698608,
    -1.5083640813827515,
    0.5504785776138306,
    -1.3678317070007324,
    -0.2633395195007324,
    0.659279465675354,
    -1.3585487604141235,
    1.3256162405014038
  ],
  "CCOCC": [
    1.8851914405822754,
    0.8156967163085938,
    0.035542216151952744,
    -0.14264684915542603,
    -0.8910508155822754,
    -0.5124788284301758,
    1.736480951309204,
    -0.496592253446579,
    -0.46466466784477234,
    -0.916259765625,
    0.4857279658317566,
    -1.8469598293304443,
    -0.66009521484375,
    0.9172786474227905,
    -0.8581692576408386,
    0.9375821948051453
  ],
  "OCC(F)(F)F": [
    1.8555512428283691,
    -0.20608720183372498,
    0.04729808494448662,
    -0.08949241042137146,
    -0.07462967932224274,
    -1.7824084758758545,
    0.7218028903007507,
    -0.29356563091278076,
    0.08043237030506134,
    -1.7653865814208984,
    0.6588302850723267,
    -0.8834996819496155,
    0.27332425117492676,
    0.8625122904777527,
    -0.9717736840248108,
    1.594497799873352
  ],
  "O.OCC(F)(F)F": [
    1.6447193622589111,
    -0.7209475040435791,
    -0.07967717200517654,
    0.14787043631076813,
    0.29625895619392395,
    -2.022793769836426,
    0.38456249237060547,
    0.03815418854355812,
    -0.15585558116436005,
    -1.580244779586792,
    0.49853116273880005,
    -0.7627816796302795,
    0.39171069860458374,
    0.8695603013038635,
    -0.778559684753418,
    1.8511664867401123
  ],
  "CN(C)C(C)=O": [
    2.1822924613952637,
    0.5723929405212402,
    0.4933798611164093,
    -0.12653283774852753,
    -0.12334518134593964,
    -0.8496905565261841,
    1.183504343032837,
    -0.5027919411659241,
    -0.27852973341941833,
    -1.2815314531326294,
    0.33292701840400696,
    -1.7338898181915283,
    -0.4619242250919342,
    0.7072153091430664,
    -1.2260398864746094,
    1.1377395391464233
  ],
  "CCCCCCCCCCO": [
    2.1084980964660645,
    0.6768335700035095,
    0.20352992415428162,
    -0.40306875109672546,
    -0.5151101350784302,
    -0.4954002797603607,
    1.4230159521102905,
    -0.5417882204055786,
    -0.5346497297286987,
    -1.0017133951187134,
    0.505638599395752,
    -1.8109192848205566,
    -0.6105234622955322,
    0.9939809441566467,
    -0.9890356659889221,
    1.0142631530761719
  ],
  "OCC": [
    2.1188368797302246,
    0.13340096175670624,
    0.2575964033603668,
    -0.0058006830513477325,
    0.005785146728157997,
    -1.2280956506729126,
    1.177071452140808,
    -0.39319029450416565,
    0.027172088623046875,
    -1.4705256223678589,
    0.3038272261619568,
    -1.358280897140503,
    -0.25212547183036804,
    0.690068244934082,
    -1.3624767065048218,
    1.3854833841323853
  ],
  "C1CCOC1": [
    1.989234447479248,
    0.683207631111145,
    0.21509280800819397,
    -0.1081407219171524,
    -0.6985391974449158,
    -0.4130415916442871,
    1.6164414882659912,
    -0.5042068958282471,
    -0.3225376009941101,
    -0.9115889668464661,
    0.44143757224082947,
    -1.969363808631897,
    -0.707026481628418,
    0.8125972747802734,
    -1.0431278944015503,
    0.9422210454940796
  ],
  "[C@H]12CCC([C@H](OC1)O2)=O": [
    2.271573543548584,
    0.02982170507311821,
    0.39514100551605225,
    0.04143133386969566,
    0.279747873544693,
    -1.190360188484192,
    0.8885533809661865,
    -0.47139298915863037,
    -0.09177117049694061,
    -1.3779197931289673,
    0.30724790692329407,
    -1.4098310470581055,
    -0.2806009352207184,
    0.6768338084220886,
    -1.3786453008651733,
    1.3359712362289429
  ],
  "O=C(OCC)C": [
    1.9335078001022339,
    0.8319806456565857,
    0.1313730776309967,
    -0.06502518057823181,
    -0.7850278615951538,
    -0.4589173495769501,
    1.6965411901474,
    -0.5034885406494141,
    -0.4222556948661804,
    -0.8737907409667969,
    0.43454745411872864,
    -1.8635882139205933,
    -0.7430166006088257,
    0.827949583530426,
    -1.0318892002105713,
    0.9149483442306519
  ],
  "CC(C)(C)OC": [
    1.7526769638061523,
    0.8473545908927917,
    -0.11538047343492508,
    -0.2117953598499298,
    -1.124403715133667,
    -0.5326759219169617,
    1.8216946125030518,
    -0.4771745204925537,
    -0.4754481613636017,
    -0.8102290630340576,
    0.574028730392456,
    -1.7863519191741943,
    -0.6854116916656494,
    1.0882327556610107,
    -0.679025411605835,
    0.8395941257476807
  ],