{
  "CO": [
    1.3411976099014282,
    -0.8215876817703247,
    0.24470269680023193,
    -0.23065754771232605,
    0.980478048324585,
    -0.6362327337265015,
    0.310721755027771,
    -0.6587628722190857,
    -0.6639480590820312,
    -1.0026425123214722,
    1.6316956281661987,
    -1.1079777479171753,
    0.45850762724876404,
    0.5929983854293823,
    -1.892322301864624,
    1.4410502910614014
  ],
  "OCCO": [
    1.4683390855789185,
    -0.7354880571365356,
    0.42546403408050537,
    -0.1512235552072525,
    1.2757740020751953,
    -0.6710458397865295,
    0.27409374713897705,
    -0.7621420621871948,
    -0.8777434825897217,
    -0.925917387008667,
    1.5830129384994507,
    -1.2898595333099365,
    0.4353001117706299,
    0.4939118027687073,
    -1.696470022201538,
    1.1400448083877563
  ],
  "C(C(F)(F)F)(C(F)(F)F)O": [
    1.1873087882995605,
    -0.48367998003959656,
    0.2453066110610962,
    -0.8649322986602783,
    0.09340980648994446,
    -0.6788813471794128,
    1.0715962648391724,
    -0.3484630584716797,
    -0.393257200717926,
    -1.6481666564941406,
    1.5237928628921509,
    -1.1081302165985107,
    0.5682961344718933,
    0.6357091069221497,
    -1.4315696954727173,
    1.6263047456741333
  ],
  "O1C(C)CCC1": [
    1.3590412139892578,
    0.0347263477742672,
    0.39828988909721375,
    -0.4136803150177002,
    0.13819660246372223,
    -0.08262743055820465,
    1.3363736867904663,
    -0.6501353979110718,
    -1.4880015850067139,
    -0.5471096634864807,
    1.2932243347167969,
    -1.879801869392395,
    -0.08637373894453049,
    1.0183472633361816,
    -1.4060659408569336,
    0.9667552709579468
  ],
  "C1CCCCC1": [
    1.3523588180541992,
    -0.09405466169118881,
    0.2575026750564575,
    -0.5626482367515564,
    -0.358385294675827,
    -0.5253226161003113,
    1.3709983825683594,
    -0.16960181295871735,
    -1.1711828708648682,
    -0.5200433135032654,
    1.4965624809265137,
    -1.9951789379119873,
    0.07586457580327988,
    1.0328710079193115,
    -1.236318826675415,
    1.0400539636611938
  ],
  "CC(O)C": [
    1.4099464416503906,
    -0.2856593132019043,
    0.4999483823776245,
    -0.4064536392688751,
    0.869320273399353,
    -0.3399026095867157,
    0.6633378267288208,
    -0.7612900137901306,
    -1.013697624206543,
    -1.0580718517303467,
    1.5648785829544067,
    -1.4696663618087769,
    0.25931352376937866,
    0.7045764923095703,
    -1.7659378051757812,
    1.116994857788086
  ],
  "O.CC#N": [
    1.258147954940796,
    -1.0253584384918213,
    0.22685359418392181,
    -0.20401310920715332,
    1.0123505592346191,
    -0.8752812147140503,
    0.2686329782009125,
    -0.36951979994773865,
    -0.8366281986236572,
    -0.8962861895561218,
    1.687840461730957,
    -1.208878755569458,
    0.5995932817459106,
    0.5227469205856323,
    -1.6420904397964478,
    1.469655990600586
  ],
  "CC#N": [
    1.3967708349227905,
    -0.49811533093452454,
    0.5496366024017334,
    -0.2627245783805847,
    0.7632399201393127,
    -0.19734178483486176,
    0.5441812872886658,
    -0.6374394297599792,
    -0.8219499588012695,
    -1.0559566020965576,
    1.558936595916748,
    -1.5795589685440063,
    0.30518442392349243,
    0.5000406503677368,
    -1.860266089439392,
    1.2819010019302368
  ],
  "CC#N.CC(=O)O": [
    1.4053088426589966,
    -0.541497528553009,
    0.44209176301956177,
    -0.336331307888031,
    0.7688093185424805,
    -0.27322378754615784,
    0.5316616892814636,
    -0.7551082968711853,
    -0.7112287878990173,
    -1.132297396659851,
    1.6438955068588257,
    -1.3895821571350098,
    0.35547178983688354,
    0.5799647569656372,
    -1.8644840717315674,
    1.2637377977371216
  ],
  "CCOCC": [
    1.2145954370498657,
    0.04006360098719597,
    0.1301470249891281,
    -0.5452301502227783,
    -0.2915225028991699,
    -0.03604535013437271,
    1.7618920803070068,
    -0.5443995594978333,
    -1.4608343839645386,
    -0.40347394347190857,
    1.101806402206421,
    -1.8287726640701294,
    -0.2794443964958191,
    1.3360098600387573,
    -1.1186391115188599,
    0.9200389385223389
  ],
  "OCC(F)(F)F": [
    1.4230295419692993,
    -0.6567316055297852,
    0.25874730944633484,
    -0.5264739394187927,
    0.6912110447883606,
    -0.6964906454086304,
    0.5462047457695007,
    -0.7351982593536377,
    -0.6216972470283508,
    -1.2973042726516724,
    1.6643661260604858,
    -0.9719839692115784,
    0.5971270203590393,
    0.6102092862129211,
    -1.709365963935852,
    1.4138449430465698
  ],
  "O.OCC(F)(F)F": [
    1.203215479850769,
    -0.9897120594978333,
    0.040153007954359055,
    -0.3616091310977936,
    0.9920012950897217,
    -1.0242109298706055,
    0.39578309655189514,
    -0.4756369888782501,
    -0.8103891611099243,
    -1.0369865894317627,
    1.7674825191497803,
    -0.8775096535682678,
    0.6507970690727234,
    0.6250320076942444,
    -1.5712449550628662,
    1.462662935256958
  ],
  "CN(C)C(C)=O": [
    1.5439895391464233,
    -0.15698598325252533,
    0.7337208390235901,
    -0.544538676738739,
    0.776257336139679,
    -0.1341787427663803,
    0.7287694215774536,
    -0.7572017908096313,
    -1.0479060411453247,
    -0.956125795841217,
    1.3121243715286255,
    -1.7029194831848145,
    0.10098694264888763,
    0.7103666067123413,
    -1.6806342601776123,
    1.0621039867401123
  ],
  "CCCCCCCCCCO": [
    1.4471981525421143,
    0.06905820965766907,
    0.2086058109998703,
    -0.7584413886070251,
    0.22824300825595856,
    0.032438013702631,
    1.2754322290420532,
    -0.6766922473907471,
    -1.5547574758529663,
    -0.45088475942611694,
    1.3803319931030273,
    -1.6959927082061768,
    -0.24257972836494446,
    1.2424169778823853,
    -1.2781949043273926,
    0.7668597102165222
  ],
  "OCC": [
    1.480549693107605,
    -0.4235588014125824,
    0.5190488696098328,
    -0.41127637028694153,
    0.8964561223983765,
    -0.3475448787212372,
    0.5979797840118408,
    -0.8436640501022339,
    -0.8975967168807983,
    -1.0937176942825317,
    1.519943118095398,
    -1.3621612787246704,
    0.34784939885139465,
    0.6031484603881836,
    -1.7858752012252808,
    1.187744379043579
  ],
  "C1CCOC1": [
    1.4172219038009644,
    -0.1622229814529419,
    0.48994800448417664,
    -0.5016427040100098,
    0.27817660570144653,
    -0.021317409351468086,
    1.256077527999878,
    -0.558862030506134,
    -1.2341068983078003,
    -0.5820926427841187,
    1.3531821966171265,
    -1.9436854124069214,
    -0.13737647235393524,
    0.8862910270690918,
    -1.5323022603988647,
    0.983451783657074
  ],
  "[C@H]12CCC([C@H](OC1)O2)=O": [
    1.5626980066299438,
    -0.5662742853164673,
    0.6413220763206482,
    -0.32725512981414795,
    1.0668443441390991,
    -0.3571855127811432,
    0.29800793528556824,
    -0.8055881857872009,
    -0.7700052261352539,
    -0.8943594694137573,
    1.4452873468399048,
    -1.4987081289291382,
    0.33592766523361206,
    0.4876975119113922,
    -1.8149735927581787,
    1.1819108724594116
  ],
  "O=C(OCC)C": [
    1.247322916984558,
    0.0021813104394823313,
    0.24286863207817078,
    -0.3321181535720825,
    -0.09237994253635406,
    -0.039147134870290756,
    1.5725574493408203,
    -0.5868871212005615,
    -1.4548747539520264,
    -0.4399312436580658,
    1.2878594398498535,
    -1.9069700241088867,
    -0.25546735525131226,
    1.1208150386810303,
    -1.3139842748641968,
    0.9413200616836548
  ],
  "CC(C)(C)OC": [
    1.308944821357727,
    0.047197163105010986,
    0.1332465261220932,
    -0.6353142261505127,
    -0.31478679180145264,
    -0.3530639410018921,
    1.7993851900100708,
    -0.3762911856174469,
    -1.326051115989685,
    -0.4816248416900635,
    1.2575197219848633,
    -1.7924063205718994,
    -0.16750241816043854,
    1.1686447858810425,
    -1.1687771081924438,
    0.8972825407981873
  ],