{
  "CO": [
    1.869842767715454,
    -0.284822940826416,
    0.2364596724510193,
    -0.18001891672611237,
    -0.029380418360233307,
    -1.5049467086791992,
    0.8036207556724548,
    -0.1517469882965088,
    0.41933295130729675,
    -1.5686968564987183,
    0.1524638682603836,
    -1.1920909881591797,
    0.13835245370864868,
    0.7662550806999207,
    -1.2329583168029785,
    1.7758638858795166
  ],
  "OCCO": [
    2.12910532951355,
    -0.413908988237381,
    0.18192525207996368,
    0.2915688753128052,
    0.6391657590866089,
    -1.5371980667114258,
    0.6854066252708435,
    -0.4008784890174866,
    -0.23526501655578613,
    -1.3942936658859253,
    0.350228875875473,
    -1.2120895385742188,
    0.026092495769262314,
    0.6650367975234985,
    -1.2385990619659424,
    1.4826065301895142
  ],
  "C(C(F)(F)F)(C(F)(F)F)O": [
    1.6435644626617432,
    -0.22652827203273773,
    0.038535576313734055,
    -0.19020096957683563,
    -0.46369463205337524,
    -1.687476634979248,
    0.6778990030288696,
    -0.07154461741447449,
    0.22879955172538757,
    -1.9940375089645386,
    0.6612510681152344,
    -1.0108706951141357,
    0.4748958647251129,
    0.714516282081604,
    -0.5311990976333618,
    1.7543219327926636
  ],
  "O1C(C)CCC1": [
    2.1139607429504395,
    0.6531538963317871,
    0.293739378452301,
    -0.26767393946647644,
    -0.5504342317581177,
    -0.5406537055969238,
    1.4981751441955566,
    -0.4423646032810211,
    -0.25364890694618225,
    -1.015555739402771,
    0.35155871510505676,
    -1.8678542375564575,
    -0.5473049283027649,
    0.7126803398132324,
    -1.1812412738800049,
    1.0614075660705566
  ],
  "C1CCCCC1": [
    1.9863383769989014,
    0.5563119649887085,
    0.15373264253139496,
    -0.3424101173877716,
    -0.9974402785301208,
    -0.9606148600578308,
    1.4137053489685059,
    -0.11580853909254074,
    -0.1991211175918579,
    -0.8854949474334717,
    0.803293764591217,
    -1.9006328582763672,
    -0.3064502775669098,
    0.8093164563179016,
    -0.9904565811157227,
    0.991496741771698
  ],
  "CC(O)C": [
    2.1740682125091553,
    0.32831820845603943,
    0.24991315603256226,
    -0.05239799618721008,
    -0.019291667267680168,
    -1.0410308837890625,
    1.1081669330596924,
    -0.42393478751182556,
    -0.1062982976436615,
    -1.470803141593933,
    0.48027366399765015,
    -1.4685124158859253,
    -0.33589205145835876,
    0.6957286596298218,
    -1.3707276582717896,
    1.2734836339950562
  ],
  "O.CC#N": [
    1.9544683694839478,
    -0.648478627204895,
    -0.006272975355386734,
    0.17920851707458496,
    0.3371266722679138,
    -1.7595019340515137,
    0.4985544681549072,
    -0.13468588888645172,
    -0.13407500088214874,
    -1.4171630144119263,
    0.5003993511199951,
    -1.0548914670944214,
    0.26734811067581177,
    0.7109063267707825,
    -1.0467870235443115,
    1.768040418624878
  ],
  "CC#N": [
    2.1724274158477783,
    0.16167083382606506,
    0.2936420738697052,
    0.006512817926704884,
    -0.09694594889879227,
    -1.0533432960510254,
    1.1251548528671265,
    -0.33541280031204224,
    0.07365509122610092,
    -1.3984793424606323,
    0.41173428297042847,
    -1.5616786479949951,
    -0.2149897813796997,
    0.52106112241745,
    -1.4277364015579224,
    1.3409055471420288
  ],
  "CC#N.CC(=O)O": [
    2.159886121749878,
    0.05571529641747475,
    0.20312073826789856,
    0.029121091589331627,
    -0.019435016438364983,
    -1.0883111953735352,
    1.0013357400894165,
    -0.38956761360168457,
    0.11014967411756516,
    -1.4923267364501953,
    0.5711435079574585,
    -1.4306577444076538,
    -0.21894076466560364,
    0.6039538979530334,
    -1.444858193397522,
    1.368066668510437
  ],
  "CCOCC": [
    1.8388992547988892,
    0.7727254629135132,
    -0.0011899607488885522,
    -0.17861802875995636,
    -0.8677342534065247,
    -0.5206388831138611,
    1.7652223110198975,
    -0.49320635199546814,
    -0.4704594612121582,
    -0.9520662426948547,
    0.5453265309333801,
    -1.8491986989974976,
    -0.5997638702392578,
    0.9540419578552246,
    -0.8659114837646484,
    0.9432328939437866
  ],
  "OCC(F)(F)F": [
    2.0097782611846924,
    -0.2573445439338684,
    0.10388734191656113,
    -0.16547594964504242,
    0.062127914279699326,
    -1.6308262348175049,
    0.6448856592178345,
    -0.3025742173194885,
    0.14230315387248993,
    -1.746931552886963,
    0.5314030051231384,
    -0.8253193497657776,
    0.2575157582759857,
    0.6875646710395813,
    -1.1454415321350098,
    1.6544667482376099
  ],
  "O.OCC(F)(F)F": [
    1.698080062866211,
    -0.7854306101799011,
    -0.14298918843269348,
    0.06190750375390053,
    0.3180881440639496,
    -1.9761972427368164,
    0.3241545557975769,
    0.12531539797782898,
    -0.06710194051265717,
    -1.4699485301971436,
    0.41448476910591125,
    -0.7958766222000122,
    0.3409053385257721,
    0.9011592268943787,
    -0.8389587998390198,
    1.9073216915130615
  ],
  "CN(C)C(C)=O": [
    2.1604762077331543,
    0.4980875551700592,
    0.4757976531982422,
    -0.19107112288475037,
    -0.10534312576055527,
    -0.7700580358505249,
    1.2089834213256836,
    -0.5286160111427307,
    -0.2618512511253357,
    -1.29595947265625,
    0.39482638239860535,
    -1.7576271295547485,
    -0.3914581537246704,
    0.7440427541732788,
    -1.2747434377670288,
    1.1141055822372437
  ],
  "CCCCCCCCCCO": [
    1.9917707443237305,
    0.7020963430404663,
    0.20502564311027527,
    -0.31345462799072266,
    -0.5476709008216858,
    -0.48695433139801025,
    1.4555951356887817,
    -0.5843111872673035,
    -0.6476082801818848,
    -0.9498320817947388,
    0.6621246337890625,
    -1.8604118824005127,
    -0.6016600131988525,
    1.0369970798492432,
    -0.9890441298484802,
    0.9455770254135132
  ],
  "OCC": [
    2.0846993923187256,
    0.05976281687617302,
    0.26653093099594116,
    -0.040335144847631454,
    0.04366852715611458,
    -1.1682100296020508,
    1.1706737279891968,
    -0.38176336884498596,
    0.02738148346543312,
    -1.4834212064743042,
    0.37288326025009155,
    -1.4127503633499146,
    -0.1727553755044937,
    0.6639317870140076,
    -1.4056841135025024,
    1.39692223072052
  ],
  "C1CCOC1": [
    2.027930498123169,
    0.6136083006858826,
    0.2960240840911865,
    -0.1854047030210495,
    -0.5789830088615417,
    -0.4940446615219116,
    1.5454821586608887,
    -0.435723215341568,
    -0.29260480403900146,
    -0.9286351799964905,
    0.49320921301841736,
    -1.9839518070220947,
    -0.6173224449157715,
    0.7317327857017517,
    -1.161987543106079,
    0.9877615571022034
  ],
  "[C@H]12CCC([C@H](OC1)O2)=O": [
    2.2756452560424805,
    0.0218748040497303,
    0.4289657771587372,
    0.04744647443294525,
    0.2884528636932373,
    -1.0947792530059814,
    0.8707718253135681,
    -0.47737735509872437,
    -0.16448186337947845,
    -1.380688190460205,
    0.37941256165504456,
    -1.5624161958694458,
    -0.22746782004833221,
    0.6527669429779053,
    -1.3266645669937134,
    1.2868818044662476
  ],
  "O=C(OCC)C": [
    1.9157541990280151,
    0.7707810997962952,
    0.12906521558761597,
    -0.11180448532104492,
    -0.7714277505874634,
    -0.4659983515739441,
    1.68510103225708,
    -0.4834408760070801,
    -0.38288000226020813,
    -0.9136056303977966,
    0.4580931067466736,
    -1.8687998056411743,
    -0.6758257150650024,
    0.8486979007720947,
    -1.0814889669418335,
    0.9667160511016846
  ],
  "CC(C)(C)OC": [
    1.6853415966033936,
    0.7830840349197388,
    -0.1628604531288147,
    -0.26803848147392273,
    -1.1094835996627808,
    -0.525656521320343,
    1.8257654905319214,
    -0.47530561685562134,
    -0.4764665961265564,
    -0.8216617703437805,
    0.6576844453811646,
    -1.8111637830734253,
    -0.6679901480674744,
    1.1909472942352295,
    -0.6221476793289185,
    0.8200154304504395
  ],