{
  "CO": [
    2.0013227462768555,
    -0.1831488162279129,
    0.07932532578706741,
    0.09077516198158264,
    0.0032883482053875923,
    -1.5724512338638306,
    0.8244828581809998,
    -0.45846548676490784,
    0.2612302899360657,
    -1.6236534118652344,
    0.44139373302459717,
    -1.036569595336914,
    0.035873137414455414,
    0.8258247971534729,
    -1.2159361839294434,
    1.554437279701233
  ],
  "OCCO": [
    2.0124850273132324,
    -0.4400578737258911,
    0.15140168368816376,
    0.3622220754623413,
    0.6820526719093323,
    -1.6166503429412842,
    0.6611238718032837,
    -0.30317577719688416,
    -0.15428882837295532,
    -1.4257231950759888,
    0.1966387927532196,
    -1.065130352973938,
    -0.01566334068775177,
    0.7066274285316467,
    -1.3111565113067627,
    1.5852851867675781
  ],
  "C(C(F)(F)F)(C(F)(F)F)O": [
    1.6658763885498047,
    -0.35987725853919983,
    -0.004280289635062218,
    -0.09267914295196533,
    -0.1029120609164238,
    -1.8531261682510376,
    0.46792635321617126,
    -0.09452508389949799,
    0.1343870460987091,
    -1.871506929397583,
    0.5582939982414246,
    -0.7657235860824585,
    0.4406934976577759,
    0.7856912016868591,
    -0.7526930570602417,
    1.8672047853469849
  ],
  "O1C(C)CCC1": [
    2.000199317932129,
    0.7453141808509827,
    0.2452443689107895,
    -0.1253192126750946,
    -0.6641104221343994,
    -0.5349322557449341,
    1.633420467376709,
    -0.5055082440376282,
    -0.4104047417640686,
    -0.9380226135253906,
    0.3046535849571228,
    -1.8702621459960938,
    -0.6296966075897217,
    0.811657190322876,
    -1.0600519180297852,
    1.0220390558242798
  ],
  "C1CCCCC1": [
    1.9970253705978394,
    0.6329551339149475,
    0.0799039676785469,
    -0.24909599125385284,
    -1.0683276653289795,
    -0.8955358862876892,
    1.4946143627166748,
    -0.15447811782360077,
    -0.21125569939613342,
    -0.8217059969902039,
    0.7308565378189087,
    -1.8989925384521484,
    -0.4875652492046356,
    0.8633735179901123,
    -0.8998419642448425,
    0.9101139903068542
  ],
  "CC(O)C": [
    2.152200937271118,
    0.3907083570957184,
    0.2727634310722351,
    -0.007925057783722878,
    -0.060574132949113846,
    -1.1410164833068848,
    1.1973695755004883,
    -0.46566709876060486,
    -0.13872690498828888,
    -1.4426989555358887,
    0.40276020765304565,
    -1.49213445186615,
    -0.33066996932029724,
    0.7186166644096375,
    -1.2634626626968384,
    1.2375763654708862
  ],
  "O.CC#N": [
    1.9894373416900635,
    -0.5916123390197754,
    -0.04261133447289467,
    0.25236260890960693,
    0.29785043001174927,
    -1.7994253635406494,
    0.4025631546974182,
    -0.1097043976187706,
    0.01905599795281887,
    -1.460829496383667,
    0.3448626399040222,
    -0.9124883413314819,
    0.13298438489437103,
    0.8080435991287231,
    -1.0779211521148682,
    1.7689467668533325
  ],
  "CC#N": [
    2.2292492389678955,
    0.240266352891922,
    0.2492879182100296,
    0.04286903515458107,
    -0.12279735505580902,
    -1.0943663120269775,
    1.141517996788025,
    -0.41144758462905884,
    0.05119270086288452,
    -1.4473373889923096,
    0.4163227379322052,
    -1.4779800176620483,
    -0.28405052423477173,
    0.5625193119049072,
    -1.3422309160232544,
    1.2739113569259644
  ],
  "CC#N.CC(=O)O": [
    2.181724786758423,
    0.14815476536750793,
    0.20400750637054443,
    0.04609877988696098,
    -0.09752833098173141,
    -1.1386712789535522,
    1.0601552724838257,
    -0.3888920247554779,
    0.16994021832942963,
    -1.51701021194458,
    0.4706360399723053,
    -1.3985416889190674,
    -0.27772843837738037,
    0.6196199059486389,
    -1.3800199031829834,
    1.325033187866211
  ],
  "CCOCC": [
    1.887518048286438,
    0.820090651512146,
    0.04391183331608772,
    -0.1185627430677414,
    -0.9128427505493164,
    -0.5214037299156189,
    1.7276103496551514,
    -0.5027780532836914,
    -0.5001731514930725,
    -0.8853151798248291,
    0.48773902654647827,
    -1.8528196811676025,
    -0.6451234221458435,
    0.8967195749282837,
    -0.8532569408416748,
    0.9527184367179871
  ],
  "OCC(F)(F)F": [
    1.8334524631500244,
    -0.2737009823322296,
    0.030823107808828354,
    -0.014795436523854733,
    -0.10774345695972443,
    -1.7980095148086548,
    0.6797085404396057,
    -0.20109429955482483,
    0.13137158751487732,
    -1.7549257278442383,
    0.5557970404624939,
    -0.9325342178344727,
    0.3272855579853058,
    0.8354133367538452,
    -0.9461400508880615,
    1.661141037940979
  ],
  "O.OCC(F)(F)F": [
    1.5613573789596558,
    -0.8067371249198914,
    -0.045234594494104385,
    0.14396242797374725,
    0.2850852906703949,
    -2.0353009700775146,
    0.44022873044013977,
    0.12490782886743546,
    -0.16797801852226257,
    -1.5365591049194336,
    0.4260322153568268,
    -0.7653878927230835,
    0.4429982006549835,
    0.8982576131820679,
    -0.8155077695846558,
    1.8719664812088013
  ],
  "CN(C)C(C)=O": [
    2.205603837966919,
    0.4964626431465149,
    0.5013111233711243,
    -0.18508315086364746,
    -0.08810367435216904,
    -0.8596928119659424,
    1.1844573020935059,
    -0.4939316213130951,
    -0.16207753121852875,
    -1.3162281513214111,
    0.25145378708839417,
    -1.67190420627594,
    -0.43246567249298096,
    0.690935492515564,
    -1.2731221914291382,
    1.1789133548736572
  ],
  "CCCCCCCCCCO": [
    2.0002541542053223,
    0.7154635787010193,
    0.23173391819000244,
    -0.30714377760887146,
    -0.6050170063972473,
    -0.4987182915210724,
    1.474591851234436,
    -0.5892615914344788,
    -0.6521633267402649,
    -0.944145679473877,
    0.5391465425491333,
    -1.8511770963668823,
    -0.6153533458709717,
    1.0658692121505737,
    -0.9158735275268555,
    0.975344717502594
  ],
  "OCC": [
    2.189817428588867,
    0.11531209945678711,
    0.2538113296031952,
    -0.024284476414322853,
    0.06543835997581482,
    -1.2460075616836548,
    1.0659371614456177,
    -0.45845967531204224,
    0.02286933735013008,
    -1.477391004562378,
    0.32484278082847595,
    -1.2191414833068848,
    -0.2531388998031616,
    0.7345778942108154,
    -1.4237010478973389,
    1.359258770942688
  ],
  "C1CCOC1": [
    2.070723056793213,
    0.6563955545425415,
    0.30290088057518005,
    -0.15408262610435486,
    -0.6216760873794556,
    -0.567295491695404,
    1.5523850917816162,
    -0.4201193153858185,
    -0.261364609003067,
    -0.9370184540748596,
    0.40355822443962097,
    -1.9440914392471313,
    -0.6362995505332947,
    0.7150276899337769,
    -1.1169521808624268,
    0.981282114982605
  ],
  "[C@H]12CCC([C@H](OC1)O2)=O": [
    2.2761402130126953,
    0.11740519851446152,
    0.46330347657203674,
    0.05381298065185547,
    0.20833104848861694,
    -1.1677472591400146,
    0.9167760610580444,
    -0.5138030648231506,
    -0.14112679660320282,
    -1.3846887350082397,
    0.26133856177330017,
    -1.4931111335754395,
    -0.28195205330848694,
    0.6891515851020813,
    -1.279111623764038,
    1.3017150163650513
  ],
  "O=C(OCC)C": [
    2.06170392036438,
    0.7834742665290833,
    0.21137942373752594,
    -0.13989239931106567,
    -0.6665522456169128,
    -0.6063095331192017,
    1.5899986028671265,
    -0.4143771529197693,
    -0.2527732849121094,
    -0.972739577293396,
    0.3915259838104248,
    -1.832823634147644,
    -0.659518837928772,
    0.7437955141067505,
    -1.1471045017242432,
    0.9356802105903625
  ],
  "CC(C)(C)OC": [
    1.893954873085022,
    0.7660717964172363,
    0.0032734249252825975,
    -0.3352508842945099,
    -0.9888641238212585,
    -0.565414309501648,
    1.7757362127304077,
    -0.3979816734790802,
    -0.22590839862823486,
    -0.9493148326873779,
    0.4743141531944275,
    -1.7497559785842896,
    -0.67006516456604,
    0.9727659821510315,
    -0.8895684480667114,
    0.9136770963668823
  ],