{
  "CO": [
    1.9329559803009033,
    -0.3557876646518707,
    0.026811940595507622,
    0.12846489250659943,
    0.296586811542511,
    -1.5986835956573486,
    0.6992868781089783,
    -0.3921431303024292,
    0.02041756734251976,
    -1.48123037815094,
    0.5786997675895691,
    -1.0091254711151123,
    0.10528379678726196,
    0.76190584897995,
    -1.3685377836227417,
    1.6695339679718018
  ],
  "OCCO": [
    1.9626258611679077,
    -0.5101221799850464,
    0.15901516377925873,
    0.3355146050453186,
    0.7106784582138062,
    -1.5740245580673218,
    0.6527378559112549,
    -0.2999403774738312,
    -0.22743719816207886,
    -1.403723120689392,
    0.36353805661201477,
    -1.2342326641082764,
    0.0736273005604744,
    0.7090119123458862,
    -1.2659193277359009,
    1.5633175373077393
  ],
  "C(C(F)(F)F)(C(F)(F)F)O": [
    1.6644285917282104,
    -0.3134573996067047,
    0.006922302767634392,
    -0.24271650612354279,
    -0.19416356086730957,
    -1.5517146587371826,
    0.504655122756958,
    -0.030669264495372772,
    0.41386979818344116,
    -2.1023988723754883,
    0.5880587697029114,
    -0.9749073386192322,
    0.5024795532226562,
    0.5705207586288452,
    -0.660012423992157,
    1.8330684900283813
  ],
  "O1C(C)CCC1": [
    2.01387357711792,
    0.652829110622406,
    0.2473827451467514,
    -0.16193482279777527,
    -0.47474268078804016,
    -0.5707083344459534,
    1.5307807922363281,
    -0.5011192560195923,
    -0.3906223773956299,
    -1.008840799331665,
    0.4213680326938629,
    -1.9320553541183472,
    -0.5381780862808228,
    0.7904641628265381,
    -1.1294654607772827,
    1.0665168762207031
  ],
  "C1CCCCC1": [
    1.6321488618850708,
    0.7106346487998962,
    -0.24106256663799286,
    -0.45449644327163696,
    -1.0730903148651123,
    -0.9349690079689026,
    1.487861156463623,
    -0.3721482753753662,
    -0.44133269786834717,
    -0.8031737804412842,
    0.7019888162612915,
    -1.7836514711380005,
    -0.588593065738678,
    1.5680278539657593,
    -0.32689613103866577,
    0.9386574625968933
  ],
  "CC(O)C": [
    2.0550537109375,
    0.38385796546936035,
    0.24667029082775116,
    -0.015668366104364395,
    -0.07627090066671371,
    -0.9205601811408997,
    1.2542458772659302,
    -0.524415910243988,
    -0.20607416331768036,
    -1.4361169338226318,
    0.4267626106739044,
    -1.6295166015625,
    -0.29117873311042786,
    0.7530309557914734,
    -1.292974591255188,
    1.2905447483062744
  ],
  "O.CC#N": [
    1.7600544691085815,
    -0.7576877474784851,
    0.0533110536634922,
    0.25166335701942444,
    0.3940020203590393,
    -1.767885684967041,
    0.5172315239906311,
    0.013324239291250706,
    -0.2200329601764679,
    -1.404768705368042,
    0.49147194623947144,
    -1.1337496042251587,
    0.32281386852264404,
    0.730484127998352,
    -1.0641785860061646,
    1.8246021270751953
  ],
  "CC#N": [
    2.1100010871887207,
    0.07487630099058151,
    0.3047693073749542,
    0.0514729768037796,
    0.02379273623228073,
    -0.9961619973182678,
    1.0685107707977295,
    -0.31816354393959045,
    -0.012694247998297215,
    -1.4151614904403687,
    0.5031331777572632,
    -1.6229802370071411,
    -0.24958303570747375,
    0.5422640442848206,
    -1.4408981800079346,
    1.3906818628311157
  ],
  "CC#N.CC(=O)O": [
    2.117919683456421,
    -0.005043061915785074,
    0.18101593852043152,
    0.051735781133174896,
    0.07254388928413391,
    -1.0959569215774536,
    0.9236921072006226,
    -0.4626399874687195,
    0.12599213421344757,
    -1.5189368724822998,
    0.6070988178253174,
    -1.4004219770431519,
    -0.2043169140815735,
    0.6735692024230957,
    -1.4537956714630127,
    1.4026062488555908
  ],
  "CCOCC": [
    1.8027185201644897,
    0.7488932609558105,
    0.017853274941444397,
    -0.11502575129270554,
    -0.7658466696739197,
    -0.5079073309898376,
    1.6986287832260132,
    -0.5491923689842224,
    -0.5536430478096008,
    -0.916477382183075,
    0.5608906745910645,
    -1.9155840873718262,
    -0.6154500246047974,
    0.986190140247345,
    -0.8752920627593994,
    1.015854835510254
  ],
  "OCC(F)(F)F": [
    1.8476563692092896,
    -0.234015554189682,
    0.11185876280069351,
    -0.1490238755941391,
    -0.09953116625547409,
    -1.5663329362869263,
    0.8231850862503052,
    -0.3998602032661438,
    0.12186991423368454,
    -1.7735141515731812,
    0.6603071093559265,
    -1.0213419198989868,
    0.31160658597946167,
    0.760826826095581,
    -1.037005066871643,
    1.660314679145813
  ],
  "O.OCC(F)(F)F": [
    1.615502119064331,
    -0.8951318860054016,
    -0.08675401657819748,
    0.07173095643520355,
    0.4751144349575043,
    -1.896203875541687,
    0.3630898594856262,
    0.07322464883327484,
    -0.133207768201828,
    -1.5221750736236572,
    0.46400752663612366,
    -0.7836561799049377,
    0.4922746419906616,
    0.8227002024650574,
    -0.9347092509269714,
    1.886710524559021
  ],
  "CN(C)C(C)=O": [
    2.095202684402466,
    0.4987751543521881,
    0.47411277890205383,
    -0.12846025824546814,
    -0.022836707532405853,
    -0.7576298117637634,
    1.1606957912445068,
    -0.5345710515975952,
    -0.35562950372695923,
    -1.2970243692398071,
    0.4308266043663025,
    -1.823367714881897,
    -0.4104720652103424,
    0.75989830493927,
    -1.2467831373214722,
    1.172499656677246
  ],
  "CCCCCCCCCCO": [
    1.9109944105148315,
    0.6367635726928711,
    0.19602523744106293,
    -0.31947872042655945,
    -0.4356391131877899,
    -0.4864456355571747,
    1.4372717142105103,
    -0.608522355556488,
    -0.6460856199264526,
    -0.9818204045295715,
    0.6986104249954224,
    -1.9290069341659546,
    -0.6082847118377686,
    1.119215965270996,
    -0.9447723031044006,
    0.9772319197654724
  ],
  "OCC": [
    2.131481885910034,
    0.07221166044473648,
    0.21705619990825653,
    0.0012405088637024164,
    0.158162921667099,
    -1.0931966304779053,
    1.0574722290039062,
    -0.46496516466140747,
    -0.08916537463665009,
    -1.5077472925186157,
    0.46329358220100403,
    -1.3595181703567505,
    -0.21377265453338623,
    0.6927173733711243,
    -1.4400006532669067,
    1.3922903537750244
  ],
  "C1CCOC1": [
    1.9874342679977417,
    0.5851247310638428,
    0.2629832327365875,
    -0.1392442137002945,
    -0.4956774413585663,
    -0.5136719346046448,
    1.5153299570083618,
    -0.47396549582481384,
    -0.3343503773212433,
    -0.9485263228416443,
    0.5010520219802856,
    -2.017441511154175,
    -0.6098976731300354,
    0.7769623398780823,
    -1.1373769044876099,
    1.0553988218307495
  ],
  "[C@H]12CCC([C@H](OC1)O2)=O": [
    2.202502489089966,
    -0.027829574421048164,
    0.45907464623451233,
    -0.00995987094938755,
    0.3020656704902649,
    -1.0622164011001587,
    0.9025878310203552,
    -0.5196968913078308,
    -0.15430483222007751,
    -1.3990434408187866,
    0.3491562604904175,
    -1.5564063787460327,
    -0.1820182353258133,
    0.6702088117599487,
    -1.3330395221710205,
    1.3736817836761475
  ],
  "O=C(OCC)C": [
    1.830615758895874,
    0.7212391495704651,
    0.047378215938806534,
    -0.06479132920503616,
    -0.7155339121818542,
    -0.4425642788410187,
    1.726966381072998,
    -0.5164715051651001,
    -0.3765648305416107,
    -0.9600400328636169,
    0.4713849425315857,
    -1.937589406967163,
    -0.6888769268989563,
    0.930755078792572,
    -0.9849153161048889,
    0.9765655398368835
  ],
  "CC(C)(C)OC": [
    1.8518562316894531,
    0.7006207704544067,
    0.003633802989497781,
    -0.2888484001159668,
    -0.8668826222419739,
    -0.6097583770751953,
    1.7501286268234253,
    -0.39720839262008667,
    -0.34743109345436096,
    -0.9375161528587341,
    0.5907346606254578,
    -1.8512085676193237,
    -0.6150271892547607,
    0.9800605773925781,
    -0.8870936632156372,
    0.943260133266449
  ],