{
  "CO": [
    1.8788529634475708,
    -0.34771326184272766,
    0.12106266617774963,
    -0.022922933101654053,
    0.038225773721933365,
    -1.6842834949493408,
    0.6905712485313416,
    -0.17865422368049622,
    0.2512397766113281,
    -1.529118537902832,
    0.39103275537490845,
    -1.1604678630828857,
    0.17595693469047546,
    0.8709221482276917,
    -1.17146897315979,
    1.6960612535476685
  ],
  "OCCO": [
    2.016427755355835,
    -0.47138360142707825,
    0.15598739683628082,
    0.3155883252620697,
    0.6777400970458984,
    -1.612228274345398,
    0.5971707701683044,
    -0.25067779421806335,
    -0.20560409128665924,
    -1.4148774147033691,
    0.2717188596725464,
    -1.1232527494430542,
    0.0366455614566803,
    0.7089520692825317,
    -1.2802903652191162,
    1.5979764461517334
  ],
  "C(C(F)(F)F)(C(F)(F)F)O": [
    1.5038931369781494,
    -0.28290465474128723,
    0.10158239305019379,
    -0.1827801913022995,
    -0.41669192910194397,
    -1.856239914894104,
    0.5435824394226074,
    0.01911652833223343,
    0.22986991703510284,
    -1.9187712669372559,
    0.615940272808075,
    -0.9759287238121033,
    0.5143786668777466,
    0.7761316895484924,
    -0.4962238669395447,
    1.842905879020691
  ],
  "O1C(C)CCC1": [
    2.135145664215088,
    0.66961669921875,
    0.3086257576942444,
    -0.2689336836338043,
    -0.573127269744873,
    -0.5610484480857849,
    1.4634236097335815,
    -0.4304015338420868,
    -0.262001097202301,
    -1.0079995393753052,
    0.3063814043998718,
    -1.8567770719528198,
    -0.5584352612495422,
    0.7443389296531677,
    -1.1587847471237183,
    1.0694260597229004
  ],
  "C1CCCCC1": [
    1.89947509765625,
    0.6803569197654724,
    -0.02769857458770275,
    -0.2748372554779053,
    -1.1697921752929688,
    -0.8847814202308655,
    1.5631635189056396,
    -0.25648966431617737,
    -0.31087732315063477,
    -0.7555093169212341,
    0.7560180425643921,
    -1.8650319576263428,
    -0.4842158854007721,
    1.0139318704605103,
    -0.7513083815574646,
    0.8868955969810486
  ],
  "CC(O)C": [
    2.028543710708618,
    0.34779617190361023,
    0.29486528038978577,
    -0.006557326763868332,
    -0.11676133424043655,
    -1.0985736846923828,
    1.2446887493133545,
    -0.3967819809913635,
    -0.16489145159721375,
    -1.4262036085128784,
    0.4671790599822998,
    -1.6282532215118408,
    -0.26922082901000977,
    0.7542645335197449,
    -1.2761417627334595,
    1.2689874172210693
  ],
  "O.CC#N": [
    1.8087652921676636,
    -0.6624260544776917,
    0.08632449805736542,
    0.17066271603107452,
    0.26416754722595215,
    -1.8282830715179443,
    0.5183534026145935,
    -0.0013264539884403348,
    -0.19300256669521332,
    -1.4589567184448242,
    0.48674702644348145,
    -1.1077311038970947,
    0.331942081451416,
    0.7601796388626099,
    -0.9623253345489502,
    1.8026247024536133
  ],
  "CC#N": [
    2.2402567863464355,
    0.17991319298744202,
    0.3052939474582672,
    -0.062390897423028946,
    -0.09363031387329102,
    -1.1145309209823608,
    1.0165565013885498,
    -0.3836478888988495,
    0.068806491792202,
    -1.4079875946044922,
    0.41939520835876465,
    -1.4518835544586182,
    -0.23739077150821686,
    0.6060038805007935,
    -1.4039536714553833,
    1.3398339748382568
  ],
  "CC#N.CC(=O)O": [
    2.1695597171783447,
    0.058301400393247604,
    0.23854145407676697,
    -0.013187205418944359,
    -0.07776482403278351,
    -1.2160171270370483,
    0.9061318039894104,
    -0.37821146845817566,
    0.14767035841941833,
    -1.4899009466171265,
    0.545966625213623,
    -1.381773829460144,
    -0.2077411562204361,
    0.6771693229675293,
    -1.3668428659439087,
    1.4083034992218018
  ],
  "CCOCC": [
    1.8161191940307617,
    0.7413385510444641,
    0.0641503855586052,
    -0.27120935916900635,
    -0.9923586845397949,
    -0.48973652720451355,
    1.7293137311935425,
    -0.4471856653690338,
    -0.42903679609298706,
    -0.9060523509979248,
    0.43276411294937134,
    -1.8875528573989868,
    -0.5740026831626892,
    1.0041645765304565,
    -0.8037434816360474,
    1.033060073852539
  ],
  "OCC(F)(F)F": [
    1.9064730405807495,
    -0.28830990195274353,
    0.038027916103601456,
    -0.1773574948310852,
    0.042908117175102234,
    -1.7461650371551514,
    0.5333590507507324,
    -0.23800747096538544,
    0.1761341094970703,
    -1.77202570438385,
    0.5761550664901733,
    -0.7943584322929382,
    0.30684730410575867,
    0.7812894582748413,
    -1.0230214595794678,
    1.6991595029830933
  ],
  "O.OCC(F)(F)F": [
    1.5786715745925903,
    -0.8265610933303833,
    -0.06252993643283844,
    0.13266611099243164,
    0.3079107999801636,
    -2.019136667251587,
    0.36016273498535156,
    0.14882399141788483,
    -0.19418875873088837,
    -1.5140864849090576,
    0.48111841082572937,
    -0.7763475775718689,
    0.46912750601768494,
    0.8819453716278076,
    -0.8257366418838501,
    1.874848484992981
  ],
  "CN(C)C(C)=O": [
    2.1855335235595703,
    0.4656771123409271,
    0.5356079936027527,
    -0.22033368051052094,
    -0.12094651162624359,
    -0.8607475161552429,
    1.1272492408752441,
    -0.4686303734779358,
    -0.2091800719499588,
    -1.2968239784240723,
    0.32456323504447937,
    -1.7132171392440796,
    -0.3790416121482849,
    0.7209395170211792,
    -1.2739135026931763,
    1.2038389444351196
  ],
  "CCCCCCCCCCO": [
    1.9685262441635132,
    0.6953775882720947,
    0.23616817593574524,
    -0.3621607720851898,
    -0.642637312412262,
    -0.46584373712539673,
    1.4382102489471436,
    -0.5755054950714111,
    -0.6851457953453064,
    -0.9231511950492859,
    0.6306999921798706,
    -1.9035369157791138,
    -0.5766113996505737,
    1.1335399150848389,
    -0.8674827218055725,
    0.918974757194519
  ],
  "OCC": [
    2.120272636413574,
    0.14463265240192413,
    0.26861655712127686,
    -0.057550013065338135,
    -0.019607437774538994,
    -1.1779676675796509,
    1.0786856412887573,
    -0.3799043595790863,
    -0.021627623587846756,
    -1.5513538122177124,
    0.43311789631843567,
    -1.4332138299942017,
    -0.18494367599487305,
    0.738338053226471,
    -1.2922298908233643,
    1.3582630157470703
  ],
  "C1CCOC1": [
    2.018429756164551,
    0.6336827874183655,
    0.29237043857574463,
    -0.19558562338352203,
    -0.6705188751220703,
    -0.462541401386261,
    1.5275589227676392,
    -0.4411400556564331,
    -0.2940368950366974,
    -0.9314907193183899,
    0.4407658576965332,
    -1.9833461046218872,
    -0.6410584449768066,
    0.809509813785553,
    -1.0894927978515625,
    1.0052546262741089
  ],
  "[C@H]12CCC([C@H](OC1)O2)=O": [
    2.292389154434204,
    0.06832657754421234,
    0.4464195668697357,
    0.008264875039458275,
    0.20613549649715424,
    -1.1334335803985596,
    0.8592985272407532,
    -0.48833075165748596,
    -0.16442309319972992,
    -1.3844908475875854,
    0.32095640897750854,
    -1.5384242534637451,
    -0.22762198746204376,
    0.7028840780258179,
    -1.2612930536270142,
    1.31389582157135
  ],
  "O=C(OCC)C": [
    2.0544121265411377,
    0.7289750576019287,
    0.24660590291023254,
    -0.20154789090156555,
    -0.7129143476486206,
    -0.6185449361801147,
    1.5370897054672241,
    -0.3895363509654999,
    -0.2403850257396698,
    -0.9849517345428467,
    0.45330309867858887,
    -1.8722082376480103,
    -0.5706326961517334,
    0.7667001485824585,
    -1.1383607387542725,
    0.962367057800293
  ],
  "CC(C)(C)OC": [
    1.719379186630249,
    0.7928189039230347,
    -0.09385062009096146,
    -0.2837533950805664,
    -1.1115244626998901,
    -0.549595296382904,
    1.7870066165924072,
    -0.4638226628303528,
    -0.44074341654777527,
    -0.871516227722168,
    0.6457337737083435,
    -1.8132401704788208,
    -0.6379421353340149,
    1.1608467102050781,
    -0.6515477299690247,
    0.8349145650863647
  ],