{
  "CO": [
    2.0013041496276855,
    -0.2965335249900818,
    0.09694955497980118,
    0.007615748327225447,
    0.16455943882465363,
    -1.6813740730285645,
    0.6508604288101196,
    -0.3894815444946289,
    0.1848045438528061,
    -1.5073611736297607,
    0.43607884645462036,
    -0.892228901386261,
    0.13023655116558075,
    0.7814436554908752,
    -1.3236870765686035,
    1.657516360282898
  ],
  "OCCO": [
    2.01035213470459,
    -0.47421354055404663,
    0.1980655938386917,
    0.2949080169200897,
    0.685744047164917,
    -1.6149474382400513,
    0.6144228577613831,
    -0.27275845408439636,
    -0.20292626321315765,
    -1.4092854261398315,
    0.26019036769866943,
    -1.1284050941467285,
    0.05248064547777176,
    0.6899132132530212,
    -1.2817625999450684,
    1.59836745262146
  ],
  "C(C(F)(F)F)(C(F)(F)F)O": [
    1.3288862705230713,
    -0.3218423128128052,
    0.12654468417167664,
    -0.2779081463813782,
    -0.4419132173061371,
    -1.7866616249084473,
    0.6236593723297119,
    0.0757061168551445,
    0.38475024700164795,
    -1.8934569358825684,
    0.4413611590862274,
    -0.980017900466919,
    0.4855905771255493,
    0.7896729707717896,
    -0.5543007850646973,
    2.0166680812835693
  ],
  "O1C(C)CCC1": [
    2.063958168029785,
    0.7352073788642883,
    0.3004368245601654,
    -0.21889466047286987,
    -0.653247058391571,
    -0.5779602527618408,
    1.508278250694275,
    -0.4532187283039093,
    -0.3913556635379791,
    -0.9494901895523071,
    0.39145198464393616,
    -1.9081732034683228,
    -0.5388002991676331,
    0.7680432796478271,
    -1.0825533866882324,
    1.025229811668396
  ],
  "C1CCCCC1": [
    1.7752877473831177,
    0.6854732036590576,
    -0.10387442260980606,
    -0.28428059816360474,
    -1.194710373878479,
    -0.8769937753677368,
    1.5931930541992188,
    -0.28640037775039673,
    -0.3166806399822235,
    -0.8173875212669373,
    0.7766624093055725,
    -1.8690546751022339,
    -0.5433362126350403,
    1.1289244890213013,
    -0.5680221319198608,
    0.921631932258606
  ],
  "CC(O)C": [
    2.15415620803833,
    0.3709242045879364,
    0.3370233476161957,
    -0.10123902559280396,
    -0.08178934454917908,
    -1.1104912757873535,
    1.096303939819336,
    -0.44801196455955505,
    -0.12186513841152191,
    -1.4315876960754395,
    0.4252820611000061,
    -1.4780662059783936,
    -0.3145904242992401,
    0.7298699021339417,
    -1.31328547000885,
    1.3100650310516357
  ],
  "O.CC#N": [
    1.8057113885879517,
    -0.6190370917320251,
    0.03486016020178795,
    0.17062883079051971,
    0.2755705416202545,
    -1.8666528463363647,
    0.5794153213500977,
    -0.024403613060712814,
    -0.21513579785823822,
    -1.45346200466156,
    0.5264082551002502,
    -1.0896854400634766,
    0.3006908595561981,
    0.7938763499259949,
    -0.959445059299469,
    1.7581285238265991
  ],
  "CC#N": [
    2.234909772872925,
    0.1748126596212387,
    0.28388655185699463,
    -0.005405878182500601,
    -0.07854411751031876,
    -1.1036221981048584,
    1.0179286003112793,
    -0.3781024217605591,
    0.040091607719659805,
    -1.424052357673645,
    0.4602571725845337,
    -1.473616123199463,
    -0.2622770667076111,
    0.6040888428688049,
    -1.391843557357788,
    1.3223265409469604
  ],
  "CC#N.CC(=O)O": [
    2.171200752258301,
    0.03307320922613144,
    0.2217068076133728,
    -0.022981539368629456,
    -0.047503527253866196,
    -1.2368388175964355,
    0.9016897082328796,
    -0.3957689106464386,
    0.16379393637180328,
    -1.4873509407043457,
    0.5440306663513184,
    -1.361557960510254,
    -0.19607454538345337,
    0.7024278044700623,
    -1.368475079536438,
    1.3994656801223755
  ],
  "CCOCC": [
    1.818717360496521,
    0.7541624903678894,
    0.053124163299798965,
    -0.26475125551223755,
    -0.9979946613311768,
    -0.4751160442829132,
    1.7173781394958496,
    -0.4506855905056,
    -0.4583683907985687,
    -0.8837749361991882,
    0.4752713143825531,
    -1.9045941829681396,
    -0.5987794399261475,
    1.0264010429382324,
    -0.7750986218452454,
    0.9842747449874878
  ],
  "OCC(F)(F)F": [
    1.9657313823699951,
    -0.26500385999679565,
    0.016530422493815422,
    -0.1780541092157364,
    0.0019572952296584845,
    -1.6637675762176514,
    0.5371431112289429,
    -0.196211576461792,
    0.23752880096435547,
    -1.791092872619629,
    0.522226095199585,
    -0.8934623003005981,
    0.24863719940185547,
    0.7889404296875,
    -0.9974231719970703,
    1.687320590019226
  ],
  "O.OCC(F)(F)F": [
    1.565848708152771,
    -0.8173582553863525,
    -0.09162960946559906,
    0.13174301385879517,
    0.2594497799873352,
    -2.055452585220337,
    0.39855173230171204,
    0.10310159623622894,
    -0.24777767062187195,
    -1.4998894929885864,
    0.5565856099128723,
    -0.7909818291664124,
    0.4919203817844391,
    0.9167337417602539,
    -0.7449007630348206,
    1.8413498401641846
  ],
  "CN(C)C(C)=O": [
    2.1532185077667236,
    0.5342350006103516,
    0.5307002067565918,
    -0.1846872866153717,
    -0.15176628530025482,
    -0.8632611632347107,
    1.1477746963500977,
    -0.47761595249176025,
    -0.28779691457748413,
    -1.2592976093292236,
    0.35867467522621155,
    -1.7687714099884033,
    -0.39912718534469604,
    0.742531955242157,
    -1.2300004959106445,
    1.1754980087280273
  ],
  "CCCCCCCCCCO": [
    2.033090353012085,
    0.6990072131156921,
    0.20158608257770538,
    -0.3809471130371094,
    -0.5878950953483582,
    -0.45920008420944214,
    1.430498480796814,
    -0.5933786630630493,
    -0.6696633100509644,
    -0.9132888913154602,
    0.5909486413002014,
    -1.8635462522506714,
    -0.5879776477813721,
    1.0683790445327759,
    -0.91600501537323,
    0.9675318002700806
  ],
  "OCC": [
    2.1522457599639893,
    0.0923672690987587,
    0.24841099977493286,
    -0.051906634122133255,
    0.05139332264661789,
    -1.2642515897750854,
    1.0280332565307617,
    -0.394490510225296,
    -0.05808701738715172,
    -1.4727096557617188,
    0.45462456345558167,
    -1.3173247575759888,
    -0.19586805999279022,
    0.7287494540214539,
    -1.3714046478271484,
    1.3935234546661377
  ],
  "C1CCOC1": [
    2.003260850906372,
    0.6506324410438538,
    0.24736367166042328,
    -0.20711882412433624,
    -0.6927883625030518,
    -0.4612848460674286,
    1.556165099143982,
    -0.44458022713661194,
    -0.25054821372032166,
    -0.9666574001312256,
    0.4369671940803528,
    -1.9990655183792114,
    -0.6320056319236755,
    0.8174075484275818,
    -1.027793288230896,
    0.9892497062683105
  ],
  "[C@H]12CCC([C@H](OC1)O2)=O": [
    2.2717878818511963,
    0.06585317105054855,
    0.4490830600261688,
    0.03004811517894268,
    0.2170390784740448,
    -1.1828393936157227,
    0.8482099771499634,
    -0.49627023935317993,
    -0.18402525782585144,
    -1.367355227470398,
    0.3247424364089966,
    -1.512770414352417,
    -0.21378208696842194,
    0.7039595246315002,
    -1.273439645767212,
    1.340172529220581
  ],
  "O=C(OCC)C": [
    2.036628484725952,
    0.747783899307251,
    0.20879635214805603,
    -0.16960258781909943,
    -0.6872999668121338,
    -0.5814990401268005,
    1.5523778200149536,
    -0.38734686374664307,
    -0.2521477937698364,
    -0.990115761756897,
    0.46288812160491943,
    -1.8811304569244385,
    -0.6258412003517151,
    0.7562947869300842,
    -1.1355515718460083,
    0.9662317633628845
  ],
  "CC(C)(C)OC": [
    1.7106608152389526,
    0.8024618625640869,
    -0.07479239255189896,
    -0.28836286067962646,
    -1.1185606718063354,
    -0.607542872428894,
    1.7923558950424194,
    -0.4447847902774811,
    -0.433514803647995,
    -0.8780399560928345,
    0.6151878237724304,
    -1.790284514427185,
    -0.6097225546836853,
    1.1603071689605713,
    -0.6760536432266235,
    0.8641639947891235
  ],