{
  "CO": [
    1.886111855506897,
    -0.4532884359359741,
    -0.01860511489212513,
    0.14700525999069214,
    0.4241842031478882,
    -1.4473438262939453,
    0.7380781769752502,
    -0.44657886028289795,
    -0.055162541568279266,
    -1.4671679735183716,
    0.7241368889808655,
    -1.0855515003204346,
    0.27310383319854736,
    0.5997737646102905,
    -1.467592716217041,
    1.6534062623977661
  ],
  "OCCO": [
    1.9043573141098022,
    -0.5581138134002686,
    0.09483245760202408,
    0.3395785689353943,
    0.9152399897575378,
    -1.4219056367874146,
    0.6609445214271545,
    -0.3974694609642029,
    -0.309873104095459,
    -1.348683476448059,
    0.5696213841438293,
    -1.2550005912780762,
    0.17870643734931946,
    0.5109065175056458,
    -1.416799545288086,
    1.5379103422164917
  ],
  "C(C(F)(F)F)(C(F)(F)F)O": [
    1.348049283027649,
    -0.3077978491783142,
    0.11178252100944519,
    -0.30249443650245667,
    -0.3771474063396454,
    -1.5131193399429321,
    0.963032603263855,
    -0.03238452970981598,
    0.3136548697948456,
    -1.9630060195922852,
    0.5550095438957214,
    -1.1414813995361328,
    0.4728434085845947,
    0.6676945090293884,
    -0.7331064343452454,
    1.9470524787902832
  ],
  "O1C(C)CCC1": [
    1.880525827407837,
    0.6425695419311523,
    0.1776181310415268,
    -0.0856754332780838,
    -0.4738751947879791,
    -0.43272846937179565,
    1.669751763343811,
    -0.5586384534835815,
    -0.569705605506897,
    -0.973738431930542,
    0.49725961685180664,
    -2.041175127029419,
    -0.5011188983917236,
    0.8177836537361145,
    -1.0244389772415161,
    0.9844907522201538
  ],
  "C1CCCCC1": [
    1.7894656658172607,
    0.5533432364463806,
    -0.10546612739562988,
    -0.13555313646793365,
    -0.977576494216919,
    -0.8081308007240295,
    1.734769344329834,
    -0.28172168135643005,
    -0.38119181990623474,
    -0.8426705598831177,
    0.7775234580039978,
    -1.9949798583984375,
    -0.40381720662117004,
    0.9683990478515625,
    -0.7602477073669434,
    0.8789635896682739
  ],
  "CC(O)C": [
    1.9849624633789062,
    0.35401809215545654,
    0.2089058756828308,
    0.03988512605428696,
    0.04242725297808647,
    -0.8432828187942505,
    1.2896095514297485,
    -0.5502850413322449,
    -0.35859543085098267,
    -1.4792381525039673,
    0.6496953368186951,
    -1.7942044734954834,
    -0.16488538682460785,
    0.6477922797203064,
    -1.2082017660140991,
    1.1898493766784668
  ],
  "O.CC#N": [
    1.870901107788086,
    -0.9151636362075806,
    -0.012848720885813236,
    0.1471671760082245,
    0.5976917147636414,
    -1.4563791751861572,
    0.3801165223121643,
    -0.009331097826361656,
    -0.25088587403297424,
    -1.1887608766555786,
    0.6427441835403442,
    -1.2047388553619385,
    0.36072105169296265,
    0.6372334957122803,
    -1.3855290412902832,
    1.7863105535507202
  ],
  "CC#N": [
    2.078727960586548,
    0.030575785785913467,
    0.20631256699562073,
    0.08709753304719925,
    0.15475061535835266,
    -0.8743532299995422,
    1.1248146295547485,
    -0.4909544289112091,
    -0.12321537733078003,
    -1.497130274772644,
    0.7036572098731995,
    -1.7018020153045654,
    -0.02840259112417698,
    0.40757402777671814,
    -1.3715440034866333,
    1.2992857694625854
  ],
  "CC#N.CC(=O)O": [
    2.039714813232422,
    -0.0739758089184761,
    0.14729908108711243,
    0.06668058782815933,
    0.16383782029151917,
    -0.9505375027656555,
    1.0600179433822632,
    -0.5456978678703308,
    0.017251044511795044,
    -1.5587491989135742,
    0.7642092704772949,
    -1.538109540939331,
    -0.006902236025780439,
    0.49584880471229553,
    -1.427432894706726,
    1.3524876832962036
  ],
  "CCOCC": [
    1.7114390134811401,
    0.6367108821868896,
    -0.002495373133569956,
    -0.16462825238704681,
    -0.78460693359375,
    -0.4118475914001465,
    1.8785295486450195,
    -0.5103223919868469,
    -0.5254457592964172,
    -0.9492729306221008,
    0.49596163630485535,
    -1.9788209199905396,
    -0.5722941160202026,
    1.0159467458724976,
    -0.7752040028572083,
    0.9487516283988953
  ],
  "OCC(F)(F)F": [
    1.8118956089019775,
    -0.30885016918182373,
    0.032920774072408676,
    -0.10130062699317932,
    0.09649626165628433,
    -1.4981461763381958,
    0.9029311537742615,
    -0.48854678869247437,
    -0.08602750301361084,
    -1.7636375427246094,
    0.9029702544212341,
    -1.0557781457901,
    0.4483581483364105,
    0.6452881693840027,
    -1.0880119800567627,
    1.5582808256149292
  ],
  "O.OCC(F)(F)F": [
    1.6545125246047974,
    -0.7931151986122131,
    -0.13118815422058105,
    0.05789020285010338,
    0.507059633731842,
    -1.7486860752105713,
    0.6117854118347168,
    -0.17650321125984192,
    -0.2268868237733841,
    -1.5991390943527222,
    0.7814357280731201,
    -0.89915531873703,
    0.580762505531311,
    0.5925105810165405,
    -0.9806239604949951,
    1.7756588459014893
  ],
  "CN(C)C(C)=O": [
    2.045653820037842,
    0.4371904134750366,
    0.477614164352417,
    -0.11796317249536514,
    0.09673630446195602,
    -0.6930501461029053,
    1.2033723592758179,
    -0.576209306716919,
    -0.43144312500953674,
    -1.3034685850143433,
    0.576840341091156,
    -1.926345944404602,
    -0.2769644260406494,
    0.6456891298294067,
    -1.2506554126739502,
    1.0995999574661255
  ],
  "CCCCCCCCCCO": [
    1.951894998550415,
    0.6157669425010681,
    0.11423690617084503,
    -0.4022267162799835,
    -0.2901444137096405,
    -0.40877512097358704,
    1.4951202869415283,
    -0.5752898454666138,
    -0.643684983253479,
    -1.0445502996444702,
    0.7777577638626099,
    -1.986823558807373,
    -0.5473103523254395,
    1.0362929105758667,
    -0.9065449237823486,
    0.8248124122619629
  ],
  "OCC": [
    2.067831039428711,
    0.003917552996426821,
    0.20678818225860596,
    0.013052229769527912,
    0.2974361181259155,
    -1.0198825597763062,
    1.0852551460266113,
    -0.5497803092002869,
    -0.2026257961988449,
    -1.5193926095962524,
    0.6810251474380493,
    -1.4654594659805298,
    -0.04182238504290581,
    0.5612009167671204,
    -1.438315749168396,
    1.3284659385681152
  ],
  "C1CCOC1": [
    1.8504209518432617,
    0.5585123896598816,
    0.14467956125736237,
    -0.046392153948545456,
    -0.48335206508636475,
    -0.32593244314193726,
    1.6780601739883423,
    -0.5459763407707214,
    -0.4745170772075653,
    -0.9602339863777161,
    0.5957955718040466,
    -2.1238021850585938,
    -0.6006750464439392,
    0.813191831111908,
    -1.0050263404846191,
    0.933790922164917
  ],
  "[C@H]12CCC([C@H](OC1)O2)=O": [
    2.15073299407959,
    -0.08753296732902527,
    0.3864882290363312,
    0.10715532302856445,
    0.480716347694397,
    -0.9530543684959412,
    0.9009904861450195,
    -0.5779435634613037,
    -0.25234824419021606,
    -1.3644200563430786,
    0.5726251602172852,
    -1.680885672569275,
    -0.06999363005161285,
    0.4839989244937897,
    -1.3962104320526123,
    1.3037805557250977
  ],
  "O=C(OCC)C": [
    1.945321798324585,
    0.6149164438247681,
    0.1200588047504425,
    -0.06834854185581207,
    -0.4127940535545349,
    -0.48479774594306946,
    1.6518644094467163,
    -0.4661703109741211,
    -0.37387529015541077,
    -1.0497010946273804,
    0.6098865270614624,
    -1.9707913398742676,
    -0.558374285697937,
    0.7489114999771118,
    -1.1907505989074707,
    0.8947848677635193
  ],
  "CC(C)(C)OC": [
    1.6880888938903809,
    0.7095831036567688,
    -0.14347533881664276,
    -0.2018762081861496,
    -0.8603820204734802,
    -0.5285441875457764,
    1.942973017692566,
    -0.47266194224357605,
    -0.5711321830749512,
    -0.881433367729187,
    0.6473115086555481,
    -1.8803932666778564,
    -0.5755011439323425,
    1.0350451469421387,
    -0.7339842915534973,
    0.8405649065971375
  ],