{
  "CO": [
    1.9541661739349365,
    -0.2431686818599701,
    0.06156779080629349,
    0.0440170057117939,
    0.01992965303361416,
    -1.6598669290542603,
    0.7832145094871521,
    -0.3841572105884552,
    0.2205246090888977,
    -1.572400450706482,
    0.5150949358940125,
    -1.0585380792617798,
    0.11049114912748337,
    0.8195436596870422,
    -1.1865521669387817,
    1.6009238958358765
  ],
  "OCCO": [
    2.026355743408203,
    -0.44083112478256226,
    0.17968526482582092,
    0.412272572517395,
    0.6379982233047485,
    -1.6211411952972412,
    0.7116620540618896,
    -0.3087485730648041,
    -0.19271543622016907,
    -1.4110029935836792,
    0.27067649364471436,
    -1.1909795999526978,
    0.0029950179159641266,
    0.6771183013916016,
    -1.247113823890686,
    1.5184919834136963
  ],
  "C(C(F)(F)F)(C(F)(F)F)O": [
    1.4541782140731812,
    -0.3089595139026642,
    0.08953346312046051,
    -0.266419380903244,
    -0.5353850722312927,
    -1.6708509922027588,
    0.5907702445983887,
    -0.01879742555320263,
    0.3848370909690857,
    -2.0637006759643555,
    0.6149963736534119,
    -0.9480589032173157,
    0.5351690053939819,
    0.7199960350990295,
    -0.4225839674472809,
    1.8659005165100098
  ],
  "O1C(C)CCC1": [
    2.0306639671325684,
    0.7870014905929565,
    0.2203519493341446,
    -0.13524577021598816,
    -0.6832727789878845,
    -0.5002560615539551,
    1.5820187330245972,
    -0.5179694294929504,
    -0.3931957483291626,
    -0.9599855542182922,
    0.40450170636177063,
    -1.890971302986145,
    -0.6353287696838379,
    0.7652177810668945,
    -1.0353344678878784,
    0.9840917587280273
  ],
  "C1CCCCC1": [
    2.0007641315460205,
    0.6487488746643066,
    0.1293269246816635,
    -0.3296549916267395,
    -1.085844874382019,
    -0.9361090660095215,
    1.4449065923690796,
    -0.140629380941391,
    -0.22769860923290253,
    -0.8435000777244568,
    0.7833712697029114,
    -1.885322093963623,
    -0.3967152237892151,
    0.7967489361763,
    -0.8896342515945435,
    0.950951874256134
  ],
  "CC(O)C": [
    2.141329526901245,
    0.4168369174003601,
    0.2695632576942444,
    -0.015720808878540993,
    -0.09077507257461548,
    -1.1272069215774536,
    1.1953328847885132,
    -0.4617011249065399,
    -0.1515779048204422,
    -1.4403938055038452,
    0.47153836488723755,
    -1.5187273025512695,
    -0.345603346824646,
    0.692593514919281,
    -1.2453536987304688,
    1.236990213394165
  ],
  "O.CC#N": [
    1.8228873014450073,
    -0.6050412058830261,
    0.029337191954255104,
    0.22415253520011902,
    0.29019081592559814,
    -1.842392086982727,
    0.5644474625587463,
    -0.04584836959838867,
    -0.1622833013534546,
    -1.4646393060684204,
    0.4787657856941223,
    -1.0300860404968262,
    0.23353543877601624,
    0.7704887390136719,
    -1.0334618091583252,
    1.790145754814148
  ],
  "CC#N": [
    2.2271435260772705,
    0.26240527629852295,
    0.2541778087615967,
    0.04983380809426308,
    -0.13841424882411957,
    -1.0210950374603271,
    1.1287662982940674,
    -0.36715900897979736,
    0.07743985205888748,
    -1.4524048566818237,
    0.4415920674800873,
    -1.5453516244888306,
    -0.32675015926361084,
    0.5366533994674683,
    -1.3534291982650757,
    1.2514187097549438
  ],
  "CC#N.CC(=O)O": [
    2.2306137084960938,
    0.0986192524433136,
    0.22027820348739624,
    -0.01384764350950718,
    -0.0684613585472107,
    -1.2128280401229858,
    0.9273857474327087,
    -0.4643784761428833,
    0.21939189732074738,
    -1.4890035390853882,
    0.4941101670265198,
    -1.2790477275848389,
    -0.27283337712287903,
    0.6752825379371643,
    -1.3917112350463867,
    1.351782202720642
  ],
  "CCOCC": [
    1.8783835172653198,
    0.8057746291160583,
    0.04859378933906555,
    -0.18640634417533875,
    -0.9357854127883911,
    -0.52619469165802,
    1.7540512084960938,
    -0.4713684320449829,
    -0.42983704805374146,
    -0.9381934404373169,
    0.47680962085723877,
    -1.837104082107544,
    -0.6305521130561829,
    0.9025869965553284,
    -0.8384883403778076,
    0.9519227743148804
  ],
  "OCC(F)(F)F": [
    1.961740493774414,
    -0.2265077829360962,
    0.041734177619218826,
    -0.1555027961730957,
    -0.03526696562767029,
    -1.6857597827911377,
    0.5066432356834412,
    -0.23553839325904846,
    0.3164612054824829,
    -1.8294576406478882,
    0.5147207975387573,
    -0.8603739738464355,
    0.2336362600326538,
    0.7244840860366821,
    -0.9499671459197998,
    1.702692985534668
  ],
  "O.OCC(F)(F)F": [
    1.5836424827575684,
    -0.7459395527839661,
    -0.056683044880628586,
    0.12421078234910965,
    0.2819080352783203,
    -2.0442054271698,
    0.481512188911438,
    0.06679849326610565,
    -0.17959380149841309,
    -1.5342388153076172,
    0.42401331663131714,
    -0.7394009828567505,
    0.40762048959732056,
    0.9030144214630127,
    -0.8275728225708008,
    1.8768151998519897
  ],
  "CN(C)C(C)=O": [
    2.18034291267395,
    0.5660979151725769,
    0.49556154012680054,
    -0.17260922491550446,
    -0.19741712510585785,
    -0.829463005065918,
    1.2221789360046387,
    -0.523829996585846,
    -0.2533014118671417,
    -1.2383630275726318,
    0.29880306124687195,
    -1.7508307695388794,
    -0.4150390326976776,
    0.699455201625824,
    -1.2191978693008423,
    1.161283254623413
  ],
  "CCCCCCCCCCO": [
    2.0130178928375244,
    0.7118397951126099,
    0.2074000984430313,
    -0.32811373472213745,
    -0.5458911061286926,
    -0.48397910594940186,
    1.4603008031845093,
    -0.5652737617492676,
    -0.5762837529182434,
    -0.9575625658035278,
    0.6225247979164124,
    -1.8789087533950806,
    -0.6759949922561646,
    1.003760576248169,
    -0.9433560967445374,
    0.9589595794677734
  ],
  "OCC": [
    2.1640820503234863,
    0.12155690044164658,
    0.23500607907772064,
    -0.016730550676584244,
    0.046371378004550934,
    -1.2546483278274536,
    1.0719313621520996,
    -0.42632874846458435,
    0.008489120751619339,
    -1.4722235202789307,
    0.3982911705970764,
    -1.2805488109588623,
    -0.25969457626342773,
    0.7006460428237915,
    -1.3910439014434814,
    1.3822212219238281
  ],
  "C1CCOC1": [
    2.050081729888916,
    0.6700962781906128,
    0.3150394856929779,
    -0.17909228801727295,
    -0.663435697555542,
    -0.5336023569107056,
    1.5754679441452026,
    -0.4276142716407776,
    -0.2678249478340149,
    -0.8997578620910645,
    0.42473936080932617,
    -1.9599884748458862,
    -0.6623989343643188,
    0.6971791982650757,
    -1.0928497314453125,
    0.9757199883460999
  ],
  "[C@H]12CCC([C@H](OC1)O2)=O": [
    2.3057117462158203,
    0.03143308684229851,
    0.4015129506587982,
    0.024331800639629364,
    0.2582986056804657,
    -1.1337894201278687,
    0.9000104069709778,
    -0.503372073173523,
    -0.07091337442398071,
    -1.3652031421661377,
    0.3124184012413025,
    -1.440524697303772,
    -0.2963583171367645,
    0.6569095849990845,
    -1.3669776916503906,
    1.3113434314727783
  ],
  "O=C(OCC)C": [
    1.998467206954956,
    0.8130161762237549,
    0.19089391827583313,
    -0.12901566922664642,
    -0.7497397065162659,
    -0.5451274514198303,
    1.6219786405563354,
    -0.4480089247226715,
    -0.30546221137046814,
    -0.9514333009719849,
    0.46327006816864014,
    -1.8718732595443726,
    -0.678259551525116,
    0.7435126304626465,
    -1.0667328834533691,
    0.937686562538147
  ],
  "CC(C)(C)OC": [
    1.705206274986267,
    0.8172311782836914,
    -0.11651789397001266,
    -0.2592819929122925,
    -1.1639914512634277,
    -0.4953179657459259,
    1.8408050537109375,
    -0.46352702379226685,
    -0.46083906292915344,
    -0.7984805703163147,
    0.5912300944328308,
    -1.798133373260498,
    -0.7183796167373657,
    1.134181022644043,
    -0.6191181540489197,
    0.8301489353179932
  ],