{
  "CO": [
    2.0260086059570312,
    -0.2694650888442993,
    0.09445434808731079,
    0.07643862068653107,
    0.13158906996250153,
    -1.5960845947265625,
    0.776308000087738,
    -0.47458353638648987,
    0.11100530624389648,
    -1.4972985982894897,
    0.5371789932250977,
    -0.9716430306434631,
    0.11235099285840988,
    0.6970848441123962,
    -1.344325304031372,
    1.6099939346313477
  ],
  "OCCO": [
    2.025440216064453,
    -0.5091516971588135,
    0.1599196195602417,
    0.34707844257354736,
    0.7172056436538696,
    -1.6009035110473633,
    0.6377012133598328,
    -0.2952280342578888,
    -0.2682822346687317,
    -1.365270733833313,
    0.32989996671676636,
    -1.1705797910690308,
    0.055046625435352325,
    0.6676748394966125,
    -1.2692797183990479,
    1.5568796396255493
  ],
  "C(C(F)(F)F)(C(F)(F)F)O": [
    1.606583833694458,
    -0.23278199136257172,
    0.01587950438261032,
    -0.239198237657547,
    -0.4168013036251068,
    -1.5944331884384155,
    0.7391780018806458,
    -0.18832960724830627,
    0.2492695450782776,
    -2.05496883392334,
    0.7689635157585144,
    -0.9540916085243225,
    0.4838041365146637,
    0.6688371300697327,
    -0.5909830927848816,
    1.757917881011963
  ],
  "O1C(C)CCC1": [
    1.9655669927597046,
    0.7473952770233154,
    0.2418665587902069,
    -0.13050147891044617,
    -0.6555576920509338,
    -0.4619990289211273,
    1.5870740413665771,
    -0.5101289749145508,
    -0.4956218898296356,
    -0.9184125661849976,
    0.41440048813819885,
    -1.9294496774673462,
    -0.6211179494857788,
    0.8463265299797058,
    -1.063430905342102,
    1.0013022422790527
  ],
  "C1CCCCC1": [
    1.865319013595581,
    0.676392138004303,
    -0.03958970308303833,
    -0.23270784318447113,
    -1.1554268598556519,
    -0.840737521648407,
    1.6373134851455688,
    -0.25058358907699585,
    -0.31004756689071655,
    -0.7608022093772888,
    0.748184084892273,
    -1.8532090187072754,
    -0.5096423029899597,
    1.0120190382003784,
    -0.824148952960968,
    0.8568676114082336
  ],
  "CC(O)C": [
    2.1672322750091553,
    0.41008231043815613,
    0.28157490491867065,
    -0.003839869052171707,
    -0.057536885142326355,
    -0.9793635010719299,
    1.1355334520339966,
    -0.4404260516166687,
    -0.26503539085388184,
    -1.4165207147598267,
    0.528209924697876,
    -1.6045012474060059,
    -0.36391744017601013,
    0.6580787897109985,
    -1.2747433185577393,
    1.2450271844863892
  ],
  "O.CC#N": [
    1.9247252941131592,
    -0.6173095703125,
    0.016335349529981613,
    0.14856477081775665,
    0.3634454309940338,
    -1.7575677633285522,
    0.5968567132949829,
    -0.16082900762557983,
    -0.19865697622299194,
    -1.4238160848617554,
    0.5054709315299988,
    -1.0309137105941772,
    0.2739105522632599,
    0.6845199465751648,
    -1.079313039779663,
    1.7701404094696045
  ],
  "CC#N": [
    2.2003538608551025,
    0.16927601397037506,
    0.2664757966995239,
    0.022261803969740868,
    -0.11464500427246094,
    -0.9911773800849915,
    1.0965520143508911,
    -0.35844138264656067,
    -0.0005577022093348205,
    -1.4255309104919434,
    0.5406012535095215,
    -1.5969977378845215,
    -0.2446608990430832,
    0.5227525234222412,
    -1.3712286949157715,
    1.3029184341430664
  ],
  "CC#N.CC(=O)O": [
    2.1714491844177246,
    0.05182112008333206,
    0.21213321387767792,
    0.013166317716240883,
    -0.056776467710733414,
    -1.1524631977081299,
    0.9739797711372375,
    -0.39658835530281067,
    0.12381695955991745,
    -1.4901678562164307,
    0.5893669128417969,
    -1.4251441955566406,
    -0.19890549778938293,
    0.631385862827301,
    -1.3882989883422852,
    1.3601661920547485
  ],
  "CCOCC": [
    1.9654922485351562,
    0.6950958967208862,
    0.1381845474243164,
    -0.29516878724098206,
    -0.7933176159858704,
    -0.5264729857444763,
    1.6583819389343262,
    -0.41673633456230164,
    -0.27729901671409607,
    -0.994296133518219,
    0.42726626992225647,
    -1.8464865684509277,
    -0.5880523324012756,
    0.8499714136123657,
    -1.019959568977356,
    1.043007493019104
  ],
  "OCC(F)(F)F": [
    1.9396977424621582,
    -0.2885872721672058,
    0.028271520510315895,
    -0.2779601812362671,
    0.0052271937020123005,
    -1.637785792350769,
    0.6701788902282715,
    -0.18930041790008545,
    0.2893080711364746,
    -1.7698898315429688,
    0.49792084097862244,
    -0.9454064965248108,
    0.3254659175872803,
    0.7074522972106934,
    -1.0195634365081787,
    1.68483567237854
  ],
  "O.OCC(F)(F)F": [
    1.6290380954742432,
    -0.8233020901679993,
    -0.09172388166189194,
    0.1959933191537857,
    0.25648292899131775,
    -2.027269124984741,
    0.448679119348526,
    0.11983854323625565,
    -0.2945229709148407,
    -1.4515098333358765,
    0.5644159317016602,
    -0.8616201281547546,
    0.45292067527770996,
    0.8679407835006714,
    -0.78538578748703,
    1.815726399421692
  ],
  "CN(C)C(C)=O": [
    2.16667103767395,
    0.5370121002197266,
    0.5081315636634827,
    -0.1549919992685318,
    -0.09848613291978836,
    -0.7909227609634399,
    1.1637022495269775,
    -0.4824943244457245,
    -0.3323735296726227,
    -1.2718640565872192,
    0.39946964383125305,
    -1.782197117805481,
    -0.4229813516139984,
    0.690324068069458,
    -1.2538731098175049,
    1.143509030342102
  ],
  "CCCCCCCCCCO": [
    2.0449955463409424,
    0.6689661741256714,
    0.196653813123703,
    -0.42534545063972473,
    -0.4845268428325653,
    -0.43625545501708984,
    1.4152768850326538,
    -0.5404193997383118,
    -0.5810734629631042,
    -0.9489551782608032,
    0.5922310948371887,
    -1.859567403793335,
    -0.643419623374939,
    1.0339272022247314,
    -1.0136871337890625,
    0.9991737008094788
  ],
  "OCC": [
    2.180023431777954,
    0.10423902422189713,
    0.2526020109653473,
    -0.035965681076049805,
    0.06535141170024872,
    -1.1763296127319336,
    1.0582414865493774,
    -0.4364015758037567,
    -0.056165266782045364,
    -1.4872877597808838,
    0.4505617618560791,
    -1.3376718759536743,
    -0.19639724493026733,
    0.6713905334472656,
    -1.3973569869995117,
    1.3626972436904907
  ],
  "C1CCOC1": [
    2.0939977169036865,
    0.5906712412834167,
    0.3070089817047119,
    -0.2349068820476532,
    -0.5617671012878418,
    -0.5287352204322815,
    1.5022966861724854,
    -0.4018712639808655,
    -0.2250034362077713,
    -0.971101701259613,
    0.454731822013855,
    -1.943877935409546,
    -0.5807693004608154,
    0.7283686995506287,
    -1.1937934160232544,
    0.9827439785003662
  ],
  "[C@H]12CCC([C@H](OC1)O2)=O": [
    2.2610979080200195,
    0.031119007617235184,
    0.44671449065208435,
    0.059540655463933945,
    0.25282591581344604,
    -1.1375848054885864,
    0.8813856244087219,
    -0.48204609751701355,
    -0.1670599728822708,
    -1.3608335256576538,
    0.34883224964141846,
    -1.5388253927230835,
    -0.2184428572654724,
    0.6409482955932617,
    -1.3281811475753784,
    1.3289084434509277
  ],
  "O=C(OCC)C": [
    2.054649591445923,
    0.7110776305198669,
    0.1952551305294037,
    -0.16607853770256042,
    -0.6410486698150635,
    -0.5419895648956299,
    1.5652410984039307,
    -0.408976286649704,
    -0.24063383042812347,
    -0.9844143390655518,
    0.46903330087661743,
    -1.8548884391784668,
    -0.6254292130470276,
    0.7475773692131042,
    -1.2136988639831543,
    0.9535796642303467
  ],
  "CC(C)(C)OC": [
    1.7197339534759521,
    0.7943606972694397,
    -0.12667234241962433,
    -0.24756325781345367,
    -1.0831091403961182,
    -0.5242868065834045,
    1.8273968696594238,
    -0.4735335111618042,
    -0.48107632994651794,
    -0.8556678891181946,
    0.6384896039962769,
    -1.798176646232605,
    -0.6375482082366943,
    1.1294598579406738,
    -0.6989861726760864,
    0.8391872644424438
  ],