{
  "CO": [
    1.5046132802963257,
    -0.6047796607017517,
    0.43674200773239136,
    -0.2791353166103363,
    0.4244919419288635,
    -0.9022212624549866,
    0.8202289342880249,
    -0.6381697058677673,
    0.008555006235837936,
    -1.3171172142028809,
    0.9106139540672302,
    -1.4327536821365356,
    0.3624582588672638,
    0.691219687461853,
    -1.7045289278030396,
    1.7123160362243652
  ],
  "OCCO": [
    1.6588168144226074,
    -0.6353161334991455,
    0.35771313309669495,
    0.12334172427654266,
    1.0662263631820679,
    -1.000190258026123,
    0.49470415711402893,
    -0.7254390120506287,
    -0.49843674898147583,
    -1.2432643175125122,
    1.159372091293335,
    -1.481278657913208,
    0.3579026162624359,
    0.5169975757598877,
    -1.5099706649780273,
    1.3495672941207886
  ],
  "C(C(F)(F)F)(C(F)(F)F)O": [
    1.3533527851104736,
    -0.34679874777793884,
    0.16563956439495087,
    -0.5031245946884155,
    -0.17813748121261597,
    -1.0345959663391113,
    1.0892603397369385,
    -0.40800395607948303,
    0.07890636473894119,
    -1.8752483129501343,
    1.086014747619629,
    -1.2778685092926025,
    0.548238217830658,
    0.6058177351951599,
    -1.0799744129180908,
    1.7750673294067383
  ],
  "O1C(C)CCC1": [
    1.7242157459259033,
    0.3538804054260254,
    0.3912983536720276,
    -0.3033786714076996,
    -0.12660184502601624,
    -0.2664826512336731,
    1.4558207988739014,
    -0.6396453976631165,
    -0.7066488862037659,
    -0.7943378686904907,
    0.9142778515815735,
    -2.0458598136901855,
    -0.40686628222465515,
    0.7840580344200134,
    -1.4256715774536133,
    1.0872811079025269
  ],
  "C1CCCCC1": [
    1.5011776685714722,
    0.43183520436286926,
    -0.00965939648449421,
    -0.23916910588741302,
    -0.7764820456504822,
    -0.6501021981239319,
    1.720703125,
    -0.38476672768592834,
    -0.7253372669219971,
    -0.5918387770652771,
    1.1311064958572388,
    -2.0607569217681885,
    -0.4120471477508545,
    1.069665551185608,
    -0.940845251083374,
    0.936718225479126
  ],
  "CC(O)C": [
    1.6825189590454102,
    0.15170030295848846,
    0.3732355237007141,
    -0.0990467295050621,
    0.31700289249420166,
    -0.5072020888328552,
    1.1119842529296875,
    -0.8176465034484863,
    -0.6192778944969177,
    -1.2398179769515991,
    1.1113799810409546,
    -1.8488585948944092,
    -0.030788563191890717,
    0.6907682418823242,
    -1.505618691444397,
    1.2228069305419922
  ],
  "O.CC#N": [
    1.4719562530517578,
    -0.8444550633430481,
    0.30394378304481506,
    -0.2606082856655121,
    0.49426791071891785,
    -1.0136423110961914,
    0.6800235509872437,
    -0.3995891511440277,
    -0.18243131041526794,
    -1.462058663368225,
    1.1080483198165894,
    -1.3960992097854614,
    0.6234821081161499,
    0.5420529842376709,
    -1.4162445068359375,
    1.7442063093185425
  ],
  "CC#N": [
    1.7748942375183105,
    -0.2238067239522934,
    0.40547147393226624,
    -0.1132468730211258,
    0.48807477951049805,
    -0.5474026799201965,
    0.7924726605415344,
    -0.6936836838722229,
    -0.324788361787796,
    -1.2931331396102905,
    1.1424278020858765,
    -1.6621286869049072,
    0.14397381246089935,
    0.44935473799705505,
    -1.7397451400756836,
    1.391647458076477
  ],
  "CC#N.CC(=O)O": [
    1.751861333847046,
    -0.2858026623725891,
    0.35408562421798706,
    -0.13294729590415955,
    0.44675523042678833,
    -0.6308210492134094,
    0.7558133602142334,
    -0.814242959022522,
    -0.19052615761756897,
    -1.347114086151123,
    1.2112491130828857,
    -1.5268006324768066,
    0.17955224215984344,
    0.5525927543640137,
    -1.728785753250122,
    1.3961108922958374
  ],
  "CCOCC": [
    1.5981190204620361,
    0.46700772643089294,
    0.2127193957567215,
    -0.2914949953556061,
    -0.33200639486312866,
    -0.38561296463012695,
    1.6577916145324707,
    -0.5973523259162903,
    -0.8271752595901489,
    -0.7301928997039795,
    0.996827244758606,
    -2.021068572998047,
    -0.44561338424682617,
    0.8663235902786255,
    -1.2220914363861084,
    1.0515460968017578
  ],
  "OCC(F)(F)F": [
    1.5683213472366333,
    -0.41707614064216614,
    0.19510066509246826,
    -0.3174975514411926,
    0.28341537714004517,
    -1.0678132772445679,
    0.9022864103317261,
    -0.6252525448799133,
    -0.15956182777881622,
    -1.583202838897705,
    1.1679632663726807,
    -1.2410075664520264,
    0.5111895799636841,
    0.5817295908927917,
    -1.44580078125,
    1.6422231197357178
  ],
  "O.OCC(F)(F)F": [
    1.3625074625015259,
    -0.9040159583091736,
    0.016853317618370056,
    -0.10523462295532227,
    0.7423305511474609,
    -1.4257084131240845,
    0.5320109128952026,
    -0.4180935025215149,
    -0.4812270700931549,
    -1.3826225996017456,
    1.3388127088546753,
    -1.0407600402832031,
    0.6987975835800171,
    0.6242201924324036,
    -1.2437809705734253,
    1.6804109811782837
  ],
  "CN(C)C(C)=O": [
    1.7410820722579956,
    0.23631218075752258,
    0.6345203518867493,
    -0.25005748867988586,
    0.3366699814796448,
    -0.41900870203971863,
    0.9873177409172058,
    -0.784018337726593,
    -0.6994330883026123,
    -1.0504331588745117,
    1.0349361896514893,
    -1.9939148426055908,
    -0.13675673305988312,
    0.6676592826843262,
    -1.4799249172210693,
    1.1666460037231445
  ],
  "CCCCCCCCCCO": [
    1.6384719610214233,
    0.4812019169330597,
    0.21103550493717194,
    -0.5223879814147949,
    -0.14895771443843842,
    -0.17721591889858246,
    1.3913207054138184,
    -0.7072417736053467,
    -0.9889066219329834,
    -0.6616345643997192,
    1.172380805015564,
    -1.952243685722351,
    -0.5540110468864441,
    1.0950168371200562,
    -1.1960822343826294,
    0.9163249731063843
  ],
  "OCC": [
    1.7262165546417236,
    -0.191985085606575,
    0.39190906286239624,
    -0.16540978848934174,
    0.5784462094306946,
    -0.6797665357589722,
    0.855448842048645,
    -0.8054922819137573,
    -0.433708518743515,
    -1.3424429893493652,
    1.1739217042922974,
    -1.5272138118743896,
    0.16047310829162598,
    0.5861603617668152,
    -1.6760945320129395,
    1.3418943881988525
  ],
  "C1CCOC1": [
    1.646357774734497,
    0.31766942143440247,
    0.40352606773376465,
    -0.263188898563385,
    -0.17786043882369995,
    -0.25519832968711853,
    1.4926435947418213,
    -0.609352707862854,
    -0.71296626329422,
    -0.7034174203872681,
    1.0086032152175903,
    -2.160127878189087,
    -0.4279147684574127,
    0.7452285885810852,
    -1.35847008228302,
    1.049370288848877
  ],
  "[C@H]12CCC([C@H](OC1)O2)=O": [
    1.7913326025009155,
    -0.284225195646286,
    0.5446611046791077,
    -0.03602201119065285,
    0.7498466968536377,
    -0.6010002493858337,
    0.5859270095825195,
    -0.844205915927887,
    -0.4620993435382843,
    -1.2262557744979858,
    1.1375253200531006,
    -1.7800800800323486,
    0.19730506837368011,
    0.5455665588378906,
    -1.5649855136871338,
    1.235950231552124
  ],
  "O=C(OCC)C": [
    1.49433434009552,
    0.49679476022720337,
    0.15954750776290894,
    -0.11015377938747406,
    -0.38331109285354614,
    -0.22595639526844025,
    1.6559914350509644,
    -0.6814910173416138,
    -0.8648638129234314,
    -0.6649401187896729,
    1.0135908126831055,
    -2.049727439880371,
    -0.5502049922943115,
    0.9413226842880249,
    -1.247525691986084,
    1.0137903690338135
  ],
  "CC(C)(C)OC": [
    1.5138084888458252,
    0.4696270227432251,
    0.044961705803871155,
    -0.3295227885246277,
    -0.5812777876853943,
    -0.4733119010925293,
    1.8659164905548096,
    -0.5213958621025085,
    -0.7430536150932312,
    -0.6781488060951233,
    1.032739281654358,
    -1.9629478454589844,
    -0.539481520652771,
    1.0283911228179932,
    -1.0345954895019531,
    0.9098728895187378
  ],