{
  "CO": [
    1.9224034547805786,
    -0.3950251638889313,
    0.047642674297094345,
    0.03261709213256836,
    0.27681225538253784,
    -1.7234456539154053,
    0.5110973715782166,
    -0.21471872925758362,
    0.15480192005634308,
    -1.4885154962539673,
    0.4216414988040924,
    -0.948995053768158,
    0.1613921821117401,
    0.8893554210662842,
    -1.3190834522247314,
    1.6908609867095947
  ],
  "OCCO": [
    1.9544905424118042,
    -0.5027441382408142,
    0.16250747442245483,
    0.4019314646720886,
    0.6518046855926514,
    -1.6769015789031982,
    0.6535821557044983,
    -0.22587820887565613,
    -0.2606236934661865,
    -1.3842518329620361,
    0.3308795094490051,
    -1.2168726921081543,
    0.03480295091867447,
    0.7253434062004089,
    -1.1965259313583374,
    1.5684853792190552
  ],
  "C(C(F)(F)F)(C(F)(F)F)O": [
    1.6852186918258667,
    -0.3807321786880493,
    0.025195110589265823,
    -0.25723016262054443,
    -0.10762525349855423,
    -1.8139959573745728,
    0.5058009028434753,
    -0.1163131594657898,
    0.12584269046783447,
    -1.858891248703003,
    0.5655779838562012,
    -0.7863232493400574,
    0.5108932256698608,
    0.7882166504859924,
    -0.7224188446998596,
    1.8557937145233154
  ],
  "O1C(C)CCC1": [
    1.9554822444915771,
    0.7394031286239624,
    0.24442598223686218,
    -0.13782846927642822,
    -0.6743184924125671,
    -0.4852415919303894,
    1.5600206851959229,
    -0.49258947372436523,
    -0.4700359106063843,
    -0.9365956783294678,
    0.4079076647758484,
    -1.937779426574707,
    -0.6288567781448364,
    0.8929698467254639,
    -1.0355112552642822,
    1.0174835920333862
  ],
  "C1CCCCC1": [
    1.9293711185455322,
    0.6530683636665344,
    0.06177187338471413,
    -0.27299290895462036,
    -1.0630062818527222,
    -0.9847728610038757,
    1.4605239629745483,
    -0.14784453809261322,
    -0.2666108310222626,
    -0.8657712340354919,
    0.7948369383811951,
    -1.91586434841156,
    -0.40332624316215515,
    0.9300907850265503,
    -0.8077406883239746,
    0.917035698890686
  ],
  "CC(O)C": [
    2.05541729927063,
    0.4048762321472168,
    0.27554431557655334,
    -0.04252376779913902,
    -0.20520810782909393,
    -1.0466252565383911,
    1.278757929801941,
    -0.4495851397514343,
    -0.14981412887573242,
    -1.4179534912109375,
    0.3718952238559723,
    -1.6157840490341187,
    -0.2608174681663513,
    0.7829660773277283,
    -1.236025094985962,
    1.2779085636138916
  ],
  "O.CC#N": [
    1.8795548677444458,
    -0.686396598815918,
    -0.030144531279802322,
    0.21825920045375824,
    0.2541133165359497,
    -1.8209311962127686,
    0.3653447926044464,
    -0.03769059106707573,
    -0.10842936486005783,
    -1.409711480140686,
    0.48044827580451965,
    -0.978111743927002,
    0.2295205444097519,
    0.8486559987068176,
    -1.0200932025909424,
    1.8302061557769775
  ],
  "CC#N": [
    2.1818392276763916,
    0.17248252034187317,
    0.25652211904525757,
    0.00023464940022677183,
    -0.12790119647979736,
    -1.1111140251159668,
    1.0620007514953613,
    -0.3855912685394287,
    0.018666936084628105,
    -1.4528881311416626,
    0.5215867757797241,
    -1.5455896854400635,
    -0.20124821364879608,
    0.6182644367218018,
    -1.3095676898956299,
    1.3227053880691528
  ],
  "CC#N.CC(=O)O": [
    2.167656660079956,
    0.06084466353058815,
    0.23189933598041534,
    -0.01921888440847397,
    -0.10792431235313416,
    -1.1841682195663452,
    0.9461550116539001,
    -0.4006885886192322,
    0.1659996211528778,
    -1.5143160820007324,
    0.5523467063903809,
    -1.3993514776229858,
    -0.18209165334701538,
    0.6825513243675232,
    -1.35208261013031,
    1.3731439113616943
  ],
  "CCOCC": [
    1.843835711479187,
    0.7791640162467957,
    0.07412023842334747,
    -0.14055272936820984,
    -0.9705161452293396,
    -0.49815240502357483,
    1.6866919994354248,
    -0.4738980829715729,
    -0.5071869492530823,
    -0.8408017754554749,
    0.5122147798538208,
    -1.9258233308792114,
    -0.6460766792297363,
    0.9636292457580566,
    -0.802342414855957,
    0.9648155570030212
  ],
  "OCC(F)(F)F": [
    1.9815212488174438,
    -0.2152823805809021,
    0.03081018477678299,
    -0.07057525217533112,
    0.031354326754808426,
    -1.7403610944747925,
    0.522551417350769,
    -0.3108871281147003,
    0.027714259922504425,
    -1.733984112739563,
    0.6132671236991882,
    -0.8002855777740479,
    0.24020051956176758,
    0.7912230491638184,
    -1.0192099809646606,
    1.6726746559143066
  ],
  "O.OCC(F)(F)F": [
    1.5600968599319458,
    -0.7751427292823792,
    0.01985400915145874,
    0.02293682098388672,
    0.17112137377262115,
    -1.9858320951461792,
    0.42815110087394714,
    0.17065013945102692,
    -0.15869392454624176,
    -1.6036360263824463,
    0.4727695882320404,
    -0.8396092057228088,
    0.5245112180709839,
    0.8474547266960144,
    -0.7343845963478088,
    1.896711826324463
  ],
  "CN(C)C(C)=O": [
    2.1888976097106934,
    0.4718412458896637,
    0.5251532196998596,
    -0.2258678823709488,
    -0.11023612320423126,
    -0.849622905254364,
    1.1066101789474487,
    -0.4746432900428772,
    -0.18452556431293488,
    -1.3001341819763184,
    0.3165481388568878,
    -1.7272533178329468,
    -0.3831421434879303,
    0.7044510245323181,
    -1.263597846031189,
    1.2254506349563599
  ],
  "CCCCCCCCCCO": [
    2.0511646270751953,
    0.6407839059829712,
    0.251877099275589,
    -0.5167343020439148,
    -0.516190230846405,
    -0.4966255724430084,
    1.3777260780334473,
    -0.4454820156097412,
    -0.47490179538726807,
    -1.0692816972732544,
    0.5487312078475952,
    -1.8371479511260986,
    -0.5796337723731995,
    1.0177756547927856,
    -0.9998354315757751,
    1.0675407648086548
  ],
  "OCC": [
    2.097308397293091,
    0.060085490345954895,
    0.2859620749950409,
    -0.027476001530885696,
    -0.002478199079632759,
    -1.2193845510482788,
    1.105932593345642,
    -0.3650572597980499,
    0.07070836424827576,
    -1.5033273696899414,
    0.3070785701274872,
    -1.3842084407806396,
    -0.17527613043785095,
    0.7420795559883118,
    -1.3704031705856323,
    1.4022669792175293
  ],
  "C1CCOC1": [
    1.9771599769592285,
    0.6072221994400024,
    0.24908967316150665,
    -0.16079626977443695,
    -0.7068578600883484,
    -0.3996250629425049,
    1.5934972763061523,
    -0.4584684669971466,
    -0.3001217246055603,
    -0.9256206750869751,
    0.42616409063339233,
    -1.9544485807418823,
    -0.6773650646209717,
    0.861308753490448,
    -1.1074661016464233,
    0.9953691959381104
  ],
  "[C@H]12CCC([C@H](OC1)O2)=O": [
    2.2764270305633545,
    0.047121837735176086,
    0.4218570590019226,
    0.024005679413676262,
    0.21435418725013733,
    -1.1273233890533447,
    0.857046365737915,
    -0.49216321110725403,
    -0.15897853672504425,
    -1.3986448049545288,
    0.3488154113292694,
    -1.5235494375228882,
    -0.23120921850204468,
    0.7187831997871399,
    -1.2791467905044556,
    1.323083519935608
  ],
  "O=C(OCC)C": [
    1.8996243476867676,
    0.8012517690658569,
    0.14390721917152405,
    -0.11456383019685745,
    -0.8208230137825012,
    -0.4761410653591156,
    1.644718885421753,
    -0.47262024879455566,
    -0.41949209570884705,
    -0.9127795100212097,
    0.47183576226234436,
    -1.8995389938354492,
    -0.6626690626144409,
    0.888261616230011,
    -1.0154122114181519,
    0.964043378829956
  ],
  "CC(C)(C)OC": [
    1.699356198310852,
    0.7655070424079895,
    -0.10896839946508408,
    -0.36233919858932495,
    -1.1710522174835205,
    -0.516737163066864,
    1.7596566677093506,
    -0.4534534811973572,
    -0.45345133543014526,
    -0.8247829675674438,
    0.5918468236923218,
    -1.8278640508651733,
    -0.6272417902946472,
    1.2474961280822754,
    -0.5635504722595215,
    0.8677954077720642
  ],