{
  "CO": [
    1.453088641166687,
    -0.5707639455795288,
    0.29203668236732483,
    -0.2519180178642273,
    0.748619794845581,
    -0.7841367125511169,
    0.6239489912986755,
    -0.98406583070755,
    -0.5050545334815979,
    -1.134096622467041,
    1.618134617805481,
    -1.1531765460968018,
    0.46295180916786194,
    0.5266084671020508,
    -1.7409183979034424,
    1.3856791257858276
  ],
  "OCCO": [
    1.4577289819717407,
    -0.7115979194641113,
    0.3372965455055237,
    -0.00947330892086029,
    1.250963568687439,
    -0.8602022528648376,
    0.35522642731666565,
    -0.7020167112350464,
    -0.7572332620620728,
    -0.964202880859375,
    1.4885156154632568,
    -1.3730864524841309,
    0.40367037057876587,
    0.49391284584999084,
    -1.6747183799743652,
    1.2507802248001099
  ],
  "C(C(F)(F)F)(C(F)(F)F)O": [
    1.2029143571853638,
    -0.3877671957015991,
    0.16914013028144836,
    -0.7950590252876282,
    -0.03762307018041611,
    -0.812205970287323,
    1.188353180885315,
    -0.4692990183830261,
    -0.05470717325806618,
    -1.814276933670044,
    1.4805420637130737,
    -1.2289645671844482,
    0.6059185266494751,
    0.469829261302948,
    -1.1358736753463745,
    1.6144322156906128
  ],
  "O1C(C)CCC1": [
    1.3890589475631714,
    0.2587219476699829,
    0.3752094805240631,
    -0.36566123366355896,
    -0.06878287345170975,
    -0.0951036810874939,
    1.4516173601150513,
    -0.7102813124656677,
    -1.2826299667358398,
    -0.5451064705848694,
    1.1851660013198853,
    -2.0459940433502197,
    -0.2517477571964264,
    0.9526026248931885,
    -1.284779667854309,
    1.028455376625061
  ],
  "C1CCCCC1": [
    1.242238998413086,
    0.3569239675998688,
    -0.4225058853626251,
    -0.8974655866622925,
    -0.7131181359291077,
    -0.5150617361068726,
    1.56638503074646,
    -0.41953596472740173,
    -0.8671963214874268,
    -0.27769842743873596,
    0.8424903750419617,
    -1.829132318496704,
    -0.6843434572219849,
    1.9900091886520386,
    -0.197470560669899,
    0.8282174468040466
  ],
  "CC(O)C": [
    1.5156890153884888,
    -0.04127148166298866,
    0.5435163378715515,
    -0.3775826096534729,
    0.6011349558830261,
    -0.37782755494117737,
    0.7983999848365784,
    -0.8452365398406982,
    -0.9152000546455383,
    -1.067501425743103,
    1.509979248046875,
    -1.6907153129577637,
    0.16174139082431793,
    0.6115888357162476,
    -1.6113567352294922,
    1.1711571216583252
  ],
  "O.CC#N": [
    1.352253794670105,
    -0.8693322539329529,
    0.1459091454744339,
    -0.22284968197345734,
    0.9413106441497803,
    -0.9880528450012207,
    0.4126861095428467,
    -0.4997306764125824,
    -0.6465268135070801,
    -1.0300650596618652,
    1.5735893249511719,
    -1.2312195301055908,
    0.5444835424423218,
    0.5573502779006958,
    -1.6100943088531494,
    1.5577653646469116
  ],
  "CC#N": [
    1.5180535316467285,
    -0.30478814244270325,
    0.4765567183494568,
    -0.2559032142162323,
    0.6174659729003906,
    -0.29138049483299255,
    0.7694224715232849,
    -0.8593892455101013,
    -0.6629034876823425,
    -1.0971624851226807,
    1.4599025249481201,
    -1.69520103931427,
    0.301055908203125,
    0.46685439348220825,
    -1.7328274250030518,
    1.275852918624878
  ],
  "CC#N.CC(=O)O": [
    1.5087093114852905,
    -0.3785059154033661,
    0.45843029022216797,
    -0.31460076570510864,
    0.5919110774993896,
    -0.3548547625541687,
    0.7355231642723083,
    -0.8488522171974182,
    -0.5212392210960388,
    -1.1661791801452637,
    1.5506095886230469,
    -1.5983667373657227,
    0.28311702609062195,
    0.5264747142791748,
    -1.7487916946411133,
    1.2630882263183594
  ],
  "CCOCC": [
    1.4082130193710327,
    0.2535836398601532,
    0.248727485537529,
    -0.45239749550819397,
    -0.13954217731952667,
    -0.22611694037914276,
    1.621112585067749,
    -0.6271324157714844,
    -1.2278556823730469,
    -0.5665381550788879,
    1.2166444063186646,
    -1.9610333442687988,
    -0.2800043523311615,
    0.9605696797370911,
    -1.2399227619171143,
    1.004461407661438
  ],
  "OCC(F)(F)F": [
    1.5655244588851929,
    -0.4404321610927582,
    0.2296316921710968,
    -0.6235584616661072,
    0.61097651720047,
    -0.8317563533782959,
    0.6965755820274353,
    -0.7822266221046448,
    -0.31350207328796387,
    -1.4602878093719482,
    1.528596043586731,
    -1.0371288061141968,
    0.5013693571090698,
    0.5349992513656616,
    -1.6097484827041626,
    1.4212095737457275
  ],
  "O.OCC(F)(F)F": [
    1.3068954944610596,
    -0.8866674900054932,
    0.1269335150718689,
    -0.44237440824508667,
    0.8779279589653015,
    -1.1133443117141724,
    0.4647088050842285,
    -0.40398070216178894,
    -0.543087899684906,
    -1.1443760395050049,
    1.4735053777694702,
    -1.0108424425125122,
    0.5597200393676758,
    0.6532799601554871,
    -1.606004238128662,
    1.6777254343032837
  ],
  "CN(C)C(C)=O": [
    1.5972424745559692,
    0.0259733647108078,
    0.7353070974349976,
    -0.490911602973938,
    0.590480625629425,
    -0.22351981699466705,
    0.8576066493988037,
    -0.8140588998794556,
    -0.8994969725608826,
    -0.9654713869094849,
    1.254583716392517,
    -1.8517804145812988,
    0.01725541613996029,
    0.6416195631027222,
    -1.6006101369857788,
    1.1127477884292603
  ],
  "CCCCCCCCCCO": [
    1.4677600860595703,
    0.2809581756591797,
    0.2571481466293335,
    -0.6280540823936462,
    0.0514201782643795,
    -0.007610732689499855,
    1.35562264919281,
    -0.7881099581718445,
    -1.428296446800232,
    -0.4486854076385498,
    1.3135459423065186,
    -1.861661672592163,
    -0.340364009141922,
    1.097326397895813,
    -1.1987375020980835,
    0.8694285750389099
  ],
  "OCC": [
    1.5279390811920166,
    -0.28383246064186096,
    0.4750840961933136,
    -0.3681500256061554,
    0.7638232111930847,
    -0.4624679684638977,
    0.7441226840019226,
    -0.8949617743492126,
    -0.7429080605506897,
    -1.1499090194702148,
    1.4780030250549316,
    -1.4520773887634277,
    0.2919037640094757,
    0.5712475776672363,
    -1.7437629699707031,
    1.2328786849975586
  ],
  "C1CCOC1": [
    1.4203345775604248,
    0.11545243114233017,
    0.48675429821014404,
    -0.39382559061050415,
    0.016281986609101295,
    -0.09530235826969147,
    1.3517736196517944,
    -0.6481124758720398,
    -1.122327208518982,
    -0.5567853450775146,
    1.3178761005401611,
    -2.12782621383667,
    -0.2225639373064041,
    0.7910266518592834,
    -1.3670920133590698,
    1.0238358974456787
  ],
  "[C@H]12CCC([C@H](OC1)O2)=O": [
    1.6091398000717163,
    -0.3068993091583252,
    0.6962289214134216,
    -0.26220816373825073,
    0.8841204643249512,
    -0.4349040389060974,
    0.48384368419647217,
    -0.9006868600845337,
    -0.7871708869934082,
    -1.0047961473464966,
    1.439981460571289,
    -1.725917935371399,
    0.26140493154525757,
    0.5097658634185791,
    -1.5978295803070068,
    1.1204560995101929
  ],
  "O=C(OCC)C": [
    1.3092292547225952,
    0.2501958906650543,
    0.2651878595352173,
    -0.29289913177490234,
    -0.1681026816368103,
    -0.10519211739301682,
    1.569724678993225,
    -0.6897009611129761,
    -1.2403945922851562,
    -0.5528683066368103,
    1.3066747188568115,
    -2.011112928390503,
    -0.3106062114238739,
    0.972053587436676,
    -1.2758259773254395,
    0.9654199481010437
  ],
  "CC(C)(C)OC": [
    1.3262732028961182,
    0.23845872282981873,
    0.13828986883163452,
    -0.5224426984786987,
    -0.4251018762588501,
    -0.33836135268211365,
    1.8078800439834595,
    -0.50359708070755,
    -1.1502399444580078,
    -0.5261550545692444,
    1.2888256311416626,
    -1.9190547466278076,
    -0.2918354868888855,
    1.0460047721862793,
    -1.097706913948059,
    0.9242953658103943
  ],