{
  "CO": [
    2.0187578201293945,
    -0.23933114111423492,
    0.010832329280674458,
    0.17570284008979797,
    0.19142812490463257,
    -1.629832148551941,
    0.7039138674736023,
    -0.35620221495628357,
    0.09806495159864426,
    -1.535478949546814,
    0.4681439697742462,
    -0.9463213086128235,
    -0.0009536998113617301,
    0.7710667848587036,
    -1.328507661819458,
    1.623926043510437
  ],
  "OCCO": [
    2.0099616050720215,
    -0.41356852650642395,
    0.18488112092018127,
    0.35972461104393005,
    0.6201981902122498,
    -1.6530835628509521,
    0.7172915935516357,
    -0.2957695722579956,
    -0.17835745215415955,
    -1.4307101964950562,
    0.22942999005317688,
    -1.1514960527420044,
    0.0039478689432144165,
    0.7075257301330566,
    -1.232996940612793,
    1.5492753982543945
  ],
  "C(C(F)(F)F)(C(F)(F)F)O": [
    1.4600104093551636,
    -0.27273228764533997,
    0.03829757496714592,
    -0.3305014669895172,
    -0.4448402225971222,
    -1.6579340696334839,
    0.6940397024154663,
    -0.04964388161897659,
    0.4251946806907654,
    -2.0713369846343994,
    0.5664513111114502,
    -0.9460240006446838,
    0.50807785987854,
    0.6580782532691956,
    -0.43780517578125,
    1.8836054801940918
  ],
  "O1C(C)CCC1": [
    2.0265934467315674,
    0.7496964335441589,
    0.25530269742012024,
    -0.15973858535289764,
    -0.6833426356315613,
    -0.5136174559593201,
    1.6233080625534058,
    -0.5062829852104187,
    -0.4058166742324829,
    -0.9303478002548218,
    0.29161548614501953,
    -1.8626126050949097,
    -0.6186776161193848,
    0.8105711936950684,
    -1.0604254007339478,
    1.0076637268066406
  ],
  "C1CCCCC1": [
    1.6937837600708008,
    0.6656970977783203,
    -0.30155307054519653,
    -0.6573061943054199,
    -1.17113196849823,
    -0.8486729860305786,
    1.3741471767425537,
    -0.36731961369514465,
    -0.13746508955955505,
    -0.7530245780944824,
    0.5366612076759338,
    -1.7839711904525757,
    -0.6848413348197937,
    1.6370617151260376,
    -0.1515316218137741,
    0.9741287231445312
  ],
  "CC(O)C": [
    2.186716079711914,
    0.43340247869491577,
    0.30634602904319763,
    -0.05063585564494133,
    -0.07753243297338486,
    -1.102120280265808,
    1.1240278482437134,
    -0.5013647675514221,
    -0.11424829065799713,
    -1.4176623821258545,
    0.37912073731422424,
    -1.4587936401367188,
    -0.3744947016239166,
    0.6942047476768494,
    -1.2911396026611328,
    1.29133141040802
  ],
  "O.CC#N": [
    1.8401929140090942,
    -0.5763334035873413,
    0.027894750237464905,
    0.20101679861545563,
    0.31738871335983276,
    -1.8327531814575195,
    0.5760036706924438,
    -0.09895847737789154,
    -0.13343459367752075,
    -1.4877119064331055,
    0.4265662133693695,
    -0.9680841565132141,
    0.23169538378715515,
    0.7856377959251404,
    -1.072500467300415,
    1.785524606704712
  ],
  "CC#N": [
    2.250382661819458,
    0.21944890916347504,
    0.2753515839576721,
    0.004116996191442013,
    -0.07156149297952652,
    -1.1244916915893555,
    1.0874085426330566,
    -0.4135897159576416,
    0.06031796336174011,
    -1.4178571701049805,
    0.41290193796157837,
    -1.4210578203201294,
    -0.30153998732566833,
    0.5665766596794128,
    -1.394702672958374,
    1.2946783304214478
  ],
  "CC#N.CC(=O)O": [
    2.1865644454956055,
    0.13614360988140106,
    0.23091189563274384,
    0.009311841800808907,
    -0.12241058796644211,
    -1.186448097229004,
    1.025682806968689,
    -0.37863650918006897,
    0.16672267019748688,
    -1.4820003509521484,
    0.4839871823787689,
    -1.3901911973953247,
    -0.2689987123012543,
    0.6264227628707886,
    -1.3667949438095093,
    1.3556134700775146
  ],
  "CCOCC": [
    1.853662133216858,
    0.7839895486831665,
    0.036235835403203964,
    -0.17248517274856567,
    -0.9467650651931763,
    -0.49301138520240784,
    1.7863014936447144,
    -0.5063378810882568,
    -0.419363796710968,
    -0.8923089504241943,
    0.3995181620121002,
    -1.847015380859375,
    -0.6647520661354065,
    0.9440621137619019,
    -0.8130379915237427,
    0.9761639833450317
  ],
  "OCC(F)(F)F": [
    1.9058153629302979,
    -0.2511015832424164,
    -0.01710032857954502,
    -0.10075128078460693,
    0.0513424314558506,
    -1.7474020719528198,
    0.6303385496139526,
    -0.28523528575897217,
    0.1825568675994873,
    -1.7420424222946167,
    0.5448482632637024,
    -0.7744668126106262,
    0.20935896039009094,
    0.8467909693717957,
    -1.089920163154602,
    1.6639561653137207
  ],
  "O.OCC(F)(F)F": [
    1.6003270149230957,
    -0.7335097193717957,
    -0.10990890115499496,
    0.20855869352817535,
    0.3295953869819641,
    -2.0539839267730713,
    0.39013656973838806,
    0.03164445981383324,
    -0.19740641117095947,
    -1.5069165229797363,
    0.50457763671875,
    -0.7174288630485535,
    0.33797726035118103,
    0.9205800294876099,
    -0.8483542799949646,
    1.8657469749450684
  ],
  "CN(C)C(C)=O": [
    2.219172477722168,
    0.5054824948310852,
    0.4900766611099243,
    -0.17710208892822266,
    -0.09749329090118408,
    -0.8717125058174133,
    1.1795406341552734,
    -0.5067299604415894,
    -0.1768786460161209,
    -1.279481053352356,
    0.2530073821544647,
    -1.6790226697921753,
    -0.41588258743286133,
    0.659299910068512,
    -1.2738490104675293,
    1.1968961954116821
  ],
  "CCCCCCCCCCO": [
    2.113152265548706,
    0.640627920627594,
    0.24206849932670593,
    -0.4284084439277649,
    -0.5277508497238159,
    -0.44956350326538086,
    1.4221909046173096,
    -0.5246627926826477,
    -0.5491527915000916,
    -0.940986692905426,
    0.3920970857143402,
    -1.7506248950958252,
    -0.6291003227233887,
    0.9957255721092224,
    -1.09527587890625,
    1.1120177507400513
  ],
  "OCC": [
    2.175105571746826,
    0.09869340062141418,
    0.18140795826911926,
    0.033674661070108414,
    0.1165100708603859,
    -1.2145805358886719,
    1.0742754936218262,
    -0.4092918336391449,
    0.006590471137315035,
    -1.4953659772872925,
    0.3848258852958679,
    -1.2538971900939941,
    -0.28975167870521545,
    0.7014241814613342,
    -1.4384077787399292,
    1.3578466176986694
  ],
  "C1CCOC1": [
    2.054229497909546,
    0.6770870089530945,
    0.2613338828086853,
    -0.13976629078388214,
    -0.6128439903259277,
    -0.5227840542793274,
    1.5532927513122559,
    -0.44472676515579224,
    -0.2650828957557678,
    -0.9555330276489258,
    0.41679131984710693,
    -1.9437379837036133,
    -0.6648865342140198,
    0.7425340414047241,
    -1.1105636358261108,
    0.9778071045875549
  ],
  "[C@H]12CCC([C@H](OC1)O2)=O": [
    2.258061408996582,
    0.06198595464229584,
    0.44071075320243835,
    0.06955081224441528,
    0.23797470331192017,
    -1.2000956535339355,
    0.9227002263069153,
    -0.4774872660636902,
    -0.1077541708946228,
    -1.3754178285598755,
    0.27350348234176636,
    -1.488839030265808,
    -0.27506178617477417,
    0.6714832782745361,
    -1.3044906854629517,
    1.3192541599273682
  ],
  "O=C(OCC)C": [
    2.075028419494629,
    0.7464635372161865,
    0.2100650668144226,
    -0.1507079303264618,
    -0.6754252314567566,
    -0.5966190099716187,
    1.5858752727508545,
    -0.41652965545654297,
    -0.19691653549671173,
    -0.9909058809280396,
    0.40994104743003845,
    -1.819029450416565,
    -0.6551547646522522,
    0.751576840877533,
    -1.1721333265304565,
    0.9200641512870789
  ],
  "CC(C)(C)OC": [
    1.7623227834701538,
    0.7936309576034546,
    -0.09794045239686966,
    -0.38704127073287964,
    -1.1377859115600586,
    -0.49277934432029724,
    1.8076858520507812,
    -0.49510523676872253,
    -0.35237041115760803,
    -0.8835657835006714,
    0.4938834309577942,
    -1.763481855392456,
    -0.6654189229011536,
    1.1728887557983398,
    -0.6066122651100159,
    0.8787294626235962
  ],