{
  "CO": [
    1.985758662223816,
    -0.3383793234825134,
    0.006439623422920704,
    0.04769781604409218,
    0.2973918318748474,
    -1.5276931524276733,
    0.695686936378479,
    -0.46149638295173645,
    0.2267853170633316,
    -1.5686410665512085,
    0.5511758923530579,
    -0.9033164381980896,
    0.09691991657018661,
    0.7220415472984314,
    -1.4266828298568726,
    1.6098214387893677
  ],
  "OCCO": [
    1.9417108297348022,
    -0.5452383756637573,
    0.0733814686536789,
    0.34516751766204834,
    0.7738064527511597,
    -1.5305522680282593,
    0.691076397895813,
    -0.2924928367137909,
    -0.19922903180122375,
    -1.3937251567840576,
    0.4420294165611267,
    -1.1547369956970215,
    0.035890497267246246,
    0.6403564810752869,
    -1.3817332983016968,
    1.566669225692749
  ],
  "C(C(F)(F)F)(C(F)(F)F)O": [
    1.4431853294372559,
    -0.3959808945655823,
    0.06678243726491928,
    -0.2948669493198395,
    -0.38702481985092163,
    -1.6027491092681885,
    0.8044085502624512,
    -0.15477709472179413,
    0.264750599861145,
    -2.026808977127075,
    0.828114926815033,
    -0.9935405850410461,
    0.5538361072540283,
    0.8002676367759705,
    -0.6243776082992554,
    1.7338743209838867
  ],
  "O1C(C)CCC1": [
    2.0362191200256348,
    0.6541769504547119,
    0.22108052670955658,
    -0.2346397340297699,
    -0.39630040526390076,
    -0.4919617176055908,
    1.5071141719818115,
    -0.4924192428588867,
    -0.2721109390258789,
    -1.079471230506897,
    0.4509317874908447,
    -1.9122488498687744,
    -0.6082536578178406,
    0.790485680103302,
    -1.1789350509643555,
    1.0208014249801636
  ],
  "C1CCCCC1": [
    1.5686599016189575,
    0.6289325952529907,
    -0.42377030849456787,
    -0.651465892791748,
    -1.0093449354171753,
    -0.8526830077171326,
    1.3262484073638916,
    -0.4407918155193329,
    -0.19294476509094238,
    -0.7757982611656189,
    0.5771282911300659,
    -1.8278805017471313,
    -0.6479817032814026,
    1.8336491584777832,
    -0.019681796431541443,
    0.9257346987724304
  ],
  "CC(O)C": [
    2.058520555496216,
    0.35996076464653015,
    0.24021604657173157,
    -0.06231645122170448,
    0.01216914039105177,
    -0.9631927013397217,
    1.2174217700958252,
    -0.4976302981376648,
    -0.15999646484851837,
    -1.4510310888290405,
    0.5726729035377502,
    -1.5627857446670532,
    -0.3417026996612549,
    0.680945873260498,
    -1.3640135526657104,
    1.2760401964187622
  ],
  "O.CC#N": [
    1.955766201019287,
    -0.7876201272010803,
    -0.1687573939561844,
    0.20356033742427826,
    0.3890722095966339,
    -1.6746490001678467,
    0.39250773191452026,
    -0.027851324528455734,
    -0.07535102963447571,
    -1.3893258571624756,
    0.6061940789222717,
    -1.0406280755996704,
    0.18013206124305725,
    0.7563866972923279,
    -1.0854319334030151,
    1.7742046117782593
  ],
  "CC#N": [
    2.1364097595214844,
    0.15131808817386627,
    0.24413473904132843,
    0.005328716244548559,
    0.004413574934005737,
    -0.9951620697975159,
    1.1590983867645264,
    -0.3890628218650818,
    0.037967659533023834,
    -1.4438990354537964,
    0.5264596343040466,
    -1.5640594959259033,
    -0.2411271333694458,
    0.48639026284217834,
    -1.4322409629821777,
    1.3273577690124512
  ],
  "CC#N.CC(=O)O": [
    2.0893967151641846,
    0.029732953757047653,
    0.17117199301719666,
    0.027255453169345856,
    0.02338944934308529,
    -1.0362963676452637,
    1.059772253036499,
    -0.4405927062034607,
    0.1284615397453308,
    -1.5194463729858398,
    0.6684298515319824,
    -1.4754830598831177,
    -0.2102026343345642,
    0.6012637615203857,
    -1.4458953142166138,
    1.3424255847930908
  ],
  "CCOCC": [
    1.7581055164337158,
    0.7606456875801086,
    -0.024876989424228668,
    -0.14270059764385223,
    -0.7688853740692139,
    -0.508785605430603,
    1.7335538864135742,
    -0.5540524125099182,
    -0.5377850532531738,
    -0.931952178478241,
    0.6024355292320251,
    -1.900733470916748,
    -0.6311393976211548,
    1.0447341203689575,
    -0.8500557541847229,
    0.967544674873352
  ],
  "OCC(F)(F)F": [
    1.813123106956482,
    -0.276610404253006,
    -0.010494680143892765,
    -0.1134527325630188,
    -0.013930336572229862,
    -1.6392478942871094,
    0.8663080334663391,
    -0.35898083448410034,
    0.11281059682369232,
    -1.775099754333496,
    0.7115232348442078,
    -0.9650038480758667,
    0.31600871682167053,
    0.8204377293586731,
    -1.0579793453216553,
    1.5872926712036133
  ],
  "O.OCC(F)(F)F": [
    1.5843100547790527,
    -0.8795759677886963,
    -0.08123469352722168,
    0.11953771859407425,
    0.3851109445095062,
    -1.895599603652954,
    0.5441328287124634,
    0.047189097851514816,
    -0.19637590646743774,
    -1.5452207326889038,
    0.6037304997444153,
    -0.8289331197738647,
    0.4944317638874054,
    0.7823386192321777,
    -0.9478389024734497,
    1.826045036315918
  ],
  "CN(C)C(C)=O": [
    2.0835299491882324,
    0.5317075252532959,
    0.4554958641529083,
    -0.14304353296756744,
    -0.002498665126040578,
    -0.7589071393013,
    1.1895884275436401,
    -0.5253913402557373,
    -0.32087281346321106,
    -1.290539026260376,
    0.5048922300338745,
    -1.8270059823989868,
    -0.4406123459339142,
    0.709650993347168,
    -1.2789692878723145,
    1.1264139413833618
  ],
  "CCCCCCCCCCO": [
    1.890769600868225,
    0.6581088900566101,
    0.14601312577724457,
    -0.3967714309692383,
    -0.44483375549316406,
    -0.4431120753288269,
    1.4894678592681885,
    -0.6210490465164185,
    -0.6219600439071655,
    -0.9620866775512695,
    0.6802452206611633,
    -1.8919399976730347,
    -0.6183841228485107,
    1.1418700218200684,
    -0.9689633846282959,
    0.9773057699203491
  ],
  "OCC": [
    2.008312225341797,
    0.015142738819122314,
    0.2563602328300476,
    -0.033143505454063416,
    0.09260810166597366,
    -1.0893210172653198,
    1.2274305820465088,
    -0.44437313079833984,
    0.11293327063322067,
    -1.523325800895691,
    0.4002529978752136,
    -1.4394168853759766,
    -0.1835542768239975,
    0.6859883069992065,
    -1.4435620307922363,
    1.3743048906326294
  ],
  "C1CCOC1": [
    1.932394027709961,
    0.6036972403526306,
    0.20039714872837067,
    -0.16100120544433594,
    -0.5198311805725098,
    -0.46432894468307495,
    1.584882140159607,
    -0.48979130387306213,
    -0.29281267523765564,
    -0.9803687930107117,
    0.5778579711914062,
    -2.0221242904663086,
    -0.6403483152389526,
    0.8112442493438721,
    -1.1074578762054443,
    0.9811987280845642
  ],
  "[C@H]12CCC([C@H](OC1)O2)=O": [
    2.1849522590637207,
    0.02023492567241192,
    0.41581642627716064,
    0.03482770547270775,
    0.3247396945953369,
    -1.0447388887405396,
    0.9480980038642883,
    -0.5224334597587585,
    -0.12444986402988434,
    -1.4160254001617432,
    0.4574124813079834,
    -1.5985350608825684,
    -0.2395431101322174,
    0.6287056803703308,
    -1.3485091924667358,
    1.2925927639007568
  ],
  "O=C(OCC)C": [
    1.969247579574585,
    0.7170231342315674,
    0.14392171800136566,
    -0.1122250035405159,
    -0.472215861082077,
    -0.5320606231689453,
    1.5811887979507446,
    -0.4628821015357971,
    -0.28171446919441223,
    -1.0275626182556152,
    0.5660606026649475,
    -1.9030612707138062,
    -0.6702700853347778,
    0.7896865606307983,
    -1.214140772819519,
    0.924374520778656
  ],
  "CC(C)(C)OC": [
    1.6935330629348755,
    0.7598403692245483,
    -0.1292991042137146,
    -0.22165320813655853,
    -0.905999481678009,
    -0.6039348244667053,
    1.8413132429122925,
    -0.48116248846054077,
    -0.46014413237571716,
    -0.8680285811424255,
    0.6731398701667786,
    -1.8424279689788818,
    -0.6463040709495544,
    1.095139980316162,
    -0.7758849263191223,
    0.8901189565658569
  ],