{
  "CO": [
    1.9122501611709595,
    -0.31479963660240173,
    0.1208048164844513,
    0.08258020877838135,
    0.1329565942287445,
    -1.6989754438400269,
    0.7366542816162109,
    -0.18924900889396667,
    0.2185833603143692,
    -1.5145542621612549,
    0.32225173711776733,
    -1.0947151184082031,
    0.09630853682756424,
    0.8281233906745911,
    -1.2692649364471436,
    1.6567673683166504
  ],
  "OCCO": [
    1.9878780841827393,
    -0.4526287913322449,
    0.17963817715644836,
    0.38534682989120483,
    0.6968570947647095,
    -1.6345512866973877,
    0.6801838278770447,
    -0.2909545302391052,
    -0.20065440237522125,
    -1.4315871000289917,
    0.19503797590732574,
    -1.0763251781463623,
    -0.006822024006396532,
    0.7080824971199036,
    -1.2873106002807617,
    1.574672818183899
  ],
  "C(C(F)(F)F)(C(F)(F)F)O": [
    1.4641259908676147,
    -0.28651583194732666,
    0.06993941217660904,
    -0.2292790561914444,
    -0.4111540913581848,
    -1.723097801208496,
    0.602449893951416,
    -0.042402707040309906,
    0.3165341913700104,
    -2.071481227874756,
    0.6267799139022827,
    -0.8796513080596924,
    0.5159998536109924,
    0.6911647915840149,
    -0.496885746717453,
    1.8765161037445068
  ],
  "O1C(C)CCC1": [
    2.122096300125122,
    0.6613948941230774,
    0.31934455037117004,
    -0.20071293413639069,
    -0.5440136194229126,
    -0.5964183211326599,
    1.5428588390350342,
    -0.4425404369831085,
    -0.26936399936676025,
    -1.0268077850341797,
    0.26540428400039673,
    -1.8229365348815918,
    -0.5969719886779785,
    0.7541903853416443,
    -1.1581852436065674,
    1.018784761428833
  ],
  "C1CCCCC1": [
    1.7208399772644043,
    0.7175561189651489,
    -0.1531527042388916,
    -0.42604273557662964,
    -1.21347177028656,
    -0.9168502688407898,
    1.5468264818191528,
    -0.3268425762653351,
    -0.31841763854026794,
    -0.8052159547805786,
    0.67516028881073,
    -1.7751082181930542,
    -0.5967907309532166,
    1.3601343631744385,
    -0.41544461250305176,
    0.9523466229438782
  ],
  "CC(O)C": [
    2.159442186355591,
    0.43135130405426025,
    0.2893454134464264,
    0.00022441311739385128,
    -0.0657532811164856,
    -1.1075010299682617,
    1.1666628122329712,
    -0.47606801986694336,
    -0.18255533277988434,
    -1.4421826601028442,
    0.3870580792427063,
    -1.484270453453064,
    -0.3584407866001129,
    0.704315185546875,
    -1.263896107673645,
    1.2708659172058105
  ],
  "O.CC#N": [
    1.8945050239562988,
    -0.6346515417098999,
    0.023234615102410316,
    0.24058672785758972,
    0.28922274708747864,
    -1.788077712059021,
    0.43459904193878174,
    -0.1118774563074112,
    -0.05555926635861397,
    -1.4725613594055176,
    0.41035860776901245,
    -0.935679018497467,
    0.16170337796211243,
    0.8139907121658325,
    -1.0728439092636108,
    1.824002981185913
  ],
  "CC#N": [
    2.1984879970550537,
    0.21650640666484833,
    0.2501317858695984,
    0.059310492128133774,
    -0.10597319900989532,
    -1.1162545680999756,
    1.1314022541046143,
    -0.3889184594154358,
    0.061747271567583084,
    -1.4748049974441528,
    0.4339761734008789,
    -1.4916669130325317,
    -0.2686590850353241,
    0.5912773609161377,
    -1.3380470275878906,
    1.2691516876220703
  ],
  "CC#N.CC(=O)O": [
    2.1943724155426025,
    0.14302809536457062,
    0.21839357912540436,
    0.04670270159840584,
    -0.08369989693164825,
    -1.1459652185440063,
    1.0530353784561157,
    -0.41907474398612976,
    0.16530661284923553,
    -1.5103840827941895,
    0.4385271966457367,
    -1.3624844551086426,
    -0.2811064124107361,
    0.6390657424926758,
    -1.3936123847961426,
    1.3257521390914917
  ],
  "CCOCC": [
    1.8701366186141968,
    0.8117499351501465,
    0.04688066989183426,
    -0.12735481560230255,
    -0.8694851994514465,
    -0.5302345752716064,
    1.7648873329162598,
    -0.5045077800750732,
    -0.5051522850990295,
    -0.9097791314125061,
    0.4327062666416168,
    -1.827606201171875,
    -0.6568252444267273,
    0.9340246319770813,
    -0.8617169260978699,
    0.958145022392273
  ],
  "OCC(F)(F)F": [
    1.847983717918396,
    -0.1583094447851181,
    0.09252502024173737,
    -0.1349126398563385,
    -0.10274503380060196,
    -1.7604726552963257,
    0.7976095676422119,
    -0.3056228458881378,
    0.07937145978212357,
    -1.7462594509124756,
    0.600886881351471,
    -0.9625275731086731,
    0.2671627104282379,
    0.8302246928215027,
    -0.940910816192627,
    1.624080777168274
  ],
  "O.OCC(F)(F)F": [
    1.736256718635559,
    -0.7014843225479126,
    -0.06852489709854126,
    0.1768600046634674,
    0.33139562606811523,
    -1.9847255945205688,
    0.4806005358695984,
    -0.10309905558824539,
    -0.15674859285354614,
    -1.5115405321121216,
    0.4339495599269867,
    -0.7139574289321899,
    0.3550686836242676,
    0.8441087603569031,
    -0.9257203340530396,
    1.8311774730682373
  ],
  "CN(C)C(C)=O": [
    2.1606059074401855,
    0.5170606970787048,
    0.46801501512527466,
    -0.10293661803007126,
    -0.10743837803602219,
    -0.8787288665771484,
    1.2475223541259766,
    -0.5163769125938416,
    -0.24221991002559662,
    -1.309805154800415,
    0.25149181485176086,
    -1.7097322940826416,
    -0.4140348434448242,
    0.7437375783920288,
    -1.2290425300598145,
    1.1495521068572998
  ],
  "CCCCCCCCCCO": [
    2.104778289794922,
    0.6031815409660339,
    0.2648915648460388,
    -0.4869164526462555,
    -0.5153587460517883,
    -0.4626619815826416,
    1.4135794639587402,
    -0.49960407614707947,
    -0.46794360876083374,
    -1.0208189487457275,
    0.3921733796596527,
    -1.7784913778305054,
    -0.6009966135025024,
    0.9865587949752808,
    -1.0444272756576538,
    1.1356115341186523
  ],
  "OCC": [
    2.179816961288452,
    0.12572871148586273,
    0.2135998159646988,
    0.04537281394004822,
    0.09173513948917389,
    -1.2306628227233887,
    1.0765080451965332,
    -0.4405568242073059,
    -0.01661633513867855,
    -1.510022759437561,
    0.34510743618011475,
    -1.2484952211380005,
    -0.2653416097164154,
    0.7070633172988892,
    -1.401450753211975,
    1.3583462238311768
  ],
  "C1CCOC1": [
    2.0670084953308105,
    0.6359241008758545,
    0.28401342034339905,
    -0.159565269947052,
    -0.6271756291389465,
    -0.5048070549964905,
    1.5837854146957397,
    -0.45463958382606506,
    -0.2316768616437912,
    -0.968034029006958,
    0.3469432294368744,
    -1.9069581031799316,
    -0.6692698001861572,
    0.7787182331085205,
    -1.1201119422912598,
    0.9709478616714478
  ],
  "[C@H]12CCC([C@H](OC1)O2)=O": [
    2.2328553199768066,
    0.050187982618808746,
    0.44780203700065613,
    0.05722414329648018,
    0.2201194018125534,
    -1.2168551683425903,
    0.9604381322860718,
    -0.4867878258228302,
    -0.11489696055650711,
    -1.3875842094421387,
    0.1967986524105072,
    -1.460969090461731,
    -0.22356832027435303,
    0.6784453392028809,
    -1.291968822479248,
    1.3659021854400635
  ],
  "O=C(OCC)C": [
    2.0620882511138916,
    0.7772120237350464,
    0.23661299049854279,
    -0.13898822665214539,
    -0.6704334616661072,
    -0.6566845178604126,
    1.588731050491333,
    -0.4114414155483246,
    -0.2609604001045227,
    -0.9820507168769836,
    0.4020279347896576,
    -1.8382447957992554,
    -0.6159830689430237,
    0.7488805651664734,
    -1.1321792602539062,
    0.9177311062812805
  ],
  "CC(C)(C)OC": [
    1.8735508918762207,
    0.795674741268158,
    0.015563799999654293,
    -0.22479118406772614,
    -0.9827772974967957,
    -0.6304068565368652,
    1.7895050048828125,
    -0.39153552055358887,
    -0.3242034912109375,
    -0.8957855701446533,
    0.5455089211463928,
    -1.8115290403366089,
    -0.6705293655395508,
    0.937595784664154,
    -0.8454480767250061,
    0.8474147915840149
  ],