{
  "CO": [
    2.0933244228363037,
    -0.23625437915325165,
    -0.012117376551032066,
    0.10155638307332993,
    0.24573156237602234,
    -1.5789062976837158,
    0.5382341742515564,
    -0.37277543544769287,
    0.289914608001709,
    -1.5905358791351318,
    0.39301079511642456,
    -0.8695324659347534,
    -0.0026473759207874537,
    0.819313645362854,
    -1.363834261894226,
    1.571425437927246
  ],
  "OCCO": [
    1.9867236614227295,
    -0.4367663860321045,
    0.17341455817222595,
    0.38595589995384216,
    0.6702966690063477,
    -1.6407989263534546,
    0.6831916570663452,
    -0.2767646312713623,
    -0.18806353211402893,
    -1.4299144744873047,
    0.21720421314239502,
    -1.1063121557235718,
    -0.02301204577088356,
    0.7002187967300415,
    -1.2720344066619873,
    1.5827069282531738
  ],
  "C(C(F)(F)F)(C(F)(F)F)O": [
    1.535915493965149,
    -0.2223329395055771,
    0.05086338147521019,
    -0.22056113183498383,
    -0.5877434015274048,
    -1.6386443376541138,
    0.6541623473167419,
    -0.028422752395272255,
    0.35573703050613403,
    -2.0406486988067627,
    0.4899989366531372,
    -0.916583240032196,
    0.4512168765068054,
    0.7689971923828125,
    -0.5078805088996887,
    1.8786938190460205
  ],
  "O1C(C)CCC1": [
    2.1089305877685547,
    0.7195134162902832,
    0.3050312399864197,
    -0.19774775207042694,
    -0.6235054731369019,
    -0.61024010181427,
    1.5648342370986938,
    -0.4664205312728882,
    -0.3391672372817993,
    -0.9509091377258301,
    0.27886223793029785,
    -1.8367726802825928,
    -0.5624428391456604,
    0.7304272055625916,
    -1.1181331872940063,
    1.0220513343811035
  ],
  "C1CCCCC1": [
    1.939516544342041,
    0.7123351693153381,
    -0.024760885164141655,
    -0.19087538123130798,
    -1.1824538707733154,
    -0.8220779895782471,
    1.6385194063186646,
    -0.26891064643859863,
    -0.29369109869003296,
    -0.7447143793106079,
    0.6641879081726074,
    -1.8220244646072388,
    -0.558284342288971,
    0.934461772441864,
    -0.8238515257835388,
    0.8660919666290283
  ],
  "CC(O)C": [
    2.086733818054199,
    0.3370817005634308,
    0.32402724027633667,
    -0.0352228619158268,
    -0.13341662287712097,
    -1.089857578277588,
    1.3023563623428345,
    -0.4584483504295349,
    -0.0035377948079258204,
    -1.413434386253357,
    0.2597454786300659,
    -1.5287256240844727,
    -0.31183621287345886,
    0.7173901200294495,
    -1.309020757675171,
    1.2853007316589355
  ],
  "O.CC#N": [
    1.8396509885787964,
    -0.6015667915344238,
    0.02060716040432453,
    0.2579137682914734,
    0.26762890815734863,
    -1.859114170074463,
    0.5618253350257874,
    -0.043965525925159454,
    -0.15889476239681244,
    -1.4665063619613647,
    0.42870423197746277,
    -1.0462337732315063,
    0.23861736059188843,
    0.7816218137741089,
    -0.9810227155685425,
    1.7822571992874146
  ],
  "CC#N": [
    2.2067787647247314,
    0.22697551548480988,
    0.2574208676815033,
    0.04507628455758095,
    -0.11254297941923141,
    -1.0921828746795654,
    1.1396119594573975,
    -0.43298786878585815,
    0.045871417969465256,
    -1.4543946981430054,
    0.45390838384628296,
    -1.484626054763794,
    -0.27761906385421753,
    0.5809024572372437,
    -1.3465498685836792,
    1.2711846828460693
  ],
  "CC#N.CC(=O)O": [
    2.1907362937927246,
    0.08641715347766876,
    0.22255702316761017,
    0.014517058618366718,
    -0.047474417835474014,
    -1.2292935848236084,
    0.9731563329696655,
    -0.41238933801651,
    0.17577151954174042,
    -1.4817694425582886,
    0.47626855969429016,
    -1.3271958827972412,
    -0.26108646392822266,
    0.6776643395423889,
    -1.3934075832366943,
    1.3622037172317505
  ],
  "CCOCC": [
    1.8599144220352173,
    0.7890113592147827,
    0.041038814932107925,
    -0.13586528599262238,
    -0.9445474743843079,
    -0.4989257752895355,
    1.7683815956115723,
    -0.49038851261138916,
    -0.4348165988922119,
    -0.8917604684829712,
    0.42374300956726074,
    -1.86545729637146,
    -0.6726328730583191,
    0.9205483794212341,
    -0.8137302994728088,
    0.9701084494590759
  ],
  "OCC(F)(F)F": [
    1.8177330493927002,
    -0.2894083857536316,
    0.08301540464162827,
    -0.0842362642288208,
    -0.12225991487503052,
    -1.7908713817596436,
    0.7084305882453918,
    -0.26365453004837036,
    0.17153477668762207,
    -1.7490034103393555,
    0.5906959176063538,
    -0.944563090801239,
    0.30791211128234863,
    0.9020993113517761,
    -0.9308128356933594,
    1.6205320358276367
  ],
  "O.OCC(F)(F)F": [
    1.6245824098587036,
    -0.7775364518165588,
    -0.046960122883319855,
    0.22229714691638947,
    0.3103345036506653,
    -2.0358054637908936,
    0.4542546272277832,
    0.07085056602954865,
    -0.24418862164020538,
    -1.4897202253341675,
    0.4769997000694275,
    -0.780319333076477,
    0.37272587418556213,
    0.8987088799476624,
    -0.860081136226654,
    1.8261934518814087
  ],
  "CN(C)C(C)=O": [
    2.232004165649414,
    0.4765118956565857,
    0.49508166313171387,
    -0.1834065020084381,
    -0.07004452496767044,
    -0.842456042766571,
    1.1664634943008423,
    -0.5010877251625061,
    -0.1517421007156372,
    -1.3332840204238892,
    0.24380643665790558,
    -1.6398804187774658,
    -0.43723151087760925,
    0.7048779129981995,
    -1.2954399585723877,
    1.162814736366272
  ],
  "CCCCCCCCCCO": [
    2.1017372608184814,
    0.6405898332595825,
    0.27287226915359497,
    -0.4674949645996094,
    -0.5048536062240601,
    -0.4514847695827484,
    1.3944004774093628,
    -0.48455554246902466,
    -0.4838367700576782,
    -1.0395746231079102,
    0.4316374659538269,
    -1.7954188585281372,
    -0.6302241086959839,
    0.9878128170967102,
    -1.0380855798721313,
    1.0898890495300293
  ],
  "OCC": [
    2.165583610534668,
    0.13078510761260986,
    0.22045424580574036,
    0.011047324165701866,
    0.08031788468360901,
    -1.2489227056503296,
    1.094964623451233,
    -0.3983601927757263,
    -0.013918189331889153,
    -1.4895334243774414,
    0.3454541563987732,
    -1.2641266584396362,
    -0.27272453904151917,
    0.6993623375892639,
    -1.4029343128204346,
    1.3720555305480957
  ],
  "C1CCOC1": [
    1.9969964027404785,
    0.6876582503318787,
    0.22477690875530243,
    -0.10798505693674088,
    -0.6741419434547424,
    -0.44217759370803833,
    1.6184500455856323,
    -0.4948672652244568,
    -0.33515211939811707,
    -0.9139230847358704,
    0.4205799102783203,
    -1.9451789855957031,
    -0.707222044467926,
    0.812548041343689,
    -1.0678898096084595,
    0.9510090351104736
  ],
  "[C@H]12CCC([C@H](OC1)O2)=O": [
    2.2841711044311523,
    0.028341397643089294,
    0.40758198499679565,
    0.04909598454833031,
    0.2725067734718323,
    -1.1772780418395996,
    0.8977683782577515,
    -0.4749166965484619,
    -0.08317560702562332,
    -1.3586509227752686,
    0.25963282585144043,
    -1.4188424348831177,
    -0.2786179780960083,
    0.6580711603164673,
    -1.382800579071045,
    1.3431259393692017
  ],
  "O=C(OCC)C": [
    1.9556756019592285,
    0.8139153122901917,
    0.14152896404266357,
    -0.09832584857940674,
    -0.7984820008277893,
    -0.48191988468170166,
    1.6919236183166504,
    -0.4772745370864868,
    -0.37188538908958435,
    -0.8955482840538025,
    0.3657785952091217,
    -1.8520591259002686,
    -0.7165892124176025,
    0.829730212688446,
    -1.032379388809204,
    0.950407087802887
  ],
  "CC(C)(C)OC": [
    1.7212382555007935,
    0.7605831623077393,
    -0.09947729855775833,
    -0.3829231858253479,
    -1.1123576164245605,
    -0.5009596943855286,
    1.8420742750167847,
    -0.4720628261566162,
    -0.35123714804649353,
    -0.8833794593811035,
    0.49222540855407715,
    -1.7675790786743164,
    -0.6762198209762573,
    1.159259557723999,
    -0.6398994326591492,
    0.9376876354217529
  ],