{
  "CO": [
    1.2489298582077026,
    -1.0213685035705566,
    0.324198842048645,
    -0.4084616005420685,
    1.0393191576004028,
    -0.6041259765625,
    0.1284860372543335,
    -0.4844086766242981,
    -0.5471527576446533,
    -1.0283163785934448,
    1.4810233116149902,
    -0.7992400527000427,
    0.5624008774757385,
    0.7182580232620239,
    -2.076768159866333,
    1.4570379257202148
  ],
  "OCCO": [
    1.331282615661621,
    -1.0019972324371338,
    0.4110364615917206,
    -0.1594892293214798,
    1.3931150436401367,
    -0.6168486475944519,
    0.02726147323846817,
    -0.49904364347457886,
    -0.8343472480773926,
    -0.8568443655967712,
    1.529854416847229,
    -1.0162608623504639,
    0.4557068645954132,
    0.5779402852058411,
    -1.9350459575653076,
    1.1819123029708862
  ],
  "C(C(F)(F)F)(C(F)(F)F)O": [
    1.2725775241851807,
    -0.7619220614433289,
    0.08963009715080261,
    -0.7635636925697327,
    0.6381602883338928,
    -0.6659691333770752,
    0.35979488492012024,
    -0.3542957901954651,
    -0.465090811252594,
    -1.594802975654602,
    1.8007478713989258,
    -0.6025393605232239,
    0.6085638403892517,
    0.624733030796051,
    -1.6738849878311157,
    1.4805234670639038
  ],
  "O1C(C)CCC1": [
    1.4174983501434326,
    -0.2914705276489258,
    0.560828447341919,
    -0.5321171879768372,
    0.3046170175075531,
    0.00791137758642435,
    1.134087085723877,
    -0.4170742928981781,
    -1.5295199155807495,
    -0.5620471835136414,
    1.2815195322036743,
    -1.6786205768585205,
    0.0014492195332422853,
    1.0518187284469604,
    -1.6645622253417969,
    0.9082406163215637
  ],
  "C1CCCCC1": [
    1.291481852531433,
    -0.275898814201355,
    0.1327873170375824,
    -0.6047504544258118,
    -0.33907559514045715,
    -0.5085468292236328,
    1.4033440351486206,
    0.05487426370382309,
    -1.4238975048065186,
    -0.44671913981437683,
    1.5263216495513916,
    -1.731406569480896,
    0.007827416993677616,
    1.3266785144805908,
    -1.2533011436462402,
    0.8368274569511414
  ],
  "CC(O)C": [
    1.3809934854507446,
    -0.4778249263763428,
    0.5889806151390076,
    -0.43832215666770935,
    0.8715385794639587,
    -0.1899847835302353,
    0.4095019996166229,
    -0.6259930729866028,
    -1.2457386255264282,
    -0.9819788336753845,
    1.6175017356872559,
    -1.26435387134552,
    0.3416542410850525,
    0.7910908460617065,
    -1.848207712173462,
    1.0602160692214966
  ],
  "O.CC#N": [
    1.2976409196853638,
    -1.1855812072753906,
    0.17140862345695496,
    -0.33600738644599915,
    1.0485728979110718,
    -0.6969118714332581,
    -0.032993290573358536,
    -0.3211464285850525,
    -0.7035235166549683,
    -0.8549906611442566,
    1.6757628917694092,
    -0.8273297548294067,
    0.5224507451057434,
    0.6984853148460388,
    -1.893107295036316,
    1.4270477294921875
  ],
  "CC#N": [
    1.4282268285751343,
    -0.7137511372566223,
    0.5462998747825623,
    -0.3756507337093353,
    0.8081293106079102,
    -0.123274065554142,
    0.33016884326934814,
    -0.5970162749290466,
    -0.8661473393440247,
    -1.070611596107483,
    1.5758025646209717,
    -1.2342612743377686,
    0.45415326952934265,
    0.6031582951545715,
    -1.991641640663147,
    1.2151176929473877
  ],
  "CC#N.CC(=O)O": [
    1.4091604948043823,
    -0.7722547054290771,
    0.4681221842765808,
    -0.3847941756248474,
    0.8254956603050232,
    -0.1808728277683258,
    0.2326417863368988,
    -0.6594558358192444,
    -0.6980723142623901,
    -1.1174745559692383,
    1.660727858543396,
    -1.0589863061904907,
    0.39564400911331177,
    0.6884731650352478,
    -2.037789821624756,
    1.218459963798523
  ],
  "CCOCC": [
    1.316650629043579,
    -0.2439378947019577,
    0.3279123902320862,
    -0.5753263235092163,
    0.014001226983964443,
    -0.17159169912338257,
    1.469468593597412,
    -0.35736048221588135,
    -1.6751857995986938,
    -0.44455307722091675,
    1.353070855140686,
    -1.6215901374816895,
    0.032057493925094604,
    1.1715054512023926,
    -1.4178820848464966,
    0.8175880908966064
  ],
  "OCC(F)(F)F": [
    1.2578046321868896,
    -0.8350915312767029,
    0.31690847873687744,
    -0.7484696507453918,
    0.6603538990020752,
    -0.7147494554519653,
    0.45875784754753113,
    -0.5852706432342529,
    -0.7507474422454834,
    -1.3405251502990723,
    1.780379295349121,
    -0.6919881105422974,
    0.7559695243835449,
    0.8139892816543579,
    -1.6531246900558472,
    1.267982840538025
  ],
  "O.OCC(F)(F)F": [
    1.0366142988204956,
    -1.2614314556121826,
    0.10239265859127045,
    -0.5436537861824036,
    0.9456599354743958,
    -0.8530323505401611,
    0.19758501648902893,
    -0.19029773771762848,
    -0.8602094650268555,
    -1.030056118965149,
    1.8969320058822632,
    -0.7272527813911438,
    0.7687065601348877,
    0.7224937081336975,
    -1.569117546081543,
    1.3566802740097046
  ],
  "CN(C)C(C)=O": [
    1.3844947814941406,
    -0.38803696632385254,
    0.7810037732124329,
    -0.4895045757293701,
    0.7931474447250366,
    -0.06462331116199493,
    0.5288733243942261,
    -0.6154943704605103,
    -1.3698303699493408,
    -0.883208155632019,
    1.4460399150848389,
    -1.5242234468460083,
    0.23122988641262054,
    0.9045794010162354,
    -1.7179921865463257,
    0.9731230139732361
  ],
  "CCCCCCCCCCO": [
    1.3730827569961548,
    -0.18540537357330322,
    0.2624148428440094,
    -0.9318996667861938,
    0.2837010622024536,
    0.15202635526657104,
    1.1469035148620605,
    -0.4147511422634125,
    -1.6614328622817993,
    -0.46098580956459045,
    1.4372508525848389,
    -1.440614104270935,
    -0.18575097620487213,
    1.3701364994049072,
    -1.4480153322219849,
    0.6985143423080444
  ],
  "OCC": [
    1.3436397314071655,
    -0.6960039138793945,
    0.5730851888656616,
    -0.4021216630935669,
    0.8803852200508118,
    -0.12392516434192657,
    0.541312575340271,
    -0.683224618434906,
    -0.8971633911132812,
    -1.1193896532058716,
    1.4597563743591309,
    -1.1874477863311768,
    0.4252891540527344,
    0.7829528450965881,
    -2.0204567909240723,
    1.1131402254104614
  ],
  "C1CCOC1": [
    1.3293309211730957,
    -0.3746935725212097,
    0.49476033449172974,
    -0.5074324011802673,
    0.2360713630914688,
    0.08122814446687698,
    1.1991854906082153,
    -0.3960433900356293,
    -1.5186232328414917,
    -0.4868347942829132,
    1.3985432386398315,
    -1.7450963258743286,
    -0.05661958083510399,
    1.0799033641815186,
    -1.5965824127197266,
    0.855941891670227
  ],
  "[C@H]12CCC([C@H](OC1)O2)=O": [
    1.4625147581100464,
    -0.7345075011253357,
    0.7408527731895447,
    -0.3420584499835968,
    1.0511672496795654,
    -0.19418960809707642,
    0.0963483676314354,
    -0.6957466006278992,
    -0.9363812804222107,
    -0.9662628769874573,
    1.5615843534469604,
    -1.3655614852905273,
    0.4295231103897095,
    0.6975576877593994,
    -1.8118606805801392,
    0.9949110150337219
  ],
  "O=C(OCC)C": [
    1.3595339059829712,
    -0.27892398834228516,
    0.42193886637687683,
    -0.4924365282058716,
    0.20495450496673584,
    -0.0036829763557761908,
    1.2511143684387207,
    -0.38629409670829773,
    -1.5184837579727173,
    -0.5461655855178833,
    1.4057303667068481,
    -1.6363056898117065,
    -0.04539114981889725,
    1.070042371749878,
    -1.6761082410812378,
    0.8636459708213806
  ],
  "CC(C)(C)OC": [
    1.2708947658538818,
    -0.2128801792860031,
    0.15969738364219666,
    -0.6767929196357727,
    -0.239431694149971,
    -0.24957869946956635,
    1.6993638277053833,
    -0.16425839066505432,
    -1.5727792978286743,
    -0.40019622445106506,
    1.352291226387024,
    -1.5759152173995972,
    -0.09070534259080887,
    1.3032588958740234,
    -1.3155330419540405,
    0.7100017666816711
  ],