{
  "CO": [
    2.0154740810394287,
    -0.2472265064716339,
    0.05069049075245857,
    0.0810018926858902,
    0.18554016947746277,
    -1.6918522119522095,
    0.6087738871574402,
    -0.4154396057128906,
    0.23271718621253967,
    -1.5683660507202148,
    0.4347476661205292,
    -0.831746518611908,
    0.06058035418391228,
    0.776366114616394,
    -1.3026167154312134,
    1.6359783411026
  ],
  "OCCO": [
    1.9890906810760498,
    -0.4518320560455322,
    0.16298967599868774,
    0.41755783557891846,
    0.6167616844177246,
    -1.6869487762451172,
    0.6714926958084106,
    -0.2938527464866638,
    -0.20384357869625092,
    -1.422048568725586,
    0.3173096477985382,
    -1.1802635192871094,
    0.02326122485101223,
    0.7147082686424255,
    -1.1879814863204956,
    1.5379886627197266
  ],
  "C(C(F)(F)F)(C(F)(F)F)O": [
    1.5812580585479736,
    -0.23022626340389252,
    0.09325096756219864,
    -0.22557401657104492,
    -0.5216400623321533,
    -1.6680502891540527,
    0.606657862663269,
    -0.16254055500030518,
    0.19423508644104004,
    -2.075566530227661,
    0.784651517868042,
    -0.8854902386665344,
    0.5434563159942627,
    0.7180578112602234,
    -0.47275230288505554,
    1.742342472076416
  ],
  "O1C(C)CCC1": [
    1.9934595823287964,
    0.7709102630615234,
    0.22981463372707367,
    -0.14737582206726074,
    -0.7259573340415955,
    -0.45222556591033936,
    1.6213098764419556,
    -0.5023419857025146,
    -0.4262654483318329,
    -0.8947092294692993,
    0.34484556317329407,
    -1.9151113033294678,
    -0.6694127917289734,
    0.8045242428779602,
    -1.0120271444320679,
    1.00228750705719
  ],
  "C1CCCCC1": [
    1.9166358709335327,
    0.7126864790916443,
    -0.022773928940296173,
    -0.19620664417743683,
    -1.2019052505493164,
    -0.7865843176841736,
    1.6460996866226196,
    -0.27239805459976196,
    -0.30691125988960266,
    -0.721828281879425,
    0.722892165184021,
    -1.833251953125,
    -0.5845395922660828,
    0.9254482984542847,
    -0.8211907148361206,
    0.8458107113838196
  ],
  "CC(O)C": [
    2.2009150981903076,
    0.3593665063381195,
    0.3253535032272339,
    -0.11027220636606216,
    -0.07908575236797333,
    -1.082642912864685,
    1.0894429683685303,
    -0.47820913791656494,
    0.0147901251912117,
    -1.4811902046203613,
    0.3963259160518646,
    -1.4163155555725098,
    -0.3744453489780426,
    0.7293728590011597,
    -1.3239455223083496,
    1.2579511404037476
  ],
  "O.CC#N": [
    1.9883917570114136,
    -0.6433696746826172,
    -0.08362317830324173,
    0.18980342149734497,
    0.24306118488311768,
    -1.8095042705535889,
    0.3427988588809967,
    -0.029226308688521385,
    -0.001236738171428442,
    -1.4288841485977173,
    0.4429304599761963,
    -0.9790897965431213,
    0.15097913146018982,
    0.8425939083099365,
    -0.984981119632721,
    1.7779957056045532
  ],
  "CC#N": [
    2.2583088874816895,
    0.213515967130661,
    0.2926361560821533,
    -0.04341038689017296,
    -0.11194703727960587,
    -1.1033533811569214,
    1.0637602806091309,
    -0.4208281636238098,
    0.14255784451961517,
    -1.4473563432693481,
    0.4062323570251465,
    -1.4380362033843994,
    -0.286322683095932,
    0.5859453082084656,
    -1.3659465312957764,
    1.2797540426254272
  ],
  "CC#N.CC(=O)O": [
    2.167158842086792,
    0.12003128975629807,
    0.22042837738990784,
    0.01896054670214653,
    -0.13753095269203186,
    -1.201902151107788,
    1.0265393257141113,
    -0.434306263923645,
    0.2134702354669571,
    -1.5017861127853394,
    0.5011508464813232,
    -1.3771545886993408,
    -0.22785143554210663,
    0.6455361843109131,
    -1.3544538021087646,
    1.3469035625457764
  ],
  "CCOCC": [
    1.8374263048171997,
    0.7226094007492065,
    0.0789671391248703,
    -0.28738704323768616,
    -1.0055042505264282,
    -0.4124072790145874,
    1.7969423532485962,
    -0.47478243708610535,
    -0.28791114687919617,
    -0.9545668363571167,
    0.3427676260471344,
    -1.8401919603347778,
    -0.6446102857589722,
    0.939056932926178,
    -0.819312572479248,
    1.0328395366668701
  ],
  "OCC(F)(F)F": [
    1.8070447444915771,
    -0.2161405086517334,
    0.048293571919202805,
    -0.0930880606174469,
    -0.20063412189483643,
    -1.7744370698928833,
    0.6924118399620056,
    -0.17064745724201202,
    0.16713659465312958,
    -1.7909927368164062,
    0.5099425911903381,
    -0.9838880300521851,
    0.30943816900253296,
    0.8065498471260071,
    -0.8219197392463684,
    1.7349437475204468
  ],
  "O.OCC(F)(F)F": [
    1.5907882452011108,
    -0.7696830034255981,
    -0.07977224141359329,
    0.1981825828552246,
    0.29322630167007446,
    -2.0585875511169434,
    0.4375952184200287,
    0.06504157185554504,
    -0.20121514797210693,
    -1.4719456434249878,
    0.48956218361854553,
    -0.7837367057800293,
    0.3792353570461273,
    0.909993588924408,
    -0.8380986452102661,
    1.8599531650543213
  ],
  "CN(C)C(C)=O": [
    2.1903603076934814,
    0.552404522895813,
    0.47337934374809265,
    -0.15688291192054749,
    -0.15820229053497314,
    -0.8078228235244751,
    1.2253986597061157,
    -0.5415782928466797,
    -0.24540506303310394,
    -1.2813918590545654,
    0.3228893578052521,
    -1.7367098331451416,
    -0.4371279180049896,
    0.7253380417823792,
    -1.2172095775604248,
    1.1174397468566895
  ],
  "CCCCCCCCCCO": [
    2.081146478652954,
    0.6965597867965698,
    0.20765036344528198,
    -0.38950175046920776,
    -0.5244728922843933,
    -0.4539497494697571,
    1.4447286128997803,
    -0.5438880920410156,
    -0.5310414433479309,
    -1.0124530792236328,
    0.5320572853088379,
    -1.8154308795928955,
    -0.6398243308067322,
    0.9772161841392517,
    -1.0040172338485718,
    0.9981305003166199
  ],
  "OCC": [
    2.1880972385406494,
    0.14131872355937958,
    0.2406320720911026,
    -0.016970716416835785,
    0.04517007991671562,
    -1.2253577709197998,
    1.0557265281677246,
    -0.4545741379261017,
    0.027508368715643883,
    -1.4931293725967407,
    0.38790661096572876,
    -1.2641664743423462,
    -0.27058765292167664,
    0.6962291598320007,
    -1.3939917087554932,
    1.3637768030166626
  ],
  "C1CCOC1": [
    2.0533432960510254,
    0.6689942479133606,
    0.30717626214027405,
    -0.15565350651741028,
    -0.6292552947998047,
    -0.5490581393241882,
    1.5624234676361084,
    -0.4201359748840332,
    -0.26348260045051575,
    -0.9261996746063232,
    0.44846802949905396,
    -1.9569436311721802,
    -0.6645771861076355,
    0.6991127133369446,
    -1.1124385595321655,
    0.9603794813156128
  ],
  "[C@H]12CCC([C@H](OC1)O2)=O": [
    2.3018710613250732,
    0.10831267386674881,
    0.4279598295688629,
    0.03726084530353546,
    0.1858360469341278,
    -1.1449626684188843,
    0.9229516983032227,
    -0.536159873008728,
    -0.11354181915521622,
    -1.3854800462722778,
    0.290851354598999,
    -1.4904606342315674,
    -0.26922112703323364,
    0.6697786450386047,
    -1.2758326530456543,
    1.2957907915115356
  ],
  "O=C(OCC)C": [
    2.050302028656006,
    0.7783588171005249,
    0.1687774658203125,
    -0.11612959951162338,
    -0.6635022163391113,
    -0.4982818365097046,
    1.5928758382797241,
    -0.4318913221359253,
    -0.23105290532112122,
    -0.9700031280517578,
    0.4440700113773346,
    -1.837384819984436,
    -0.7392318248748779,
    0.7310558557510376,
    -1.1754961013793945,
    0.921281099319458
  ],
  "CC(C)(C)OC": [
    1.8804175853729248,
    0.8017020225524902,
    0.03515039384365082,
    -0.28360670804977417,
    -1.0105279684066772,
    -0.5822196006774902,
    1.7937361001968384,
    -0.3848161995410919,
    -0.3144637644290924,
    -0.8855013251304626,
    0.5563219785690308,
    -1.8021115064620972,
    -0.6771101355552673,
    0.8848687410354614,
    -0.8570345640182495,
    0.8707032203674316
  ],