{
  "CO": [
    1.2368977069854736,
    -0.8761920928955078,
    0.44275081157684326,
    -0.3797248303890228,
    0.807799756526947,
    -0.6996883153915405,
    0.5582045912742615,
    -0.6436262726783752,
    -0.4670809209346771,
    -0.9993084669113159,
    1.5281647443771362,
    -1.343139410018921,
    0.5053434371948242,
    0.7379644513130188,
    -1.8376275300979614,
    1.4176721572875977
  ],
  "OCCO": [
    1.578169584274292,
    -0.5834873914718628,
    0.4552982747554779,
    -0.26745593547821045,
    1.2078773975372314,
    -0.583390474319458,
    0.41861799359321594,
    -0.8365579843521118,
    -0.7668503522872925,
    -1.0261776447296143,
    1.4364714622497559,
    -1.36961829662323,
    0.39615243673324585,
    0.5295711755752563,
    -1.7275501489639282,
    1.1252758502960205
  ],
  "C(C(F)(F)F)(C(F)(F)F)O": [
    1.3786996603012085,
    -0.45391029119491577,
    0.09524968266487122,
    -0.7741109728813171,
    0.48246315121650696,
    -0.7376464009284973,
    0.6350465416908264,
    -0.4515526294708252,
    -0.19567148387432098,
    -1.7156615257263184,
    1.6893386840820312,
    -1.0123549699783325,
    0.5094135999679565,
    0.4935319125652313,
    -1.4854040145874023,
    1.5347687005996704
  ],
  "O1C(C)CCC1": [
    1.4140541553497314,
    0.0439436212182045,
    0.4058288335800171,
    -0.43973591923713684,
    0.0808631032705307,
    -0.04007644206285477,
    1.4371461868286133,
    -0.6634994745254517,
    -1.338446021080017,
    -0.57076096534729,
    1.1465269327163696,
    -1.9314873218536377,
    -0.1665233075618744,
    1.01669180393219,
    -1.4092423915863037,
    1.0064293146133423
  ],
  "C1CCCCC1": [
    1.2335362434387207,
    0.23147182166576385,
    -0.44862100481987,
    -1.0149106979370117,
    -0.6140055060386658,
    -0.5295009016990662,
    1.5616365671157837,
    -0.3509114682674408,
    -0.9827351570129395,
    -0.24341577291488647,
    0.8471804261207581,
    -1.7361526489257812,
    -0.5903897881507874,
    2.0846331119537354,
    -0.1983623057603836,
    0.7539186477661133
  ],
  "CC(O)C": [
    1.369700312614441,
    -0.19252686202526093,
    0.5219825506210327,
    -0.26108840107917786,
    0.6783927083015442,
    -0.2987041175365448,
    0.8697614073753357,
    -0.7946584224700928,
    -1.1078499555587769,
    -1.008478045463562,
    1.5026705265045166,
    -1.7128523588180542,
    0.21831542253494263,
    0.7183493375778198,
    -1.6271029710769653,
    1.1115723848342896
  ],
  "O.CC#N": [
    1.3005565404891968,
    -0.9557548761367798,
    0.1835184395313263,
    -0.24858176708221436,
    0.9721356630325317,
    -0.8977131843566895,
    0.3021860420703888,
    -0.49316155910491943,
    -0.835080623626709,
    -0.9282888770103455,
    1.7459486722946167,
    -1.233288288116455,
    0.6509048342704773,
    0.5052570104598999,
    -1.5296348333358765,
    1.4482769966125488
  ],
  "CC#N": [
    1.515769362449646,
    -0.4478559195995331,
    0.5111392736434937,
    -0.33849337697029114,
    0.751803994178772,
    -0.29740169644355774,
    0.5476959943771362,
    -0.7445109486579895,
    -0.709776759147644,
    -1.104697585105896,
    1.5248008966445923,
    -1.5374253988265991,
    0.3420654833316803,
    0.519542396068573,
    -1.8106368780136108,
    1.2644068002700806
  ],
  "CC#N.CC(=O)O": [
    1.431886076927185,
    -0.4770222008228302,
    0.4512748122215271,
    -0.3174116313457489,
    0.7271286845207214,
    -0.2845593988895416,
    0.5907379984855652,
    -0.7916201949119568,
    -0.6849896311759949,
    -1.1487317085266113,
    1.6227209568023682,
    -1.4735654592514038,
    0.32763516902923584,
    0.5647518038749695,
    -1.8116117715835571,
    1.2602330446243286
  ],
  "CCOCC": [
    1.2708282470703125,
    0.10967186093330383,
    0.16173778474330902,
    -0.4964960813522339,
    -0.20734959840774536,
    -0.2134115993976593,
    1.7159866094589233,
    -0.5878638029098511,
    -1.4309015274047852,
    -0.5147002339363098,
    1.1847182512283325,
    -1.8608535528182983,
    -0.17980527877807617,
    1.1978425979614258,
    -1.1168100833892822,
    0.9623271822929382
  ],
  "OCC(F)(F)F": [
    1.3454474210739136,
    -0.5719379186630249,
    0.28564608097076416,
    -0.5607110857963562,
    0.5371096730232239,
    -0.7638948559761047,
    0.8055037260055542,
    -0.6555036306381226,
    -0.5308759212493896,
    -1.3429235219955444,
    1.551634669303894,
    -1.1736522912979126,
    0.6084078550338745,
    0.6512195467948914,
    -1.6590319871902466,
    1.4640339612960815
  ],
  "O.OCC(F)(F)F": [
    1.0961706638336182,
    -1.0369760990142822,
    0.22557321190834045,
    -0.5862669348716736,
    0.8199182152748108,
    -0.9360846281051636,
    0.5156674385070801,
    -0.28723984956741333,
    -0.6586654186248779,
    -1.1886236667633057,
    1.6609776020050049,
    -1.018794059753418,
    0.743347704410553,
    0.6312400102615356,
    -1.5535022020339966,
    1.5644569396972656
  ],
  "CN(C)C(C)=O": [
    1.511296272277832,
    -0.060845162719488144,
    0.7033796310424805,
    -0.4409683644771576,
    0.6552630662918091,
    -0.17906247079372406,
    0.778954267501831,
    -0.8212237358093262,
    -1.207993745803833,
    -0.8896918296813965,
    1.3462246656417847,
    -1.8035081624984741,
    0.12125388532876968,
    0.7515665292739868,
    -1.532655954360962,
    1.0552291870117188
  ],
  "CCCCCCCCCCO": [
    1.3347749710083008,
    0.12876272201538086,
    0.2121771275997162,
    -0.6998000144958496,
    0.060234393924474716,
    0.0012131002731621265,
    1.3302282094955444,
    -0.7190064191818237,
    -1.5915498733520508,
    -0.4230993390083313,
    1.4099291563034058,
    -1.797855019569397,
    -0.22730815410614014,
    1.3172295093536377,
    -1.0901895761489868,
    0.7475867867469788
  ],
  "OCC": [
    1.4729245901107788,
    -0.41323718428611755,
    0.47515609860420227,
    -0.3571770489215851,
    0.8754875659942627,
    -0.3724098205566406,
    0.5956425666809082,
    -0.8481019139289856,
    -0.8319873809814453,
    -1.0979126691818237,
    1.5140281915664673,
    -1.3455857038497925,
    0.3145333528518677,
    0.6260148286819458,
    -1.8435035943984985,
    1.223226547241211
  ],
  "C1CCOC1": [
    1.3945130109786987,
    -0.041117116808891296,
    0.46284201741218567,
    -0.4351521134376526,
    0.17562651634216309,
    -0.056197553873062134,
    1.3209431171417236,
    -0.5927394032478333,
    -1.2576748132705688,
    -0.5591416954994202,
    1.3110771179199219,
    -2.0188167095184326,
    -0.17000141739845276,
    0.8979130983352661,
    -1.4436938762664795,
    1.002193570137024
  ],
  "[C@H]12CCC([C@H](OC1)O2)=O": [
    1.5619274377822876,
    -0.42881402373313904,
    0.7018048167228699,
    -0.3064303398132324,
    0.9646917581558228,
    -0.293307363986969,
    0.4000762701034546,
    -0.8898536562919617,
    -0.8740046620368958,
    -0.9651871919631958,
    1.452989101409912,
    -1.657921314239502,
    0.3410031199455261,
    0.5570054650306702,
    -1.6560183763504028,
    1.0771946907043457
  ],
  "O=C(OCC)C": [
    1.2542065382003784,
    0.03903069719672203,
    0.2679564654827118,
    -0.40171924233436584,
    -0.16747137904167175,
    0.03115319460630417,
    1.6687870025634766,
    -0.5826465487480164,
    -1.296286702156067,
    -0.48504379391670227,
    1.167992115020752,
    -1.954190969467163,
    -0.3219987452030182,
    1.1390551328659058,
    -1.31658136844635,
    0.9517570734024048
  ],
  "CC(C)(C)OC": [
    1.1252446174621582,
    0.1961338222026825,
    -0.12205750495195389,
    -0.6017302870750427,
    -0.48846203088760376,
    -0.32802513241767883,
    1.9147512912750244,
    -0.4701693654060364,
    -1.3969216346740723,
    -0.3777376413345337,
    1.1351306438446045,
    -1.7517449855804443,
    -0.3576110899448395,
    1.5212137699127197,
    -0.802239716053009,
    0.8035287261009216
  ],