{
  "CO": [
    1.9339874982833862,
    -0.29519933462142944,
    0.043554093688726425,
    0.050920065492391586,
    0.15850692987442017,
    -1.4849151372909546,
    0.8735214471817017,
    -0.47106093168258667,
    0.15091904997825623,
    -1.5841659307479858,
    0.6305792331695557,
    -1.1185420751571655,
    0.1431870460510254,
    0.6977030634880066,
    -1.3075836896896362,
    1.5924122333526611
  ],
  "OCCO": [
    1.918723225593567,
    -0.5456011295318604,
    0.0996461734175682,
    0.3943883180618286,
    0.7720718383789062,
    -1.5397207736968994,
    0.6841084957122803,
    -0.2651119828224182,
    -0.26684537529945374,
    -1.3919992446899414,
    0.47553032636642456,
    -1.20549738407135,
    0.01921316608786583,
    0.6521173715591431,
    -1.3429079055786133,
    1.5543416738510132
  ],
  "C(C(F)(F)F)(C(F)(F)F)O": [
    1.6435766220092773,
    -0.25311893224716187,
    -0.022967500612139702,
    -0.2680491805076599,
    -0.21988172829151154,
    -1.5565581321716309,
    0.5473259687423706,
    -0.06767122447490692,
    0.4494354724884033,
    -2.1223995685577393,
    0.6336939334869385,
    -0.9858856201171875,
    0.4771921634674072,
    0.5875891447067261,
    -0.6284323334693909,
    1.799028754234314
  ],
  "O1C(C)CCC1": [
    1.9103896617889404,
    0.7198160290718079,
    0.1864245980978012,
    -0.1292748898267746,
    -0.49700167775154114,
    -0.5088099241256714,
    1.5644785165786743,
    -0.5637071132659912,
    -0.45088818669319153,
    -1.0204784870147705,
    0.5300702452659607,
    -1.9528310298919678,
    -0.5915025472640991,
    0.8882641196250916,
    -1.0728094577789307,
    1.0023138523101807
  ],
  "C1CCCCC1": [
    1.924533486366272,
    0.5794474482536316,
    0.054762307554483414,
    -0.30165132880210876,
    -0.9343263506889343,
    -0.8643246293067932,
    1.4800022840499878,
    -0.2078883945941925,
    -0.25230318307876587,
    -0.8884819746017456,
    0.8171573281288147,
    -1.9732639789581299,
    -0.390238493680954,
    0.9147341251373291,
    -0.9017101526260376,
    0.9567298889160156
  ],
  "CC(O)C": [
    1.9575133323669434,
    0.31874409317970276,
    0.2517244815826416,
    -0.08924661576747894,
    -0.11193215847015381,
    -0.9556162357330322,
    1.3649816513061523,
    -0.4700624644756317,
    -0.010671580210328102,
    -1.4698423147201538,
    0.37117114663124084,
    -1.6154879331588745,
    -0.2637521028518677,
    0.7355866432189941,
    -1.3268991708755493,
    1.3304030895233154
  ],
  "O.CC#N": [
    1.7314075231552124,
    -0.731442391872406,
    0.02471204660832882,
    0.20074166357517242,
    0.3541797995567322,
    -1.7083585262298584,
    0.6400418877601624,
    -0.031640760600566864,
    -0.1361423283815384,
    -1.5039355754852295,
    0.5608025193214417,
    -1.1192047595977783,
    0.3335458040237427,
    0.6830841898918152,
    -1.0984264612197876,
    1.8109134435653687
  ],
  "CC#N": [
    2.1162867546081543,
    0.12494748830795288,
    0.2561914622783661,
    0.0027137715369462967,
    -0.014922073110938072,
    -1.0211331844329834,
    1.1595896482467651,
    -0.4007224440574646,
    0.0950561910867691,
    -1.4255998134613037,
    0.4686468541622162,
    -1.5748677253723145,
    -0.19051288068294525,
    0.5253498554229736,
    -1.4471906423568726,
    1.3395817279815674
  ],
  "CC#N.CC(=O)O": [
    2.108936309814453,
    0.013804661110043526,
    0.16865821182727814,
    0.002657337114214897,
    0.04627799987792969,
    -1.0955696105957031,
    0.9913855791091919,
    -0.47114449739456177,
    0.1722949743270874,
    -1.5481873750686646,
    0.6451025605201721,
    -1.374991536140442,
    -0.18618689477443695,
    0.6278123259544373,
    -1.4534339904785156,
    1.366573452949524
  ],
  "CCOCC": [
    1.7448222637176514,
    0.7089285850524902,
    0.010556623339653015,
    -0.2511833608150482,
    -0.8498111963272095,
    -0.4610287547111511,
    1.7472211122512817,
    -0.5306850671768188,
    -0.4228192865848541,
    -0.9391112327575684,
    0.4929254353046417,
    -1.9370200634002686,
    -0.6077650785446167,
    1.1070793867111206,
    -0.7887622117996216,
    0.993057131767273
  ],
  "OCC(F)(F)F": [
    1.788806438446045,
    -0.3071412444114685,
    0.0064379433169960976,
    -0.09612081199884415,
    -0.04332809895277023,
    -1.661005973815918,
    0.7794178128242493,
    -0.2567806839942932,
    0.07634393870830536,
    -1.7844715118408203,
    0.7421718835830688,
    -1.0753010511398315,
    0.3732624053955078,
    0.7735604047775269,
    -0.9409650564193726,
    1.639892816543579
  ],
  "O.OCC(F)(F)F": [
    1.6951066255569458,
    -0.6873525977134705,
    -0.07112517952919006,
    0.0027101957239210606,
    0.23101358115673065,
    -1.8492358922958374,
    0.6038047671318054,
    -0.07522805780172348,
    -0.046781111508607864,
    -1.7266407012939453,
    0.629461407661438,
    -0.8975812196731567,
    0.4925405979156494,
    0.6857448220252991,
    -0.7692151069641113,
    1.796404242515564
  ],
  "CN(C)C(C)=O": [
    2.0888795852661133,
    0.520465075969696,
    0.43791234493255615,
    -0.14869366586208344,
    -0.02742607146501541,
    -0.725940465927124,
    1.1694434881210327,
    -0.5673616528511047,
    -0.3068573474884033,
    -1.3259137868881226,
    0.5216959118843079,
    -1.839526653289795,
    -0.41572147607803345,
    0.7603335976600647,
    -1.2362959384918213,
    1.1087552309036255
  ],
  "CCCCCCCCCCO": [
    1.9180506467819214,
    0.683256208896637,
    0.15650928020477295,
    -0.33267366886138916,
    -0.38819876313209534,
    -0.49681830406188965,
    1.4408597946166992,
    -0.6230908036231995,
    -0.652730405330658,
    -0.9821280241012573,
    0.7285118103027344,
    -1.900775671005249,
    -0.6205945611000061,
    1.1145496368408203,
    -0.9669538736343384,
    0.9372193217277527
  ],
  "OCC": [
    2.100287675857544,
    0.03283512964844704,
    0.16672952473163605,
    -0.005555283278226852,
    0.22342802584171295,
    -1.0912597179412842,
    1.0750013589859009,
    -0.42961549758911133,
    -0.0532786063849926,
    -1.5311475992202759,
    0.5797998905181885,
    -1.372719168663025,
    -0.21761880815029144,
    0.6743744015693665,
    -1.4700560569763184,
    1.334782600402832
  ],
  "C1CCOC1": [
    1.8956879377365112,
    0.5807284116744995,
    0.17170022428035736,
    -0.12230763584375381,
    -0.5448905825614929,
    -0.3792477250099182,
    1.5969902276992798,
    -0.5244285464286804,
    -0.30098074674606323,
    -0.9863290190696716,
    0.5489144921302795,
    -2.0223169326782227,
    -0.6850414276123047,
    0.8938192129135132,
    -1.0935348272323608,
    0.9851940274238586
  ],
  "[C@H]12CCC([C@H](OC1)O2)=O": [
    2.2065272331237793,
    0.001109514618292451,
    0.3763241469860077,
    0.048728276044130325,
    0.3229283094406128,
    -1.024026870727539,
    0.9320106506347656,
    -0.5264899134635925,
    -0.13072161376476288,
    -1.425841212272644,
    0.486693799495697,
    -1.601717472076416,
    -0.2187378853559494,
    0.639889121055603,
    -1.3445754051208496,
    1.2711665630340576
  ],
  "O=C(OCC)C": [
    1.8016490936279297,
    0.7298561334609985,
    0.05527526140213013,
    -0.10151980817317963,
    -0.7070091962814331,
    -0.4351200461387634,
    1.7261570692062378,
    -0.5219451189041138,
    -0.34241196513175964,
    -0.9702906012535095,
    0.5057831406593323,
    -1.9507302045822144,
    -0.6974917650222778,
    0.9503852725028992,
    -0.9862244725227356,
    0.9596574902534485
  ],
  "CC(C)(C)OC": [
    1.6871248483657837,
    0.7706195712089539,
    -0.11869311332702637,
    -0.23252497613430023,
    -0.9032210111618042,
    -0.6234574913978577,
    1.8156863451004028,
    -0.47676989436149597,
    -0.4722195267677307,
    -0.8760718107223511,
    0.6732083559036255,
    -1.8497765064239502,
    -0.6248993873596191,
    1.1077113151550293,
    -0.7692689895629883,
    0.9106482863426208
  ],