{
  "CO": [
    1.9722398519515991,
    -0.3221469819545746,
    0.054169341921806335,
    0.11322413384914398,
    0.2045835554599762,
    -1.5964114665985107,
    0.7468349933624268,
    -0.44337472319602966,
    0.060817569494247437,
    -1.4794368743896484,
    0.566612184047699,
    -1.009557843208313,
    0.11379937082529068,
    0.736200749874115,
    -1.34803307056427,
    1.6464022397994995
  ],
  "OCCO": [
    2.020447254180908,
    -0.4767264425754547,
    0.19777318835258484,
    0.3092228174209595,
    0.6692067980766296,
    -1.5454202890396118,
    0.701603353023529,
    -0.32979699969291687,
    -0.21725541353225708,
    -1.3821957111358643,
    0.31370818614959717,
    -1.2481424808502197,
    0.04911528900265694,
    0.7037225961685181,
    -1.2822617292404175,
    1.5334280729293823
  ],
  "C(C(F)(F)F)(C(F)(F)F)O": [
    1.5676331520080566,
    -0.2596825957298279,
    0.04194408655166626,
    -0.16216909885406494,
    -0.34929221868515015,
    -1.6988097429275513,
    0.7291723489761353,
    -0.12070702016353607,
    0.25625699758529663,
    -1.9607162475585938,
    0.612653374671936,
    -1.0138750076293945,
    0.46176502108573914,
    0.7589788436889648,
    -0.6539983153343201,
    1.8078315258026123
  ],
  "O1C(C)CCC1": [
    2.050475597381592,
    0.6626570224761963,
    0.2867598831653595,
    -0.1809150129556656,
    -0.4961521327495575,
    -0.5475152134895325,
    1.5041369199752808,
    -0.4688190817832947,
    -0.35893285274505615,
    -1.0005452632904053,
    0.3862137198448181,
    -1.8923866748809814,
    -0.5616416335105896,
    0.7719783782958984,
    -1.2000298500061035,
    1.0609314441680908
  ],
  "C1CCCCC1": [
    1.9649927616119385,
    0.5836586952209473,
    0.11390098184347153,
    -0.32138773798942566,
    -0.9959405064582825,
    -0.9113352298736572,
    1.445590853691101,
    -0.1715717613697052,
    -0.24739351868629456,
    -0.8688027858734131,
    0.7799570560455322,
    -1.9225624799728394,
    -0.3414122462272644,
    0.8570683002471924,
    -0.9466028809547424,
    0.9964485764503479
  ],
  "CC(O)C": [
    2.1548655033111572,
    0.2545199394226074,
    0.27305442094802856,
    -0.0686391219496727,
    0.026650773361325264,
    -1.00734543800354,
    1.0760878324508667,
    -0.43817466497421265,
    -0.05753639340400696,
    -1.4971122741699219,
    0.46927410364151,
    -1.4825496673583984,
    -0.3342435359954834,
    0.7364362478256226,
    -1.3797919750213623,
    1.2935000658035278
  ],
  "O.CC#N": [
    1.7689706087112427,
    -0.7411860227584839,
    0.07543791830539703,
    0.1357240229845047,
    0.3038784861564636,
    -1.751750111579895,
    0.5491154789924622,
    0.025288229808211327,
    -0.1427682340145111,
    -1.4697291851043701,
    0.4272722899913788,
    -1.0877643823623657,
    0.36114150285720825,
    0.7523776888847351,
    -1.0449466705322266,
    1.8514125347137451
  ],
  "CC#N": [
    2.142015218734741,
    0.12239091843366623,
    0.3286881744861603,
    -0.06578392535448074,
    -0.05200672894716263,
    -1.124404788017273,
    1.1012256145477295,
    -0.3700987696647644,
    0.07233225554227829,
    -1.3964402675628662,
    0.35810211300849915,
    -1.5107126235961914,
    -0.15385596454143524,
    0.5708412528038025,
    -1.4163832664489746,
    1.410517930984497
  ],
  "CC#N.CC(=O)O": [
    2.1371946334838867,
    0.01639283262193203,
    0.23244386911392212,
    0.01126466691493988,
    -0.004243690986186266,
    -1.120924472808838,
    0.9694939255714417,
    -0.4218391180038452,
    0.08773903548717499,
    -1.4662036895751953,
    0.5690154433250427,
    -1.4360383749008179,
    -0.1829819232225418,
    0.6374186873435974,
    -1.4294641017913818,
    1.4164594411849976
  ],
  "CCOCC": [
    1.8132456541061401,
    0.7428391575813293,
    0.008310256525874138,
    -0.13240842521190643,
    -0.8139513731002808,
    -0.5148147940635681,
    1.7184183597564697,
    -0.500044584274292,
    -0.4644336998462677,
    -0.935019314289093,
    0.5606995820999146,
    -1.905348539352417,
    -0.6228094696998596,
    0.9610679745674133,
    -0.8978652358055115,
    0.9998953342437744
  ],
  "OCC(F)(F)F": [
    1.9559048414230347,
    -0.29561224579811096,
    0.04886604845523834,
    -0.08148745447397232,
    0.06410069018602371,
    -1.6118431091308594,
    0.7077808380126953,
    -0.3366159200668335,
    0.009762546047568321,
    -1.6965566873550415,
    0.64769047498703,
    -0.9485321044921875,
    0.2910713851451874,
    0.7575007081031799,
    -1.130795955657959,
    1.63619065284729
  ],
  "O.OCC(F)(F)F": [
    1.6072559356689453,
    -0.8301991820335388,
    -0.05497903376817703,
    0.21032960712909698,
    0.35380926728248596,
    -1.9720687866210938,
    0.46925148367881775,
    0.04547259584069252,
    -0.26045235991477966,
    -1.4414145946502686,
    0.5484281182289124,
    -0.861717164516449,
    0.4046875834465027,
    0.8490548133850098,
    -0.9101932048797607,
    1.856491208076477
  ],
  "CN(C)C(C)=O": [
    2.1249747276306152,
    0.5296255946159363,
    0.4955333471298218,
    -0.140956312417984,
    -0.08422823250293732,
    -0.7704414129257202,
    1.1539276838302612,
    -0.5100009441375732,
    -0.33657214045524597,
    -1.2612621784210205,
    0.3885951042175293,
    -1.8085042238235474,
    -0.40492427349090576,
    0.7346489429473877,
    -1.2713345289230347,
    1.1766905784606934
  ],
  "CCCCCCCCCCO": [
    1.9495477676391602,
    0.649416983127594,
    0.22874978184700012,
    -0.35402795672416687,
    -0.4225200116634369,
    -0.4992799758911133,
    1.412560224533081,
    -0.5596210956573486,
    -0.5937829613685608,
    -0.9752768874168396,
    0.6788753867149353,
    -1.8910900354385376,
    -0.630423903465271,
    1.0447183847427368,
    -1.0482338666915894,
    1.0264832973480225
  ],
  "OCC": [
    2.1435678005218506,
    0.06469646096229553,
    0.25186753273010254,
    -0.02703375741839409,
    0.1400042176246643,
    -1.1906788349151611,
    1.0174839496612549,
    -0.4454957842826843,
    -0.061684709042310715,
    -1.47813081741333,
    0.4435499906539917,
    -1.331434965133667,
    -0.17269159853458405,
    0.694462239742279,
    -1.4333713054656982,
    1.4034113883972168
  ],
  "C1CCOC1": [
    2.0008347034454346,
    0.5936564207077026,
    0.25583022832870483,
    -0.15047118067741394,
    -0.5633796453475952,
    -0.4416045546531677,
    1.5501219034194946,
    -0.47539228200912476,
    -0.29639574885368347,
    -0.9549729228019714,
    0.4552455544471741,
    -1.9855905771255493,
    -0.6454324722290039,
    0.8082848191261292,
    -1.1444101333618164,
    1.0095391273498535
  ],
  "[C@H]12CCC([C@H](OC1)O2)=O": [
    2.251506805419922,
    -0.06267603486776352,
    0.40724506974220276,
    0.05003104358911514,
    0.3750513792037964,
    -1.082241177558899,
    0.837377667427063,
    -0.4889903962612152,
    -0.14486117660999298,
    -1.3436349630355835,
    0.33358579874038696,
    -1.465914249420166,
    -0.22000643610954285,
    0.6435858607292175,
    -1.449999451637268,
    1.3752994537353516
  ],
  "O=C(OCC)C": [
    1.999505877494812,
    0.6830742359161377,
    0.20115426182746887,
    -0.13581189513206482,
    -0.6239224076271057,
    -0.5379207730293274,
    1.5933510065078735,
    -0.43040263652801514,
    -0.2890761196613312,
    -0.954268217086792,
    0.4534720182418823,
    -1.8673162460327148,
    -0.6467452645301819,
    0.7990109920501709,
    -1.217187762260437,
    0.9904190897941589
  ],
  "CC(C)(C)OC": [
    1.861264705657959,
    0.7307409644126892,
    0.009925521910190582,
    -0.2758192718029022,
    -0.9097990989685059,
    -0.593775749206543,
    1.7678894996643066,
    -0.37475869059562683,
    -0.33530792593955994,
    -0.9023747444152832,
    0.5946358442306519,
    -1.8398020267486572,
    -0.6247041821479797,
    0.9315730929374695,
    -0.9322062730789185,
    0.9122967720031738
  ],