{
  "CO": [
    2.043086051940918,
    -0.1908748745918274,
    0.06357939541339874,
    0.09220864623785019,
    0.07795019447803497,
    -1.6349188089370728,
    0.7429749369621277,
    -0.45112478733062744,
    0.2457898110151291,
    -1.563183307647705,
    0.4101490378379822,
    -0.954627513885498,
    0.03608443960547447,
    0.7815877795219421,
    -1.259798288345337,
    1.5877487659454346
  ],
  "OCCO": [
    1.9844131469726562,
    -0.443259596824646,
    0.11202537268400192,
    0.41816988587379456,
    0.6726319789886475,
    -1.661758303642273,
    0.6554117798805237,
    -0.26298439502716064,
    -0.1809287667274475,
    -1.4229134321212769,
    0.24894621968269348,
    -1.077842116355896,
    -0.03680434823036194,
    0.7227551937103271,
    -1.2794978618621826,
    1.577419638633728
  ],
  "C(C(F)(F)F)(C(F)(F)F)O": [
    1.3512190580368042,
    -0.2928878962993622,
    0.12281598895788193,
    -0.22259671986103058,
    -0.48531419038772583,
    -1.8676793575286865,
    0.5621196031570435,
    0.08471041917800903,
    0.3591625988483429,
    -1.9246243238449097,
    0.44658422470092773,
    -0.9368185997009277,
    0.47342655062675476,
    0.8182032108306885,
    -0.42791587114334106,
    1.9607884883880615
  ],
  "O1C(C)CCC1": [
    2.0134103298187256,
    0.7485381960868835,
    0.24564868211746216,
    -0.10894428193569183,
    -0.6392795443534851,
    -0.5217801332473755,
    1.6050410270690918,
    -0.5150789618492126,
    -0.4046424627304077,
    -0.9742225408554077,
    0.336276113986969,
    -1.8623861074447632,
    -0.6484976410865784,
    0.8271301984786987,
    -1.0709092617034912,
    0.994207501411438
  ],
  "C1CCCCC1": [
    1.9465343952178955,
    0.7080982327461243,
    -0.03109014593064785,
    -0.24599206447601318,
    -1.1473239660263062,
    -0.9238608479499817,
    1.5974323749542236,
    -0.25024133920669556,
    -0.29080599546432495,
    -0.7453963756561279,
    0.7126694917678833,
    -1.8223259449005127,
    -0.5311933755874634,
    0.9864818453788757,
    -0.7713954448699951,
    0.8326413035392761
  ],
  "CC(O)C": [
    2.069392204284668,
    0.39011791348457336,
    0.3062449097633362,
    -0.025654839351773262,
    -0.16383281350135803,
    -1.0965328216552734,
    1.3116176128387451,
    -0.4645196795463562,
    -0.049082089215517044,
    -1.4023836851119995,
    0.28165292739868164,
    -1.5427281856536865,
    -0.30916157364845276,
    0.7395426630973816,
    -1.2930011749267578,
    1.2770582437515259
  ],
  "O.CC#N": [
    1.9070141315460205,
    -0.6044089198112488,
    0.012764892540872097,
    0.21593783795833588,
    0.2526962161064148,
    -1.8439809083938599,
    0.5066989660263062,
    -0.03784021735191345,
    -0.12058445066213608,
    -1.4542410373687744,
    0.44456249475479126,
    -1.0647773742675781,
    0.2497081756591797,
    0.741335928440094,
    -0.9606894850730896,
    1.7761881351470947
  ],
  "CC#N": [
    2.203523635864258,
    0.2517620325088501,
    0.2500259578227997,
    0.05172036588191986,
    -0.10709281265735626,
    -1.0812369585037231,
    1.1416335105895996,
    -0.4117901921272278,
    0.05501483380794525,
    -1.4606094360351562,
    0.41839399933815,
    -1.467609167098999,
    -0.30850520730018616,
    0.5784171223640442,
    -1.3691257238388062,
    1.282318353652954
  ],
  "CC#N.CC(=O)O": [
    2.1999547481536865,
    0.11356361955404282,
    0.21659880876541138,
    -0.0027781049720942974,
    -0.09540422260761261,
    -1.1933915615081787,
    1.0055241584777832,
    -0.4323676824569702,
    0.2200445532798767,
    -1.5173770189285278,
    0.4859559237957001,
    -1.3392585515975952,
    -0.2560479938983917,
    0.6645259857177734,
    -1.3647807836532593,
    1.3224637508392334
  ],
  "CCOCC": [
    2.0114784240722656,
    0.7362136244773865,
    0.1437414139509201,
    -0.2694416344165802,
    -0.7749207615852356,
    -0.5735939741134644,
    1.649558663368225,
    -0.4262702763080597,
    -0.24045968055725098,
    -1.0048627853393555,
    0.35195234417915344,
    -1.794662594795227,
    -0.6250255107879639,
    0.8225117325782776,
    -1.0266637802124023,
    1.0457226037979126
  ],
  "OCC(F)(F)F": [
    1.9001206159591675,
    -0.13349683582782745,
    0.08165949583053589,
    -0.11738503724336624,
    -0.183282732963562,
    -1.6677080392837524,
    0.7880151867866516,
    -0.345262736082077,
    0.1514081209897995,
    -1.7799867391586304,
    0.5789519548416138,
    -0.9413048624992371,
    0.2369236797094345,
    0.7630488872528076,
    -0.9636092185974121,
    1.6584032773971558
  ],
  "O.OCC(F)(F)F": [
    1.5973516702651978,
    -0.7496166825294495,
    -0.07103385776281357,
    0.2186639904975891,
    0.27349430322647095,
    -2.0563883781433105,
    0.45026451349258423,
    0.05563768371939659,
    -0.22570820152759552,
    -1.4854594469070435,
    0.5012773275375366,
    -0.7635614275932312,
    0.35360080003738403,
    0.8934484124183655,
    -0.8376211524009705,
    1.8672503232955933
  ],
  "CN(C)C(C)=O": [
    2.200521230697632,
    0.5004718899726868,
    0.5107865929603577,
    -0.15795710682868958,
    -0.10616957396268845,
    -0.852359414100647,
    1.1705517768859863,
    -0.49454817175865173,
    -0.19154533743858337,
    -1.3147664070129395,
    0.3017655313014984,
    -1.6767799854278564,
    -0.45639386773109436,
    0.7164350748062134,
    -1.2774662971496582,
    1.1537128686904907
  ],
  "CCCCCCCCCCO": [
    2.121595621109009,
    0.6458656191825867,
    0.22428156435489655,
    -0.45164942741394043,
    -0.5532097816467285,
    -0.4381333589553833,
    1.4203286170959473,
    -0.533412754535675,
    -0.516795814037323,
    -0.9685243368148804,
    0.40981486439704895,
    -1.760492205619812,
    -0.6109384298324585,
    0.9905839562416077,
    -1.0566216707229614,
    1.0998671054840088
  ],
  "OCC": [
    2.129232883453369,
    0.11659657210111618,
    0.21539422869682312,
    0.08696644008159637,
    0.024188021197915077,
    -1.2190086841583252,
    1.141777515411377,
    -0.4188353717327118,
    0.03642307594418526,
    -1.501134991645813,
    0.31832554936408997,
    -1.313878059387207,
    -0.24295364320278168,
    0.7089354395866394,
    -1.4088808298110962,
    1.3561584949493408
  ],
  "C1CCOC1": [
    2.0719375610351562,
    0.6675460338592529,
    0.3175382614135742,
    -0.16637729108333588,
    -0.6206112504005432,
    -0.5660278797149658,
    1.552169680595398,
    -0.41621384024620056,
    -0.28252848982810974,
    -0.9225257039070129,
    0.4092937111854553,
    -1.9507997035980225,
    -0.6442154049873352,
    0.7120320796966553,
    -1.1069796085357666,
    0.9689301252365112
  ],
  "[C@H]12CCC([C@H](OC1)O2)=O": [
    2.2888023853302,
    0.11385038495063782,
    0.4562629163265228,
    0.05469169095158577,
    0.2191387414932251,
    -1.1682965755462646,
    0.9209851622581482,
    -0.5117001533508301,
    -0.15315382182598114,
    -1.3667231798171997,
    0.2504909932613373,
    -1.4901520013809204,
    -0.2740018367767334,
    0.6673914790153503,
    -1.287627100944519,
    1.306060791015625
  ],
  "O=C(OCC)C": [
    1.9222924709320068,
    0.8379651308059692,
    0.10501866042613983,
    -0.04776982218027115,
    -0.7844324111938477,
    -0.44273141026496887,
    1.7195156812667847,
    -0.5125812888145447,
    -0.42287659645080566,
    -0.8879172205924988,
    0.40711116790771484,
    -1.8499374389648438,
    -0.7608299851417542,
    0.84192955493927,
    -1.0157135725021362,
    0.9156004786491394
  ],
  "CC(C)(C)OC": [
    1.9125386476516724,
    0.7636947631835938,
    0.008324671536684036,
    -0.3328312635421753,
    -0.9773709774017334,
    -0.5920102000236511,
    1.7701472043991089,
    -0.3922857940196991,
    -0.2171109914779663,
    -0.9486432671546936,
    0.49125584959983826,
    -1.7516930103302002,
    -0.6608717441558838,
    0.9506110548973083,
    -0.8962607979774475,
    0.9001652002334595
  ],