{
  "CO": [
    1.9806667566299438,
    -0.2457854449748993,
    0.03308939188718796,
    0.14655087888240814,
    0.10132736712694168,
    -1.7094615697860718,
    0.7397818565368652,
    -0.42278262972831726,
    0.13135184347629547,
    -1.5372909307479858,
    0.4524097144603729,
    -0.9192253351211548,
    0.0813431590795517,
    0.8283349275588989,
    -1.2479928731918335,
    1.6149170398712158
  ],
  "OCCO": [
    2.0536532402038574,
    -0.3390304744243622,
    0.23720815777778625,
    0.303899884223938,
    0.579872727394104,
    -1.5940576791763306,
    0.738627016544342,
    -0.3777308762073517,
    -0.17239561676979065,
    -1.4766145944595337,
    0.2068137675523758,
    -1.1437996625900269,
    -0.010714493691921234,
    0.7218431234359741,
    -1.2284821271896362,
    1.5290802717208862
  ],
  "C(C(F)(F)F)(C(F)(F)F)O": [
    1.5128196477890015,
    -0.30993688106536865,
    0.10744708776473999,
    -0.273728609085083,
    -0.5509368181228638,
    -1.6257092952728271,
    0.7199246287345886,
    -0.07212704420089722,
    0.32867395877838135,
    -2.0653562545776367,
    0.543404221534729,
    -0.8887577056884766,
    0.5434859991073608,
    0.722877025604248,
    -0.5097075700759888,
    1.8420500755310059
  ],
  "O1C(C)CCC1": [
    2.1129837036132812,
    0.7174052000045776,
    0.32184645533561707,
    -0.16778570413589478,
    -0.5257897973060608,
    -0.6569247841835022,
    1.522559404373169,
    -0.4442179203033447,
    -0.34267786145210266,
    -1.0148409605026245,
    0.31443777680397034,
    -1.8477065563201904,
    -0.5658286809921265,
    0.7231062054634094,
    -1.1303571462631226,
    1.009541392326355
  ],
  "C1CCCCC1": [
    1.9312292337417603,
    0.6794555187225342,
    -0.033633071929216385,
    -0.2240317016839981,
    -1.1512467861175537,
    -0.9415702223777771,
    1.6096913814544678,
    -0.26619264483451843,
    -0.24984925985336304,
    -0.7860943078994751,
    0.6899008750915527,
    -1.8236613273620605,
    -0.4881177842617035,
    0.9670083522796631,
    -0.7713063955307007,
    0.8832530975341797
  ],
  "CC(O)C": [
    2.1879889965057373,
    0.3135829269886017,
    0.26469478011131287,
    -0.017833853140473366,
    -0.015644168481230736,
    -1.1164326667785645,
    1.1195787191390991,
    -0.4409906268119812,
    -0.03896620497107506,
    -1.5040656328201294,
    0.36965492367744446,
    -1.384911298751831,
    -0.38000932335853577,
    0.7657759785652161,
    -1.3386704921722412,
    1.2471487522125244
  ],
  "O.CC#N": [
    1.9778969287872314,
    -0.6493057012557983,
    -0.08149876445531845,
    0.23892593383789062,
    0.2940032184123993,
    -1.8075981140136719,
    0.36492758989334106,
    -0.028304753825068474,
    -0.00706090684980154,
    -1.4424687623977661,
    0.35841596126556396,
    -0.9454898834228516,
    0.13370110094547272,
    0.8582537770271301,
    -1.0160614252090454,
    1.7732182741165161
  ],
  "CC#N": [
    2.2030508518218994,
    0.22293362021446228,
    0.24785080552101135,
    0.04286489263176918,
    -0.1164126992225647,
    -1.1327396631240845,
    1.1377123594284058,
    -0.42013266682624817,
    0.05896493047475815,
    -1.4622105360031128,
    0.4184151887893677,
    -1.4788322448730469,
    -0.25528815388679504,
    0.6003298163414001,
    -1.320385217666626,
    1.2818619012832642
  ],
  "CC#N.CC(=O)O": [
    2.213244676589966,
    0.1254376471042633,
    0.2172640860080719,
    0.031508076936006546,
    -0.061702337116003036,
    -1.1713937520980835,
    1.012460708618164,
    -0.44257405400276184,
    0.1677829772233963,
    -1.5014965534210205,
    0.44288894534111023,
    -1.33818519115448,
    -0.275930792093277,
    0.6571307182312012,
    -1.3831332921981812,
    1.334715723991394
  ],
  "CCOCC": [
    2.0067293643951416,
    0.7499827742576599,
    0.16662080585956573,
    -0.22441644966602325,
    -0.7840734720230103,
    -0.6886402368545532,
    1.6656227111816406,
    -0.41979023814201355,
    -0.3475402295589447,
    -0.973932147026062,
    0.39518991112709045,
    -1.825699806213379,
    -0.5396167039871216,
    0.7841652035713196,
    -0.9618677496910095,
    1.023202657699585
  ],
  "OCC(F)(F)F": [
    1.7682113647460938,
    -0.22549033164978027,
    0.14408525824546814,
    -0.15110215544700623,
    -0.2669004797935486,
    -1.7779945135116577,
    0.7359824180603027,
    -0.09001488983631134,
    0.2094976305961609,
    -1.7904949188232422,
    0.3244379460811615,
    -1.00741708278656,
    0.3001731038093567,
    0.8511821627616882,
    -0.7676975727081299,
    1.7702853679656982
  ],
  "O.OCC(F)(F)F": [
    1.6516094207763672,
    -0.7400381565093994,
    -0.0937332957983017,
    0.18427231907844543,
    0.3597416281700134,
    -2.0023014545440674,
    0.3333923816680908,
    -0.023460252210497856,
    -0.1506136953830719,
    -1.5094630718231201,
    0.4185504913330078,
    -0.6563770174980164,
    0.3066405653953552,
    0.9418872594833374,
    -0.8981549143791199,
    1.9003171920776367
  ],
  "CN(C)C(C)=O": [
    2.154130458831787,
    0.5307000279426575,
    0.4648566246032715,
    -0.09902621060609818,
    -0.11322034895420074,
    -0.892387330532074,
    1.2271701097488403,
    -0.5088527202606201,
    -0.26176196336746216,
    -1.3343418836593628,
    0.2945423424243927,
    -1.7104672193527222,
    -0.40593913197517395,
    0.7463268637657166,
    -1.2106962203979492,
    1.146787166595459
  ],
  "CCCCCCCCCCO": [
    2.0919713973999023,
    0.6744440793991089,
    0.22411300241947174,
    -0.3625563383102417,
    -0.5044646859169006,
    -0.51839280128479,
    1.4816476106643677,
    -0.5930479764938354,
    -0.6112016439437866,
    -0.9299175143241882,
    0.4225428104400635,
    -1.7819801568984985,
    -0.602266252040863,
    0.9808565974235535,
    -1.0059571266174316,
    1.0585724115371704
  ],
  "OCC": [
    2.1872739791870117,
    0.10862863808870316,
    0.2392708957195282,
    -0.008236220106482506,
    0.0780935287475586,
    -1.2427071332931519,
    1.0869948863983154,
    -0.43779850006103516,
    0.008643357083201408,
    -1.4949382543563843,
    0.3033633530139923,
    -1.2179150581359863,
    -0.2588479816913605,
    0.7264984250068665,
    -1.4103995561599731,
    1.3630379438400269
  ],
  "C1CCOC1": [
    1.9971975088119507,
    0.6655197143554688,
    0.25287961959838867,
    -0.128760427236557,
    -0.688898503780365,
    -0.456741601228714,
    1.6379934549331665,
    -0.475860059261322,
    -0.32344019412994385,
    -0.9136176109313965,
    0.3809961974620819,
    -1.9425779581069946,
    -0.6878257393836975,
    0.8136317729949951,
    -1.0651090145111084,
    0.9591299891471863
  ],
  "[C@H]12CCC([C@H](OC1)O2)=O": [
    2.3014750480651855,
    0.08066035807132721,
    0.4183911085128784,
    0.06437261402606964,
    0.21678413450717926,
    -1.1500550508499146,
    0.9205613136291504,
    -0.5584321022033691,
    -0.12959185242652893,
    -1.4087659120559692,
    0.2391214221715927,
    -1.4310990571975708,
    -0.25907862186431885,
    0.7108067870140076,
    -1.288016676902771,
    1.3007800579071045
  ],
  "O=C(OCC)C": [
    1.906990647315979,
    0.7778688073158264,
    0.11448478698730469,
    -0.10577554255723953,
    -0.8639199137687683,
    -0.457685261964798,
    1.7604588270187378,
    -0.49560901522636414,
    -0.30761051177978516,
    -0.912346601486206,
    0.363273024559021,
    -1.8600777387619019,
    -0.7185532450675964,
    0.8873347640037537,
    -0.9715436100959778,
    0.9092461466789246
  ],
  "CC(C)(C)OC": [
    1.7879955768585205,
    0.8423126935958862,
    -0.0794488936662674,
    -0.22967645525932312,
    -1.1142553091049194,
    -0.5755115747451782,
    1.8169292211532593,
    -0.46743181347846985,
    -0.46350109577178955,
    -0.8374288082122803,
    0.5294886827468872,
    -1.7662523984909058,
    -0.6410335898399353,
    1.0948609113693237,
    -0.7008129954338074,
    0.8313260674476624
  ],