{
  "CO": [
    1.9379916191101074,
    -0.3648586571216583,
    0.02544885128736496,
    0.10850849002599716,
    0.28010448813438416,
    -1.6411572694778442,
    0.6317335963249207,
    -0.30780014395713806,
    0.12837114930152893,
    -1.4945144653320312,
    0.4473690390586853,
    -0.9654442071914673,
    0.12175315618515015,
    0.761883020401001,
    -1.367501139640808,
    1.714555025100708
  ],
  "OCCO": [
    1.9773544073104858,
    -0.5190150737762451,
    0.17623306810855865,
    0.33557918667793274,
    0.7437518239021301,
    -1.5944762229919434,
    0.6333394050598145,
    -0.27582716941833496,
    -0.21211427450180054,
    -1.3800383806228638,
    0.2856755256652832,
    -1.1352230310440063,
    0.05716913193464279,
    0.655207097530365,
    -1.329724669456482,
    1.5992306470870972
  ],
  "C(C(F)(F)F)(C(F)(F)F)O": [
    1.5122259855270386,
    -0.2679242789745331,
    0.08841757476329803,
    -0.3067981004714966,
    -0.5820229053497314,
    -1.6182160377502441,
    0.774991512298584,
    -0.06779269874095917,
    0.35981062054634094,
    -1.958381175994873,
    0.616848349571228,
    -1.0342193841934204,
    0.5007621049880981,
    0.8648818135261536,
    -0.6219151020050049,
    1.7575914859771729
  ],
  "O1C(C)CCC1": [
    1.958107352256775,
    0.7327212691307068,
    0.21261979639530182,
    -0.11430499702692032,
    -0.6224605441093445,
    -0.46024438738822937,
    1.5875928401947021,
    -0.528251051902771,
    -0.47111275792121887,
    -0.9413744211196899,
    0.4081718325614929,
    -1.9122817516326904,
    -0.6287514567375183,
    0.8730054497718811,
    -1.0904093980789185,
    1.0145121812820435
  ],
  "C1CCCCC1": [
    1.6854766607284546,
    0.6946896314620972,
    -0.22240228950977325,
    -0.4194009304046631,
    -1.1504088640213013,
    -0.9112237095832825,
    1.5343226194381714,
    -0.35820892453193665,
    -0.385297030210495,
    -0.7384775876998901,
    0.7424972057342529,
    -1.774041771888733,
    -0.6273261904716492,
    1.4745465517044067,
    -0.4218272268772125,
    0.897970974445343
  ],
  "CC(O)C": [
    2.1377766132354736,
    0.35558485984802246,
    0.29405340552330017,
    -0.07866666465997696,
    0.0035766332875937223,
    -1.0818631649017334,
    1.105095624923706,
    -0.4540106952190399,
    -0.11460601538419724,
    -1.458277940750122,
    0.4609123170375824,
    -1.4916468858718872,
    -0.3091355562210083,
    0.6948559880256653,
    -1.3455697298049927,
    1.3020964860916138
  ],
  "O.CC#N": [
    1.837984561920166,
    -0.682118833065033,
    0.008680705912411213,
    0.21698644757270813,
    0.36774715781211853,
    -1.7792960405349731,
    0.4843721091747284,
    -0.029968632385134697,
    -0.15960609912872314,
    -1.3939099311828613,
    0.4828360676765442,
    -1.0354416370391846,
    0.23708176612854004,
    0.749472439289093,
    -1.1224865913391113,
    1.830706238746643
  ],
  "CC#N": [
    2.1752288341522217,
    0.15687881410121918,
    0.27856799960136414,
    0.042894136160612106,
    -0.03285292536020279,
    -1.0435903072357178,
    1.096327543258667,
    -0.35716745257377625,
    0.06873495131731033,
    -1.4060794115066528,
    0.38705548644065857,
    -1.5280187129974365,
    -0.23274309933185577,
    0.5403615236282349,
    -1.4734742641448975,
    1.345619559288025
  ],
  "CC#N.CC(=O)O": [
    2.1483912467956543,
    0.045388415455818176,
    0.20266258716583252,
    0.026147138327360153,
    -0.03565841168165207,
    -1.1251238584518433,
    1.0028830766677856,
    -0.4167248010635376,
    0.16446451842784882,
    -1.5012423992156982,
    0.5412667989730835,
    -1.4231327772140503,
    -0.17141538858413696,
    0.6116774678230286,
    -1.4260042905807495,
    1.3744890689849854
  ],
  "CCOCC": [
    1.8530725240707397,
    0.721189558506012,
    0.04179808497428894,
    -0.21409262716770172,
    -0.8489804863929749,
    -0.5117626786231995,
    1.7401340007781982,
    -0.48592546582221985,
    -0.434029221534729,
    -0.9448220133781433,
    0.4578552544116974,
    -1.831608533859253,
    -0.604270339012146,
    0.9638701677322388,
    -0.9279342889785767,
    1.0449210405349731
  ],
  "OCC(F)(F)F": [
    1.9671934843063354,
    -0.29050737619400024,
    0.023083679378032684,
    -0.07197968661785126,
    0.07798613607883453,
    -1.663617491722107,
    0.5657245516777039,
    -0.31019192934036255,
    0.10986071825027466,
    -1.7485177516937256,
    0.6047953963279724,
    -0.819523274898529,
    0.2494986653327942,
    0.7651214003562927,
    -1.1114929914474487,
    1.6711835861206055
  ],
  "O.OCC(F)(F)F": [
    1.6494932174682617,
    -0.8551360368728638,
    -0.0485340878367424,
    0.06599000841379166,
    0.3218308687210083,
    -1.9203381538391113,
    0.4031948149204254,
    0.12472043931484222,
    -0.1658155471086502,
    -1.5353590250015259,
    0.49428483843803406,
    -0.8047176003456116,
    0.5172922015190125,
    0.7877989411354065,
    -0.8921352624893188,
    1.8719031810760498
  ],
  "CN(C)C(C)=O": [
    2.1917760372161865,
    0.4579215347766876,
    0.5132023692131042,
    -0.19098436832427979,
    -0.021933719515800476,
    -0.843211829662323,
    1.1273539066314697,
    -0.4848136305809021,
    -0.20277267694473267,
    -1.2871934175491333,
    0.3447629511356354,
    -1.720655918121338,
    -0.3823045492172241,
    0.6600371599197388,
    -1.3321561813354492,
    1.1889688968658447
  ],
  "CCCCCCCCCCO": [
    1.9752452373504639,
    0.6730831861495972,
    0.18128882348537445,
    -0.3764822781085968,
    -0.5644820332527161,
    -0.4512980282306671,
    1.4607713222503662,
    -0.6024717092514038,
    -0.6232503056526184,
    -0.9512159824371338,
    0.6397866606712341,
    -1.8731868267059326,
    -0.5872203707695007,
    1.1122767925262451,
    -0.9426336288452148,
    0.9479032158851624
  ],
  "OCC": [
    2.0874195098876953,
    0.037630051374435425,
    0.2596499025821686,
    -0.0010311651276424527,
    0.0712185800075531,
    -1.1974507570266724,
    1.1241483688354492,
    -0.41217777132987976,
    0.02491896040737629,
    -1.4650095701217651,
    0.37287673354148865,
    -1.3853754997253418,
    -0.15926557779312134,
    0.6765953898429871,
    -1.4294767379760742,
    1.4157119989395142
  ],
  "C1CCOC1": [
    1.9634830951690674,
    0.6268407106399536,
    0.20281817018985748,
    -0.11939135193824768,
    -0.6449497938156128,
    -0.39843839406967163,
    1.5855284929275513,
    -0.49478083848953247,
    -0.31955453753471375,
    -0.9368785619735718,
    0.48366180062294006,
    -1.9803656339645386,
    -0.674597978591919,
    0.8290573954582214,
    -1.1058425903320312,
    1.0001628398895264
  ],
  "[C@H]12CCC([C@H](OC1)O2)=O": [
    2.2421698570251465,
    0.012546097859740257,
    0.40065738558769226,
    0.06775369495153427,
    0.27771443128585815,
    -1.1318269968032837,
    0.8843434453010559,
    -0.47594642639160156,
    -0.1335989236831665,
    -1.389933466911316,
    0.36216607689857483,
    -1.5323941707611084,
    -0.20271089673042297,
    0.6492537260055542,
    -1.3457887172698975,
    1.333280324935913
  ],
  "O=C(OCC)C": [
    1.876682996749878,
    0.741318941116333,
    0.07297507673501968,
    -0.16694758832454681,
    -0.8162081837654114,
    -0.40645670890808105,
    1.7345139980316162,
    -0.4486120641231537,
    -0.30065929889678955,
    -0.9514070749282837,
    0.40793031454086304,
    -1.8979864120483398,
    -0.690991997718811,
    0.9189417362213135,
    -1.0047441720962524,
    0.951373815536499
  ],
  "CC(C)(C)OC": [
    1.7091337442398071,
    0.764351487159729,
    -0.13981316983699799,
    -0.2502674460411072,
    -1.0341676473617554,
    -0.5404359102249146,
    1.8285393714904785,
    -0.48792776465415955,
    -0.4256766140460968,
    -0.8869360089302063,
    0.6592290997505188,
    -1.7864840030670166,
    -0.6643878221511841,
    1.166937232017517,
    -0.7256636619567871,
    0.8360965251922607
  ],