{
  "CO": [
    1.849562168121338,
    -0.256686270236969,
    0.20911912620067596,
    -0.1244194433093071,
    -0.03849957138299942,
    -1.6000547409057617,
    0.7829027771949768,
    -0.13872919976711273,
    0.38526612520217896,
    -1.573854684829712,
    0.1434701830148697,
    -1.1273891925811768,
    0.11658092588186264,
    0.8071469068527222,
    -1.1990587711334229,
    1.7860345840454102
  ],
  "OCCO": [
    2.0111277103424072,
    -0.46398353576660156,
    0.1525568664073944,
    0.3591634929180145,
    0.665651261806488,
    -1.6240986585617065,
    0.6172760725021362,
    -0.28404805064201355,
    -0.17395325005054474,
    -1.401596188545227,
    0.25839167833328247,
    -1.0932247638702393,
    0.009246345609426498,
    0.7024360299110413,
    -1.309535026550293,
    1.5961724519729614
  ],
  "C(C(F)(F)F)(C(F)(F)F)O": [
    1.2843043804168701,
    -0.28178268671035767,
    0.06152011826634407,
    -0.28070956468582153,
    -0.47071602940559387,
    -1.8083443641662598,
    0.5937172174453735,
    0.1589026153087616,
    0.48310527205467224,
    -1.9005180597305298,
    0.2103157639503479,
    -0.9710168242454529,
    0.4508063793182373,
    0.7356072664260864,
    -0.36050254106521606,
    2.1125659942626953
  ],
  "O1C(C)CCC1": [
    2.0993666648864746,
    0.6630048155784607,
    0.32985207438468933,
    -0.22193774580955505,
    -0.5590977072715759,
    -0.5737330913543701,
    1.5114569664001465,
    -0.4263797700405121,
    -0.25858017802238464,
    -1.0161303281784058,
    0.3276621699333191,
    -1.8526662588119507,
    -0.6044248938560486,
    0.7519543170928955,
    -1.178140640258789,
    1.029587984085083
  ],
  "C1CCCCC1": [
    1.6910793781280518,
    0.7312184572219849,
    -0.20762890577316284,
    -0.542893648147583,
    -1.2053744792938232,
    -0.8603386878967285,
    1.444765329360962,
    -0.3323688805103302,
    -0.28392356634140015,
    -0.8055515885353088,
    0.683816134929657,
    -1.7784079313278198,
    -0.6197568774223328,
    1.524935245513916,
    -0.32759204506874084,
    0.9108306169509888
  ],
  "CC(O)C": [
    2.1765308380126953,
    0.41903501749038696,
    0.2966380715370178,
    -0.03720933198928833,
    -0.06052177771925926,
    -1.0331177711486816,
    1.1750105619430542,
    -0.4640125334262848,
    -0.15221530199050903,
    -1.4381461143493652,
    0.3956548273563385,
    -1.4908881187438965,
    -0.37984898686408997,
    0.6750110387802124,
    -1.3162671327590942,
    1.2591884136199951
  ],
  "O.CC#N": [
    1.931426763534546,
    -0.6900697946548462,
    -0.04606366530060768,
    0.20306409895420074,
    0.270772784948349,
    -1.7882261276245117,
    0.36565518379211426,
    -0.0067238337360322475,
    -0.03738545998930931,
    -1.4249051809310913,
    0.43268945813179016,
    -1.0080363750457764,
    0.1540084332227707,
    0.8323681950569153,
    -0.9952495694160461,
    1.8230950832366943
  ],
  "CC#N": [
    2.1985223293304443,
    0.22263894975185394,
    0.28793200850486755,
    0.004676280543208122,
    -0.15455813705921173,
    -1.0931963920593262,
    1.11137056350708,
    -0.33495062589645386,
    0.06273772567510605,
    -1.428357720375061,
    0.4490504860877991,
    -1.5370489358901978,
    -0.2772529125213623,
    0.5439651012420654,
    -1.3463696241378784,
    1.31306791305542
  ],
  "CC#N.CC(=O)O": [
    2.1763293743133545,
    0.08614024519920349,
    0.2340645045042038,
    -0.00022484606597572565,
    -0.10510119050741196,
    -1.1919498443603516,
    0.9759743213653564,
    -0.4048899710178375,
    0.17027884721755981,
    -1.5035040378570557,
    0.530663013458252,
    -1.363411545753479,
    -0.23234553635120392,
    0.6536605954170227,
    -1.3740702867507935,
    1.371079444885254
  ],
  "CCOCC": [
    1.867578148841858,
    0.8041614294052124,
    0.06851503252983093,
    -0.14570440351963043,
    -0.9377414584159851,
    -0.4834537208080292,
    1.692104697227478,
    -0.5004239678382874,
    -0.4812481701374054,
    -0.8638401031494141,
    0.4977339506149292,
    -1.9022232294082642,
    -0.6802857518196106,
    0.9705424308776855,
    -0.8110227584838867,
    0.9265693426132202
  ],
  "OCC(F)(F)F": [
    1.8519797325134277,
    -0.20026646554470062,
    0.0773669183254242,
    -0.1364447921514511,
    -0.09455397725105286,
    -1.73527991771698,
    0.7522668838500977,
    -0.2905207574367523,
    0.08460240811109543,
    -1.755614161491394,
    0.6629081964492798,
    -0.9698898196220398,
    0.28618332743644714,
    0.8670778274536133,
    -0.9673956632614136,
    1.5919346809387207
  ],
  "O.OCC(F)(F)F": [
    1.5185983180999756,
    -0.7549570202827454,
    0.021918224170804024,
    -0.02473084256052971,
    0.19407443702220917,
    -1.9160966873168945,
    0.3916085362434387,
    0.19404466450214386,
    -0.018765734508633614,
    -1.7123095989227295,
    0.3944907486438751,
    -0.778139054775238,
    0.4800177216529846,
    0.8706116676330566,
    -0.7874776721000671,
    1.9459134340286255
  ],
  "CN(C)C(C)=O": [
    2.175381898880005,
    0.4673439860343933,
    0.5226827263832092,
    -0.22467954456806183,
    -0.11878799647092819,
    -0.8469271659851074,
    1.1567846536636353,
    -0.4660365879535675,
    -0.1466645449399948,
    -1.3413406610488892,
    0.3301409184932709,
    -1.6933597326278687,
    -0.41213148832321167,
    0.7073375582695007,
    -1.277556300163269,
    1.1906368732452393
  ],
  "CCCCCCCCCCO": [
    2.1211957931518555,
    0.6783972978591919,
    0.19949835538864136,
    -0.43234217166900635,
    -0.5238011479377747,
    -0.4266296923160553,
    1.4153263568878174,
    -0.5556774139404297,
    -0.5760973691940308,
    -0.9393754601478577,
    0.49172064661979675,
    -1.8097678422927856,
    -0.6222609877586365,
    1.003781795501709,
    -1.0135403871536255,
    1.009985327720642
  ],
  "OCC": [
    2.167860746383667,
    0.0674663856625557,
    0.2508604824542999,
    -0.04289397597312927,
    0.052268046885728836,
    -1.2179688215255737,
    1.077526569366455,
    -0.4042586088180542,
    0.007300065830349922,
    -1.4669256210327148,
    0.3819960951805115,
    -1.2760499715805054,
    -0.24817228317260742,
    0.7268668413162231,
    -1.4277244806289673,
    1.377478003501892
  ],
  "C1CCOC1": [
    2.041811943054199,
    0.6239529848098755,
    0.3145368993282318,
    -0.18424254655838013,
    -0.6401534080505371,
    -0.5046365261077881,
    1.5468239784240723,
    -0.40610548853874207,
    -0.23700736463069916,
    -0.9529685378074646,
    0.4204519987106323,
    -1.9385615587234497,
    -0.6680414080619812,
    0.7598409652709961,
    -1.1479332447052002,
    0.9928483963012695
  ],
  "[C@H]12CCC([C@H](OC1)O2)=O": [
    2.281010150909424,
    0.0757850632071495,
    0.45750096440315247,
    0.00751535827293992,
    0.1845472753047943,
    -1.120220422744751,
    0.9115336537361145,
    -0.4694426953792572,
    -0.10666021704673767,
    -1.4016526937484741,
    0.2949124872684479,
    -1.5392937660217285,
    -0.24781328439712524,
    0.687366247177124,
    -1.2846616506576538,
    1.2923775911331177
  ],
  "O=C(OCC)C": [
    1.8814678192138672,
    0.7733347415924072,
    0.12724867463111877,
    -0.18236134946346283,
    -0.9162065386772156,
    -0.4185226857662201,
    1.7338544130325317,
    -0.43435144424438477,
    -0.2808776795864105,
    -0.9226137399673462,
    0.3884865939617157,
    -1.9048449993133545,
    -0.6973662972450256,
    0.8682414889335632,
    -0.9473085403442383,
    0.9536418318748474
  ],
  "CC(C)(C)OC": [
    1.7280155420303345,
    0.7929413914680481,
    -0.05759579688310623,
    -0.3188946545124054,
    -1.140275001525879,
    -0.5255096554756165,
    1.821101188659668,
    -0.4438793957233429,
    -0.35088756680488586,
    -0.8917580842971802,
    0.5370075106620789,
    -1.7636405229568481,
    -0.6539023518562317,
    1.0987071990966797,
    -0.7333866953849792,
    0.9258642792701721
  ],