{
  "CO": [
    2.00593900680542,
    -0.2373144030570984,
    0.035116638988256454,
    0.1377561241388321,
    0.15927518904209137,
    -1.6829513311386108,
    0.7327004075050354,
    -0.4083654284477234,
    0.11270978301763535,
    -1.522910237312317,
    0.45591655373573303,
    -0.9537999033927917,
    0.054601021111011505,
    0.8109820485115051,
    -1.2737668752670288,
    1.601095199584961
  ],
  "OCCO": [
    1.9745022058486938,
    -0.447032630443573,
    0.14583352208137512,
    0.4632004499435425,
    0.6318618059158325,
    -1.681178331375122,
    0.692014753818512,
    -0.26868098974227905,
    -0.2220323085784912,
    -1.4270648956298828,
    0.26569893956184387,
    -1.15780508518219,
    -0.0045409598387777805,
    0.7313905358314514,
    -1.2076247930526733,
    1.5383622646331787
  ],
  "C(C(F)(F)F)(C(F)(F)F)O": [
    1.6474695205688477,
    -0.38400495052337646,
    -0.015790116041898727,
    -0.1722220778465271,
    -0.03920844942331314,
    -1.8754774332046509,
    0.4906837046146393,
    -0.14244677126407623,
    0.1552930325269699,
    -1.8588446378707886,
    0.5324254631996155,
    -0.7132375836372375,
    0.4691047668457031,
    0.8282557129859924,
    -0.7546133399009705,
    1.8571962118148804
  ],
  "O1C(C)CCC1": [
    2.0022332668304443,
    0.7493116855621338,
    0.24309054017066956,
    -0.12329443544149399,
    -0.6518117785453796,
    -0.548352062702179,
    1.6094659566879272,
    -0.49489831924438477,
    -0.4271843135356903,
    -0.9387230277061462,
    0.30350369215011597,
    -1.88352370262146,
    -0.6284302473068237,
    0.8263441324234009,
    -1.0450377464294434,
    1.0318114757537842
  ],
  "C1CCCCC1": [
    1.9766583442687988,
    0.6080407500267029,
    0.07936755567789078,
    -0.22466184198856354,
    -1.0440274477005005,
    -0.9635975360870361,
    1.5030310153961182,
    -0.14589980244636536,
    -0.20554915070533752,
    -0.8602297902107239,
    0.7399713397026062,
    -1.8763666152954102,
    -0.4666968286037445,
    0.8801971673965454,
    -0.8993049263954163,
    0.9226314425468445
  ],
  "CC(O)C": [
    2.0782713890075684,
    0.41445204615592957,
    0.26419275999069214,
    0.020793234929442406,
    -0.1223096176981926,
    -1.101993203163147,
    1.3041088581085205,
    -0.4696056544780731,
    -0.12701447308063507,
    -1.4399962425231934,
    0.3091709017753601,
    -1.519995093345642,
    -0.311240553855896,
    0.7475470900535583,
    -1.2732938528060913,
    1.2571378946304321
  ],
  "O.CC#N": [
    1.8773161172866821,
    -0.5813995003700256,
    0.02506164088845253,
    0.24093446135520935,
    0.26125216484069824,
    -1.827102541923523,
    0.587913990020752,
    -0.13787318766117096,
    -0.18395748734474182,
    -1.507321834564209,
    0.503871500492096,
    -1.0061486959457397,
    0.25426405668258667,
    0.7324315309524536,
    -0.977188229560852,
    1.7605819702148438
  ],
  "CC#N": [
    2.2469546794891357,
    0.20974375307559967,
    0.28525927662849426,
    0.022920848801732063,
    -0.07009372115135193,
    -1.1207093000411987,
    1.0773447751998901,
    -0.3927265405654907,
    0.06964083760976791,
    -1.4413152933120728,
    0.3784019947052002,
    -1.4285188913345337,
    -0.2969760000705719,
    0.5894056558609009,
    -1.3904772996902466,
    1.2888368368148804
  ],
  "CC#N.CC(=O)O": [
    2.1565449237823486,
    0.10198245942592621,
    0.19608689844608307,
    0.05570640414953232,
    -0.06533681601285934,
    -1.2340445518493652,
    1.011850357055664,
    -0.4240422248840332,
    0.14453759789466858,
    -1.5222951173782349,
    0.5125004053115845,
    -1.3621952533721924,
    -0.22719398140907288,
    0.6810621619224548,
    -1.3442025184631348,
    1.3467923402786255
  ],
  "CCOCC": [
    1.8449565172195435,
    0.7700883150100708,
    0.03445623070001602,
    -0.1677919328212738,
    -0.9219141006469727,
    -0.520725667476654,
    1.7719167470932007,
    -0.4926409423351288,
    -0.4279419779777527,
    -0.9260410070419312,
    0.41988733410835266,
    -1.861034870147705,
    -0.6412394046783447,
    0.9655691981315613,
    -0.8016934990882874,
    0.980036199092865
  ],
  "OCC(F)(F)F": [
    1.6677236557006836,
    -0.27716177701950073,
    0.11570795625448227,
    -0.15419423580169678,
    -0.21436850726604462,
    -1.778274416923523,
    0.7286204099655151,
    -0.10610074549913406,
    0.32149839401245117,
    -1.7751511335372925,
    0.29012593626976013,
    -0.9746872186660767,
    0.32846713066101074,
    0.7685006260871887,
    -0.8135920166969299,
    1.8975465297698975
  ],
  "O.OCC(F)(F)F": [
    1.5516074895858765,
    -0.7722529172897339,
    -0.04850871115922928,
    0.16145701706409454,
    0.27819767594337463,
    -2.0269291400909424,
    0.4439758062362671,
    0.14423629641532898,
    -0.1886916160583496,
    -1.580655813217163,
    0.4218493103981018,
    -0.7433875799179077,
    0.4517230689525604,
    0.8948785662651062,
    -0.8291526436805725,
    1.8647044897079468
  ],
  "CN(C)C(C)=O": [
    2.1590158939361572,
    0.5139011144638062,
    0.5071671605110168,
    -0.14663125574588776,
    -0.14095467329025269,
    -0.8884925842285156,
    1.2321549654006958,
    -0.5081802606582642,
    -0.251384437084198,
    -1.2673250436782837,
    0.2510605454444885,
    -1.700049638748169,
    -0.39351287484169006,
    0.7333516478538513,
    -1.257381558418274,
    1.1839839220046997
  ],
  "CCCCCCCCCCO": [
    2.0151824951171875,
    0.6702462434768677,
    0.21888042986392975,
    -0.3606358468532562,
    -0.579567015171051,
    -0.4878632128238678,
    1.495287537574768,
    -0.5933594703674316,
    -0.5878999829292297,
    -0.9782049655914307,
    0.48857787251472473,
    -1.863120198249817,
    -0.5716956257820129,
    1.0558276176452637,
    -0.9045338034629822,
    1.007377028465271
  ],
  "OCC": [
    2.119509220123291,
    0.13999933004379272,
    0.2551177144050598,
    -0.018586810678243637,
    0.014382323250174522,
    -1.2386724948883057,
    1.1414146423339844,
    -0.3862524628639221,
    0.0040188259445130825,
    -1.5424267053604126,
    0.3196592628955841,
    -1.333624243736267,
    -0.21661190688610077,
    0.7279213666915894,
    -1.3246574401855469,
    1.369468331336975
  ],
  "C1CCOC1": [
    2.0630042552948,
    0.6496427059173584,
    0.30475714802742004,
    -0.16015779972076416,
    -0.6004873514175415,
    -0.555970311164856,
    1.5621216297149658,
    -0.4397004544734955,
    -0.2843414545059204,
    -0.9471542239189148,
    0.38832950592041016,
    -1.9369364976882935,
    -0.6380385756492615,
    0.7430501580238342,
    -1.1099921464920044,
    0.9862329959869385
  ],
  "[C@H]12CCC([C@H](OC1)O2)=O": [
    2.264500379562378,
    0.01339745707809925,
    0.4138903021812439,
    0.07663039118051529,
    0.31195953488349915,
    -1.220284104347229,
    0.8812468647956848,
    -0.48441794514656067,
    -0.10768848657608032,
    -1.3836455345153809,
    0.25176289677619934,
    -1.4108352661132812,
    -0.25970351696014404,
    0.6892168521881104,
    -1.3476289510726929,
    1.3389678001403809
  ],
  "O=C(OCC)C": [
    1.9560807943344116,
    0.7893847823143005,
    0.12940078973770142,
    -0.1400899589061737,
    -0.8037397265434265,
    -0.5227585434913635,
    1.7193872928619385,
    -0.45288291573524475,
    -0.3056883215904236,
    -0.9711488485336304,
    0.3632489740848541,
    -1.8223131895065308,
    -0.6624798774719238,
    0.8244946599006653,
    -1.0306737422943115,
    0.956304132938385
  ],
  "CC(C)(C)OC": [
    1.7288247346878052,
    0.7835264205932617,
    -0.08364394307136536,
    -0.35949692130088806,
    -1.1258665323257446,
    -0.5009858012199402,
    1.8367578983306885,
    -0.47600802779197693,
    -0.3921266198158264,
    -0.8600817918777466,
    0.4811519980430603,
    -1.7580429315567017,
    -0.6779332160949707,
    1.157932996749878,
    -0.6544921398162842,
    0.9277436137199402
  ],