{
  "CO": [
    1.9410021305084229,
    -0.33480289578437805,
    -0.026677459478378296,
    0.12917731702327728,
    0.25052952766418457,
    -1.5355666875839233,
    0.8318098187446594,
    -0.5181017518043518,
    0.07451117038726807,
    -1.5700273513793945,
    0.6753864288330078,
    -0.9182796478271484,
    0.17346251010894775,
    0.5874886512756348,
    -1.3772234916687012,
    1.62848699092865
  ],
  "OCCO": [
    1.9778556823730469,
    -0.5248354077339172,
    0.11779344081878662,
    0.322165310382843,
    0.7336498498916626,
    -1.4890285730361938,
    0.7929404973983765,
    -0.3611244261264801,
    -0.24677222967147827,
    -1.4093822240829468,
    0.48480454087257385,
    -1.2699778079986572,
    0.12403865158557892,
    0.5630921125411987,
    -1.3038058280944824,
    1.4992475509643555
  ],
  "C(C(F)(F)F)(C(F)(F)F)O": [
    1.327061653137207,
    -0.29888850450515747,
    0.0731544941663742,
    -0.31359830498695374,
    -0.5676254630088806,
    -1.5473096370697021,
    0.9432616829872131,
    0.04558693245053291,
    0.3980572819709778,
    -2.0041441917419434,
    0.47118839621543884,
    -1.10133957862854,
    0.45655807852745056,
    0.7668702602386475,
    -0.5470150113105774,
    1.9109933376312256
  ],
  "O1C(C)CCC1": [
    1.8853563070297241,
    0.7187398076057434,
    0.12583057582378387,
    -0.07642190158367157,
    -0.5528362393379211,
    -0.43996280431747437,
    1.6694715023040771,
    -0.561117947101593,
    -0.509980320930481,
    -0.9455891847610474,
    0.5092397332191467,
    -1.9538710117340088,
    -0.6272993683815002,
    0.8780759572982788,
    -1.0616302490234375,
    0.9550961256027222
  ],
  "C1CCCCC1": [
    1.676792860031128,
    0.6234890818595886,
    -0.2341344654560089,
    -0.2394104152917862,
    -1.064440131187439,
    -0.8853325843811035,
    1.760701298713684,
    -0.31990137696266174,
    -0.30387842655181885,
    -0.8713347911834717,
    0.7576630115509033,
    -1.8633755445480347,
    -0.5182030200958252,
    1.1842396259307861,
    -0.5776137709617615,
    0.8916763663291931
  ],
  "CC(O)C": [
    1.9984562397003174,
    0.37828072905540466,
    0.15750755369663239,
    -0.01688847690820694,
    -0.09013176709413528,
    -0.8971162438392639,
    1.3819160461425781,
    -0.5184559226036072,
    -0.15675808489322662,
    -1.495411992073059,
    0.4989440441131592,
    -1.6127430200576782,
    -0.2509685158729553,
    0.6900786757469177,
    -1.3031492233276367,
    1.2508975267410278
  ],
  "O.CC#N": [
    1.8709403276443481,
    -0.7139357328414917,
    -0.07098525762557983,
    0.17657828330993652,
    0.40940535068511963,
    -1.686936616897583,
    0.5840568542480469,
    -0.15966734290122986,
    -0.16923464834690094,
    -1.4486771821975708,
    0.6604670286178589,
    -1.0693837404251099,
    0.3385547995567322,
    0.6009777188301086,
    -1.0898123979568481,
    1.7749216556549072
  ],
  "CC#N": [
    2.1301229000091553,
    0.10080867260694504,
    0.1567068099975586,
    0.0819709524512291,
    0.04873229190707207,
    -0.9665240049362183,
    1.1809037923812866,
    -0.40887194871902466,
    0.0017959880642592907,
    -1.5020736455917358,
    0.5610260367393494,
    -1.579204797744751,
    -0.146920308470726,
    0.4419362246990204,
    -1.4019010066986084,
    1.31277334690094
  ],
  "CC#N.CC(=O)O": [
    2.0781731605529785,
    -0.025878777727484703,
    0.10277596116065979,
    0.07561583071947098,
    0.05509495735168457,
    -1.0285524129867554,
    1.0873737335205078,
    -0.46438053250312805,
    0.10863687843084335,
    -1.5844666957855225,
    0.7085911631584167,
    -1.451985239982605,
    -0.11172029376029968,
    0.5190044045448303,
    -1.4103769063949585,
    1.3534190654754639
  ],
  "CCOCC": [
    1.916465163230896,
    0.6725916266441345,
    0.030816735699772835,
    -0.2544434070587158,
    -0.6550326347351074,
    -0.5570827722549438,
    1.757525086402893,
    -0.45191892981529236,
    -0.29096779227256775,
    -1.017084002494812,
    0.47750362753868103,
    -1.834692120552063,
    -0.5610172152519226,
    0.8328644037246704,
    -1.0693546533584595,
    1.0187989473342896
  ],
  "OCC(F)(F)F": [
    1.7840720415115356,
    -0.2844533920288086,
    -0.04469498246908188,
    -0.08971548825502396,
    0.0026963860727846622,
    -1.6521681547164917,
    0.8829911351203918,
    -0.3505266010761261,
    -0.005908384919166565,
    -1.7985954284667969,
    0.7600530385971069,
    -0.9463383555412292,
    0.40960976481437683,
    0.7256362438201904,
    -1.0029432773590088,
    1.6242220401763916
  ],
  "O.OCC(F)(F)F": [
    1.5566322803497314,
    -0.931321918964386,
    -0.15125755965709686,
    0.16999605298042297,
    0.3841173052787781,
    -1.8943616151809692,
    0.5709177255630493,
    0.1004600003361702,
    -0.2494334876537323,
    -1.5119954347610474,
    0.6341217756271362,
    -0.848155677318573,
    0.5136176347732544,
    0.7257564067840576,
    -0.9077975153923035,
    1.848349690437317
  ],
  "CN(C)C(C)=O": [
    2.0441651344299316,
    0.4323943555355072,
    0.38239365816116333,
    -0.1520148515701294,
    -0.04201517626643181,
    -0.7478029727935791,
    1.3605588674545288,
    -0.5469180345535278,
    -0.22402046620845795,
    -1.340762734413147,
    0.40848878026008606,
    -1.7966234683990479,
    -0.3238413333892822,
    0.7158291935920715,
    -1.2965084314346313,
    1.1400139331817627
  ],
  "CCCCCCCCCCO": [
    2.000457286834717,
    0.6663963198661804,
    0.05929648503661156,
    -0.41370344161987305,
    -0.3700437545776367,
    -0.4038667380809784,
    1.5298354625701904,
    -0.5858656764030457,
    -0.5439107418060303,
    -1.0061390399932861,
    0.6673665046691895,
    -1.8571081161499023,
    -0.6259326338768005,
    1.0218180418014526,
    -1.0284554958343506,
    0.9039984941482544
  ],
  "OCC": [
    2.0871026515960693,
    0.024798065423965454,
    0.1345711201429367,
    0.008401134051382542,
    0.2002498060464859,
    -1.1304994821548462,
    1.146193504333496,
    -0.45047664642333984,
    -0.05262996256351471,
    -1.5534420013427734,
    0.5666556358337402,
    -1.324545979499817,
    -0.13480977714061737,
    0.5854614973068237,
    -1.4544562101364136,
    1.361376404762268
  ],
  "C1CCOC1": [
    1.9910955429077148,
    0.5377024412155151,
    0.2053205817937851,
    -0.1600828766822815,
    -0.4321373701095581,
    -0.4822600483894348,
    1.598103642463684,
    -0.4407808482646942,
    -0.2353292852640152,
    -1.0195859670639038,
    0.5464929342269897,
    -1.9638882875442505,
    -0.5920823812484741,
    0.740274965763092,
    -1.2461636066436768,
    0.9659155607223511
  ],
  "[C@H]12CCC([C@H](OC1)O2)=O": [
    2.1929802894592285,
    -0.04182447865605354,
    0.32004472613334656,
    0.08109681308269501,
    0.3765225410461426,
    -1.0619555711746216,
    0.9449507594108582,
    -0.5307298898696899,
    -0.15343932807445526,
    -1.4350945949554443,
    0.5082732439041138,
    -1.533134937286377,
    -0.15205776691436768,
    0.5439906120300293,
    -1.3774492740631104,
    1.3282712697982788
  ],
  "O=C(OCC)C": [
    1.7775598764419556,
    0.7024526000022888,
    -0.0093626007437706,
    -0.03315114229917526,
    -0.7245434522628784,
    -0.39652419090270996,
    1.8196402788162231,
    -0.533812940120697,
    -0.33280155062675476,
    -0.9408958554267883,
    0.5368438363075256,
    -1.9485481977462769,
    -0.7056838870048523,
    0.92279052734375,
    -1.0002341270446777,
    0.8813338875770569
  ],
  "CC(C)(C)OC": [
    1.820228099822998,
    0.710479199886322,
    -0.10540251433849335,
    -0.20001158118247986,
    -0.7746807336807251,
    -0.5674994587898254,
    1.8847516775131226,
    -0.3986290395259857,
    -0.3681248128414154,
    -0.9242663979530334,
    0.687077522277832,
    -1.833516240119934,
    -0.6544272303581238,
    0.9256129860877991,
    -0.9620524644851685,
    0.7783277630805969
  ],