{
  "CO": [
    1.7504762411117554,
    -0.5454140305519104,
    0.01970590092241764,
    0.10475887358188629,
    0.5222716331481934,
    -1.3080542087554932,
    0.6234241127967834,
    -0.5014299750328064,
    -0.05353071913123131,
    -1.4198371171951294,
    0.8189556002616882,
    -1.1474578380584717,
    0.3639335036277771,
    0.605974555015564,
    -1.5725910663604736,
    1.736737847328186
  ],
  "OCCO": [
    1.8171383142471313,
    -0.634745717048645,
    0.1747489720582962,
    0.2832516133785248,
    1.0050904750823975,
    -1.2505340576171875,
    0.5772154927253723,
    -0.5022467374801636,
    -0.3216373026371002,
    -1.279366374015808,
    0.6479192972183228,
    -1.2876640558242798,
    0.29840317368507385,
    0.47244793176651,
    -1.5666706562042236,
    1.5642286539077759
  ],
  "C(C(F)(F)F)(C(F)(F)F)O": [
    1.67121422290802,
    -0.3621769845485687,
    -0.10984042286872864,
    -0.25286561250686646,
    0.03759812191128731,
    -1.2916632890701294,
    0.5936341881752014,
    -0.22460775077342987,
    0.34253665804862976,
    -2.092223882675171,
    0.8522393703460693,
    -1.0418665409088135,
    0.5247830152511597,
    0.45664122700691223,
    -0.9067546129226685,
    1.8056015968322754
  ],
  "O1C(C)CCC1": [
    1.8173593282699585,
    0.567653477191925,
    0.20664377510547638,
    -0.12919247150421143,
    -0.3995608687400818,
    -0.36467498540878296,
    1.6749693155288696,
    -0.5554258823394775,
    -0.571592390537262,
    -0.9274107813835144,
    0.5640573501586914,
    -2.0667099952697754,
    -0.48756369948387146,
    0.7569268345832825,
    -1.144404411315918,
    1.0626940727233887
  ],
  "C1CCCCC1": [
    1.7787902355194092,
    0.39203330874443054,
    0.14368437230587006,
    -0.2948841154575348,
    -0.7939017415046692,
    -0.8124472498893738,
    1.577821969985962,
    -0.14140258729457855,
    -0.3609965741634369,
    -0.9046534895896912,
    0.8511776328086853,
    -2.1092774868011475,
    -0.18502502143383026,
    0.7864044308662415,
    -0.9872380495071411,
    1.063839316368103
  ],
  "CC(O)C": [
    1.942729115486145,
    0.22586877644062042,
    0.26283517479896545,
    -0.042001236230134964,
    0.2619739770889282,
    -0.7988788485527039,
    1.150363802909851,
    -0.6356528401374817,
    -0.3371935784816742,
    -1.4354944229125977,
    0.7858479619026184,
    -1.7177239656448364,
    -0.08031909912824631,
    0.5850033164024353,
    -1.4293478727340698,
    1.2635729312896729
  ],
  "O.CC#N": [
    1.5919058322906494,
    -0.8931412696838379,
    0.0723930299282074,
    0.16991323232650757,
    0.5837922692298889,
    -1.4135043621063232,
    0.5665995478630066,
    -0.1830151230096817,
    -0.3090915083885193,
    -1.3647438287734985,
    0.8169516921043396,
    -1.3046338558197021,
    0.5967060923576355,
    0.5371668934822083,
    -1.28517484664917,
    1.8150129318237305
  ],
  "CC#N": [
    2.0372562408447266,
    -0.07453760504722595,
    0.2775770127773285,
    -0.0011499668471515179,
    0.261279821395874,
    -0.748142659664154,
    0.9998357892036438,
    -0.5742200016975403,
    -0.10195290297269821,
    -1.3941314220428467,
    0.7079310417175293,
    -1.6172124147415161,
    0.02897186204791069,
    0.39323970675468445,
    -1.6165087223052979,
    1.4201710224151611
  ],
  "CC#N.CC(=O)O": [
    1.950785517692566,
    -0.14455531537532806,
    0.20780286192893982,
    0.028601255267858505,
    0.23196017742156982,
    -0.8193657994270325,
    1.0054476261138916,
    -0.6030849814414978,
    0.008796446956694126,
    -1.491358757019043,
    0.7864061594009399,
    -1.5744214057922363,
    0.09559818357229233,
    0.44434696435928345,
    -1.5694199800491333,
    1.4416002035140991
  ],
  "CCOCC": [
    1.6186197996139526,
    0.5485032796859741,
    -0.01256629079580307,
    -0.23979082703590393,
    -0.7321141958236694,
    -0.2829347252845764,
    1.9653970003128052,
    -0.536901593208313,
    -0.4837484061717987,
    -0.9125099182128906,
    0.5005942583084106,
    -1.9832392930984497,
    -0.5814054012298584,
    0.990086555480957,
    -0.8746752142906189,
    1.0250599384307861
  ],
  "OCC(F)(F)F": [
    1.6923084259033203,
    -0.43263083696365356,
    0.07425955682992935,
    -0.13975825905799866,
    0.14633776247501373,
    -1.393338680267334,
    0.883903980255127,
    -0.4389273524284363,
    -0.10673031955957413,
    -1.7079750299453735,
    0.8675165176391602,
    -1.1720551252365112,
    0.5561210513114929,
    0.6372401118278503,
    -1.1561938524246216,
    1.6925772428512573
  ],
  "O.OCC(F)(F)F": [
    1.4599547386169434,
    -0.9947289824485779,
    -0.041545331478118896,
    0.06725861877202988,
    0.5374126434326172,
    -1.6768070459365845,
    0.5189765095710754,
    -0.18419551849365234,
    -0.3674677014350891,
    -1.436475157737732,
    0.9216015934944153,
    -0.993701696395874,
    0.7525744438171387,
    0.6677548885345459,
    -1.0432252883911133,
    1.8129408359527588
  ],
  "CN(C)C(C)=O": [
    1.9820753335952759,
    0.4031843841075897,
    0.4907417595386505,
    -0.1199268326163292,
    0.17554324865341187,
    -0.5900761485099792,
    1.1409928798675537,
    -0.6524260640144348,
    -0.47968176007270813,
    -1.2409589290618896,
    0.67155522108078,
    -1.9513715505599976,
    -0.23313108086585999,
    0.6025298237800598,
    -1.3566575050354004,
    1.1576006412506104
  ],
  "CCCCCCCCCCO": [
    1.9086273908615112,
    0.6016554236412048,
    0.057216186076402664,
    -0.41163012385368347,
    -0.23995092511177063,
    -0.27556493878364563,
    1.5485777854919434,
    -0.6481650471687317,
    -0.7366648316383362,
    -0.9145755767822266,
    0.7927445769309998,
    -1.943732738494873,
    -0.5962561368942261,
    1.0289230346679688,
    -1.0226683616638184,
    0.857279896736145
  ],
  "OCC": [
    1.9609748125076294,
    -0.12431029230356216,
    0.17320162057876587,
    0.06384550034999847,
    0.4631650447845459,
    -0.8410030007362366,
    0.9951200485229492,
    -0.5994601249694824,
    -0.20549897849559784,
    -1.4646153450012207,
    0.7392880916595459,
    -1.4546829462051392,
    0.008404645137488842,
    0.5395873785018921,
    -1.6597265005111694,
    1.4063141345977783
  ],
  "C1CCOC1": [
    1.7657339572906494,
    0.49882689118385315,
    0.16032299399375916,
    -0.08237584680318832,
    -0.38963502645492554,
    -0.24064292013645172,
    1.6929900646209717,
    -0.5688714385032654,
    -0.4625634551048279,
    -0.9410818815231323,
    0.6497139930725098,
    -2.157801389694214,
    -0.5957063436508179,
    0.8206637501716614,
    -1.0994118452072144,
    0.9541450142860413
  ],
  "[C@H]12CCC([C@H](OC1)O2)=O": [
    2.0569140911102295,
    -0.14192549884319305,
    0.4125879406929016,
    0.05893499404191971,
    0.5857561230659485,
    -0.8436634540557861,
    0.7939209938049316,
    -0.6739112138748169,
    -0.2737525403499603,
    -1.3235297203063965,
    0.6871933937072754,
    -1.6979091167449951,
    0.03132367879152298,
    0.4748927354812622,
    -1.499910593032837,
    1.3504433631896973
  ],
  "O=C(OCC)C": [
    1.655087947845459,
    0.578628659248352,
    0.02938985452055931,
    -0.11603382974863052,
    -0.635526180267334,
    -0.24298585951328278,
    1.915942907333374,
    -0.5090977549552917,
    -0.5129714608192444,
    -0.8815374374389648,
    0.5364304184913635,
    -2.0538833141326904,
    -0.6398139595985413,
    0.9569610357284546,
    -0.979218602180481,
    0.9064648747444153
  ],
  "CC(C)(C)OC": [
    1.4938523769378662,
    0.6334711909294128,
    -0.2214200645685196,
    -0.27323877811431885,
    -0.909887433052063,
    -0.44350817799568176,
    2.0124847888946533,
    -0.4844456613063812,
    -0.6582556962966919,
    -0.7935851812362671,
    0.6797599196434021,
    -1.8876030445098877,
    -0.616715669631958,
    1.248313307762146,
    -0.595471978187561,
    0.8281510472297668
  ],