{
  "CO": [
    1.405983805656433,
    -0.48586705327033997,
    0.665135383605957,
    -0.6597291231155396,
    0.24009253084659576,
    -0.6240793466567993,
    0.9753323793411255,
    -0.5948879718780518,
    -0.01792811043560505,
    -1.225795865058899,
    0.9732469320297241,
    -1.6168081760406494,
    0.3304905891418457,
    0.6784337759017944,
    -1.697069764137268,
    1.6445623636245728
  ],
  "OCCO": [
    1.6013596057891846,
    -0.6014487743377686,
    0.375448077917099,
    -0.02984071895480156,
    1.1252238750457764,
    -0.8947176933288574,
    0.45020177960395813,
    -0.7883428335189819,
    -0.6417320966720581,
    -1.1264736652374268,
    1.4232192039489746,
    -1.463646411895752,
    0.3755628764629364,
    0.5305930972099304,
    -1.5450818538665771,
    1.1970255374908447
  ],
  "C(C(F)(F)F)(C(F)(F)F)O": [
    1.6252795457839966,
    -0.31454068422317505,
    0.02989412471652031,
    -0.5809738039970398,
    0.26205623149871826,
    -0.9352222681045532,
    0.6131774187088013,
    -0.49713483452796936,
    0.030162272974848747,
    -1.8505890369415283,
    1.529844880104065,
    -1.1505866050720215,
    0.41281771659851074,
    0.4583732783794403,
    -1.2038813829421997,
    1.5643601417541504
  ],
  "O1C(C)CCC1": [
    1.4942492246627808,
    0.361558198928833,
    0.37157484889030457,
    -0.34779587388038635,
    -0.20776015520095825,
    -0.08525781333446503,
    1.515359878540039,
    -0.7106983661651611,
    -1.0321322679519653,
    -0.5506494641304016,
    1.0783981084823608,
    -2.0553863048553467,
    -0.41881293058395386,
    0.8880974650382996,
    -1.352418303489685,
    1.0439200401306152
  ],
  "C1CCCCC1": [
    1.498475193977356,
    0.23098568618297577,
    0.3044491708278656,
    -0.5025237202644348,
    -0.584960401058197,
    -0.5660201907157898,
    1.409529447555542,
    -0.28257453441619873,
    -0.7950906753540039,
    -0.5632965564727783,
    1.3810392618179321,
    -2.134594678878784,
    -0.12436246126890182,
    0.868573784828186,
    -1.1987892389297485,
    1.0522606372833252
  ],
  "CC(O)C": [
    1.552756905555725,
    0.009874237701296806,
    0.5160307288169861,
    -0.32077839970588684,
    0.3453996181488037,
    -0.338226854801178,
    1.2136027812957764,
    -0.8389248251914978,
    -0.5374233722686768,
    -1.0991185903549194,
    1.113128900527954,
    -1.7884840965270996,
    -0.010001251474022865,
    0.6817175149917603,
    -1.7335025072097778,
    1.2242884635925293
  ],
  "O.CC#N": [
    1.5119433403015137,
    -0.7928022742271423,
    0.11881961673498154,
    -0.1850341558456421,
    0.8090204000473022,
    -1.0370465517044067,
    0.5564520955085754,
    -0.6622569561004639,
    -0.6327109336853027,
    -1.158968448638916,
    1.6526867151260376,
    -1.312001347541809,
    0.5741755962371826,
    0.460999995470047,
    -1.3442929983139038,
    1.4296199083328247
  ],
  "CC#N": [
    1.601967692375183,
    -0.2264053076505661,
    0.48447155952453613,
    -0.17903757095336914,
    0.5382044315338135,
    -0.41401177644729614,
    0.7996823191642761,
    -0.7450420260429382,
    -0.5001256465911865,
    -1.1628433465957642,
    1.3728002309799194,
    -1.7703163623809814,
    0.20041120052337646,
    0.43642881512641907,
    -1.738050103187561,
    1.2887471914291382
  ],
  "CC#N.CC(=O)O": [
    1.6606686115264893,
    -0.31103941798210144,
    0.4039313495159149,
    -0.25628817081451416,
    0.5898736715316772,
    -0.5104002356529236,
    0.650098443031311,
    -0.8717213869094849,
    -0.36384648084640503,
    -1.2102642059326172,
    1.4591021537780762,
    -1.4995261430740356,
    0.1868058741092682,
    0.5568394064903259,
    -1.7885814905166626,
    1.291755199432373
  ],
  "CCOCC": [
    1.3621578216552734,
    0.38757091760635376,
    0.1515446901321411,
    -0.4074222147464752,
    -0.5079339742660522,
    -0.13330893218517303,
    1.7983461618423462,
    -0.6592016220092773,
    -0.994389533996582,
    -0.5225769877433777,
    1.0506014823913574,
    -2.0096142292022705,
    -0.5018234252929688,
    1.0399075746536255,
    -1.0870970487594604,
    1.0291640758514404
  ],
  "OCC(F)(F)F": [
    1.4264378547668457,
    -0.4519439935684204,
    0.3319084644317627,
    -0.511720597743988,
    0.2985774874687195,
    -0.9624242782592773,
    0.9074550271034241,
    -0.6585984230041504,
    -0.2998870015144348,
    -1.4213006496429443,
    1.438729166984558,
    -1.3429642915725708,
    0.565944254398346,
    0.6285116672515869,
    -1.4717159271240234,
    1.514738917350769
  ],
  "O.OCC(F)(F)F": [
    1.5240031480789185,
    -0.9669535756111145,
    -0.10292121022939682,
    -0.25015977025032043,
    0.8878709673881531,
    -1.252213954925537,
    0.23552685976028442,
    -0.3197598457336426,
    -0.45442265272140503,
    -1.1433223485946655,
    1.474411964416504,
    -1.0938067436218262,
    0.43492886424064636,
    0.7422961592674255,
    -1.3634743690490723,
    1.6383353471755981
  ],
  "CN(C)C(C)=O": [
    1.7087299823760986,
    0.13880421221256256,
    0.7113901972770691,
    -0.4107413589954376,
    0.5290642380714417,
    -0.27718228101730347,
    0.868866503238678,
    -0.8390979766845703,
    -0.8218477964401245,
    -0.9492958188056946,
    1.2081732749938965,
    -1.8830535411834717,
    -0.09392009675502777,
    0.6143191456794739,
    -1.5918896198272705,
    1.0756157636642456
  ],
  "CCCCCCCCCCO": [
    1.5590190887451172,
    0.4197757840156555,
    0.2278462052345276,
    -0.7057568430900574,
    -0.05597744882106781,
    -0.017591889947652817,
    1.369724154472351,
    -0.726671576499939,
    -1.1343231201171875,
    -0.5608761310577393,
    1.3188930749893188,
    -1.920851469039917,
    -0.48417916893959045,
    1.0661389827728271,
    -1.1984189748764038,
    0.8369624614715576
  ],
  "OCC": [
    1.6271908283233643,
    -0.22895275056362152,
    0.4508044719696045,
    -0.28058287501335144,
    0.7001616954803467,
    -0.5595893859863281,
    0.75376296043396,
    -0.8574866652488708,
    -0.6233034729957581,
    -1.1820851564407349,
    1.429476261138916,
    -1.5348187685012817,
    0.20566558837890625,
    0.5653679370880127,
    -1.7078940868377686,
    1.2303814888000488
  ],
  "C1CCOC1": [
    1.5470423698425293,
    0.23962914943695068,
    0.443776935338974,
    -0.3960035741329193,
    -0.09577031433582306,
    -0.08442973345518112,
    1.4332153797149658,
    -0.6527823805809021,
    -0.8830569386482239,
    -0.6083256006240845,
    1.1891238689422607,
    -2.1085126399993896,
    -0.3962690234184265,
    0.7833461165428162,
    -1.422583818435669,
    1.0031476020812988
  ],
  "[C@H]12CCC([C@H](OC1)O2)=O": [
    1.7818151712417603,
    -0.17382881045341492,
    0.7034140229225159,
    -0.2801389992237091,
    0.749398410320282,
    -0.45083245635032654,
    0.590243935585022,
    -0.9441344738006592,
    -0.6528312563896179,
    -1.07337486743927,
    1.2688902616500854,
    -1.7697783708572388,
    0.18611179292201996,
    0.4984838366508484,
    -1.5630217790603638,
    1.1157550811767578
  ],
  "O=C(OCC)C": [
    1.4930975437164307,
    0.38709044456481934,
    0.29677969217300415,
    -0.3526396155357361,
    -0.20676933228969574,
    -0.13506661355495453,
    1.5620588064193726,
    -0.6721277832984924,
    -0.9529584050178528,
    -0.6115301251411438,
    1.197200059890747,
    -2.0231006145477295,
    -0.42556461691856384,
    0.835239589214325,
    -1.3830164670944214,
    0.9840849041938782
  ],
  "CC(C)(C)OC": [
    1.2023024559020996,
    0.47423356771469116,
    -0.08215072751045227,
    -0.5252992510795593,
    -0.7257489562034607,
    -0.2813330292701721,
    1.9232205152511597,
    -0.5724502205848694,
    -1.0643466711044312,
    -0.39616408944129944,
    1.0645735263824463,
    -1.8598436117172241,
    -0.5878186225891113,
    1.3484288454055786,
    -0.8193089365959167,
    0.9016671776771545
  ],