{
  "CO": [
    1.9736248254776,
    -0.20357312262058258,
    0.06325297802686691,
    0.10735846310853958,
    -0.01829349808394909,
    -1.5749398469924927,
    0.7973366975784302,
    -0.44588860869407654,
    0.2529667317867279,
    -1.633589506149292,
    0.5306704044342041,
    -1.0569119453430176,
    0.04594617709517479,
    0.8256263136863708,
    -1.2007722854614258,
    1.5626147985458374
  ],
  "OCCO": [
    2.0168297290802,
    -0.44365257024765015,
    0.1814844012260437,
    0.34875965118408203,
    0.6765720248222351,
    -1.6191424131393433,
    0.6604813933372498,
    -0.31242039799690247,
    -0.17272672057151794,
    -1.4269870519638062,
    0.25336697697639465,
    -1.1032335758209229,
    0.00354282115586102,
    0.6828160881996155,
    -1.289968490600586,
    1.5686804056167603
  ],
  "C(C(F)(F)F)(C(F)(F)F)O": [
    1.6408706903457642,
    -0.26280638575553894,
    -0.0032438216730952263,
    -0.17805694043636322,
    -0.2656380236148834,
    -1.7173607349395752,
    0.33184587955474854,
    -0.009789171628654003,
    0.4281851351261139,
    -2.0588302612304688,
    0.5463871359825134,
    -0.8957419395446777,
    0.4655314087867737,
    0.6546534895896912,
    -0.5253593921661377,
    1.8686586618423462
  ],
  "O1C(C)CCC1": [
    1.9778962135314941,
    0.7724384665489197,
    0.21745088696479797,
    -0.12092249095439911,
    -0.6833930611610413,
    -0.4706691801548004,
    1.6284297704696655,
    -0.5157477259635925,
    -0.4241429567337036,
    -0.9332501888275146,
    0.37622398138046265,
    -1.9072036743164062,
    -0.6774405241012573,
    0.8303025960922241,
    -1.021480679512024,
    0.9743017554283142
  ],
  "C1CCCCC1": [
    1.7287225723266602,
    0.7229461073875427,
    -0.1685425490140915,
    -0.5764065980911255,
    -1.2290785312652588,
    -0.8302911520004272,
    1.5274041891098022,
    -0.33031532168388367,
    -0.2766382694244385,
    -0.8380482792854309,
    0.6329221725463867,
    -1.7452772855758667,
    -0.5889150500297546,
    1.4381780624389648,
    -0.36358070373535156,
    0.9219073057174683
  ],
  "CC(O)C": [
    2.191514015197754,
    0.4414013624191284,
    0.3282054662704468,
    -0.0507708303630352,
    -0.08301761001348495,
    -1.0656516551971436,
    1.1352108716964722,
    -0.5043905973434448,
    -0.1241336315870285,
    -1.406268835067749,
    0.3801649808883667,
    -1.478357195854187,
    -0.3926609456539154,
    0.6704452633857727,
    -1.299485683441162,
    1.2836686372756958
  ],
  "O.CC#N": [
    1.8472012281417847,
    -0.6236361861228943,
    0.03772292658686638,
    0.23574742674827576,
    0.2497459053993225,
    -1.8570642471313477,
    0.5282308459281921,
    -0.05708524212241173,
    -0.18080449104309082,
    -1.4729797840118408,
    0.48214367032051086,
    -1.070738673210144,
    0.3206844925880432,
    0.7423579692840576,
    -0.9380455017089844,
    1.7758262157440186
  ],
  "CC#N": [
    2.19209885597229,
    0.24045926332473755,
    0.2404399961233139,
    0.058250389993190765,
    -0.13444018363952637,
    -1.0588902235031128,
    1.1287486553192139,
    -0.38985350728034973,
    0.08738745748996735,
    -1.4819837808609009,
    0.47106802463531494,
    -1.533826231956482,
    -0.2830468416213989,
    0.5813457369804382,
    -1.34316086769104,
    1.250647783279419
  ],
  "CC#N.CC(=O)O": [
    2.1641170978546143,
    0.09273100644350052,
    0.2126637101173401,
    0.02261112816631794,
    -0.12319937348365784,
    -1.2060377597808838,
    1.0268185138702393,
    -0.4320106506347656,
    0.21137665212154388,
    -1.5103262662887573,
    0.528251051902771,
    -1.388796091079712,
    -0.22557130455970764,
    0.6452004313468933,
    -1.3345727920532227,
    1.342009425163269
  ],
  "CCOCC": [
    2.0068116188049316,
    0.7710371017456055,
    0.15893219411373138,
    -0.24346740543842316,
    -0.7822319269180298,
    -0.6063809990882874,
    1.640869140625,
    -0.41289108991622925,
    -0.3117121160030365,
    -0.9844383597373962,
    0.4368075430393219,
    -1.8432906866073608,
    -0.5990949273109436,
    0.7662950158119202,
    -0.9849434494972229,
    1.0112338066101074
  ],
  "OCC(F)(F)F": [
    1.8742601871490479,
    -0.14130368828773499,
    0.08927786350250244,
    -0.09718382358551025,
    -0.13586223125457764,
    -1.758565068244934,
    0.7029107213020325,
    -0.3487705886363983,
    0.05958385393023491,
    -1.8125370740890503,
    0.6923248767852783,
    -0.9069429636001587,
    0.26256081461906433,
    0.8296443223953247,
    -0.8756589293479919,
    1.5925196409225464
  ],
  "O.OCC(F)(F)F": [
    1.607301115989685,
    -0.7637969255447388,
    -0.053170666098594666,
    0.2089947909116745,
    0.27193593978881836,
    -2.03642201423645,
    0.42330554127693176,
    0.10343348979949951,
    -0.20233036577701569,
    -1.4900227785110474,
    0.4571547508239746,
    -0.7821733355522156,
    0.34816041588783264,
    0.9002193212509155,
    -0.8491899371147156,
    1.876964807510376
  ],
  "CN(C)C(C)=O": [
    2.160902261734009,
    0.5483413338661194,
    0.5150991678237915,
    -0.16634602844715118,
    -0.18679776787757874,
    -0.8219322562217712,
    1.2260855436325073,
    -0.5183587670326233,
    -0.2426718771457672,
    -1.2532953023910522,
    0.30936717987060547,
    -1.7447079420089722,
    -0.4326542913913727,
    0.7121522426605225,
    -1.2406452894210815,
    1.1593906879425049
  ],
  "CCCCCCCCCCO": [
    2.0773122310638428,
    0.6580248475074768,
    0.25998741388320923,
    -0.4862125813961029,
    -0.5550643801689148,
    -0.4313787519931793,
    1.4183518886566162,
    -0.48779094219207764,
    -0.4914865493774414,
    -1.0076130628585815,
    0.4677778482437134,
    -1.8003923892974854,
    -0.6446807384490967,
    0.9701568484306335,
    -1.0233875513076782,
    1.0980604887008667
  ],
  "OCC": [
    2.1227774620056152,
    0.1199854388833046,
    0.23410822451114655,
    0.06006370112299919,
    0.028319748118519783,
    -1.2106858491897583,
    1.133810043334961,
    -0.3861987888813019,
    0.010421521961688995,
    -1.4849426746368408,
    0.39278486371040344,
    -1.3741605281829834,
    -0.25697270035743713,
    0.6825015544891357,
    -1.3965591192245483,
    1.3520233631134033
  ],
  "C1CCOC1": [
    2.050734519958496,
    0.6687131524085999,
    0.3116130530834198,
    -0.15814007818698883,
    -0.6475125551223755,
    -0.5206825733184814,
    1.5572354793548584,
    -0.4300396740436554,
    -0.28098127245903015,
    -0.9128719568252563,
    0.4603261947631836,
    -1.9556701183319092,
    -0.6679299473762512,
    0.6990792751312256,
    -1.119032621383667,
    0.9666980504989624
  ],
  "[C@H]12CCC([C@H](OC1)O2)=O": [
    2.2444307804107666,
    0.061700597405433655,
    0.440239280462265,
    0.0919688269495964,
    0.22443988919258118,
    -1.1863620281219482,
    0.9180201888084412,
    -0.48400649428367615,
    -0.11032337695360184,
    -1.3760114908218384,
    0.3089579641819,
    -1.5078418254852295,
    -0.2815808057785034,
    0.6610774993896484,
    -1.3077671527862549,
    1.3275066614151
  ],
  "O=C(OCC)C": [
    1.9271066188812256,
    0.8161899447441101,
    0.12653861939907074,
    -0.0879618301987648,
    -0.7876633405685425,
    -0.4804879128932953,
    1.696126937866211,
    -0.4681951701641083,
    -0.3283785283565521,
    -0.9481388926506042,
    0.46483156085014343,
    -1.8630540370941162,
    -0.7336661219596863,
    0.7884511351585388,
    -1.0339847803115845,
    0.9359137415885925
  ],
  "CC(C)(C)OC": [
    1.823745846748352,
    0.8081435561180115,
    -0.0027477722615003586,
    -0.26871731877326965,
    -1.1048330068588257,
    -0.5810577869415283,
    1.8088831901550293,
    -0.42349112033843994,
    -0.38355037569999695,
    -0.8413143157958984,
    0.5463180541992188,
    -1.7708523273468018,
    -0.6610198020935059,
    0.9730275273323059,
    -0.7919979691505432,
    0.8943811058998108
  ],