{
  "CO": [
    1.927405834197998,
    -0.32280775904655457,
    0.04853156581521034,
    0.07858830690383911,
    0.24111095070838928,
    -1.758668065071106,
    0.6299771666526794,
    -0.3011433780193329,
    0.20895536243915558,
    -1.5460292100906372,
    0.3157268166542053,
    -0.8730330467224121,
    0.12958678603172302,
    0.8301951885223389,
    -1.2708945274353027,
    1.6892176866531372
  ],
  "OCCO": [
    2.0645759105682373,
    -0.3965258300304413,
    0.159016415476799,
    0.3656269609928131,
    0.6239814758300781,
    -1.6446471214294434,
    0.7079579830169678,
    -0.3724694550037384,
    -0.2097957730293274,
    -1.440393090248108,
    0.23002906143665314,
    -1.1199735403060913,
    -0.012647467665374279,
    0.7463786602020264,
    -1.1826400756835938,
    1.5099211931228638
  ],
  "C(C(F)(F)F)(C(F)(F)F)O": [
    1.5230003595352173,
    -0.26313841342926025,
    0.003786449320614338,
    -0.12048093229532242,
    -0.2824207842350006,
    -1.845763087272644,
    0.6603179574012756,
    -0.06537771224975586,
    0.24513249099254608,
    -1.9547617435455322,
    0.5432310104370117,
    -0.8829363584518433,
    0.4541332721710205,
    0.7685994505882263,
    -0.6067628264427185,
    1.8486305475234985
  ],
  "O1C(C)CCC1": [
    2.113713502883911,
    0.690015971660614,
    0.2968902885913849,
    -0.20910626649856567,
    -0.6002976298332214,
    -0.6295669674873352,
    1.5681850910186768,
    -0.455574095249176,
    -0.28760141134262085,
    -1.0021369457244873,
    0.2574460804462433,
    -1.8160362243652344,
    -0.5484071373939514,
    0.733435332775116,
    -1.1252729892730713,
    1.040229320526123
  ],
  "C1CCCCC1": [
    1.9424527883529663,
    0.7074820399284363,
    -0.05004929006099701,
    -0.23197752237319946,
    -1.1315348148345947,
    -0.9406072497367859,
    1.614859938621521,
    -0.2532505989074707,
    -0.2806988060474396,
    -0.7832612991333008,
    0.6943686604499817,
    -1.8135873079299927,
    -0.5092031359672546,
    0.965901792049408,
    -0.7653346657752991,
    0.859825611114502
  ],
  "CC(O)C": [
    2.1969399452209473,
    0.30860206484794617,
    0.2792891263961792,
    -0.05352550372481346,
    -0.022734997794032097,
    -1.1029046773910522,
    1.1075148582458496,
    -0.4491840898990631,
    -0.011042476631700993,
    -1.516553282737732,
    0.35506582260131836,
    -1.391637921333313,
    -0.3666517734527588,
    0.7503869533538818,
    -1.3179339170455933,
    1.2650415897369385
  ],
  "O.CC#N": [
    1.8430479764938354,
    -0.5760698914527893,
    0.02138546295464039,
    0.1974858045578003,
    0.313740074634552,
    -1.8632867336273193,
    0.5881261229515076,
    -0.1313926875591278,
    -0.15275093913078308,
    -1.4837327003479004,
    0.4265987277030945,
    -0.9728910326957703,
    0.2543070912361145,
    0.7914952635765076,
    -1.008692741394043,
    1.776161789894104
  ],
  "CC#N": [
    2.183116912841797,
    0.20002886652946472,
    0.2959178388118744,
    0.04700704291462898,
    -0.0934114158153534,
    -1.1186240911483765,
    1.1222999095916748,
    -0.3312362730503082,
    0.05264611169695854,
    -1.4473344087600708,
    0.4052232801914215,
    -1.5028595924377441,
    -0.3076517879962921,
    0.565704345703125,
    -1.3609318733215332,
    1.3173190355300903
  ],
  "CC#N.CC(=O)O": [
    2.1812984943389893,
    0.1123543307185173,
    0.1989685446023941,
    0.03989289328455925,
    -0.05889610946178436,
    -1.213620662689209,
    0.9995489716529846,
    -0.4222330152988434,
    0.15265871584415436,
    -1.5268348455429077,
    0.491262286901474,
    -1.3382654190063477,
    -0.2557745575904846,
    0.665867030620575,
    -1.3526527881622314,
    1.3543905019760132
  ],
  "CCOCC": [
    1.8883239030838013,
    0.8090050220489502,
    0.06824125349521637,
    -0.16556957364082336,
    -0.8774909377098083,
    -0.5651186108589172,
    1.7716646194458008,
    -0.48504185676574707,
    -0.4553881883621216,
    -0.9378145337104797,
    0.39745765924453735,
    -1.8015519380569458,
    -0.618729293346405,
    0.908327043056488,
    -0.8866746425628662,
    0.9770249128341675
  ],
  "OCC(F)(F)F": [
    1.9036145210266113,
    -0.2347244918346405,
    0.041499435901641846,
    -0.10432133823633194,
    -0.002029257360845804,
    -1.7484722137451172,
    0.7308876514434814,
    -0.31130343675613403,
    0.12151936441659927,
    -1.7329413890838623,
    0.5353667736053467,
    -0.8557533621788025,
    0.26793673634529114,
    0.837324857711792,
    -1.0464129447937012,
    1.6265232563018799
  ],
  "O.OCC(F)(F)F": [
    1.6088011264801025,
    -0.7819486260414124,
    -0.06577671319246292,
    0.2459132969379425,
    0.3294457197189331,
    -2.0183279514312744,
    0.3734322488307953,
    0.049119822680950165,
    -0.20543831586837769,
    -1.4400230646133423,
    0.4073149561882019,
    -0.7221605777740479,
    0.3025871515274048,
    0.9523223042488098,
    -0.9212772250175476,
    1.907495141029358
  ],
  "CN(C)C(C)=O": [
    2.1689329147338867,
    0.5448890924453735,
    0.5063716769218445,
    -0.13516120612621307,
    -0.1405598670244217,
    -0.8848280906677246,
    1.214127779006958,
    -0.5145320296287537,
    -0.2650986313819885,
    -1.2847521305084229,
    0.27366501092910767,
    -1.7160704135894775,
    -0.41313883662223816,
    0.7328261137008667,
    -1.2173572778701782,
    1.1577205657958984
  ],
  "CCCCCCCCCCO": [
    2.1633307933807373,
    0.6242237687110901,
    0.2252185046672821,
    -0.442247599363327,
    -0.5006229877471924,
    -0.406901091337204,
    1.438668966293335,
    -0.5499771237373352,
    -0.5865155458450317,
    -0.9147869944572449,
    0.3187805414199829,
    -1.7289360761642456,
    -0.6183668375015259,
    0.9734354019165039,
    -1.086354374885559,
    1.1143975257873535
  ],
  "OCC": [
    2.179844379425049,
    0.11987590044736862,
    0.23907151818275452,
    0.02868242934346199,
    0.09037335216999054,
    -1.2554140090942383,
    1.0544804334640503,
    -0.47154006361961365,
    -0.0014860407682135701,
    -1.4948312044143677,
    0.2994115650653839,
    -1.1985594034194946,
    -0.2595630884170532,
    0.7312073111534119,
    -1.4153192043304443,
    1.3843157291412354
  ],
  "C1CCOC1": [
    2.0639607906341553,
    0.6530355215072632,
    0.30590590834617615,
    -0.15331953763961792,
    -0.618166983127594,
    -0.5636993646621704,
    1.5718669891357422,
    -0.4361557066440582,
    -0.2831031084060669,
    -0.9335249066352844,
    0.39292433857917786,
    -1.9401798248291016,
    -0.6407356858253479,
    0.7234401106834412,
    -1.1006439924240112,
    0.9827569127082825
  ],
  "[C@H]12CCC([C@H](OC1)O2)=O": [
    2.249445915222168,
    0.060872625559568405,
    0.45442357659339905,
    0.05482558161020279,
    0.21083267033100128,
    -1.2011587619781494,
    0.9584652781486511,
    -0.49267488718032837,
    -0.11373913288116455,
    -1.3924596309661865,
    0.21571528911590576,
    -1.4564918279647827,
    -0.24725371599197388,
    0.6910752058029175,
    -1.2970584630966187,
    1.3331481218338013
  ],
  "O=C(OCC)C": [
    1.9761111736297607,
    0.7656963467597961,
    0.16187161207199097,
    -0.12720540165901184,
    -0.7897596955299377,
    -0.5071207284927368,
    1.7271305322647095,
    -0.4681633710861206,
    -0.3059402406215668,
    -0.9330200552940369,
    0.31971028447151184,
    -1.8055620193481445,
    -0.7001145482063293,
    0.8466909527778625,
    -1.0654819011688232,
    0.9323360919952393
  ],
  "CC(C)(C)OC": [
    1.813604474067688,
    0.8308134078979492,
    -0.05733152851462364,
    -0.19788964092731476,
    -1.0400142669677734,
    -0.5616947412490845,
    1.8406782150268555,
    -0.4545523226261139,
    -0.44674259424209595,
    -0.8293766975402832,
    0.5593416690826416,
    -1.7697097063064575,
    -0.6858251094818115,
    0.9688287973403931,
    -0.81085604429245,
    0.8677169680595398
  ],