{
  "CO": [
    1.8597315549850464,
    -0.32329660654067993,
    0.15580788254737854,
    -0.023277346044778824,
    0.012770358473062515,
    -1.6375679969787598,
    0.760028064250946,
    -0.17579913139343262,
    0.3524037301540375,
    -1.5830869674682617,
    0.33397743105888367,
    -1.1632744073867798,
    0.09131994098424911,
    0.8878465294837952,
    -1.1892118453979492,
    1.665454387664795
  ],
  "OCCO": [
    2.0125374794006348,
    -0.46268507838249207,
    0.1737041026353836,
    0.37364986538887024,
    0.6667374968528748,
    -1.6439048051834106,
    0.6394245624542236,
    -0.31275832653045654,
    -0.19619055092334747,
    -1.4073467254638672,
    0.2655133306980133,
    -1.1368651390075684,
    0.010127001442015171,
    0.7041075229644775,
    -1.2361384630203247,
    1.5735347270965576
  ],
  "C(C(F)(F)F)(C(F)(F)F)O": [
    1.7090420722961426,
    -0.3764450252056122,
    0.04023082181811333,
    -0.21039678156375885,
    -0.1204845979809761,
    -1.8006248474121094,
    0.562404215335846,
    -0.11915811896324158,
    0.15336614847183228,
    -1.8549963235855103,
    0.5183745622634888,
    -0.7462639212608337,
    0.47613823413848877,
    0.717981219291687,
    -0.8009231686592102,
    1.8736350536346436
  ],
  "O1C(C)CCC1": [
    1.9589784145355225,
    0.7691429257392883,
    0.23204925656318665,
    -0.11251997202634811,
    -0.6710270047187805,
    -0.473954439163208,
    1.6244781017303467,
    -0.5134012699127197,
    -0.43549248576164246,
    -0.9350906014442444,
    0.375042587518692,
    -1.9060736894607544,
    -0.687531590461731,
    0.8456896543502808,
    -1.035232663154602,
    0.9873632788658142
  ],
  "C1CCCCC1": [
    1.97118079662323,
    0.6566129326820374,
    0.09685433655977249,
    -0.295254647731781,
    -1.1026713848114014,
    -0.9355738162994385,
    1.4573765993118286,
    -0.15126609802246094,
    -0.22198735177516937,
    -0.8488894701004028,
    0.7927340865135193,
    -1.8939690589904785,
    -0.4000258147716522,
    0.8164926171302795,
    -0.8734089732170105,
    0.9511842727661133
  ],
  "CC(O)C": [
    2.050586223602295,
    0.3555235266685486,
    0.3329593241214752,
    -0.09651482850313187,
    -0.2574463486671448,
    -1.050752878189087,
    1.3405382633209229,
    -0.42107945680618286,
    0.04061593860387802,
    -1.4277266263961792,
    0.21444180607795715,
    -1.5483086109161377,
    -0.2982415556907654,
    0.7280775308609009,
    -1.265136957168579,
    1.329393982887268
  ],
  "O.CC#N": [
    1.964683175086975,
    -0.5521986484527588,
    0.022492827847599983,
    0.2032608538866043,
    0.26446983218193054,
    -1.804565668106079,
    0.49382174015045166,
    -0.20130692422389984,
    -0.07983227074146271,
    -1.4657727479934692,
    0.47375407814979553,
    -1.0082145929336548,
    0.2106066793203354,
    0.7270673513412476,
    -1.0007802248001099,
    1.7718219757080078
  ],
  "CC#N": [
    2.249764919281006,
    0.19544735550880432,
    0.2913524806499481,
    -0.028130512684583664,
    -0.11539721488952637,
    -1.116223692893982,
    1.0630288124084473,
    -0.40049341320991516,
    0.14310222864151,
    -1.4397133588790894,
    0.380881667137146,
    -1.4409457445144653,
    -0.27747035026550293,
    0.581057608127594,
    -1.3687151670455933,
    1.3071504831314087
  ],
  "CC#N.CC(=O)O": [
    2.1793265342712402,
    0.07208280265331268,
    0.21433568000793457,
    0.011640440672636032,
    -0.09150876104831696,
    -1.2436296939849854,
    0.9532857537269592,
    -0.45015832781791687,
    0.19164076447486877,
    -1.4927496910095215,
    0.5329880118370056,
    -1.3477003574371338,
    -0.21953833103179932,
    0.6720954775810242,
    -1.3373985290527344,
    1.379381537437439
  ],
  "CCOCC": [
    1.819662094116211,
    0.768180251121521,
    0.08567061275243759,
    -0.19247399270534515,
    -0.9856178164482117,
    -0.4937121272087097,
    1.76142418384552,
    -0.4747278094291687,
    -0.3432904779911041,
    -0.9088311195373535,
    0.4226134121417999,
    -1.8746370077133179,
    -0.6646202802658081,
    0.9174019694328308,
    -0.8365084528923035,
    1.0220762491226196
  ],
  "OCC(F)(F)F": [
    1.9405698776245117,
    -0.20628045499324799,
    -0.015345018357038498,
    -0.05837231129407883,
    0.011229784227907658,
    -1.72265625,
    0.5836847424507141,
    -0.3015383780002594,
    0.16579607129096985,
    -1.7880795001983643,
    0.5740224123001099,
    -0.7754760980606079,
    0.1932438164949417,
    0.8025743365287781,
    -1.0456448793411255,
    1.6671777963638306
  ],
  "O.OCC(F)(F)F": [
    1.5664520263671875,
    -0.7965633273124695,
    -0.07057274132966995,
    0.17127959430217743,
    0.2747993469238281,
    -2.0213725566864014,
    0.40795576572418213,
    0.0739327073097229,
    -0.16685117781162262,
    -1.4737164974212646,
    0.4596097469329834,
    -0.7527591586112976,
    0.3496614992618561,
    0.9417856931686401,
    -0.8648104667663574,
    1.9205827713012695
  ],
  "CN(C)C(C)=O": [
    2.1784164905548096,
    0.5544900298118591,
    0.48025190830230713,
    -0.14409016072750092,
    -0.16848881542682648,
    -0.7768474817276001,
    1.2176988124847412,
    -0.5338199138641357,
    -0.26086246967315674,
    -1.3135662078857422,
    0.3342180848121643,
    -1.7318006753921509,
    -0.4610704481601715,
    0.7538416981697083,
    -1.2130860090255737,
    1.109423279762268
  ],
  "CCCCCCCCCCO": [
    2.092028856277466,
    0.6423549652099609,
    0.2484164535999298,
    -0.5125367641448975,
    -0.5330445766448975,
    -0.4287970960140228,
    1.4162907600402832,
    -0.4791058897972107,
    -0.4300139546394348,
    -1.0671006441116333,
    0.4834413230419159,
    -1.8037693500518799,
    -0.6231604814529419,
    0.9539731740951538,
    -1.0154550075531006,
    1.0786179304122925
  ],
  "OCC": [
    2.0906498432159424,
    0.11043024063110352,
    0.2430245280265808,
    0.031788505613803864,
    -0.01733238995075226,
    -1.21471107006073,
    1.1594781875610352,
    -0.41457879543304443,
    0.0666668638586998,
    -1.5251567363739014,
    0.3477843701839447,
    -1.3471702337265015,
    -0.21588392555713654,
    0.7005079984664917,
    -1.3715211153030396,
    1.3833681344985962
  ],
  "C1CCOC1": [
    2.0393121242523193,
    0.672271728515625,
    0.3000286817550659,
    -0.1625339686870575,
    -0.6574910879135132,
    -0.5154001712799072,
    1.5592399835586548,
    -0.432356595993042,
    -0.26104292273521423,
    -0.9283458590507507,
    0.4381558299064636,
    -1.9703844785690308,
    -0.665529191493988,
    0.7083914279937744,
    -1.0874656438827515,
    0.9843178391456604
  ],
  "[C@H]12CCC([C@H](OC1)O2)=O": [
    2.2723145484924316,
    0.05943078547716141,
    0.45406463742256165,
    0.011387558653950691,
    0.16781854629516602,
    -1.1340038776397705,
    0.9530428647994995,
    -0.5008066892623901,
    -0.08569665253162384,
    -1.3879457712173462,
    0.2666252851486206,
    -1.5035324096679688,
    -0.24769940972328186,
    0.6626454591751099,
    -1.2915958166122437,
    1.3282569646835327
  ],
  "O=C(OCC)C": [
    1.962851643562317,
    0.7907540202140808,
    0.15489432215690613,
    -0.14610329270362854,
    -0.8136142492294312,
    -0.4969051480293274,
    1.686119794845581,
    -0.45315662026405334,
    -0.29854705929756165,
    -0.9525055289268494,
    0.39956921339035034,
    -1.848002552986145,
    -0.6860874891281128,
    0.8000277876853943,
    -1.0336586236953735,
    0.9578202962875366
  ],
  "CC(C)(C)OC": [
    1.6984059810638428,
    0.8022245168685913,
    -0.1149986982345581,
    -0.32799652218818665,
    -1.1814193725585938,
    -0.4852847158908844,
    1.813489317893982,
    -0.4716712534427643,
    -0.4683324694633484,
    -0.8055459856987,
    0.5855826139450073,
    -1.7947499752044678,
    -0.6894955039024353,
    1.2031214237213135,
    -0.5706820487976074,
    0.832258403301239
  ],