{
  "CO": [
    1.6864959001541138,
    -0.33039090037345886,
    0.26859432458877563,
    -0.28930193185806274,
    -0.025520043447613716,
    -1.3740694522857666,
    0.9842479228973389,
    -0.17916782200336456,
    0.5612090229988098,
    -1.6681777238845825,
    0.10688638687133789,
    -1.2229344844818115,
    0.22431738674640656,
    0.6741982102394104,
    -1.2321045398712158,
    1.827807903289795
  ],
  "OCCO": [
    1.9372504949569702,
    -0.5400577783584595,
    0.09599874913692474,
    0.38992151618003845,
    0.7712268829345703,
    -1.4925987720489502,
    0.7556148171424866,
    -0.28364062309265137,
    -0.24031893908977509,
    -1.4254060983657837,
    0.4609698951244354,
    -1.1995853185653687,
    0.030477238819003105,
    0.556462824344635,
    -1.3576678037643433,
    1.5529887676239014
  ],
  "C(C(F)(F)F)(C(F)(F)F)O": [
    1.4773433208465576,
    -0.08295150101184845,
    -0.07373905181884766,
    -0.3602476418018341,
    -0.9311468005180359,
    -1.2355191707611084,
    1.1247788667678833,
    -0.1722932606935501,
    0.27977749705314636,
    -2.0528600215911865,
    0.8162301182746887,
    -1.125344157218933,
    0.27663078904151917,
    1.0042765140533447,
    -0.4801819324493408,
    1.5527199506759644
  ],
  "O1C(C)CCC1": [
    1.996140480041504,
    0.7007013559341431,
    0.2327801138162613,
    -0.15053144097328186,
    -0.45792755484580994,
    -0.5411102771759033,
    1.5813668966293335,
    -0.4959283769130707,
    -0.38715338706970215,
    -0.9892287850379944,
    0.47783201932907104,
    -1.9434716701507568,
    -0.5668407082557678,
    0.7268953323364258,
    -1.1633495092391968,
    0.9929160475730896
  ],
  "C1CCCCC1": [
    1.5798770189285278,
    0.5730876922607422,
    -0.42950189113616943,
    -0.7055001258850098,
    -1.0032566785812378,
    -0.7846596240997314,
    1.4147125482559204,
    -0.3974185287952423,
    -0.08667995780706406,
    -0.8193421363830566,
    0.5420776009559631,
    -1.860924482345581,
    -0.6427659392356873,
    1.7823896408081055,
    -0.039302319288253784,
    0.8951667547225952
  ],
  "CC(O)C": [
    1.9494956731796265,
    0.35846152901649475,
    0.18203654885292053,
    0.018186982721090317,
    -0.11337309330701828,
    -0.8858237266540527,
    1.4610344171524048,
    -0.5141879320144653,
    -0.10739511251449585,
    -1.447695255279541,
    0.45317158102989197,
    -1.655287265777588,
    -0.29367610812187195,
    0.7093362212181091,
    -1.3282103538513184,
    1.2299169301986694
  ],
  "O.CC#N": [
    1.9521442651748657,
    -0.7328876852989197,
    -0.09778711199760437,
    0.1807841658592224,
    0.38929060101509094,
    -1.6199986934661865,
    0.5026447176933289,
    -0.1321483850479126,
    0.00012836689711548388,
    -1.5216856002807617,
    0.5482702851295471,
    -1.0090696811676025,
    0.24334783852100372,
    0.6118012070655823,
    -1.101702094078064,
    1.795258641242981
  ],
  "CC#N": [
    2.1956088542938232,
    0.10809832066297531,
    0.21014375984668732,
    0.010284538380801678,
    0.03524995222687721,
    -0.9438310861587524,
    1.1383438110351562,
    -0.4465647041797638,
    0.04760875180363655,
    -1.4526535272598267,
    0.5365467071533203,
    -1.4802464246749878,
    -0.24087508022785187,
    0.45281219482421875,
    -1.4784431457519531,
    1.3201701641082764
  ],
  "CC#N.CC(=O)O": [
    2.086299419403076,
    -0.0019246998708695173,
    0.12364710122346878,
    0.0488700345158577,
    0.02699374035000801,
    -1.0338363647460938,
    1.1322108507156372,
    -0.4526430666446686,
    0.1574379801750183,
    -1.5583784580230713,
    0.6441157460212708,
    -1.4335945844650269,
    -0.15784335136413574,
    0.5428349375724792,
    -1.4447720050811768,
    1.333844780921936
  ],
  "CCOCC": [
    1.734017252922058,
    0.727469265460968,
    -0.040777284651994705,
    -0.1373145878314972,
    -0.8375305533409119,
    -0.5051664113998413,
    1.842732310295105,
    -0.5228691101074219,
    -0.42333415150642395,
    -0.9308362007141113,
    0.5248659253120422,
    -1.9212937355041504,
    -0.6330834627151489,
    0.99473637342453,
    -0.8070957064628601,
    0.9517520666122437
  ],
  "OCC(F)(F)F": [
    1.8765510320663452,
    -0.3254832327365875,
    -0.06550373882055283,
    -0.11735434085130692,
    0.1168682649731636,
    -1.5401873588562012,
    0.7427987456321716,
    -0.29148319363594055,
    0.2740074098110199,
    -1.842622995376587,
    0.6522316932678223,
    -0.8812448382377625,
    0.2679601013660431,
    0.6618531346321106,
    -1.1675350666046143,
    1.6531213521957397
  ],
  "O.OCC(F)(F)F": [
    1.675860047340393,
    -0.7845422029495239,
    -0.17408199608325958,
    0.1299513578414917,
    0.4712141156196594,
    -1.8462392091751099,
    0.5841379761695862,
    -0.05462897941470146,
    -0.16184525191783905,
    -1.5827749967575073,
    0.6028344035148621,
    -0.7622211575508118,
    0.41425737738609314,
    0.6585711240768433,
    -0.9999715685844421,
    1.8410007953643799
  ],
  "CN(C)C(C)=O": [
    2.0691959857940674,
    0.5123488903045654,
    0.44610971212387085,
    -0.1403309851884842,
    -0.04112505540251732,
    -0.7499106526374817,
    1.2899253368377686,
    -0.5369504690170288,
    -0.30872124433517456,
    -1.2578686475753784,
    0.4675048291683197,
    -1.8394173383712769,
    -0.4046195149421692,
    0.6693422794342041,
    -1.2866806983947754,
    1.1239869594573975
  ],
  "CCCCCCCCCCO": [
    1.9958223104476929,
    0.6691187620162964,
    0.08119470626115799,
    -0.4459800720214844,
    -0.3979143500328064,
    -0.3974795937538147,
    1.5152887105941772,
    -0.5825227499008179,
    -0.5303665995597839,
    -1.0050075054168701,
    0.6672956347465515,
    -1.8707354068756104,
    -0.6374316811561584,
    1.0525332689285278,
    -0.9920610189437866,
    0.8932709693908691
  ],
  "OCC": [
    2.0326805114746094,
    0.050239115953445435,
    0.20918501913547516,
    0.03409204259514809,
    0.11067215353250504,
    -1.0645653009414673,
    1.276961326599121,
    -0.4643325209617615,
    0.0850205048918724,
    -1.5272283554077148,
    0.399181604385376,
    -1.4243465662002563,
    -0.1933767944574356,
    0.5979123711585999,
    -1.4578338861465454,
    1.3515067100524902
  ],
  "C1CCOC1": [
    1.8644554615020752,
    0.6131688356399536,
    0.13467000424861908,
    -0.07837039232254028,
    -0.5626640319824219,
    -0.34500956535339355,
    1.6934200525283813,
    -0.5333206057548523,
    -0.3407333195209503,
    -0.9464777112007141,
    0.5448185205459595,
    -2.009021043777466,
    -0.7060598134994507,
    0.8584793210029602,
    -1.1060210466384888,
    0.9323158264160156
  ],
  "[C@H]12CCC([C@H](OC1)O2)=O": [
    2.213876724243164,
    -0.012721922248601913,
    0.37368905544281006,
    0.07243268936872482,
    0.3221808075904846,
    -0.9859312176704407,
    0.9891363978385925,
    -0.5537859797477722,
    -0.12509635090827942,
    -1.413636326789856,
    0.4494090676307678,
    -1.5728145837783813,
    -0.20142127573490143,
    0.560154378414154,
    -1.391579270362854,
    1.2879279851913452
  ],
  "O=C(OCC)C": [
    1.9582879543304443,
    0.6963397860527039,
    0.14679263532161713,
    -0.1496584415435791,
    -0.5573281645774841,
    -0.5850139260292053,
    1.677995204925537,
    -0.4402473568916321,
    -0.2502847909927368,
    -1.0129882097244263,
    0.53687584400177,
    -1.8966338634490967,
    -0.5777491331100464,
    0.7463967800140381,
    -1.187865138053894,
    0.9103096723556519
  ],
  "CC(C)(C)OC": [
    1.6444891691207886,
    0.7570691108703613,
    -0.1876656711101532,
    -0.2360048145055771,
    -0.9658674001693726,
    -0.5635115504264832,
    1.9165985584259033,
    -0.4941483438014984,
    -0.41605308651924133,
    -0.9091470837593079,
    0.6023150086402893,
    -1.7918486595153809,
    -0.6495792865753174,
    1.1752715110778809,
    -0.7136892080307007,
    0.8510961532592773
  ],