{
  "CO": [
    0.587135910987854,
    -2.2244298458099365,
    0.9098979234695435,
    0.005307253450155258,
    0.6823158264160156,
    -0.06085702031850815,
    -0.501326858997345,
    0.33389928936958313,
    -0.5847008228302002,
    -1.2135159969329834,
    1.4730650186538696,
    -0.08947976678609848,
    0.592558741569519,
    0.8610838055610657,
    -1.7391985654830933,
    0.9679452776908875
  ],
  "OCCO": [
    0.839865505695343,
    -2.0848774909973145,
    1.0692940950393677,
    0.14347289502620697,
    1.1750304698944092,
    -0.0021906322799623013,
    -0.7887240648269653,
    0.2778240144252777,
    -0.6688392758369446,
    -0.9316874742507935,
    1.2593932151794434,
    -0.3980196416378021,
    0.43684980273246765,
    0.6417440176010132,
    -1.8210619688034058,
    0.8513496518135071
  ],
  "C(C(F)(F)F)(C(F)(F)F)O": [
    0.1553151160478592,
    -1.967433214187622,
    0.6635628938674927,
    -0.8671274781227112,
    -0.8578714728355408,
    -0.042248304933309555,
    0.7142428755760193,
    1.4697628021240234,
    0.0957421287894249,
    -1.7199984788894653,
    0.8248394727706909,
    -0.22670048475265503,
    0.15841811895370483,
    1.0342521667480469,
    -0.846180260181427,
    1.4122682809829712
  ],
  "O1C(C)CCC1": [
    0.8561673164367676,
    -1.7968546152114868,
    1.3053717613220215,
    0.08651406317949295,
    0.0897139459848404,
    0.5373339653015137,
    0.4121811091899872,
    0.7828065752983093,
    -1.728324294090271,
    -0.7130407094955444,
    0.8682643175125122,
    -1.0851222276687622,
    0.1496790647506714,
    1.237677812576294,
    -1.4404422044754028,
    0.43846866488456726
  ],
  "C1CCCCC1": [
    0.7338184714317322,
    -1.7890504598617554,
    0.9286787509918213,
    -0.17946258187294006,
    -0.6162556409835815,
    -0.11900460720062256,
    0.7301944494247437,
    1.2928826808929443,
    -1.6077567338943481,
    -0.5042710304260254,
    1.170494794845581,
    -1.2628175020217896,
    0.3147159218788147,
    1.29152512550354,
    -0.9411741495132446,
    0.5581713914871216
  ],
  "CC(O)C": [
    0.6166602373123169,
    -2.0199990272521973,
    1.3392473459243774,
    0.06972235441207886,
    0.4144587516784668,
    0.5121602416038513,
    -0.01585318148136139,
    0.56719571352005,
    -1.0698777437210083,
    -1.1582210063934326,
    0.8955700397491455,
    -0.6194325089454651,
    0.3500676453113556,
    1.1578060388565063,
    -1.8063082695007324,
    0.7668662071228027
  ],
  "O.CC#N": [
    0.7200642228126526,
    -2.196455955505371,
    0.7003740668296814,
    0.005839440505951643,
    0.7716885209083557,
    -0.2102079689502716,
    -0.8552019000053406,
    0.6206430196762085,
    -0.4670102596282959,
    -0.650320827960968,
    1.258570909500122,
    -0.1695990413427353,
    0.3756731450557709,
    0.7207848429679871,
    -1.940510869026184,
    1.3152618408203125
  ],
  "CC#N": [
    0.71987384557724,
    -1.9888510704040527,
    1.144645094871521,
    0.1879497468471527,
    0.5485763549804688,
    0.4430580735206604,
    -0.5276508927345276,
    0.4155499339103699,
    -0.7900199294090271,
    -1.2484052181243896,
    1.3513907194137573,
    -0.6265381574630737,
    0.5659739375114441,
    0.7055611610412598,
    -1.7936570644378662,
    0.8921182155609131
  ],
  "CC#N.CC(=O)O": [
    0.7971258163452148,
    -2.0364441871643066,
    1.097604513168335,
    0.09807896614074707,
    0.5882992744445801,
    0.3114383816719055,
    -0.5479674339294434,
    0.33845022320747375,
    -0.5751805901527405,
    -1.2158808708190918,
    1.2746480703353882,
    -0.3995669186115265,
    0.4810273349285126,
    0.6875470280647278,
    -1.9403156042099,
    1.0406731367111206
  ],
  "CCOCC": [
    0.5971242785453796,
    -1.7295433282852173,
    0.9294750094413757,
    0.10629528760910034,
    -0.41635584831237793,
    0.3891860246658325,
    0.9988945126533508,
    0.8728592991828918,
    -2.064976453781128,
    -0.44840487837791443,
    0.8746846318244934,
    -0.9816142916679382,
    0.1128959208726883,
    1.542310357093811,
    -1.0243473052978516,
    0.24247808754444122
  ],
  "OCC(F)(F)F": [
    0.49797141551971436,
    -2.102698802947998,
    1.0666183233261108,
    -0.5110349059104919,
    0.1775558590888977,
    -0.08326976001262665,
    -0.22490279376506805,
    0.7515947222709656,
    -0.4037206470966339,
    -1.4936848878860474,
    1.1000655889511108,
    0.0010333866812288761,
    0.614758312702179,
    0.9348039031028748,
    -1.6405452489852905,
    1.31546950340271
  ],
  "O.OCC(F)(F)F": [
    0.4917411804199219,
    -2.228548765182495,
    0.5433607697486877,
    -0.10683795064687729,
    0.763141393661499,
    -0.44026002287864685,
    -0.8130156397819519,
    0.7178237438201904,
    -0.4676254689693451,
    -0.729388415813446,
    1.3109793663024902,
    0.08841212838888168,
    0.3969460129737854,
    0.9396207332611084,
    -1.7994506359100342,
    1.3328937292099
  ],
  "CN(C)C(C)=O": [
    0.9300892949104309,
    -1.749666690826416,
    1.5363938808441162,
    0.024927157908678055,
    0.6570866107940674,
    0.38215172290802,
    -0.34571903944015503,
    0.32787907123565674,
    -1.2643364667892456,
    -1.1275734901428223,
    1.000319242477417,
    -0.8809828758239746,
    0.4470542371273041,
    1.019304871559143,
    -1.6110022068023682,
    0.6538097858428955
  ],
  "CCCCCCCCCCO": [
    0.734839141368866,
    -1.581803321838379,
    0.9494479298591614,
    -0.2928779125213623,
    -0.09211009740829468,
    0.630975604057312,
    0.5575307011604309,
    0.6553001999855042,
    -2.2114410400390625,
    -0.3850553035736084,
    1.0971077680587769,
    -0.842447817325592,
    -0.010017815046012402,
    1.6967097520828247,
    -0.9929279685020447,
    0.08768701553344727
  ],
  "OCC": [
    0.7882657647132874,
    -1.9894384145736694,
    1.1130235195159912,
    0.11582785844802856,
    0.7845582365989685,
    0.22534215450286865,
    -0.5058900713920593,
    0.23760798573493958,
    -0.7695788145065308,
    -1.2389947175979614,
    1.1950030326843262,
    -0.3003302812576294,
    0.5150778889656067,
    0.8412249088287354,
    -1.9307663440704346,
    0.9186521768569946
  ],
  "C1CCOC1": [
    0.716382622718811,
    -1.9007346630096436,
    1.2382949590682983,
    0.11916537582874298,
    0.016374332830309868,
    0.6332021951675415,
    0.4649350941181183,
    0.8153601884841919,
    -1.761570692062378,
    -0.5388122797012329,
    0.9795989394187927,
    -1.139480710029602,
    0.07707047462463379,
    1.25186026096344,
    -1.3067536354064941,
    0.3356333076953888
  ],
  "[C@H]12CCC([C@H](OC1)O2)=O": [
    0.9599682688713074,
    -1.943528175354004,
    1.4176061153411865,
    0.04646719992160797,
    0.870152473449707,
    0.315875768661499,
    -0.7942027449607849,
    0.1685037910938263,
    -0.7730857729911804,
    -1.1117104291915894,
    1.24087393283844,
    -0.7077406048774719,
    0.5074074864387512,
    0.7749816179275513,
    -1.6193194389343262,
    0.6472053527832031
  ],
  "O=C(OCC)C": [
    0.6349640488624573,
    -1.7883678674697876,
    1.0851013660430908,
    0.24881534278392792,
    -0.19903624057769775,
    0.5389798879623413,
    0.7100774645805359,
    0.8428085446357727,
    -1.9257073402404785,
    -0.5640869736671448,
    0.9673755168914795,
    -1.0107930898666382,
    0.06628547608852386,
    1.398648977279663,
    -1.2658249139785767,
    0.26146796345710754
  ],
  "CC(C)(C)OC": [
    0.39756590127944946,
    -1.4391534328460693,
    0.4777517020702362,
    -0.0524233803153038,
    -0.7518075704574585,
    0.18946123123168945,
    1.48354971408844,
    0.9809763431549072,
    -2.0455191135406494,
    -0.1845286339521408,
    0.6597652435302734,
    -0.8857291340827942,
    -0.24529677629470825,
    1.9987421035766602,
    -0.5308530330657959,
    -0.05092974379658699
  ],