{
  "CO": [
    2.0436975955963135,
    -0.20949359238147736,
    0.0860961526632309,
    0.08629009872674942,
    0.05727379396557808,
    -1.6187514066696167,
    0.7609753608703613,
    -0.48007237911224365,
    0.2295025736093521,
    -1.5467559099197388,
    0.4207451641559601,
    -0.9764573574066162,
    0.06604957580566406,
    0.7584229111671448,
    -1.254826307296753,
    1.601972222328186
  ],
  "OCCO": [
    1.9993256330490112,
    -0.44111520051956177,
    0.17548339068889618,
    0.38806188106536865,
    0.6123644709587097,
    -1.6457005739212036,
    0.7192758321762085,
    -0.28555968403816223,
    -0.1989818662405014,
    -1.4267300367355347,
    0.2834610641002655,
    -1.202462077140808,
    0.011160497553646564,
    0.6916930675506592,
    -1.2027060985565186,
    1.5468597412109375
  ],
  "C(C(F)(F)F)(C(F)(F)F)O": [
    1.6772372722625732,
    -0.1877620667219162,
    0.023326996713876724,
    -0.12808188796043396,
    -0.38793206214904785,
    -1.7257883548736572,
    0.6082388758659363,
    -0.22781892120838165,
    0.12063924223184586,
    -2.0202136039733887,
    0.8088605403900146,
    -0.8832525014877319,
    0.47995954751968384,
    0.661605715751648,
    -0.5266479253768921,
    1.7298305034637451
  ],
  "O1C(C)CCC1": [
    2.0135035514831543,
    0.7590814828872681,
    0.2360479086637497,
    -0.14177373051643372,
    -0.6835368871688843,
    -0.4915802776813507,
    1.6159650087356567,
    -0.5171111822128296,
    -0.3830268681049347,
    -0.9679861068725586,
    0.34201616048812866,
    -1.862632393836975,
    -0.6507891416549683,
    0.8077720403671265,
    -1.0515602827072144,
    0.9986755847930908
  ],
  "C1CCCCC1": [
    1.6544039249420166,
    0.7414698004722595,
    -0.2240523248910904,
    -0.6178188920021057,
    -1.1850494146347046,
    -0.8539336323738098,
    1.4026916027069092,
    -0.2983208894729614,
    -0.23649056255817413,
    -0.8004204630851746,
    0.6756572723388672,
    -1.8208218812942505,
    -0.6504232287406921,
    1.5527215003967285,
    -0.24255618453025818,
    0.9263682961463928
  ],
  "CC(O)C": [
    2.1527483463287354,
    0.3892846703529358,
    0.2850850820541382,
    -0.032915662974119186,
    -0.0810989961028099,
    -1.0983319282531738,
    1.180869698524475,
    -0.45467182993888855,
    -0.11279988288879395,
    -1.435235857963562,
    0.41641321778297424,
    -1.4958128929138184,
    -0.36134472489356995,
    0.6998955607414246,
    -1.2915644645690918,
    1.2661525011062622
  ],
  "O.CC#N": [
    1.8085771799087524,
    -0.5790256261825562,
    0.14174602925777435,
    0.08131655305624008,
    0.17429831624031067,
    -1.7373695373535156,
    0.5676740407943726,
    -0.031205466017127037,
    -0.048597194254398346,
    -1.5898255109786987,
    0.38410890102386475,
    -1.074118971824646,
    0.3556593060493469,
    0.7146255970001221,
    -1.0025368928909302,
    1.8537715673446655
  ],
  "CC#N": [
    2.2534916400909424,
    0.17868247628211975,
    0.29136502742767334,
    -0.02465721219778061,
    -0.11842033267021179,
    -1.119780421257019,
    1.0394527912139893,
    -0.3851969540119171,
    0.12347555160522461,
    -1.4430161714553833,
    0.41556063294410706,
    -1.4426935911178589,
    -0.2845979928970337,
    0.5797255635261536,
    -1.3577393293380737,
    1.318826675415039
  ],
  "CC#N.CC(=O)O": [
    2.1932425498962402,
    0.12022189050912857,
    0.2178053855895996,
    0.015310031361877918,
    -0.11020583659410477,
    -1.154825210571289,
    1.015233039855957,
    -0.4451610743999481,
    0.18839123845100403,
    -1.5280859470367432,
    0.5131714344024658,
    -1.3582490682601929,
    -0.26060137152671814,
    0.6386869549751282,
    -1.3568962812423706,
    1.3372161388397217
  ],
  "CCOCC": [
    1.8306392431259155,
    0.7481163740158081,
    0.07426712661981583,
    -0.23420566320419312,
    -1.0059576034545898,
    -0.44714537262916565,
    1.7885550260543823,
    -0.46397337317466736,
    -0.3333570659160614,
    -0.9367260336875916,
    0.3781876862049103,
    -1.8413771390914917,
    -0.6584830284118652,
    0.9397152662277222,
    -0.8296779990196228,
    1.0151005983352661
  ],
  "OCC(F)(F)F": [
    1.8855502605438232,
    -0.30803242325782776,
    -0.023860841989517212,
    -0.12899509072303772,
    0.03189759701490402,
    -1.7426737546920776,
    0.5301066637039185,
    -0.20617365837097168,
    0.29719963669776917,
    -1.801573395729065,
    0.502156674861908,
    -0.8198279738426208,
    0.2808569371700287,
    0.8023404479026794,
    -0.98619145154953,
    1.7114176750183105
  ],
  "O.OCC(F)(F)F": [
    1.5910485982894897,
    -0.8097997903823853,
    -0.03315528854727745,
    0.15232735872268677,
    0.2560126781463623,
    -2.0640289783477783,
    0.39766445755958557,
    0.11718453466892242,
    -0.16767622530460358,
    -1.4970793724060059,
    0.46039873361587524,
    -0.8178935647010803,
    0.4364827573299408,
    0.8930771350860596,
    -0.7550886869430542,
    1.8604791164398193
  ],
  "CN(C)C(C)=O": [
    2.1265084743499756,
    0.535315752029419,
    0.4773384630680084,
    -0.13435448706150055,
    -0.17138579487800598,
    -0.8580890893936157,
    1.258496880531311,
    -0.49818354845046997,
    -0.22892089188098907,
    -1.3208028078079224,
    0.3196115791797638,
    -1.7481533288955688,
    -0.41805464029312134,
    0.7391842007637024,
    -1.2014626264572144,
    1.1481527090072632
  ],
  "CCCCCCCCCCO": [
    1.9681203365325928,
    0.7275558114051819,
    0.22705522179603577,
    -0.2748105227947235,
    -0.6149396300315857,
    -0.48004603385925293,
    1.4875437021255493,
    -0.5747841000556946,
    -0.6697965860366821,
    -0.9717093706130981,
    0.6377406120300293,
    -1.8635796308517456,
    -0.6444739699363708,
    1.0780425071716309,
    -0.9004324674606323,
    0.8917640447616577
  ],
  "OCC": [
    2.1604018211364746,
    0.1156783327460289,
    0.23644106090068817,
    0.005673746578395367,
    0.039052098989486694,
    -1.23688542842865,
    1.0613501071929932,
    -0.4233412742614746,
    -0.0011252412805333734,
    -1.483825445175171,
    0.3996604084968567,
    -1.2875713109970093,
    -0.26559850573539734,
    0.6909117102622986,
    -1.3861618041992188,
    1.4019556045532227
  ],
  "C1CCOC1": [
    2.0241222381591797,
    0.6835021376609802,
    0.2510685324668884,
    -0.16055139899253845,
    -0.6774861216545105,
    -0.4802135229110718,
    1.5830180644989014,
    -0.45365169644355774,
    -0.26805615425109863,
    -0.9387484192848206,
    0.45185625553131104,
    -1.9501287937164307,
    -0.6790930032730103,
    0.7310172915458679,
    -1.0795239210128784,
    0.9844369292259216
  ],
  "[C@H]12CCC([C@H](OC1)O2)=O": [
    2.241567611694336,
    0.08227507770061493,
    0.45641034841537476,
    0.05229512229561806,
    0.19367100298404694,
    -1.1829091310501099,
    0.9223470091819763,
    -0.4849381148815155,
    -0.12142585217952728,
    -1.396927833557129,
    0.308960497379303,
    -1.5240503549575806,
    -0.26337066292762756,
    0.6797893643379211,
    -1.2655525207519531,
    1.326270580291748
  ],
  "O=C(OCC)C": [
    1.9314274787902832,
    0.7991998195648193,
    0.15742895007133484,
    -0.1129411831498146,
    -0.8057993054389954,
    -0.4921214282512665,
    1.7003757953643799,
    -0.4672259986400604,
    -0.3347494900226593,
    -0.9368922114372253,
    0.4423608183860779,
    -1.8572107553482056,
    -0.7141927480697632,
    0.812106728553772,
    -1.0323081016540527,
    0.9342663884162903
  ],
  "CC(C)(C)OC": [
    1.7065272331237793,
    0.8149455785751343,
    -0.10566624253988266,
    -0.29403427243232727,
    -1.1538013219833374,
    -0.49206534028053284,
    1.8212692737579346,
    -0.48417648673057556,
    -0.41508421301841736,
    -0.834546685218811,
    0.5765932202339172,
    -1.7968741655349731,
    -0.7194011211395264,
    1.179390549659729,
    -0.5967884659767151,
    0.8194953203201294
  ],