{
  "CO": [
    1.8350340127944946,
    -0.31744134426116943,
    0.06254857778549194,
    0.030228247866034508,
    0.06605841219425201,
    -1.7291334867477417,
    0.8194022178649902,
    -0.33359143137931824,
    0.23921813070774078,
    -1.5704039335250854,
    0.5027801990509033,
    -1.0807430744171143,
    0.1454324722290039,
    0.9052890539169312,
    -1.1557623147964478,
    1.6078811883926392
  ],
  "OCCO": [
    2.01045298576355,
    -0.3983975946903229,
    0.16793549060821533,
    0.3458511233329773,
    0.6325613260269165,
    -1.6289979219436646,
    0.7446373105049133,
    -0.3021348714828491,
    -0.15933352708816528,
    -1.4391416311264038,
    0.1742972731590271,
    -1.1299405097961426,
    0.012599576264619827,
    0.696561872959137,
    -1.262743353843689,
    1.562476396560669
  ],
  "C(C(F)(F)F)(C(F)(F)F)O": [
    1.5238264799118042,
    -0.20422352850437164,
    0.01793185994029045,
    -0.23695610463619232,
    -0.6350632905960083,
    -1.6373122930526733,
    0.6863885521888733,
    -0.043851304799318314,
    0.3718978464603424,
    -2.0594961643218994,
    0.496431440114975,
    -0.9507450461387634,
    0.4935615062713623,
    0.8207439184188843,
    -0.42811593413352966,
    1.8087067604064941
  ],
  "O1C(C)CCC1": [
    2.117480516433716,
    0.695617139339447,
    0.3095340430736542,
    -0.18961240351200104,
    -0.5669029355049133,
    -0.5974348187446594,
    1.544758915901184,
    -0.44853490591049194,
    -0.2826375365257263,
    -1.0007822513580322,
    0.30465149879455566,
    -1.8393003940582275,
    -0.602401852607727,
    0.7360021471977234,
    -1.149855375289917,
    0.994473397731781
  ],
  "C1CCCCC1": [
    2.0101819038391113,
    0.6226032972335815,
    0.1784062534570694,
    -0.34244421124458313,
    -1.0588228702545166,
    -0.9449117183685303,
    1.431766390800476,
    -0.10898109525442123,
    -0.22486086189746857,
    -0.8244404792785645,
    0.7651852965354919,
    -1.8812904357910156,
    -0.40444889664649963,
    0.8049724102020264,
    -0.9528712034225464,
    0.9504904747009277
  ],
  "CC(O)C": [
    2.1746559143066406,
    0.4225473403930664,
    0.27504390478134155,
    -0.029066462069749832,
    -0.0632796511054039,
    -1.113275170326233,
    1.1644821166992188,
    -0.46495386958122253,
    -0.1319359540939331,
    -1.4301027059555054,
    0.3821803331375122,
    -1.4774610996246338,
    -0.370792418718338,
    0.7043361663818359,
    -1.2781593799591064,
    1.2639352083206177
  ],
  "O.CC#N": [
    1.8521066904067993,
    -0.6034528613090515,
    0.0451483428478241,
    0.2608131766319275,
    0.2664826512336731,
    -1.862503170967102,
    0.5418369174003601,
    -0.02693684585392475,
    -0.15090739727020264,
    -1.4520667791366577,
    0.41725271940231323,
    -1.0475761890411377,
    0.23723304271697998,
    0.7638197541236877,
    -1.0020800828933716,
    1.7817882299423218
  ],
  "CC#N": [
    2.1974658966064453,
    0.23771831393241882,
    0.27586978673934937,
    0.032801464200019836,
    -0.11654017120599747,
    -1.1102311611175537,
    1.1511062383651733,
    -0.3657555878162384,
    0.10384461283683777,
    -1.4094874858856201,
    0.33069249987602234,
    -1.479599952697754,
    -0.2936723232269287,
    0.5651782751083374,
    -1.4028853178024292,
    1.3098955154418945
  ],
  "CC#N.CC(=O)O": [
    2.1628623008728027,
    0.09389910101890564,
    0.1858634501695633,
    0.041030362248420715,
    -0.07825026661157608,
    -1.2357077598571777,
    0.999112606048584,
    -0.4315062165260315,
    0.17458105087280273,
    -1.5262675285339355,
    0.5322496891021729,
    -1.341365933418274,
    -0.22571057081222534,
    0.6665818691253662,
    -1.3455793857574463,
    1.3548580408096313
  ],
  "CCOCC": [
    1.863911747932434,
    0.7913594245910645,
    0.045420870184898376,
    -0.15992209315299988,
    -0.9562167525291443,
    -0.47555869817733765,
    1.7517579793930054,
    -0.5097449421882629,
    -0.4316672384738922,
    -0.8854542970657349,
    0.4348420202732086,
    -1.8754278421401978,
    -0.6720530986785889,
    0.968189001083374,
    -0.7948071360588074,
    0.9300292134284973
  ],
  "OCC(F)(F)F": [
    1.8160791397094727,
    -0.26727646589279175,
    0.10816977173089981,
    -0.1311047375202179,
    -0.15894877910614014,
    -1.7648357152938843,
    0.7389668822288513,
    -0.2715910077095032,
    0.18844227492809296,
    -1.7221217155456543,
    0.5675778985023499,
    -0.9598643779754639,
    0.3186177909374237,
    0.8488171696662903,
    -0.9553341865539551,
    1.6702704429626465
  ],
  "O.OCC(F)(F)F": [
    1.63251793384552,
    -0.7519174814224243,
    -0.03726440295577049,
    0.18694061040878296,
    0.2922241985797882,
    -2.0436086654663086,
    0.46165135502815247,
    0.06487356871366501,
    -0.21427084505558014,
    -1.5175436735153198,
    0.4701662063598633,
    -0.7888046503067017,
    0.38066938519477844,
    0.8920998573303223,
    -0.8273180723190308,
    1.822219729423523
  ],
  "CN(C)C(C)=O": [
    2.1810450553894043,
    0.5872341990470886,
    0.4960096776485443,
    -0.13709789514541626,
    -0.16281293332576752,
    -0.8316215872764587,
    1.1978611946105957,
    -0.5200843811035156,
    -0.2902214229106903,
    -1.256846308708191,
    0.30173808336257935,
    -1.7408925294876099,
    -0.44918292760849,
    0.7240493893623352,
    -1.2174488306045532,
    1.1433286666870117
  ],
  "CCCCCCCCCCO": [
    2.137193202972412,
    0.6242697834968567,
    0.24191215634346008,
    -0.46378079056739807,
    -0.5307455658912659,
    -0.42458948493003845,
    1.4196473360061646,
    -0.5349248051643372,
    -0.531439483165741,
    -0.9427072405815125,
    0.36734089255332947,
    -1.7484357357025146,
    -0.615569531917572,
    0.9767407774925232,
    -1.0793689489364624,
    1.1266378164291382
  ],
  "OCC": [
    2.1742427349090576,
    0.11352194100618362,
    0.22761774063110352,
    0.013026398606598377,
    0.07731848210096359,
    -1.2834463119506836,
    1.0457967519760132,
    -0.4418116509914398,
    -0.010246342048048973,
    -1.4664796590805054,
    0.3679918050765991,
    -1.2249126434326172,
    -0.2524279057979584,
    0.7182396054267883,
    -1.415781855583191,
    1.3860441446304321
  ],
  "C1CCOC1": [
    2.003159761428833,
    0.673566997051239,
    0.21834036707878113,
    -0.10292921960353851,
    -0.6791422367095947,
    -0.4262083172798157,
    1.6186244487762451,
    -0.49690380692481995,
    -0.3167044520378113,
    -0.9258238673210144,
    0.42157191038131714,
    -1.9481924772262573,
    -0.7231919169425964,
    0.8162479400634766,
    -1.0520633459091187,
    0.9431874752044678
  ],
  "[C@H]12CCC([C@H](OC1)O2)=O": [
    2.258314609527588,
    0.06300956755876541,
    0.3919069766998291,
    0.1057552769780159,
    0.2267054319381714,
    -1.1757012605667114,
    0.9252102375030518,
    -0.4969659149646759,
    -0.11327021569013596,
    -1.4026540517807007,
    0.31759411096572876,
    -1.4980515241622925,
    -0.27084794640541077,
    0.6823882460594177,
    -1.292112112045288,
    1.3048526048660278
  ],
  "O=C(OCC)C": [
    2.020801544189453,
    0.798062801361084,
    0.1865019053220749,
    -0.14613224565982819,
    -0.7386233806610107,
    -0.5884937644004822,
    1.6255282163619995,
    -0.4314628541469574,
    -0.2820676565170288,
    -0.964830219745636,
    0.4066809415817261,
    -1.8474947214126587,
    -0.6478723883628845,
    0.7627685070037842,
    -1.0764943361282349,
    0.9479966759681702
  ],
  "CC(C)(C)OC": [
    1.8271071910858154,
    0.8331379294395447,
    -0.045192815363407135,
    -0.23456807434558868,
    -1.0831139087677002,
    -0.5754789710044861,
    1.8122628927230835,
    -0.45514750480651855,
    -0.4550853371620178,
    -0.8075892925262451,
    0.5458603501319885,
    -1.779652714729309,
    -0.6502561569213867,
    0.9820675253868103,
    -0.7692700624465942,
    0.8803374171257019
  ],