{
  "CO": [
    1.8765642642974854,
    -0.3481673300266266,
    0.06009965017437935,
    0.05715538188815117,
    0.13288342952728271,
    -1.552139163017273,
    0.7932290434837341,
    -0.42395079135894775,
    0.1769232600927353,
    -1.6095026731491089,
    0.6211788058280945,
    -1.1515566110610962,
    0.18886137008666992,
    0.8046697378158569,
    -1.2186646461486816,
    1.6075197458267212
  ],
  "OCCO": [
    1.9347683191299438,
    -0.5345609784126282,
    0.1216006800532341,
    0.3642556965351105,
    0.7757240533828735,
    -1.5346111059188843,
    0.6247663497924805,
    -0.29056790471076965,
    -0.2454567700624466,
    -1.405564546585083,
    0.40236932039260864,
    -1.1972646713256836,
    0.0503951758146286,
    0.6726599931716919,
    -1.3196805715560913,
    1.5943275690078735
  ],
  "C(C(F)(F)F)(C(F)(F)F)O": [
    1.3492478132247925,
    -0.3888092637062073,
    0.09528958052396774,
    -0.34765899181365967,
    -0.3775142431259155,
    -1.6141204833984375,
    0.7719702124595642,
    -0.08240591734647751,
    0.3461919128894806,
    -2.0047380924224854,
    0.6720148324966431,
    -1.0536748170852661,
    0.5852274894714355,
    0.7598394751548767,
    -0.5683460831642151,
    1.8721766471862793
  ],
  "O1C(C)CCC1": [
    2.024810314178467,
    0.638790488243103,
    0.3116427958011627,
    -0.1807795614004135,
    -0.40654444694519043,
    -0.6322162747383118,
    1.4760462045669556,
    -0.476715087890625,
    -0.3884722590446472,
    -1.0460460186004639,
    0.44715479016304016,
    -1.951865315437317,
    -0.5034452080726624,
    0.7843776941299438,
    -1.1322494745254517,
    1.0506714582443237
  ],
  "C1CCCCC1": [
    1.5830328464508057,
    0.6764104962348938,
    -0.28690728545188904,
    -0.5656514167785645,
    -1.0134050846099854,
    -0.9121151566505432,
    1.3822461366653442,
    -0.36053308844566345,
    -0.30800411105155945,
    -0.8906072378158569,
    0.6936310529708862,
    -1.8415918350219727,
    -0.5544770956039429,
    1.6882925033569336,
    -0.2114175409078598,
    0.9405257701873779
  ],
  "CC(O)C": [
    2.0600147247314453,
    0.33635175228118896,
    0.26760658621788025,
    -0.05583459138870239,
    0.030792539939284325,
    -1.0401173830032349,
    1.1255743503570557,
    -0.4895690679550171,
    -0.1861352175474167,
    -1.4959332942962646,
    0.5570713877677917,
    -1.5817800760269165,
    -0.2708503007888794,
    0.7328517436981201,
    -1.2773686647415161,
    1.3039333820343018
  ],
  "O.CC#N": [
    1.8840855360031128,
    -0.74283367395401,
    -0.01754855550825596,
    0.1744072139263153,
    0.3829006552696228,
    -1.7034270763397217,
    0.3976227641105652,
    -0.11501675099134445,
    -0.00707548763602972,
    -1.4621509313583374,
    0.48574379086494446,
    -1.0313369035720825,
    0.26718997955322266,
    0.7574693560600281,
    -1.083419919013977,
    1.8233853578567505
  ],
  "CC#N": [
    2.115792751312256,
    0.09679033607244492,
    0.2536499798297882,
    0.04091046750545502,
    -0.003689512610435486,
    -1.0090504884719849,
    1.0871353149414062,
    -0.41698554158210754,
    0.007227113004773855,
    -1.4762111902236938,
    0.5459176301956177,
    -1.6218461990356445,
    -0.17305155098438263,
    0.5865650177001953,
    -1.3581671714782715,
    1.339293360710144
  ],
  "CC#N.CC(=O)O": [
    2.130655527114868,
    -0.018073948100209236,
    0.20977358520030975,
    -5.301192868500948e-05,
    0.07725537568330765,
    -1.107236385345459,
    0.9151023030281067,
    -0.4617690145969391,
    0.14030961692333221,
    -1.5328214168548584,
    0.5812609195709229,
    -1.3762454986572266,
    -0.19887767732143402,
    0.6805521249771118,
    -1.435545802116394,
    1.41054105758667
  ],
  "CCOCC": [
    1.8861631155014038,
    0.6925098299980164,
    0.091676265001297,
    -0.1684819608926773,
    -0.5989238619804382,
    -0.6380815505981445,
    1.6029808521270752,
    -0.47279825806617737,
    -0.3989771604537964,
    -1.0532153844833374,
    0.5612924695014954,
    -1.913524866104126,
    -0.5732418894767761,
    0.9173758029937744,
    -0.9764328598976135,
    1.0584168434143066
  ],
  "OCC(F)(F)F": [
    1.6991469860076904,
    -0.38311976194381714,
    0.09217299520969391,
    -0.09943200647830963,
    -0.06341467797756195,
    -1.6982064247131348,
    0.7553846836090088,
    -0.22050416469573975,
    0.18104222416877747,
    -1.7513118982315063,
    0.6298667788505554,
    -1.1137455701828003,
    0.38697198033332825,
    0.8529095649719238,
    -0.9467829465866089,
    1.6946929693222046
  ],
  "O.OCC(F)(F)F": [
    1.6283764839172363,
    -0.8603441119194031,
    -0.18167315423488617,
    0.13638664782047272,
    0.3837301731109619,
    -1.963969349861145,
    0.3305332362651825,
    0.01946743205189705,
    -0.1405632346868515,
    -1.4503276348114014,
    0.578546404838562,
    -0.8268313407897949,
    0.379082590341568,
    0.9353601336479187,
    -0.8275235295295715,
    1.8713973760604858
  ],
  "CN(C)C(C)=O": [
    2.0780556201934814,
    0.4749784767627716,
    0.4990704655647278,
    -0.15862591564655304,
    -0.009211677126586437,
    -0.8159745335578918,
    1.1331658363342285,
    -0.5247564315795898,
    -0.3238030672073364,
    -1.3197224140167236,
    0.45834559202194214,
    -1.8264110088348389,
    -0.36524319648742676,
    0.7570416927337646,
    -1.2322626113891602,
    1.189865231513977
  ],
  "CCCCCCCCCCO": [
    2.02852201461792,
    0.6393703818321228,
    0.14837196469306946,
    -0.3887898027896881,
    -0.36531293392181396,
    -0.4171198904514313,
    1.3779560327529907,
    -0.612981915473938,
    -0.6633902192115784,
    -0.9859690070152283,
    0.6131702661514282,
    -1.865882158279419,
    -0.6188566088676453,
    1.112639307975769,
    -0.9793310165405273,
    0.9929500222206116
  ],
  "OCC": [
    2.112138509750366,
    -0.024406440556049347,
    0.18631307780742645,
    0.01927773281931877,
    0.24446892738342285,
    -1.1134905815124512,
    1.0135483741760254,
    -0.43137994408607483,
    -0.057490039616823196,
    -1.4883067607879639,
    0.4730706214904785,
    -1.3188660144805908,
    -0.20354819297790527,
    0.7019101977348328,
    -1.5141392946243286,
    1.417319655418396
  ],
  "C1CCOC1": [
    1.8964581489562988,
    0.5738049745559692,
    0.1956719011068344,
    -0.1049518808722496,
    -0.5473116636276245,
    -0.40503963828086853,
    1.579272747039795,
    -0.5359448790550232,
    -0.36225154995918274,
    -0.9949029684066772,
    0.5202465653419495,
    -2.0349481105804443,
    -0.6597849130630493,
    0.9229177832603455,
    -1.0364989042282104,
    1.0083307027816772
  ],
  "[C@H]12CCC([C@H](OC1)O2)=O": [
    2.200538158416748,
    -0.09742401540279388,
    0.40257498621940613,
    0.03718916326761246,
    0.41712430119514465,
    -1.1047111749649048,
    0.8218580484390259,
    -0.5130475163459778,
    -0.15712690353393555,
    -1.3737627267837524,
    0.4234263300895691,
    -1.5136014223098755,
    -0.185066819190979,
    0.6620888710021973,
    -1.3871324062347412,
    1.3803818225860596
  ],
  "O=C(OCC)C": [
    1.8600553274154663,
    0.7262787222862244,
    0.10701018571853638,
    -0.06846460700035095,
    -0.6241056323051453,
    -0.5040811896324158,
    1.60994553565979,
    -0.5255637168884277,
    -0.4197016656398773,
    -1.0101990699768066,
    0.5718041062355042,
    -1.9456138610839844,
    -0.6384566426277161,
    0.909845769405365,
    -1.0331369638442993,
    1.000238060951233
  ],
  "CC(C)(C)OC": [
    1.6301825046539307,
    0.715743362903595,
    -0.1457127332687378,
    -0.3135266900062561,
    -0.9631206393241882,
    -0.5785320401191711,
    1.7836341857910156,
    -0.4989793300628662,
    -0.4415825307369232,
    -0.9544022679328918,
    0.6327828168869019,
    -1.848633050918579,
    -0.6042598485946655,
    1.2699140310287476,
    -0.6061069369316101,
    0.9426071643829346
  ],