{
  "CO": [
    1.933600902557373,
    -0.44245219230651855,
    0.006874692160636187,
    0.07109732180833817,
    0.37966015934944153,
    -1.5790932178497314,
    0.5066548585891724,
    -0.30882349610328674,
    0.17736604809761047,
    -1.559935450553894,
    0.4987180829048157,
    -0.924564003944397,
    0.14146941900253296,
    0.8011489510536194,
    -1.385128378868103,
    1.6956769227981567
  ],
  "OCCO": [
    1.9249647855758667,
    -0.5307008624076843,
    0.16369770467281342,
    0.34238770604133606,
    0.7240357398986816,
    -1.5479143857955933,
    0.7272904515266418,
    -0.3181783854961395,
    -0.23440909385681152,
    -1.422320008277893,
    0.45893967151641846,
    -1.275987148284912,
    0.07894837856292725,
    0.6659067273139954,
    -1.2689831256866455,
    1.525931715965271
  ],
  "C(C(F)(F)F)(C(F)(F)F)O": [
    1.270196795463562,
    -0.37647515535354614,
    0.09808377176523209,
    -0.32333919405937195,
    -0.4705554246902466,
    -1.6455771923065186,
    0.7388323545455933,
    0.07700427621603012,
    0.42399823665618896,
    -1.983779788017273,
    0.5010722875595093,
    -1.0502766370773315,
    0.47812867164611816,
    0.8346036076545715,
    -0.526252806186676,
    1.9680571556091309
  ],
  "O1C(C)CCC1": [
    1.8904922008514404,
    0.6855654716491699,
    0.18356366455554962,
    -0.12526541948318481,
    -0.533511221408844,
    -0.5028443932533264,
    1.5538705587387085,
    -0.5491750240325928,
    -0.4628044068813324,
    -1.0038882493972778,
    0.48979198932647705,
    -1.9908257722854614,
    -0.5845969915390015,
    0.9207636117935181,
    -1.0180015563964844,
    1.060964584350586
  ],
  "C1CCCCC1": [
    1.8416391611099243,
    0.6169354319572449,
    -0.051649078726768494,
    -0.16869650781154633,
    -1.0337194204330444,
    -0.8627343773841858,
    1.6005713939666748,
    -0.2997109889984131,
    -0.3032211661338806,
    -0.8311883211135864,
    0.7252569198608398,
    -1.9349424839019775,
    -0.46585097908973694,
    1.0275871753692627,
    -0.7949802279472351,
    0.94999760389328
  ],
  "CC(O)C": [
    2.0866687297821045,
    0.3605356812477112,
    0.31320658326148987,
    -0.0966506153345108,
    0.02723790518939495,
    -1.0189268589019775,
    1.1066443920135498,
    -0.5289364457130432,
    -0.18148183822631836,
    -1.4595634937286377,
    0.5595913529396057,
    -1.5812368392944336,
    -0.27234846353530884,
    0.7044896483421326,
    -1.299677848815918,
    1.2955560684204102
  ],
  "O.CC#N": [
    1.7913087606430054,
    -0.7296689748764038,
    0.017280053347349167,
    0.2063698023557663,
    0.40833643078804016,
    -1.7128139734268188,
    0.5173265337944031,
    -0.07456640899181366,
    -0.16172084212303162,
    -1.4180657863616943,
    0.5519324541091919,
    -1.0786808729171753,
    0.26285818219184875,
    0.7322525978088379,
    -1.1392207145690918,
    1.8363980054855347
  ],
  "CC#N": [
    2.0994253158569336,
    0.10746785998344421,
    0.261455774307251,
    0.0276566781103611,
    0.018011540174484253,
    -1.0562866926193237,
    1.1065082550048828,
    -0.38028964400291443,
    0.05483147129416466,
    -1.4761942625045776,
    0.5011463165283203,
    -1.573094367980957,
    -0.1660909801721573,
    0.5522477030754089,
    -1.4147822856903076,
    1.3519628047943115
  ],
  "CC#N.CC(=O)O": [
    2.058795928955078,
    -0.010523595847189426,
    0.18474939465522766,
    0.035062823444604874,
    0.02517619915306568,
    -1.0863875150680542,
    1.0145729780197144,
    -0.45052534341812134,
    0.11249189078807831,
    -1.5603631734848022,
    0.6738690137863159,
    -1.501465916633606,
    -0.12937559187412262,
    0.638645350933075,
    -1.3666774034500122,
    1.3758007287979126
  ],
  "CCOCC": [
    1.7731306552886963,
    0.7539845108985901,
    0.014889029785990715,
    -0.13930456340312958,
    -0.7237098813056946,
    -0.5469544529914856,
    1.6773412227630615,
    -0.5557624697685242,
    -0.5294094085693359,
    -0.9862414002418518,
    0.5990738272666931,
    -1.9301564693450928,
    -0.5905352830886841,
    1.048806071281433,
    -0.8343244194984436,
    0.9856598377227783
  ],
  "OCC(F)(F)F": [
    1.933655023574829,
    -0.28685760498046875,
    0.0200872290879488,
    -0.14317934215068817,
    0.14344727993011475,
    -1.5967220067977905,
    0.6806358098983765,
    -0.3665631413459778,
    0.1247294545173645,
    -1.7820953130722046,
    0.6657519936561584,
    -0.8611466884613037,
    0.2690175473690033,
    0.7145600914955139,
    -1.137273907661438,
    1.6377795934677124
  ],
  "O.OCC(F)(F)F": [
    1.6943095922470093,
    -0.7193842530250549,
    -0.07957220822572708,
    0.0903417095541954,
    0.2880968451499939,
    -1.9013222455978394,
    0.5706363320350647,
    -0.14412686228752136,
    -0.20897632837295532,
    -1.6109328269958496,
    0.7442769408226013,
    -0.9070330262184143,
    0.48492079973220825,
    0.7391501069068909,
    -0.778285801410675,
    1.7512761354446411
  ],
  "CN(C)C(C)=O": [
    2.1007957458496094,
    0.4167160987854004,
    0.4968499541282654,
    -0.21967104077339172,
    0.025832096114754677,
    -0.7936957478523254,
    1.1234275102615356,
    -0.5133400559425354,
    -0.193788081407547,
    -1.3819353580474854,
    0.451996386051178,
    -1.7640401124954224,
    -0.36721497774124146,
    0.7544954419136047,
    -1.2974985837936401,
    1.1758137941360474
  ],
  "CCCCCCCCCCO": [
    2.0009124279022217,
    0.6358392238616943,
    0.16276775300502777,
    -0.451786607503891,
    -0.3861939311027527,
    -0.41944941878318787,
    1.3708224296569824,
    -0.5784691572189331,
    -0.5850591659545898,
    -1.0251595973968506,
    0.6201109886169434,
    -1.8583344221115112,
    -0.6037982702255249,
    1.1224251985549927,
    -1.0141345262527466,
    1.0241223573684692
  ],
  "OCC": [
    1.9845192432403564,
    0.008336515165865421,
    0.22790157794952393,
    0.05200836807489395,
    0.16459324955940247,
    -1.1286430358886719,
    1.1185696125030518,
    -0.4056606888771057,
    -0.05125062167644501,
    -1.5455687046051025,
    0.5643216967582703,
    -1.4928444623947144,
    -0.15634652972221375,
    0.7136117815971375,
    -1.4065908193588257,
    1.369154691696167
  ],
  "C1CCOC1": [
    1.9379584789276123,
    0.5596158504486084,
    0.24327707290649414,
    -0.16524532437324524,
    -0.5086082816123962,
    -0.4769345819950104,
    1.5334619283676147,
    -0.4830911457538605,
    -0.2966645359992981,
    -1.027934193611145,
    0.552581787109375,
    -2.022090435028076,
    -0.6091091632843018,
    0.8572532534599304,
    -1.100923776626587,
    1.0205897092819214
  ],
  "[C@H]12CCC([C@H](OC1)O2)=O": [
    2.1690492630004883,
    -0.023050690069794655,
    0.41502758860588074,
    0.06445210427045822,
    0.33476388454437256,
    -1.083937644958496,
    0.8815332651138306,
    -0.5261929631233215,
    -0.15385738015174866,
    -1.4197033643722534,
    0.4547465443611145,
    -1.5861648321151733,
    -0.18395164608955383,
    0.6670113205909729,
    -1.335179090499878,
    1.3385089635849
  ],
  "O=C(OCC)C": [
    1.857420563697815,
    0.7066911458969116,
    0.12189661711454391,
    -0.14852569997310638,
    -0.6561153531074524,
    -0.5004859566688538,
    1.6558562517166138,
    -0.5076317191123962,
    -0.34970328211784363,
    -1.007358193397522,
    0.47657352685928345,
    -1.9243419170379639,
    -0.6278582811355591,
    0.9443551301956177,
    -1.039217233657837,
    1.014500617980957
  ],
  "CC(C)(C)OC": [
    1.5989817380905151,
    0.7339413166046143,
    -0.15738797187805176,
    -0.28610414266586304,
    -0.9780499935150146,
    -0.5996473431587219,
    1.7765507698059082,
    -0.511322557926178,
    -0.5093779563903809,
    -0.9137178659439087,
    0.6784991025924683,
    -1.8572814464569092,
    -0.5974792242050171,
    1.3140714168548584,
    -0.5650472640991211,
    0.8927934765815735
  ],