{
  "CO": [
    1.972029685974121,
    -0.3648258447647095,
    0.042217403650283813,
    0.13319188356399536,
    0.2980011999607086,
    -1.5739238262176514,
    0.625535786151886,
    -0.33188480138778687,
    0.11799401789903641,
    -1.4773427248001099,
    0.43276262283325195,
    -0.9847819209098816,
    0.09605557471513748,
    0.7612202763557434,
    -1.4263883829116821,
    1.6957502365112305
  ],
  "OCCO": [
    1.986006736755371,
    -0.5087292790412903,
    0.16393843293190002,
    0.3707844316959381,
    0.6964727640151978,
    -1.6099249124526978,
    0.6676456928253174,
    -0.3107643127441406,
    -0.2683936059474945,
    -1.380012035369873,
    0.3731319010257721,
    -1.2005374431610107,
    0.05852610617876053,
    0.702865719795227,
    -1.2584996223449707,
    1.5348182916641235
  ],
  "C(C(F)(F)F)(C(F)(F)F)O": [
    1.7620761394500732,
    -0.2450963258743286,
    -0.06520642340183258,
    -0.17240814864635468,
    -0.17466990649700165,
    -1.6552708148956299,
    0.3972291052341461,
    -0.08757016807794571,
    0.3378829061985016,
    -2.0141103267669678,
    0.637673556804657,
    -0.9145326614379883,
    0.39556804299354553,
    0.6504325866699219,
    -0.6602636575698853,
    1.8233250379562378
  ],
  "O1C(C)CCC1": [
    1.937544345855713,
    0.6957989931106567,
    0.22014819085597992,
    -0.13076692819595337,
    -0.59883713722229,
    -0.4888329803943634,
    1.5934090614318848,
    -0.5093733668327332,
    -0.4187668561935425,
    -0.9505202770233154,
    0.39463478326797485,
    -1.9271304607391357,
    -0.6197634935379028,
    0.8816461563110352,
    -1.1085129976272583,
    1.0465461015701294
  ],
  "C1CCCCC1": [
    1.870215892791748,
    0.6878292560577393,
    -0.06031641364097595,
    -0.2568218410015106,
    -1.0854885578155518,
    -0.9123454689979553,
    1.6051119565963745,
    -0.26791155338287354,
    -0.31995007395744324,
    -0.8026911020278931,
    0.7597317099571228,
    -1.8451584577560425,
    -0.49624672532081604,
    1.0610167980194092,
    -0.7750710248947144,
    0.8575480580329895
  ],
  "CC(O)C": [
    2.0316669940948486,
    0.3538927137851715,
    0.2566184103488922,
    -0.04148618131875992,
    -0.11740545183420181,
    -0.9940457940101624,
    1.2801448106765747,
    -0.45428624749183655,
    -0.09398015588521957,
    -1.4346624612808228,
    0.3538457751274109,
    -1.583507776260376,
    -0.25971660017967224,
    0.7386736273765564,
    -1.346266508102417,
    1.3302640914916992
  ],
  "O.CC#N": [
    1.9684494733810425,
    -0.6453172564506531,
    0.022593174129724503,
    0.1503790020942688,
    0.36610445380210876,
    -1.7087597846984863,
    0.3847619593143463,
    -0.16685111820697784,
    -0.011809046380221844,
    -1.4505014419555664,
    0.4066980481147766,
    -0.971124529838562,
    0.2501237094402313,
    0.7368996143341064,
    -1.1322063207626343,
    1.8131930828094482
  ],
  "CC#N": [
    2.203261375427246,
    0.14772208034992218,
    0.2809016704559326,
    -0.0067585790529847145,
    -0.03700917586684227,
    -1.0521951913833618,
    1.0219688415527344,
    -0.36618125438690186,
    0.041244540363550186,
    -1.426103115081787,
    0.4613678455352783,
    -1.5097895860671997,
    -0.23910629749298096,
    0.565118670463562,
    -1.4291540384292603,
    1.3614529371261597
  ],
  "CC#N.CC(=O)O": [
    2.2044131755828857,
    0.04442828521132469,
    0.22944149374961853,
    -0.024758318439126015,
    0.011259505525231361,
    -1.0865981578826904,
    0.9291098117828369,
    -0.42723655700683594,
    0.15275520086288452,
    -1.484823226928711,
    0.49609991908073425,
    -1.35006582736969,
    -0.2310759425163269,
    0.6305371522903442,
    -1.4759464263916016,
    1.3997637033462524
  ],
  "CCOCC": [
    1.8004426956176758,
    0.7388612031936646,
    0.028582585975527763,
    -0.1554480642080307,
    -0.8964196443557739,
    -0.48784971237182617,
    1.7371548414230347,
    -0.5057935118675232,
    -0.4626787304878235,
    -0.891986608505249,
    0.5073447227478027,
    -1.898424506187439,
    -0.6488693952560425,
    1.0226516723632812,
    -0.8484799265861511,
    0.9796788096427917
  ],
  "OCC(F)(F)F": [
    1.9167864322662354,
    -0.3008817136287689,
    0.02818821556866169,
    -0.16056761145591736,
    0.08461618423461914,
    -1.6821339130401611,
    0.6220008134841919,
    -0.28405624628067017,
    0.1921960562467575,
    -1.7274103164672852,
    0.5424069166183472,
    -0.8289750218391418,
    0.2660900056362152,
    0.8210733532905579,
    -1.140991449356079,
    1.6708295345306396
  ],
  "O.OCC(F)(F)F": [
    1.6422358751296997,
    -0.8282428979873657,
    -0.05396035686135292,
    0.22266891598701477,
    0.4159547984600067,
    -1.938112735748291,
    0.36900901794433594,
    0.09576268494129181,
    -0.22847580909729004,
    -1.4727210998535156,
    0.5092862248420715,
    -0.8212559223175049,
    0.3652941882610321,
    0.84183669090271,
    -0.9655904769897461,
    1.8603092432022095
  ],
  "CN(C)C(C)=O": [
    2.1785106658935547,
    0.43843212723731995,
    0.4871746599674225,
    -0.19766388833522797,
    -0.014014557003974915,
    -0.7946045994758606,
    1.1116814613342285,
    -0.47844162583351135,
    -0.1663379818201065,
    -1.3664638996124268,
    0.3533313572406769,
    -1.7009907960891724,
    -0.4043305814266205,
    0.7187472581863403,
    -1.3300626277923584,
    1.1833909749984741
  ],
  "CCCCCCCCCCO": [
    1.9798094034194946,
    0.6699953079223633,
    0.24256257712841034,
    -0.341543048620224,
    -0.4686552584171295,
    -0.5205880403518677,
    1.4281848669052124,
    -0.5697199702262878,
    -0.6366942524909973,
    -0.9541354179382324,
    0.6191340684890747,
    -1.8455491065979004,
    -0.6143760681152344,
    1.0652081966400146,
    -1.043825626373291,
    1.007664442062378
  ],
  "OCC": [
    2.111358165740967,
    0.1141146644949913,
    0.24614444375038147,
    -0.010316054336726665,
    0.05370020866394043,
    -1.1305252313613892,
    1.0796433687210083,
    -0.4104108512401581,
    -0.0261613130569458,
    -1.5506508350372314,
    0.4307630956172943,
    -1.41851806640625,
    -0.17778265476226807,
    0.7037275433540344,
    -1.3680102825164795,
    1.3730051517486572
  ],
  "C1CCOC1": [
    1.9449779987335205,
    0.6252706050872803,
    0.19915631413459778,
    -0.10416097939014435,
    -0.6189785003662109,
    -0.39556828141212463,
    1.5826646089553833,
    -0.5035237073898315,
    -0.34383171796798706,
    -0.9460986852645874,
    0.5157560706138611,
    -1.9932119846343994,
    -0.6807640194892883,
    0.8717408776283264,
    -1.1005287170410156,
    0.9639805555343628
  ],
  "[C@H]12CCC([C@H](OC1)O2)=O": [
    2.26381254196167,
    -0.0010209635365754366,
    0.44220730662345886,
    0.01834234781563282,
    0.2638552486896515,
    -1.0800809860229492,
    0.8749740719795227,
    -0.49959731101989746,
    -0.11735019832849503,
    -1.3546358346939087,
    0.2952181100845337,
    -1.5353341102600098,
    -0.18954110145568848,
    0.6404465436935425,
    -1.3680497407913208,
    1.3630828857421875
  ],
  "O=C(OCC)C": [
    1.889643669128418,
    0.7606627345085144,
    0.12169826030731201,
    -0.10791690647602081,
    -0.7463011145591736,
    -0.4758801758289337,
    1.671012282371521,
    -0.4808237850666046,
    -0.3728073835372925,
    -0.9391624331474304,
    0.46479111909866333,
    -1.8770679235458374,
    -0.6643715500831604,
    0.8868899345397949,
    -1.0956308841705322,
    0.9834920167922974
  ],
  "CC(C)(C)OC": [
    1.6672701835632324,
    0.7520617842674255,
    -0.1612931191921234,
    -0.35172179341316223,
    -1.086387276649475,
    -0.5114089250564575,
    1.8017754554748535,
    -0.4987831711769104,
    -0.4237777888774872,
    -0.8619433641433716,
    0.6316932439804077,
    -1.8013781309127808,
    -0.6590187549591064,
    1.260529637336731,
    -0.6075982451438904,
    0.8716112971305847
  ],