{
  "CO": [
    2.010666847229004,
    -0.24509297311306,
    0.01878964900970459,
    0.10573998838663101,
    0.18286845088005066,
    -1.6806398630142212,
    0.6433559656143188,
    -0.3412904143333435,
    0.1777048408985138,
    -1.5461947917938232,
    0.4543997049331665,
    -0.8934462666511536,
    0.050401296466588974,
    0.7683207392692566,
    -1.3196957111358643,
    1.6388511657714844
  ],
  "OCCO": [
    2.040332317352295,
    -0.3762156367301941,
    0.1957894116640091,
    0.34577101469039917,
    0.589307427406311,
    -1.6435518264770508,
    0.6794659495353699,
    -0.33010542392730713,
    -0.20498892664909363,
    -1.4500195980072021,
    0.3135771155357361,
    -1.167832851409912,
    -0.03313962370157242,
    0.7343298196792603,
    -1.1918104887008667,
    1.5248922109603882
  ],
  "C(C(F)(F)F)(C(F)(F)F)O": [
    1.5848084688186646,
    -0.20721067488193512,
    0.051727116107940674,
    -0.21771134436130524,
    -0.6613549590110779,
    -1.6303907632827759,
    0.6637198328971863,
    -0.09416493773460388,
    0.3178350031375885,
    -2.032771110534668,
    0.6586818695068359,
    -0.9656263589859009,
    0.45045092701911926,
    0.8621886372566223,
    -0.4793229103088379,
    1.7226464748382568
  ],
  "O1C(C)CCC1": [
    1.9944711923599243,
    0.7633942365646362,
    0.2214716672897339,
    -0.10926982015371323,
    -0.6461495161056519,
    -0.5126468539237976,
    1.6285734176635742,
    -0.5156179666519165,
    -0.42447128891944885,
    -0.9189807176589966,
    0.33794906735420227,
    -1.891160011291504,
    -0.666631281375885,
    0.8186326026916504,
    -1.0516345500946045,
    0.9956198334693909
  ],
  "C1CCCCC1": [
    1.734215259552002,
    0.7212539911270142,
    -0.19838182628154755,
    -0.4293358325958252,
    -1.2073992490768433,
    -0.9144105315208435,
    1.5334384441375732,
    -0.3186693489551544,
    -0.25660011172294617,
    -0.8037142157554626,
    0.688894510269165,
    -1.8009734153747559,
    -0.5967729091644287,
    1.330617904663086,
    -0.412204772233963,
    0.9542713761329651
  ],
  "CC(O)C": [
    2.1000752449035645,
    0.4012063145637512,
    0.2775458097457886,
    -0.08355201035737991,
    -0.21071259677410126,
    -1.0461697578430176,
    1.2972161769866943,
    -0.4480251371860504,
    -0.05580086633563042,
    -1.437028169631958,
    0.2938219904899597,
    -1.5119788646697998,
    -0.3182002604007721,
    0.7417612075805664,
    -1.2695932388305664,
    1.297546148300171
  ],
  "O.CC#N": [
    1.8723030090332031,
    -0.5931641459465027,
    0.03524621203541756,
    0.2233075648546219,
    0.3092647194862366,
    -1.8275288343429565,
    0.5373891592025757,
    -0.10873046517372131,
    -0.1789887249469757,
    -1.4315125942230225,
    0.5065804123878479,
    -1.016541838645935,
    0.20157401263713837,
    0.7660030126571655,
    -1.0550051927566528,
    1.780135154724121
  ],
  "CC#N": [
    2.254232406616211,
    0.22179977595806122,
    0.2805938720703125,
    -0.014685370959341526,
    -0.08521556109189987,
    -1.1092766523361206,
    1.0919498205184937,
    -0.39538297057151794,
    0.10294224321842194,
    -1.4160094261169434,
    0.3965611755847931,
    -1.450414776802063,
    -0.30104508996009827,
    0.5691425800323486,
    -1.393261194229126,
    1.2742637395858765
  ],
  "CC#N.CC(=O)O": [
    2.2089579105377197,
    0.11087601631879807,
    0.20499849319458008,
    -0.005621037445962429,
    -0.05926894396543503,
    -1.229058861732483,
    0.9559999704360962,
    -0.42854851484298706,
    0.1871480643749237,
    -1.4947586059570312,
    0.5090116858482361,
    -1.2988094091415405,
    -0.265752375125885,
    0.665424108505249,
    -1.3866313695907593,
    1.3521952629089355
  ],
  "CCOCC": [
    1.8654193878173828,
    0.7588594555854797,
    0.08324583619832993,
    -0.22836285829544067,
    -0.9856376647949219,
    -0.46433866024017334,
    1.771808385848999,
    -0.4643082618713379,
    -0.3628518879413605,
    -0.9124102592468262,
    0.34549200534820557,
    -1.8398864269256592,
    -0.6502410173416138,
    0.9404085278511047,
    -0.841087818145752,
    1.0082141160964966
  ],
  "OCC(F)(F)F": [
    1.7525099515914917,
    -0.21040014922618866,
    0.10502118617296219,
    -0.11968576908111572,
    -0.23249249160289764,
    -1.7634481191635132,
    0.7572073340415955,
    -0.17524662613868713,
    0.2523761987686157,
    -1.7527921199798584,
    0.4237648844718933,
    -1.0227605104446411,
    0.28727987408638,
    0.8119481205940247,
    -0.8655709624290466,
    1.7768049240112305
  ],
  "O.OCC(F)(F)F": [
    1.6566435098648071,
    -0.7802659273147583,
    -0.07346881181001663,
    0.1984848976135254,
    0.3039434552192688,
    -2.013840436935425,
    0.348548948764801,
    0.02894640900194645,
    -0.14852844178676605,
    -1.4321707487106323,
    0.44926097989082336,
    -0.7333024740219116,
    0.3100254237651825,
    0.9592838883399963,
    -0.9302095174789429,
    1.8768553733825684
  ],
  "CN(C)C(C)=O": [
    2.177539348602295,
    0.5826248526573181,
    0.4945388436317444,
    -0.1296137422323227,
    -0.16311565041542053,
    -0.8405968546867371,
    1.1926428079605103,
    -0.5161638855934143,
    -0.29066193103790283,
    -1.2728042602539062,
    0.3330332338809967,
    -1.7352895736694336,
    -0.4433072805404663,
    0.713371753692627,
    -1.2198904752731323,
    1.1424005031585693
  ],
  "CCCCCCCCCCO": [
    2.116023302078247,
    0.6813769936561584,
    0.2167755365371704,
    -0.402994304895401,
    -0.5214106440544128,
    -0.48428186774253845,
    1.4197478294372559,
    -0.5415502786636353,
    -0.5494924187660217,
    -0.9908034801483154,
    0.503888726234436,
    -1.8015416860580444,
    -0.6140115261077881,
    1.0023645162582397,
    -1.0049974918365479,
    0.9944424033164978
  ],
  "OCC": [
    2.1250274181365967,
    0.12402454763650894,
    0.24118733406066895,
    0.019492967054247856,
    0.010859129950404167,
    -1.2367839813232422,
    1.1577848196029663,
    -0.4225016236305237,
    0.09013908356428146,
    -1.5066853761672974,
    0.285400927066803,
    -1.3176391124725342,
    -0.22964829206466675,
    0.6978265643119812,
    -1.3758889436721802,
    1.3667161464691162
  ],
  "C1CCOC1": [
    2.057962656021118,
    0.6327611804008484,
    0.26690730452537537,
    -0.16329248249530792,
    -0.6422629952430725,
    -0.5217119455337524,
    1.591780185699463,
    -0.43907129764556885,
    -0.24131405353546143,
    -0.9562633037567139,
    0.4099407196044922,
    -1.9147366285324097,
    -0.6590354442596436,
    0.7433332204818726,
    -1.1188963651657104,
    0.9775010347366333
  ],
  "[C@H]12CCC([C@H](OC1)O2)=O": [
    2.2601490020751953,
    0.07164674997329712,
    0.3856799602508545,
    0.08983331173658371,
    0.22027303278446198,
    -1.1959525346755981,
    0.923675537109375,
    -0.49609309434890747,
    -0.11748999357223511,
    -1.4053070545196533,
    0.3396990895271301,
    -1.4891239404678345,
    -0.2625695466995239,
    0.6867875456809998,
    -1.2832094430923462,
    1.297947883605957
  ],
  "O=C(OCC)C": [
    2.0692057609558105,
    0.7587926387786865,
    0.2035243809223175,
    -0.15278546512126923,
    -0.6823055148124695,
    -0.6004098057746887,
    1.6039103269577026,
    -0.4181937575340271,
    -0.22667630016803741,
    -0.9521393775939941,
    0.4140467345714569,
    -1.835798978805542,
    -0.661338210105896,
    0.7401372790336609,
    -1.151363492012024,
    0.9164165258407593
  ],
  "CC(C)(C)OC": [
    1.9242737293243408,
    0.7805918455123901,
    0.021393215283751488,
    -0.2812809646129608,
    -0.9794024229049683,
    -0.5871438980102539,
    1.7831348180770874,
    -0.3702729344367981,
    -0.29167768359184265,
    -0.9115253686904907,
    0.5475579500198364,
    -1.7955644130706787,
    -0.6633830070495605,
    0.8599466681480408,
    -0.8790454268455505,
    0.8688222169876099
  ],