{
  "CO": [
    1.769232988357544,
    -0.47185030579566956,
    0.19547492265701294,
    0.04058489575982094,
    0.43476900458335876,
    -1.0767474174499512,
    0.8226070404052734,
    -0.8321809768676758,
    -0.0956292450428009,
    -1.4684041738510132,
    1.0295511484146118,
    -1.203856110572815,
    0.3534289002418518,
    0.4836435914039612,
    -1.553421974182129,
    1.5689454078674316
  ],
  "OCCO": [
    1.7070587873458862,
    -0.6659718751907349,
    0.31285589933395386,
    0.2732975482940674,
    0.9953089356422424,
    -1.1036345958709717,
    0.6022560596466064,
    -0.6306560039520264,
    -0.4247146248817444,
    -1.240626573562622,
    0.934644877910614,
    -1.4747509956359863,
    0.36076605319976807,
    0.4338535964488983,
    -1.5323760509490967,
    1.4464887380599976
  ],
  "C(C(F)(F)F)(C(F)(F)F)O": [
    1.2769591808319092,
    -0.2968777120113373,
    0.05674236640334129,
    -0.520909309387207,
    -0.6942728757858276,
    -0.9479570388793945,
    1.4218709468841553,
    -0.23139218986034393,
    0.3154231011867523,
    -1.9751142263412476,
    0.7514037489891052,
    -1.2431647777557373,
    0.45748069882392883,
    0.7588949203491211,
    -0.8413659334182739,
    1.718619465827942
  ],
  "O1C(C)CCC1": [
    1.8317221403121948,
    0.44544053077697754,
    0.3251558840274811,
    -0.21249139308929443,
    -0.17285294830799103,
    -0.3311781585216522,
    1.5520473718643188,
    -0.5906775593757629,
    -0.5295511484146118,
    -0.9512596726417542,
    0.7029122710227966,
    -2.0382165908813477,
    -0.447512149810791,
    0.6916403770446777,
    -1.353367805480957,
    1.0778340101242065
  ],
  "C1CCCCC1": [
    1.3749085664749146,
    0.4718620479106903,
    -0.3682287335395813,
    -0.5695245862007141,
    -0.9340353608131409,
    -0.6989625692367554,
    1.745947241783142,
    -0.4521050751209259,
    -0.3458385169506073,
    -0.6758216619491577,
    0.6422703862190247,
    -1.8911036252975464,
    -0.7470842599868774,
    1.6864148378372192,
    -0.18806251883506775,
    0.9593061804771423
  ],
  "CC(O)C": [
    1.851790428161621,
    0.14159981906414032,
    0.398684561252594,
    -0.12179649621248245,
    0.3040691614151001,
    -0.693466305732727,
    1.1187037229537964,
    -0.712759792804718,
    -0.35657110810279846,
    -1.3886244297027588,
    0.8940507173538208,
    -1.706107258796692,
    -0.0536963976919651,
    0.5490597486495972,
    -1.5301711559295654,
    1.3026188611984253
  ],
  "O.CC#N": [
    1.69793701171875,
    -0.7099876999855042,
    0.09405079483985901,
    -0.008151098154485226,
    0.5629432797431946,
    -1.2105594873428345,
    0.7235730886459351,
    -0.6622017025947571,
    -0.29138174653053284,
    -1.4311352968215942,
    1.1542361974716187,
    -1.2631983757019043,
    0.5744933485984802,
    0.39843088388442993,
    -1.2738004922866821,
    1.640130639076233
  ],
  "CC#N": [
    1.789780855178833,
    -0.16021957993507385,
    0.39273005723953247,
    0.04986043646931648,
    0.34838923811912537,
    -0.6804991960525513,
    0.9943577647209167,
    -0.5984358787536621,
    -0.20075131952762604,
    -1.3646962642669678,
    0.895451009273529,
    -1.7667663097381592,
    0.11650114506483078,
    0.391323983669281,
    -1.643143892288208,
    1.4305777549743652
  ],
  "CC#N.CC(=O)O": [
    1.784178376197815,
    -0.2668161988258362,
    0.30876579880714417,
    -0.03445504233241081,
    0.34688591957092285,
    -0.7359172701835632,
    0.9605247378349304,
    -0.7012137174606323,
    -0.06601379066705704,
    -1.4573445320129395,
    1.0109683275222778,
    -1.5926237106323242,
    0.1487732082605362,
    0.4881342947483063,
    -1.624220609664917,
    1.4260293245315552
  ],
  "CCOCC": [
    1.6404212713241577,
    0.517764151096344,
    0.11475498974323273,
    -0.13765016198158264,
    -0.3971819579601288,
    -0.43167585134506226,
    1.7791504859924316,
    -0.564216673374176,
    -0.684470534324646,
    -0.8511612415313721,
    0.8321464657783508,
    -2.0206849575042725,
    -0.526199221611023,
    0.8310186266899109,
    -1.135344386100769,
    1.0357918739318848
  ],
  "OCC(F)(F)F": [
    1.7536901235580444,
    -0.4045616388320923,
    0.080026775598526,
    -0.31318703293800354,
    0.39897239208221436,
    -1.1493123769760132,
    0.7190361618995667,
    -0.5272852778434753,
    0.08230128884315491,
    -1.755395770072937,
    0.9953473806381226,
    -1.0964659452438354,
    0.4328800439834595,
    0.5090739727020264,
    -1.3817251920700073,
    1.654975175857544
  ],
  "O.OCC(F)(F)F": [
    1.5317604541778564,
    -0.8424907326698303,
    -0.0158530343323946,
    0.020938467234373093,
    0.5965218544006348,
    -1.4632500410079956,
    0.5716115236282349,
    -0.42839378118515015,
    -0.3502788841724396,
    -1.5337351560592651,
    1.201540231704712,
    -1.0183769464492798,
    0.632515013217926,
    0.5268115997314453,
    -1.1507917642593384,
    1.719110369682312
  ],
  "CN(C)C(C)=O": [
    1.8762279748916626,
    0.20409941673278809,
    0.6045480370521545,
    -0.22257612645626068,
    0.36832886934280396,
    -0.5348654389381409,
    1.0827807188034058,
    -0.672896146774292,
    -0.41167208552360535,
    -1.2831875085830688,
    0.8088617920875549,
    -1.9023877382278442,
    -0.1674426943063736,
    0.5684219002723694,
    -1.4950286149978638,
    1.1735591888427734
  ],
  "CCCCCCCCCCO": [
    1.7115700244903564,
    0.503488302230835,
    0.21089233458042145,
    -0.36457279324531555,
    -0.2564810514450073,
    -0.3102022111415863,
    1.556260108947754,
    -0.6908866167068481,
    -0.8721088171005249,
    -0.7922109961509705,
    0.9531972408294678,
    -1.9885425567626953,
    -0.5241554379463196,
    1.021871566772461,
    -1.1042978763580322,
    0.9475229978561401
  ],
  "OCC": [
    1.8376327753067017,
    -0.16194728016853333,
    0.33638790249824524,
    -0.026275791227817535,
    0.5162650346755981,
    -0.7644611597061157,
    0.9639924168586731,
    -0.7178760170936584,
    -0.29373976588249207,
    -1.4327105283737183,
    0.9059579968452454,
    -1.4860697984695435,
    0.07866999506950378,
    0.5171129703521729,
    -1.6799201965332031,
    1.4036219120025635
  ],
  "C1CCOC1": [
    1.6649153232574463,
    0.41185590624809265,
    0.2311495840549469,
    -0.10856729000806808,
    -0.29915550351142883,
    -0.22358068823814392,
    1.6796278953552246,
    -0.6158852577209473,
    -0.5419310927391052,
    -0.8732650876045227,
    0.7711380124092102,
    -2.166259527206421,
    -0.5708504319190979,
    0.8268802762031555,
    -1.1888560056686401,
    1.003517508506775
  ],
  "[C@H]12CCC([C@H](OC1)O2)=O": [
    1.868959665298462,
    -0.25080639123916626,
    0.5094962120056152,
    0.07451806217432022,
    0.6627542972564697,
    -0.7102642059326172,
    0.7279103994369507,
    -0.7552337646484375,
    -0.3595063388347626,
    -1.3194077014923096,
    0.9332866668701172,
    -1.7832374572753906,
    0.1236773356795311,
    0.4885701537132263,
    -1.521074891090393,
    1.3036643266677856
  ],
  "O=C(OCC)C": [
    1.5440164804458618,
    0.5076460838317871,
    0.12391932308673859,
    0.00032446120167151093,
    -0.5301852822303772,
    -0.2691386044025421,
    1.816652536392212,
    -0.6156147122383118,
    -0.6949066519737244,
    -0.7539742588996887,
    0.7988207936286926,
    -2.102267026901245,
    -0.6181796193122864,
    0.921967089176178,
    -1.0845924615859985,
    0.9579434990882874
  ],
  "CC(C)(C)OC": [
    1.385505199432373,
    0.5464210510253906,
    -0.1338386982679367,
    -0.28042879700660706,
    -0.8354347348213196,
    -0.4737885892391205,
    2.041940450668335,
    -0.5149208903312683,
    -0.7214062809944153,
    -0.7136374711990356,
    0.7698819637298584,
    -1.9022104740142822,
    -0.6267592906951904,
    1.2535250186920166,
    -0.6768138408660889,
    0.8905724287033081
  ],